iso_time,elapsed_s,tj_c,gpu_c,cpu_c,soc0_c,gpu_freq_hz,gpu_throttled
2026-08-30T20:58:30,0.0,47.187,42.031,47.187,44.062,1300500000,0
2026-08-30T20:58:35,5.0,47.312,42.062,47.312,44.093,1300500000,0
2026-08-30T20:58:40,10.0,47.125,42.062,47.125,44.187,1300500000,0
2026-08-30T20:58:45,15.0,47.625,46.656,47.625,44.812,1300500000,0
2026-08-30T20:58:50,20.0,49.5,49.5,49.343,46.437,1300500000,0
2026-08-30T20:58:55,25.0,50.125,50.031,50.125,46.906,1300500000,0
2026-08-30T20:59:00,30.0,51.031,50.5,51.031,47.562,1300500000,0
2026-08-30T20:59:05,35.0,51.75,51.75,51.75,48.125,1300500000,0
2026-08-30T20:59:10,40.1,52.187,52.187,51.937,48.656,1300500000,0
2026-08-30T20:59:15,45.1,53.25,53.25,52.468,49.218,1300500000,0
2026-08-30T20:59:20,50.1,53.031,50.75,53.031,49.437,1300500000,0
2026-08-30T20:59:25,55.1,53.281,50.718,53.281,49.687,1300500000,0
2026-08-30T20:59:30,60.1,53.5,51.625,53.5,49.968,1300500000,0
2026-08-30T20:59:35,65.1,53.593,53.343,53.593,50.687,1300500000,0
2026-08-30T20:59:40,70.1,54.562,54.375,54.562,51.0,1300500000,0
2026-08-30T20:59:45,75.1,55.031,55.031,54.468,51.593,1300500000,0
2026-08-30T20:59:50,80.1,55.093,55.093,54.906,51.906,1300500000,0
2026-08-30T20:59:55,85.1,54.156,48.937,54.156,50.718,1300500000,0
2026-08-30T21:00:00,90.1,52.531,47.718,52.531,49.843,1300500000,0
2026-08-30T21:00:05,95.1,52.218,47.156,52.218,49.562,1300500000,0
2026-08-30T21:00:10,100.1,51.843,46.843,51.843,49.125,1300500000,0
2026-08-30T21:00:15,105.1,51.562,46.937,51.718,48.937,1300500000,0
2026-08-30T21:00:20,110.1,51.968,46.406,51.968,48.687,1300500000,0
2026-08-30T21:00:25,115.1,51.406,46.5,51.406,48.437,1300500000,0
2026-08-30T21:00:30,120.2,52.125,50.625,52.125,49.5,1300500000,0
2026-08-30T21:00:35,125.2,52.781,48.812,52.781,49.093,1300500000,0
2026-08-30T21:00:40,130.2,52.75,49.281,52.75,49.406,1300500000,0
2026-08-30T21:00:45,135.2,52.812,49.125,52.812,49.5,1300500000,0
2026-08-30T21:00:50,140.2,53.968,49.593,53.968,49.812,1300500000,0
2026-08-30T21:00:55,145.2,54.312,49.406,54.312,49.75,1300500000,0
2026-08-30T21:01:00,150.2,53.468,49.531,53.468,50.062,1300500000,0
2026-08-30T21:01:05,155.2,53.687,49.656,53.687,49.968,1300500000,0
2026-08-30T21:01:10,160.2,54.437,49.781,54.437,50.25,1300500000,0
2026-08-30T21:01:15,165.2,54.281,49.375,54.281,50.25,1300500000,0
2026-08-30T21:01:20,170.2,54.625,50.0,54.625,50.375,1300500000,0
2026-08-30T21:01:25,175.2,55.156,51.343,55.156,50.812,1300500000,0
2026-08-30T21:01:30,180.2,53.687,50.281,53.687,50.687,1300500000,0
2026-08-30T21:01:35,185.2,54.468,50.75,54.468,50.75,1300500000,0
2026-08-30T21:01:40,190.2,54.156,50.468,54.156,50.843,1300500000,0
2026-08-30T21:01:45,195.2,54.312,50.5,54.312,50.718,1300500000,0
2026-08-30T21:01:50,200.2,54.406,50.5,54.406,50.843,1300500000,0
2026-08-30T21:01:55,205.3,54.343,50.5,54.343,50.812,1300500000,0
2026-08-30T21:02:00,210.3,54.531,50.531,54.531,51.0,1300500000,0
2026-08-30T21:02:05,215.3,54.531,50.875,54.531,50.937,1300500000,0
2026-08-30T21:02:10,220.3,55.187,50.625,55.187,51.093,1300500000,0
2026-08-30T21:02:15,225.3,55.656,51.093,55.656,51.156,1300500000,0
2026-08-30T21:02:20,230.3,55.187,50.937,55.187,51.343,1300500000,0
2026-08-30T21:02:25,235.3,55.5,51.125,55.5,51.218,1300500000,0
2026-08-30T21:02:30,240.3,54.906,51.125,54.906,51.5,1300500000,0
2026-08-30T21:02:35,245.3,54.906,51.125,54.906,51.406,1300500000,0
2026-08-30T21:02:40,250.3,54.937,51.156,54.937,51.531,1300500000,0
2026-08-30T21:02:45,255.3,55.125,51.218,55.125,51.5,1300500000,0
2026-08-30T21:02:50,260.3,55.031,51.312,55.031,51.718,1300500000,0
2026-08-30T21:02:55,265.3,55.281,51.812,55.281,51.593,1300500000,0
2026-08-30T21:03:00,270.3,55.25,51.531,55.25,51.656,1300500000,0
2026-08-30T21:03:05,275.3,55.25,51.781,55.25,51.812,1300500000,0
2026-08-30T21:03:10,280.3,55.281,51.718,55.281,51.875,1300500000,0
2026-08-30T21:03:15,285.4,55.437,51.875,55.437,51.875,1300500000,0
2026-08-30T21:03:20,290.4,55.437,51.875,55.437,52.062,1300500000,0
2026-08-30T21:03:25,295.4,55.812,51.875,55.812,52.125,1300500000,0
2026-08-30T21:03:31,300.4,55.625,52.062,55.625,51.906,1300500000,0
2026-08-30T21:03:36,305.4,55.5,52.0,55.5,52.125,1300500000,0
2026-08-30T21:03:41,310.4,55.718,52.562,55.718,52.218,1300500000,0
2026-08-30T21:03:46,315.4,55.656,52.343,55.656,52.312,1300500000,0
2026-08-30T21:03:51,320.4,55.875,52.656,55.875,52.406,1300500000,0
2026-08-30T21:03:56,325.4,55.781,52.406,55.781,52.437,1300500000,0
2026-08-30T21:04:01,330.4,55.906,52.343,55.906,52.468,1300500000,0
2026-08-30T21:04:06,335.4,55.937,52.406,55.937,52.531,1300500000,0
2026-08-30T21:04:11,340.4,55.781,52.5,55.781,52.656,1300500000,0
2026-08-30T21:04:16,345.4,55.656,52.5,55.656,52.75,1300500000,0
2026-08-30T21:04:21,350.4,56.875,52.906,56.875,52.687,1300500000,0
2026-08-30T21:04:26,355.4,56.812,52.531,56.812,52.75,1300500000,0
2026-08-30T21:04:31,360.4,57.031,53.0,57.031,52.656,1300500000,0
2026-08-30T21:04:36,365.5,56.843,52.937,56.843,52.781,1300500000,0
2026-08-30T21:04:41,370.5,57.156,53.062,57.156,52.812,1300500000,0
2026-08-30T21:04:46,375.5,56.875,52.937,56.875,52.937,1300500000,0
2026-08-30T21:04:51,380.5,57.0,52.968,57.0,52.875,1300500000,0
2026-08-30T21:04:56,385.5,56.781,53.093,56.781,53.031,1300500000,0
2026-08-30T21:05:01,390.5,57.187,53.0,57.187,53.0,1300500000,0
2026-08-30T21:05:06,395.5,57.125,52.968,57.125,53.125,1300500000,0
2026-08-30T21:05:11,400.5,57.406,53.312,57.406,53.125,1300500000,0
2026-08-30T21:05:16,405.5,57.281,53.062,57.281,53.343,1300500000,0
2026-08-30T21:05:21,410.5,57.281,53.437,57.281,53.156,1300500000,0
2026-08-30T21:05:26,415.5,57.343,53.281,57.343,53.437,1300500000,0
2026-08-30T21:05:31,420.5,57.531,53.468,57.531,53.218,1300500000,0
2026-08-30T21:05:36,425.5,57.281,53.375,57.281,53.437,1300500000,0
2026-08-30T21:05:41,430.5,57.562,53.375,57.562,53.375,1300500000,0
2026-08-30T21:05:46,435.5,57.5,53.375,57.5,53.437,1300500000,0
2026-08-30T21:05:51,440.5,57.687,53.687,57.687,53.343,1300500000,0
2026-08-30T21:05:56,445.6,57.593,53.562,57.593,53.5,1300500000,0
2026-08-30T21:06:01,450.6,57.593,53.718,57.593,53.5,1300500000,0
2026-08-30T21:06:06,455.6,57.906,53.5,57.906,53.687,1300500000,0
2026-08-30T21:06:11,460.6,57.687,53.875,57.687,53.5,1300500000,0
2026-08-30T21:06:16,465.6,57.687,53.812,57.687,53.687,1300500000,0
2026-08-30T21:06:21,470.6,57.906,53.812,57.906,53.75,1300500000,0
2026-08-30T21:06:26,475.6,57.75,53.718,57.75,53.875,1300500000,0
2026-08-30T21:06:31,480.6,57.875,54.125,57.875,53.812,1300500000,0
2026-08-30T21:06:36,485.6,56.75,54.031,56.75,53.843,1300500000,0
2026-08-30T21:06:41,490.6,56.906,53.968,56.906,53.812,1300500000,0
2026-08-30T21:06:46,495.6,56.812,53.937,56.812,53.937,1300500000,0
2026-08-30T21:06:51,500.6,57.0,54.062,57.0,53.906,1300500000,0
2026-08-30T21:06:56,505.6,57.125,54.093,57.125,54.0,1300500000,0
2026-08-30T21:07:01,510.6,57.0,54.5,57.0,54.156,1300500000,0
2026-08-30T21:07:06,515.6,56.875,54.156,56.875,54.062,1300500000,0
2026-08-30T21:07:11,520.7,57.187,54.281,57.187,54.25,1300500000,0
2026-08-30T21:07:16,525.7,57.187,54.187,57.093,54.156,1300500000,0
2026-08-30T21:07:21,530.7,57.093,54.656,57.093,54.343,1300500000,0
2026-08-30T21:07:26,535.7,57.312,54.593,57.312,54.25,1300500000,0
2026-08-30T21:07:31,540.7,57.156,54.781,57.156,54.375,1300500000,0
2026-08-30T21:07:36,545.7,57.468,54.593,57.468,54.375,1300500000,0
2026-08-30T21:07:41,550.7,57.25,54.593,57.25,54.406,1300500000,0
2026-08-30T21:07:46,555.7,57.406,54.562,57.406,54.468,1300500000,0
2026-08-30T21:07:51,560.7,57.406,54.937,57.406,54.531,1300500000,0
2026-08-30T21:07:56,565.7,57.531,54.812,57.531,54.687,1300500000,0
2026-08-30T21:08:01,570.7,57.656,54.781,57.406,54.625,1300500000,0
2026-08-30T21:08:06,575.7,57.5,54.687,57.5,54.781,1300500000,0
2026-08-30T21:08:11,580.7,57.781,55.125,57.781,54.593,1300500000,0
2026-08-30T21:08:16,585.7,57.875,54.875,57.875,54.687,1300500000,0
2026-08-30T21:08:21,590.7,58.0,54.875,58.0,54.593,1300500000,0
2026-08-30T21:08:26,595.7,58.031,55.093,58.031,54.75,1300500000,0
2026-08-30T21:08:31,600.8,58.187,55.031,58.187,54.75,1300500000,0
2026-08-30T21:08:36,605.8,58.062,54.937,58.062,54.75,1300500000,0
2026-08-30T21:08:41,610.8,58.937,55.218,58.937,54.781,1300500000,0
2026-08-30T21:08:46,615.8,59.031,55.125,58.781,54.812,1300500000,0
2026-08-30T21:08:51,620.8,58.781,54.937,58.781,54.843,1300500000,0
2026-08-30T21:08:56,625.8,58.812,55.031,58.812,54.875,1300500000,0
2026-08-30T21:09:01,630.8,57.781,55.406,57.781,54.812,1300500000,0
2026-08-30T21:09:06,635.8,58.812,55.218,58.812,54.906,1300500000,0
2026-08-30T21:09:11,640.8,58.875,55.5,58.875,54.937,1300500000,0
2026-08-30T21:09:16,645.8,59.187,55.25,59.187,54.906,1300500000,0
2026-08-30T21:09:21,650.8,58.875,55.125,58.875,55.156,1300500000,0
2026-08-30T21:09:26,655.8,58.875,55.125,58.875,55.062,1300500000,0
2026-08-30T21:09:31,660.8,57.875,55.25,57.875,55.0,1300500000,0
2026-08-30T21:09:36,665.8,57.906,55.093,57.906,55.0,1300500000,0
2026-08-30T21:09:41,670.8,58.0,55.5,58.0,55.281,1300500000,0
2026-08-30T21:09:46,675.8,58.093,55.343,57.937,55.0,1300500000,0
2026-08-30T21:09:51,680.9,57.875,55.593,57.875,55.218,1300500000,0
2026-08-30T21:09:56,685.9,58.25,55.593,58.25,55.156,1300500000,0
2026-08-30T21:10:01,690.9,58.062,55.562,58.062,55.281,1300500000,0
2026-08-30T21:10:06,695.9,58.0,55.5,58.0,55.125,1300500000,0
2026-08-30T21:10:11,700.9,58.125,55.562,58.125,55.312,1300500000,0
2026-08-30T21:10:16,705.9,58.093,55.593,58.093,55.218,1300500000,0
2026-08-30T21:10:21,710.9,58.125,55.968,58.25,55.375,1300500000,0
2026-08-30T21:10:26,715.9,58.375,55.5,58.375,55.375,1300500000,0
2026-08-30T21:10:31,720.9,59.468,55.937,59.468,55.312,1300500000,0
2026-08-30T21:10:36,725.9,59.75,55.781,59.75,55.406,1300500000,0
2026-08-30T21:10:41,730.9,59.437,55.812,59.437,55.468,1300500000,0
2026-08-30T21:10:46,735.9,59.5,55.875,59.5,55.625,1300500000,0
2026-08-30T21:10:51,740.9,59.562,55.75,59.562,55.562,1300500000,0
2026-08-30T21:10:56,745.9,59.562,55.718,59.562,55.5,1300500000,0
2026-08-30T21:11:01,750.9,59.781,55.812,59.718,55.531,1300500000,0
2026-08-30T21:11:06,755.9,58.843,55.875,58.687,55.625,1300500000,0
2026-08-30T21:11:11,761.0,58.625,56.0,58.625,55.562,1300500000,0
2026-08-30T21:11:16,766.0,58.531,55.937,58.531,55.781,1300500000,0
2026-08-30T21:11:21,771.0,58.562,56.281,58.562,55.656,1300500000,0
2026-08-30T21:11:26,776.0,58.562,56.062,58.562,55.718,1300500000,0
2026-08-30T21:11:31,781.0,58.75,56.375,58.75,55.718,1300500000,0
2026-08-30T21:11:36,786.0,58.656,56.062,58.656,55.906,1300500000,0
2026-08-30T21:11:41,791.0,58.906,56.531,58.906,55.875,1300500000,0
2026-08-30T21:11:46,796.0,58.718,56.218,58.718,55.781,1300500000,0
2026-08-30T21:11:51,801.0,58.718,56.375,58.718,55.937,1300500000,0
2026-08-30T21:11:56,806.0,58.843,56.375,58.843,55.968,1300500000,0
2026-08-30T21:12:01,811.0,58.75,56.531,58.75,56.0,1300500000,0
2026-08-30T21:12:06,816.0,58.968,56.531,58.968,55.906,1300500000,0
2026-08-30T21:12:11,821.0,58.812,56.781,58.812,56.093,1300500000,0
2026-08-30T21:12:16,826.0,59.062,56.562,59.062,55.968,1300500000,0
2026-08-30T21:12:21,831.0,58.968,56.812,58.968,56.187,1300500000,0
2026-08-30T21:12:26,836.0,59.281,56.656,59.281,56.062,1300500000,0
2026-08-30T21:12:31,841.1,59.093,56.656,59.093,56.343,1300500000,0
2026-08-30T21:12:36,846.1,59.031,56.656,59.031,56.218,1300500000,0
2026-08-30T21:12:41,851.1,59.156,56.875,59.156,56.218,1300500000,0
2026-08-30T21:12:46,856.1,59.125,56.843,59.125,56.375,1300500000,0
2026-08-30T21:12:51,861.1,59.281,56.812,59.281,56.281,1300500000,0
2026-08-30T21:12:56,866.1,59.281,56.843,59.281,56.375,1300500000,0
2026-08-30T21:13:01,871.1,59.562,57.187,59.562,56.468,1300500000,0
2026-08-30T21:13:06,876.1,59.406,57.062,59.406,56.593,1300500000,0
2026-08-30T21:13:11,881.1,59.25,57.031,59.25,56.625,1300500000,0
2026-08-30T21:13:16,886.1,59.5,57.062,59.5,56.687,1300500000,0
2026-08-30T21:13:21,891.1,59.781,57.0,59.781,56.593,1300500000,0
2026-08-30T21:13:26,896.1,59.531,57.406,59.531,56.687,1300500000,0
2026-08-30T21:13:31,901.1,60.187,57.125,60.187,56.593,1300500000,0
2026-08-30T21:13:36,906.1,59.406,57.312,59.406,56.562,1300500000,0
2026-08-30T21:13:41,911.1,59.343,57.312,59.343,56.625,1300500000,0
2026-08-30T21:13:46,916.1,59.468,57.312,59.468,56.593,1300500000,0
2026-08-30T21:13:51,921.2,59.343,57.281,59.343,56.656,1300500000,0
2026-08-30T21:13:56,926.2,59.5,57.125,59.5,56.875,1300500000,0
2026-08-30T21:14:01,931.2,59.375,57.062,59.375,56.687,1300500000,0
2026-08-30T21:14:06,936.2,59.437,57.156,59.437,56.843,1300500000,0
2026-08-30T21:14:11,941.2,59.718,57.125,59.718,56.687,1300500000,0
2026-08-30T21:14:16,946.2,59.562,57.312,59.562,56.593,1300500000,0
2026-08-30T21:14:21,951.2,59.468,57.281,59.468,56.781,1300500000,0
2026-08-30T21:14:26,956.2,59.625,57.531,59.625,56.625,1300500000,0
2026-08-30T21:14:31,961.2,59.593,57.375,59.593,56.843,1300500000,0
2026-08-30T21:14:36,966.2,59.718,57.406,59.718,56.718,1300500000,0
2026-08-30T21:14:41,971.2,59.687,57.375,59.687,56.843,1300500000,0
2026-08-30T21:14:46,976.2,59.718,57.468,59.718,56.812,1300500000,0
2026-08-30T21:14:51,981.2,59.937,57.375,59.937,56.843,1300500000,0
2026-08-30T21:14:56,986.2,59.75,57.687,59.75,56.843,1300500000,0
2026-08-30T21:15:01,991.2,59.687,57.343,59.687,56.906,1300500000,0
2026-08-30T21:15:06,996.2,60.687,57.75,60.687,56.875,1300500000,0
2026-08-30T21:15:11,1001.3,60.687,57.375,60.687,56.906,1300500000,0
2026-08-30T21:15:16,1006.3,60.875,57.593,60.875,57.031,1300500000,0
2026-08-30T21:15:21,1011.3,60.781,57.593,60.781,57.0,1300500000,0
2026-08-30T21:15:26,1016.3,61.0,57.625,61.0,56.937,1300500000,0
2026-08-30T21:15:31,1021.3,60.593,57.656,60.593,57.125,1300500000,0
2026-08-30T21:15:36,1026.3,61.0,57.625,61.0,57.0,1300500000,0
2026-08-30T21:15:41,1031.3,60.312,57.656,60.312,57.156,1300500000,0
2026-08-30T21:15:46,1036.3,60.5,57.593,60.5,57.0,1300500000,0
2026-08-30T21:15:51,1041.3,60.531,57.75,60.531,57.218,1300500000,0
2026-08-30T21:15:56,1046.3,60.812,58.0,60.812,57.093,1300500000,0
2026-08-30T21:16:01,1051.3,60.562,58.093,60.562,57.187,1300500000,0
2026-08-30T21:16:06,1056.3,60.531,58.093,60.531,57.187,1300500000,0
2026-08-30T21:16:11,1061.3,60.437,57.781,60.593,57.281,1300500000,0
2026-08-30T21:16:16,1066.3,60.375,56.593,60.375,56.906,1300500000,0
2026-08-30T21:16:21,1071.3,60.531,56.406,60.531,56.812,1300500000,0
2026-08-30T21:16:26,1076.3,60.093,56.437,60.093,56.687,1300500000,0
2026-08-30T21:16:31,1081.4,59.156,56.031,59.156,56.531,1300500000,0
2026-08-30T21:16:36,1086.4,59.281,55.875,59.281,56.312,1300500000,0
2026-08-30T21:16:41,1091.4,59.031,55.75,59.031,56.343,1300500000,0
2026-08-30T21:16:47,1096.4,58.781,55.937,58.781,56.156,1300500000,0
2026-08-30T21:16:52,1101.4,58.843,55.718,58.843,56.125,1300500000,0
2026-08-30T21:16:57,1106.4,58.781,55.781,58.781,55.906,1300500000,0
2026-08-30T21:17:02,1111.4,58.531,55.406,58.531,56.0,1300500000,0
2026-08-30T21:17:07,1116.4,58.75,55.375,58.75,55.718,1300500000,0
2026-08-30T21:17:12,1121.4,58.531,55.25,58.531,55.75,1300500000,0
2026-08-30T21:17:17,1126.4,58.75,55.187,58.75,55.593,1300500000,0
2026-08-30T21:17:22,1131.4,58.375,55.5,58.375,55.593,1300500000,0
2026-08-30T21:17:27,1136.4,58.343,55.406,58.343,55.437,1300500000,0
2026-08-30T21:17:32,1141.4,58.375,55.562,58.375,55.25,1300500000,0
2026-08-30T21:17:37,1146.4,58.312,55.25,58.187,55.437,1300500000,0
2026-08-30T21:17:42,1151.4,58.312,55.093,58.312,55.468,1300500000,0
2026-08-30T21:17:47,1156.4,58.437,54.937,58.437,55.312,1300500000,0
2026-08-30T21:17:52,1161.5,58.093,54.843,58.093,55.125,1300500000,0
2026-08-30T21:17:57,1166.5,57.906,54.781,57.906,55.187,1300500000,0
2026-08-30T21:18:02,1171.5,58.031,55.031,58.031,55.0,1300500000,0
2026-08-30T21:18:07,1176.5,58.062,54.875,58.062,55.031,1300500000,0
2026-08-30T21:18:12,1181.5,58.031,54.937,58.031,54.968,1300500000,0
2026-08-30T21:18:17,1186.5,58.093,54.843,58.093,54.968,1300500000,0
2026-08-30T21:18:22,1191.5,57.875,54.656,57.875,55.0,1300500000,0
2026-08-30T21:18:27,1196.5,58.125,54.687,58.125,54.781,1300500000,0
2026-08-30T21:18:32,1201.5,57.968,54.562,57.968,54.937,1300500000,0
2026-08-30T21:18:37,1206.5,57.718,54.468,57.718,54.687,1300500000,0
2026-08-30T21:18:42,1211.5,57.781,54.75,57.781,54.906,1300500000,0
2026-08-30T21:18:47,1216.5,57.781,54.625,57.781,54.75,1300500000,0
2026-08-30T21:18:52,1221.5,57.781,54.437,57.781,54.906,1300500000,0
2026-08-30T21:18:57,1226.5,57.812,54.468,57.812,54.781,1300500000,0
2026-08-30T21:19:02,1231.5,57.656,54.812,57.656,54.812,1300500000,0
2026-08-30T21:19:07,1236.5,57.718,54.531,57.718,54.593,1300500000,0
2026-08-30T21:19:12,1241.6,57.593,54.843,57.593,54.812,1300500000,0
2026-08-30T21:19:17,1246.6,57.781,54.593,57.781,54.75,1300500000,0
2026-08-30T21:19:22,1251.6,57.781,54.406,57.781,54.718,1300500000,0
2026-08-30T21:19:27,1256.6,57.593,54.5,57.593,54.781,1300500000,0
2026-08-30T21:19:32,1261.6,57.812,54.906,57.812,54.781,1300500000,0
2026-08-30T21:19:37,1266.6,58.843,54.687,58.843,54.812,1300500000,0
2026-08-30T21:19:42,1271.6,58.687,54.562,58.687,54.625,1300500000,0
2026-08-30T21:19:47,1276.6,58.718,54.562,58.718,54.875,1300500000,0
2026-08-30T21:19:52,1281.6,58.812,54.812,58.812,54.687,1300500000,0
2026-08-30T21:19:57,1286.6,58.625,54.718,58.625,54.906,1300500000,0
2026-08-30T21:20:02,1291.6,58.75,54.531,58.75,54.718,1300500000,0
2026-08-30T21:20:07,1296.6,58.718,54.656,58.718,54.718,1300500000,0
2026-08-30T21:20:12,1301.6,58.812,54.687,58.812,54.781,1300500000,0
2026-08-30T21:20:17,1306.6,58.718,54.5,58.718,54.75,1300500000,0
2026-08-30T21:20:22,1311.6,58.812,54.906,58.812,54.75,1300500000,0
2026-08-30T21:20:27,1316.6,58.75,54.812,58.75,54.843,1300500000,0
2026-08-30T21:20:32,1321.7,58.906,54.781,58.906,54.718,1300500000,0
2026-08-30T21:20:37,1326.7,59.0,54.656,59.0,54.781,1300500000,0
2026-08-30T21:20:42,1331.7,58.843,55.218,58.843,54.906,1300500000,0
2026-08-30T21:20:47,1336.7,58.937,54.593,58.937,54.75,1300500000,0
2026-08-30T21:20:52,1341.7,58.906,55.062,58.906,54.937,1300500000,0
2026-08-30T21:20:57,1346.7,58.843,54.937,58.843,54.875,1300500000,0
2026-08-30T21:21:02,1351.7,58.656,54.843,58.656,54.906,1300500000,0
2026-08-30T21:21:07,1356.7,59.0,54.781,59.0,54.812,1300500000,0
2026-08-30T21:21:12,1361.7,58.812,55.156,58.812,54.781,1300500000,0
2026-08-30T21:21:17,1366.7,59.031,55.031,59.031,54.843,1300500000,0
2026-08-30T21:21:22,1371.7,58.062,54.937,58.062,54.906,1300500000,0
2026-08-30T21:21:27,1376.7,57.718,54.718,57.718,55.125,1300500000,0
2026-08-30T21:21:32,1381.7,57.687,54.718,57.687,54.906,1300500000,0
2026-08-30T21:21:37,1386.7,57.875,54.843,57.875,55.0,1300500000,0
2026-08-30T21:21:42,1391.7,57.875,55.281,57.875,54.906,1300500000,0
2026-08-30T21:21:47,1396.7,57.875,55.062,57.875,54.968,1300500000,0
2026-08-30T21:21:52,1401.8,58.0,54.968,58.0,54.812,1300500000,0
2026-08-30T21:21:57,1406.8,57.75,54.812,57.75,54.906,1300500000,0
2026-08-30T21:22:02,1411.8,57.843,55.343,57.843,54.968,1300500000,0
2026-08-30T21:22:07,1416.8,56.687,52.375,56.687,54.156,1300500000,0
2026-08-30T21:22:12,1421.8,56.218,51.468,56.218,53.687,1300500000,0
2026-08-30T21:22:17,1426.8,55.718,51.062,55.718,53.343,1300500000,0
2026-08-30T21:22:22,1431.8,55.593,50.625,55.593,52.937,1300500000,0
2026-08-30T21:22:27,1436.8,55.437,50.437,55.437,52.687,1300500000,0
2026-08-30T21:22:32,1441.8,55.218,50.531,55.218,52.593,1300500000,0
2026-08-30T21:22:37,1446.8,54.781,50.156,54.781,52.25,1300500000,0
2026-08-30T21:22:42,1451.8,55.812,52.468,55.812,52.718,1300500000,0
2026-08-30T21:22:47,1456.8,56.125,52.375,56.125,52.687,1300500000,0
2026-08-30T21:22:52,1461.8,56.343,52.718,56.343,53.093,1300500000,0
2026-08-30T21:22:57,1466.8,56.5,52.906,56.5,53.093,1300500000,0
2026-08-30T21:23:02,1471.8,56.25,52.937,56.25,53.187,1300500000,0
2026-08-30T21:23:07,1476.8,56.406,53.125,56.406,53.093,1300500000,0
2026-08-30T21:23:12,1481.9,56.343,53.156,56.343,53.312,1300500000,0
2026-08-30T21:23:17,1486.9,56.406,53.062,56.406,53.125,1300500000,0
2026-08-30T21:23:22,1491.9,56.437,52.937,56.437,53.406,1300500000,0
2026-08-30T21:23:27,1496.9,57.5,53.187,57.5,53.406,1300500000,0
2026-08-30T21:23:32,1501.9,57.312,53.218,57.312,53.468,1300500000,0
2026-08-30T21:23:37,1506.9,57.406,57.406,57.187,54.25,1300500000,0
2026-08-30T21:23:42,1511.9,56.875,53.312,56.875,53.5,1300500000,0
2026-08-30T21:23:47,1516.9,57.25,53.968,57.25,53.906,1300500000,0
2026-08-30T21:23:52,1521.9,57.0,53.375,57.0,53.687,1300500000,0
2026-08-30T21:23:57,1526.9,57.031,53.5,57.031,53.843,1300500000,0
2026-08-30T21:24:02,1531.9,57.468,53.843,57.468,53.906,1300500000,0
2026-08-30T21:24:07,1536.9,57.031,56.531,57.031,54.468,1300500000,0
2026-08-30T21:24:12,1541.9,57.156,53.531,57.156,53.812,1300500000,0
2026-08-30T21:24:17,1546.9,56.812,53.687,56.812,53.937,1300500000,0
2026-08-30T21:24:22,1551.9,56.906,53.593,56.906,53.875,1300500000,0
2026-08-30T21:24:27,1556.9,56.781,53.5,56.781,53.937,1300500000,0
2026-08-30T21:24:32,1562.0,56.906,53.5,56.906,53.875,1300500000,0
2026-08-30T21:24:37,1567.0,57.031,53.718,56.75,53.781,1300500000,0
2026-08-30T21:24:42,1572.0,56.843,53.406,56.843,54.031,1300500000,0
2026-08-30T21:24:47,1577.0,56.906,53.718,56.906,53.843,1300500000,0
2026-08-30T21:24:52,1582.0,56.687,53.625,56.687,54.062,1300500000,0
2026-08-30T21:24:57,1587.0,56.718,53.531,56.718,53.843,1300500000,0
2026-08-30T21:25:02,1592.0,57.218,55.406,57.218,54.593,1300500000,0
2026-08-30T21:25:07,1597.0,56.875,53.687,56.875,53.937,1300500000,0
2026-08-30T21:25:12,1602.0,56.968,53.812,56.968,54.125,1300500000,0
2026-08-30T21:25:17,1607.0,57.062,53.625,57.062,53.937,1300500000,0
2026-08-30T21:25:22,1612.0,57.218,53.593,57.218,54.0,1300500000,0
2026-08-30T21:25:27,1617.0,56.968,53.687,56.968,53.937,1300500000,0
2026-08-30T21:25:32,1622.0,56.906,53.687,56.906,54.031,1300500000,0
2026-08-30T21:25:37,1627.0,56.937,53.625,56.937,54.187,1300500000,0
2026-08-30T21:25:42,1632.0,57.0,53.906,57.0,54.031,1300500000,0
2026-08-30T21:25:47,1637.0,56.906,53.687,56.906,54.031,1300500000,0
2026-08-30T21:25:52,1642.1,57.156,53.593,57.156,53.937,1300500000,0
2026-08-30T21:25:57,1647.1,56.968,53.812,56.968,53.968,1300500000,0
2026-08-30T21:26:02,1652.1,57.281,53.75,57.281,53.968,1300500000,0
2026-08-30T21:26:07,1657.1,56.843,53.562,56.843,53.937,1300500000,0
2026-08-30T21:26:12,1662.1,56.906,53.625,56.906,53.906,1300500000,0
2026-08-30T21:26:17,1667.1,56.875,53.593,56.875,54.031,1300500000,0
2026-08-30T21:26:22,1672.1,57.031,53.562,57.031,54.0,1300500000,0
2026-08-30T21:26:27,1677.1,56.843,53.625,56.843,54.0,1300500000,0
2026-08-30T21:26:32,1682.1,57.031,53.656,57.031,53.937,1300500000,0
2026-08-30T21:26:37,1687.1,57.125,53.718,57.125,54.187,1300500000,0
2026-08-30T21:26:42,1692.1,56.906,53.5,56.906,53.968,1300500000,0
2026-08-30T21:26:47,1697.1,57.531,57.531,57.218,54.687,1300500000,0
2026-08-30T21:26:52,1702.1,57.031,53.906,57.031,54.156,1300500000,0
2026-08-30T21:26:57,1707.1,57.0,53.781,57.0,54.0,1300500000,0
2026-08-30T21:27:02,1712.1,56.906,53.968,56.906,54.0,1300500000,0
2026-08-30T21:27:07,1717.1,57.187,53.875,57.187,53.968,1300500000,0
2026-08-30T21:27:12,1722.2,56.843,53.937,56.843,54.031,1300500000,0
2026-08-30T21:27:17,1727.2,56.781,53.781,56.781,54.0,1300500000,0
2026-08-30T21:27:22,1732.2,56.875,53.906,56.875,53.968,1300500000,0
2026-08-30T21:27:27,1737.2,56.812,53.781,56.812,53.875,1300500000,0
2026-08-30T21:27:32,1742.2,56.937,54.031,56.937,53.937,1300500000,0
2026-08-30T21:27:37,1747.2,56.937,53.625,56.937,53.937,1300500000,0
2026-08-30T21:27:42,1752.2,56.937,53.562,56.937,53.937,1300500000,0
2026-08-30T21:27:47,1757.2,57.156,53.843,56.937,54.125,1300500000,0
2026-08-30T21:27:52,1762.2,57.937,53.562,57.906,53.937,1300500000,0
2026-08-30T21:27:57,1767.2,57.218,57.218,56.875,54.531,1300500000,0
2026-08-30T21:28:02,1772.2,57.125,53.625,57.125,53.968,1300500000,0
2026-08-30T21:28:07,1777.2,57.937,53.593,57.937,54.0,1300500000,0
2026-08-30T21:28:12,1782.2,58.125,53.875,58.125,53.968,1300500000,0
2026-08-30T21:28:17,1787.2,58.031,53.75,58.031,54.0,1300500000,0
2026-08-30T21:28:22,1792.2,57.281,53.812,57.281,53.937,1300500000,0
2026-08-30T21:28:27,1797.2,57.156,53.687,57.156,54.031,1300500000,0
2026-08-30T21:28:32,1802.2,57.75,54.156,57.75,54.0,1300500000,0
2026-08-30T21:28:37,1807.3,57.937,53.718,57.937,54.062,1300500000,0
2026-08-30T21:28:42,1812.3,58.062,53.625,58.062,53.968,1300500000,0
2026-08-30T21:28:47,1817.3,57.968,53.625,57.968,53.937,1300500000,0
2026-08-30T21:28:52,1822.3,58.093,53.687,58.093,53.937,1300500000,0
2026-08-30T21:28:57,1827.3,57.75,53.718,57.75,54.093,1300500000,0
2026-08-30T21:29:02,1832.3,57.218,53.968,57.218,53.937,1300500000,0
2026-08-30T21:29:07,1837.3,56.875,53.687,56.875,54.031,1300500000,0
2026-08-30T21:29:12,1842.3,56.906,53.687,56.906,53.937,1300500000,0
2026-08-30T21:29:17,1847.3,56.843,53.843,56.843,54.062,1300500000,0
2026-08-30T21:29:22,1852.3,57.031,53.718,57.031,53.937,1300500000,0
2026-08-30T21:29:27,1857.3,57.906,53.625,57.906,54.125,1300500000,0
2026-08-30T21:29:32,1862.3,58.125,54.125,58.125,53.937,1300500000,0
2026-08-30T21:29:37,1867.3,58.156,53.687,58.156,54.031,1300500000,0
2026-08-30T21:29:42,1872.3,57.75,54.093,57.75,54.0,1300500000,0
2026-08-30T21:29:47,1877.3,57.062,53.875,57.062,54.125,1300500000,0
2026-08-30T21:29:52,1882.3,58.062,54.062,58.062,54.062,1300500000,0
2026-08-30T21:29:57,1887.4,58.125,54.031,58.125,54.156,1300500000,0
2026-08-30T21:30:02,1892.4,57.906,53.906,57.906,54.093,1300500000,0
2026-08-30T21:30:07,1897.4,58.062,53.906,58.062,54.218,1300500000,0
2026-08-30T21:30:13,1902.4,57.406,53.906,57.406,54.062,1300500000,0
2026-08-30T21:30:18,1907.4,58.187,53.75,58.187,54.125,1300500000,0
2026-08-30T21:30:23,1912.4,57.062,54.187,57.062,54.062,1300500000,0
2026-08-30T21:30:28,1917.4,58.187,53.812,58.187,54.281,1300500000,0
2026-08-30T21:30:33,1922.4,58.281,54.218,58.281,54.156,1300500000,0
2026-08-30T21:30:38,1927.4,58.156,54.0,58.156,54.187,1300500000,0
2026-08-30T21:30:43,1932.4,58.375,54.125,58.375,54.218,1300500000,0
2026-08-30T21:30:48,1937.4,57.625,53.937,57.625,54.218,1300500000,0
2026-08-30T21:30:53,1942.4,57.593,54.031,57.593,54.187,1300500000,0
2026-08-30T21:30:58,1947.4,57.812,54.156,57.812,54.218,1300500000,0
2026-08-30T21:31:03,1952.4,58.093,54.062,58.093,54.281,1300500000,0
2026-08-30T21:31:08,1957.4,57.812,54.093,57.812,54.281,1300500000,0
2026-08-30T21:31:13,1962.4,57.75,54.406,57.75,54.281,1300500000,0
2026-08-30T21:31:18,1967.5,57.75,54.093,57.75,54.406,1300500000,0
2026-08-30T21:31:23,1972.5,58.0,54.343,58.0,54.25,1300500000,0
2026-08-30T21:31:28,1977.5,58.343,54.281,58.343,54.281,1300500000,0
2026-08-30T21:31:33,1982.5,58.312,54.406,58.312,54.343,1300500000,0
2026-08-30T21:31:38,1987.5,58.468,54.281,58.468,54.343,1300500000,0
2026-08-30T21:31:43,1992.5,58.468,54.25,58.468,54.437,1300500000,0
2026-08-30T21:31:48,1997.5,58.5,54.281,58.5,54.375,1300500000,0
2026-08-30T21:31:53,2002.5,58.625,54.343,58.625,54.468,1300500000,0
2026-08-30T21:31:58,2007.5,58.406,54.343,58.406,54.437,1300500000,0
2026-08-30T21:32:03,2012.5,58.375,54.625,58.375,54.531,1300500000,0
2026-08-30T21:32:08,2017.5,57.5,54.437,57.5,54.625,1300500000,0
2026-08-30T21:32:13,2022.5,58.468,54.312,58.468,54.531,1300500000,0
2026-08-30T21:32:18,2027.5,57.5,54.437,57.5,54.656,1300500000,0
2026-08-30T21:32:23,2032.5,57.781,54.656,57.781,54.531,1300500000,0
2026-08-30T21:32:28,2037.5,57.562,54.593,57.562,54.562,1300500000,0
2026-08-30T21:32:33,2042.5,57.875,54.593,57.875,54.593,1300500000,0
2026-08-30T21:32:38,2047.6,57.437,54.468,57.437,54.687,1300500000,0
2026-08-30T21:32:43,2052.6,57.5,54.781,57.5,54.593,1300500000,0
2026-08-30T21:32:48,2057.6,57.437,54.562,57.437,54.687,1300500000,0
2026-08-30T21:32:53,2062.6,57.718,54.875,57.718,54.812,1300500000,0
2026-08-30T21:32:58,2067.6,57.75,54.781,57.75,54.718,1300500000,0
2026-08-30T21:33:03,2072.6,57.593,54.656,57.593,54.875,1300500000,0
2026-08-30T21:33:08,2077.6,57.843,54.593,57.843,54.718,1300500000,0
2026-08-30T21:33:13,2082.6,57.562,55.0,57.562,54.906,1300500000,0
2026-08-30T21:33:18,2087.6,57.656,54.937,57.656,54.875,1300500000,0
2026-08-30T21:33:23,2092.6,57.625,54.875,57.625,54.906,1300500000,0
2026-08-30T21:33:28,2097.6,57.875,54.843,57.875,54.843,1300500000,0
2026-08-30T21:33:33,2102.6,57.906,54.812,57.906,54.906,1300500000,0
2026-08-30T21:33:38,2107.6,57.937,54.75,57.937,54.906,1300500000,0
2026-08-30T21:33:43,2112.6,57.843,55.125,57.843,55.0,1300500000,0
2026-08-30T21:33:48,2117.6,57.843,55.093,58.062,54.906,1300500000,0
2026-08-30T21:33:53,2122.6,57.812,55.25,57.812,55.093,1300500000,0
2026-08-30T21:33:58,2127.7,57.875,55.093,57.875,54.906,1300500000,0
2026-08-30T21:34:03,2132.7,57.812,55.093,57.812,55.062,1300500000,0
2026-08-30T21:34:08,2137.7,58.062,55.218,58.062,54.968,1300500000,0
2026-08-30T21:34:13,2142.7,58.0,55.031,58.0,55.156,1300500000,0
2026-08-30T21:34:18,2147.7,58.156,55.0,58.156,55.0,1300500000,0
2026-08-30T21:34:23,2152.7,58.0,55.281,58.0,55.218,1300500000,0
2026-08-30T21:34:28,2157.7,58.031,55.562,58.0,55.125,1300500000,0
2026-08-30T21:34:33,2162.7,57.968,55.468,57.968,55.25,1300500000,0
2026-08-30T21:34:38,2167.7,58.093,55.375,58.093,55.25,1300500000,0
2026-08-30T21:34:43,2172.7,58.0,55.343,58.0,55.218,1300500000,0
2026-08-30T21:34:48,2177.7,58.375,55.375,58.375,55.312,1300500000,0
2026-08-30T21:34:53,2182.7,58.156,55.281,58.156,55.312,1300500000,0
2026-08-30T21:34:58,2187.7,58.5,55.906,58.5,55.312,1300500000,0
2026-08-30T21:35:03,2192.7,58.156,55.625,58.156,55.406,1300500000,0
2026-08-30T21:35:08,2197.7,58.281,55.875,58.281,55.375,1300500000,0
2026-08-30T21:35:13,2202.7,58.218,55.656,58.218,55.468,1300500000,0
2026-08-30T21:35:18,2207.8,58.437,55.562,58.437,55.437,1300500000,0
2026-08-30T21:35:23,2212.8,58.343,55.562,58.343,55.531,1300500000,0
2026-08-30T21:35:28,2217.8,58.468,55.656,58.468,55.5,1300500000,0
2026-08-30T21:35:33,2222.8,58.281,55.687,58.281,55.562,1300500000,0
2026-08-30T21:35:38,2227.8,58.375,56.0,58.375,55.5,1300500000,0
2026-08-30T21:35:43,2232.8,58.375,55.875,58.375,55.687,1300500000,0
2026-08-30T21:35:48,2237.8,58.437,56.031,58.437,55.593,1300500000,0
2026-08-30T21:35:53,2242.8,58.406,55.843,58.406,55.718,1300500000,0
2026-08-30T21:35:58,2247.8,58.625,55.625,58.625,55.531,1300500000,0
2026-08-30T21:36:03,2252.8,58.812,55.718,58.812,55.656,1300500000,0
2026-08-30T21:36:08,2257.8,58.875,56.062,58.875,55.656,1300500000,0
2026-08-30T21:36:13,2262.8,58.437,55.718,58.437,55.656,1300500000,0
2026-08-30T21:36:18,2267.8,58.562,56.093,58.562,55.531,1300500000,0
2026-08-30T21:36:23,2272.8,58.5,55.968,58.5,55.656,1300500000,0
2026-08-30T21:36:28,2277.8,58.718,56.125,58.718,55.562,1300500000,0
2026-08-30T21:36:33,2282.8,58.593,56.031,58.593,55.718,1300500000,0
2026-08-30T21:36:38,2287.9,58.781,55.781,58.781,55.625,1300500000,0
2026-08-30T21:36:43,2292.9,58.593,55.875,58.593,55.75,1300500000,0
2026-08-30T21:36:48,2297.9,58.593,56.25,58.593,55.562,1300500000,0
2026-08-30T21:36:53,2302.9,58.562,55.843,58.562,55.687,1300500000,0
2026-08-30T21:36:58,2307.9,58.718,56.25,58.718,55.718,1300500000,0
2026-08-30T21:37:03,2312.9,58.562,56.125,58.562,55.812,1300500000,0
2026-08-30T21:37:08,2317.9,58.75,55.906,58.75,55.687,1300500000,0
2026-08-30T21:37:13,2322.9,58.656,56.062,58.656,55.812,1300500000,0
2026-08-30T21:37:18,2327.9,58.812,55.875,58.812,55.687,1300500000,0
2026-08-30T21:37:23,2332.9,58.562,56.0,58.562,55.718,1300500000,0
2026-08-30T21:37:28,2337.9,58.593,56.187,58.593,55.718,1300500000,0
2026-08-30T21:37:33,2342.9,58.562,56.0,58.562,55.812,1300500000,0
2026-08-30T21:37:38,2347.9,58.718,56.375,58.718,55.75,1300500000,0
2026-08-30T21:37:43,2352.9,58.687,56.187,58.687,55.875,1300500000,0
2026-08-30T21:37:48,2357.9,58.781,56.281,58.781,55.781,1300500000,0
2026-08-30T21:37:53,2362.9,58.687,56.25,58.687,55.937,1300500000,0
2026-08-30T21:37:58,2368.0,58.687,56.062,58.687,55.781,1300500000,0
2026-08-30T21:38:03,2373.0,58.625,56.093,58.625,55.906,1300500000,0
2026-08-30T21:38:08,2378.0,58.875,56.187,58.875,55.875,1300500000,0
2026-08-30T21:38:13,2383.0,58.656,56.062,58.656,55.968,1300500000,0
2026-08-30T21:38:18,2388.0,58.875,56.343,58.875,55.812,1300500000,0
2026-08-30T21:38:23,2393.0,58.656,56.218,58.656,56.0,1300500000,0
2026-08-30T21:38:28,2398.0,59.125,56.593,59.125,55.875,1300500000,0
2026-08-30T21:38:33,2403.0,59.031,56.468,59.031,56.031,1300500000,0
2026-08-30T21:38:38,2408.0,58.781,56.218,58.812,56.0,1300500000,0
2026-08-30T21:38:43,2413.0,58.812,56.531,58.812,56.031,1300500000,0
2026-08-30T21:38:48,2418.0,58.906,56.375,58.906,55.906,1300500000,0
2026-08-30T21:38:53,2423.0,58.843,56.343,58.843,56.093,1300500000,0
2026-08-30T21:38:58,2428.0,59.093,56.656,59.093,56.062,1300500000,0
2026-08-30T21:39:03,2433.0,58.968,56.375,58.968,56.125,1300500000,0
2026-08-30T21:39:08,2438.0,59.218,56.718,59.218,56.062,1300500000,0
2026-08-30T21:39:13,2443.0,58.875,56.75,58.875,56.125,1300500000,0
2026-08-30T21:39:18,2448.1,59.031,56.687,59.031,56.031,1300500000,0
2026-08-30T21:39:23,2453.1,58.906,56.656,58.906,56.312,1300500000,0
2026-08-30T21:39:28,2458.1,59.093,56.593,59.093,56.218,1300500000,0
2026-08-30T21:39:33,2463.1,59.031,56.625,59.031,56.468,1300500000,0
2026-08-30T21:39:38,2468.1,59.25,56.562,59.25,56.343,1300500000,0
2026-08-30T21:39:43,2473.1,59.093,56.75,59.093,56.437,1300500000,0
2026-08-30T21:39:48,2478.1,59.062,56.843,59.062,56.406,1300500000,0
2026-08-30T21:39:53,2483.1,59.312,56.781,59.312,56.343,1300500000,0
2026-08-30T21:39:58,2488.1,59.125,56.656,59.125,56.406,1300500000,0
2026-08-30T21:40:03,2493.1,59.25,56.781,59.25,56.375,1300500000,0
2026-08-30T21:40:08,2498.1,59.187,57.0,59.187,56.5,1300500000,0
2026-08-30T21:40:13,2503.1,59.5,56.937,59.5,56.437,1300500000,0
2026-08-30T21:40:18,2508.1,59.281,56.937,59.281,56.593,1300500000,0
2026-08-30T21:40:23,2513.1,59.656,56.937,59.656,56.531,1300500000,0
2026-08-30T21:40:28,2518.1,59.343,56.937,59.343,56.406,1300500000,0
2026-08-30T21:40:33,2523.1,59.375,57.468,59.375,56.625,1300500000,0
2026-08-30T21:40:38,2528.2,59.468,57.031,59.468,56.562,1300500000,0
2026-08-30T21:40:43,2533.2,59.468,57.406,59.468,56.75,1300500000,0
2026-08-30T21:40:48,2538.2,59.687,57.343,59.687,56.687,1300500000,0
2026-08-30T21:40:53,2543.2,59.562,57.5,59.562,56.781,1300500000,0
2026-08-30T21:40:58,2548.2,60.062,57.406,60.062,56.75,1300500000,0
2026-08-30T21:41:03,2553.2,59.625,57.562,59.625,56.937,1300500000,0
2026-08-30T21:41:08,2558.2,59.531,57.406,59.531,56.843,1300500000,0
2026-08-30T21:41:13,2563.2,59.5,57.281,59.5,56.843,1300500000,0
2026-08-30T21:41:18,2568.2,59.812,57.625,59.812,56.843,1300500000,0
2026-08-30T21:41:23,2573.2,59.656,57.5,59.656,57.062,1300500000,0
2026-08-30T21:41:28,2578.2,59.875,57.437,59.875,56.875,1300500000,0
2026-08-30T21:41:33,2583.2,59.75,57.781,59.75,56.968,1300500000,0
2026-08-30T21:41:38,2588.2,59.718,57.5,59.718,57.0,1300500000,0
2026-08-30T21:41:43,2593.2,60.812,57.781,60.812,57.093,1300500000,0
2026-08-30T21:41:48,2598.2,60.937,57.656,60.937,57.0,1300500000,0
2026-08-30T21:41:53,2603.2,60.875,57.593,60.875,57.125,1300500000,0
2026-08-30T21:41:58,2608.3,61.125,57.875,61.125,57.125,1300500000,0
2026-08-30T21:42:03,2613.3,60.937,57.531,60.937,57.125,1300500000,0
2026-08-30T21:42:08,2618.3,61.281,57.656,61.281,57.187,1300500000,0
2026-08-30T21:42:13,2623.3,60.781,57.968,60.781,57.281,1300500000,0
2026-08-30T21:42:18,2628.3,61.187,57.875,61.187,57.187,1300500000,0
2026-08-30T21:42:23,2633.3,60.687,58.125,60.687,57.281,1300500000,0
2026-08-30T21:42:28,2638.3,61.25,58.0,61.25,57.281,1300500000,0
2026-08-30T21:42:33,2643.3,60.875,57.656,60.875,57.312,1300500000,0
2026-08-30T21:42:38,2648.3,61.406,57.75,61.406,57.312,1300500000,0
2026-08-30T21:42:43,2653.3,61.156,57.968,61.156,57.468,1300500000,0
2026-08-30T21:42:48,2658.3,61.656,58.031,61.656,57.343,1300500000,0
2026-08-30T21:42:53,2663.3,60.062,56.906,60.062,57.093,1300500000,0
2026-08-30T21:42:58,2668.3,59.937,56.562,59.937,56.781,1300500000,0
2026-08-30T21:43:03,2673.3,59.687,56.312,59.687,56.75,1300500000,0
2026-08-30T21:43:08,2678.3,59.812,56.187,59.812,56.562,1300500000,0
2026-08-30T21:43:13,2683.3,59.593,56.343,59.593,56.562,1300500000,0
2026-08-30T21:43:18,2688.4,59.75,55.968,59.75,56.343,1300500000,0
2026-08-30T21:43:23,2693.4,59.593,56.031,59.593,56.25,1300500000,0
2026-08-30T21:43:28,2698.4,59.343,55.937,59.343,56.187,1300500000,0
2026-08-30T21:43:34,2703.4,59.218,56.031,59.218,56.156,1300500000,0
2026-08-30T21:43:39,2708.4,59.343,55.781,59.343,56.031,1300500000,0
2026-08-30T21:43:44,2713.4,59.093,56.0,59.093,56.062,1300500000,0
2026-08-30T21:43:49,2718.4,59.218,55.656,59.218,55.906,1300500000,0
2026-08-30T21:43:54,2723.4,58.968,55.656,58.968,55.875,1300500000,0
2026-08-30T21:43:59,2728.4,59.281,55.468,59.281,55.843,1300500000,0
2026-08-30T21:44:04,2733.4,59.031,55.562,59.031,55.875,1300500000,0
2026-08-30T21:44:09,2738.4,58.937,55.375,58.937,55.718,1300500000,0
2026-08-30T21:44:14,2743.4,59.812,56.062,59.812,55.968,1300500000,0
2026-08-30T21:44:19,2748.4,59.75,55.187,59.75,55.718,1300500000,0
2026-08-30T21:44:24,2753.4,59.562,55.531,59.562,55.718,1300500000,0
2026-08-30T21:44:29,2758.4,59.812,55.281,59.812,55.625,1300500000,0
2026-08-30T21:44:34,2763.4,59.531,55.125,59.531,55.75,1300500000,0
2026-08-30T21:44:39,2768.5,59.343,55.218,59.343,55.5,1300500000,0
2026-08-30T21:44:44,2773.5,59.25,55.0,59.25,55.437,1300500000,0
2026-08-30T21:44:49,2778.5,59.375,54.843,59.375,55.312,1300500000,0
2026-08-30T21:44:54,2783.5,59.218,55.093,59.218,55.375,1300500000,0
2026-08-30T21:44:59,2788.5,59.312,55.093,59.312,55.218,1300500000,0
2026-08-30T21:45:04,2793.5,59.125,54.937,59.125,55.281,1300500000,0
2026-08-30T21:45:09,2798.5,59.187,54.75,59.187,55.125,1300500000,0
2026-08-30T21:45:14,2803.5,58.906,55.125,58.906,55.031,1300500000,0
2026-08-30T21:45:19,2808.5,59.062,54.812,59.062,55.218,1300500000,0
2026-08-30T21:45:24,2813.5,59.156,54.656,58.937,55.062,1300500000,0
2026-08-30T21:45:29,2818.5,58.906,54.75,58.906,55.156,1300500000,0
2026-08-30T21:45:34,2823.5,59.093,54.656,59.093,54.968,1300500000,0
2026-08-30T21:45:39,2828.5,58.812,54.656,58.812,55.062,1300500000,0
2026-08-30T21:45:44,2833.5,59.156,54.812,59.156,54.906,1300500000,0
2026-08-30T21:45:49,2838.5,58.906,54.625,58.906,54.906,1300500000,0
2026-08-30T21:45:54,2843.5,59.125,54.593,59.125,54.812,1300500000,0
2026-08-30T21:45:59,2848.6,58.75,54.468,58.75,54.906,1300500000,0
2026-08-30T21:46:04,2853.6,58.906,54.781,58.906,54.75,1300500000,0
2026-08-30T21:46:09,2858.6,58.531,54.5,58.531,54.906,1300500000,0
2026-08-30T21:46:14,2863.6,58.781,54.718,58.781,54.75,1300500000,0
2026-08-30T21:46:19,2868.6,58.937,54.593,58.937,54.687,1300500000,0
2026-08-30T21:46:24,2873.6,58.718,54.437,58.718,54.937,1300500000,0
2026-08-30T21:46:29,2878.6,58.687,54.5,58.687,54.625,1300500000,0
2026-08-30T21:46:34,2883.6,58.375,54.781,58.375,54.812,1300500000,0
2026-08-30T21:46:39,2888.6,58.781,54.593,58.781,54.718,1300500000,0
2026-08-30T21:46:44,2893.6,58.687,54.437,58.687,54.812,1300500000,0
2026-08-30T21:46:49,2898.6,58.843,54.437,58.843,54.656,1300500000,0
2026-08-30T21:46:54,2903.6,58.625,54.625,58.625,54.687,1300500000,0
2026-08-30T21:46:59,2908.6,58.593,54.375,58.593,54.531,1300500000,0
2026-08-30T21:47:04,2913.6,58.593,54.687,58.593,54.687,1300500000,0
2026-08-30T21:47:09,2918.6,58.687,54.562,58.687,54.531,1300500000,0
2026-08-30T21:47:14,2923.6,58.531,54.5,58.531,54.562,1300500000,0
2026-08-30T21:47:19,2928.7,58.593,54.468,58.437,54.656,1300500000,0
2026-08-30T21:47:24,2933.7,58.843,54.656,58.843,54.718,1300500000,0
2026-08-30T21:47:29,2938.7,58.656,54.531,58.656,54.718,1300500000,0
2026-08-30T21:47:34,2943.7,58.437,54.562,58.437,54.468,1300500000,0
2026-08-30T21:47:39,2948.7,58.437,54.437,58.687,54.75,1300500000,0
2026-08-30T21:47:44,2953.7,58.718,54.312,58.718,54.531,1300500000,0
2026-08-30T21:47:49,2958.7,58.562,54.468,58.562,54.718,1300500000,0
2026-08-30T21:47:54,2963.7,58.718,54.687,58.718,54.5,1300500000,0
2026-08-30T21:47:59,2968.7,58.5,54.593,58.5,54.625,1300500000,0
2026-08-30T21:48:04,2973.7,57.5,54.437,57.875,54.5,1300500000,0
2026-08-30T21:48:09,2978.7,57.531,54.437,57.531,54.593,1300500000,0
2026-08-30T21:48:14,2983.7,58.593,54.843,58.593,54.468,1300500000,0
2026-08-30T21:48:19,2988.7,58.718,54.531,58.718,54.593,1300500000,0
2026-08-30T21:48:24,2993.7,58.781,54.687,58.781,54.531,1300500000,0
2026-08-30T21:48:29,2998.7,58.812,54.593,58.812,54.656,1300500000,0
2026-08-30T21:48:34,3003.7,58.625,54.562,58.625,54.687,1300500000,0
2026-08-30T21:48:39,3008.8,58.531,54.375,58.531,54.562,1300500000,0
2026-08-30T21:48:44,3013.8,58.625,54.687,58.625,54.625,1300500000,0
2026-08-30T21:48:49,3018.8,58.5,54.562,58.5,54.593,1300500000,0
2026-08-30T21:48:54,3023.8,58.5,54.531,58.5,54.718,1300500000,0
2026-08-30T21:48:59,3028.8,58.375,54.468,58.375,54.562,1300500000,0
2026-08-30T21:49:04,3033.8,58.437,54.5,58.437,54.718,1300500000,0
2026-08-30T21:49:09,3038.8,58.875,54.406,58.875,54.531,1300500000,0
2026-08-30T21:49:14,3043.8,58.656,54.906,58.656,54.593,1300500000,0
2026-08-30T21:49:19,3048.8,58.593,54.718,58.593,54.625,1300500000,0
2026-08-30T21:49:24,3053.8,58.25,54.5,58.25,54.718,1300500000,0
2026-08-30T21:49:29,3058.8,58.718,54.593,58.718,54.75,1300500000,0
2026-08-30T21:49:34,3063.8,58.593,54.625,58.593,54.656,1300500000,0
2026-08-30T21:49:39,3068.8,58.812,54.625,58.812,54.687,1300500000,0
2026-08-30T21:49:44,3073.8,58.843,55.031,58.843,54.75,1300500000,0
2026-08-30T21:49:49,3078.8,58.843,54.843,58.843,54.687,1300500000,0
2026-08-30T21:49:54,3083.8,58.625,54.75,58.625,54.75,1300500000,0
2026-08-30T21:49:59,3088.9,58.781,54.687,58.781,54.906,1300500000,0
2026-08-30T21:50:04,3093.9,58.718,54.687,58.718,54.75,1300500000,0
2026-08-30T21:50:09,3098.9,58.75,54.687,58.75,54.875,1300500000,0
2026-08-30T21:50:14,3103.9,58.75,55.093,58.75,54.812,1300500000,0
2026-08-30T21:50:19,3108.9,58.843,54.968,58.843,54.937,1300500000,0
2026-08-30T21:50:24,3113.9,59.093,54.843,59.093,54.812,1300500000,0
2026-08-30T21:50:29,3118.9,58.843,54.718,58.843,54.906,1300500000,0
2026-08-30T21:50:34,3123.9,58.937,55.125,58.937,54.781,1300500000,0
2026-08-30T21:50:39,3128.9,58.843,54.906,58.843,54.937,1300500000,0
2026-08-30T21:50:44,3133.9,58.812,55.125,58.812,54.875,1300500000,0
2026-08-30T21:50:49,3138.9,59.031,55.031,59.031,54.906,1300500000,0
2026-08-30T21:50:54,3143.9,59.218,55.062,59.218,54.875,1300500000,0
2026-08-30T21:50:59,3148.9,58.906,55.093,58.906,54.937,1300500000,0
2026-08-30T21:51:04,3153.9,58.968,55.093,58.968,54.906,1300500000,0
2026-08-30T21:51:09,3158.9,58.875,55.156,58.875,54.968,1300500000,0
2026-08-30T21:51:14,3163.9,58.968,55.25,58.968,54.906,1300500000,0
2026-08-30T21:51:19,3169.0,58.656,55.125,58.656,55.031,1300500000,0
2026-08-30T21:51:24,3174.0,59.093,55.187,59.093,54.937,1300500000,0
2026-08-30T21:51:29,3179.0,59.281,55.281,59.281,55.031,1300500000,0
2026-08-30T21:51:34,3184.0,59.062,55.218,59.062,54.937,1300500000,0
2026-08-30T21:51:39,3189.0,58.937,55.093,58.937,55.125,1300500000,0
2026-08-30T21:51:44,3194.0,59.125,55.406,59.125,55.031,1300500000,0
2026-08-30T21:51:49,3199.0,58.75,55.281,58.75,55.093,1300500000,0
2026-08-30T21:51:54,3204.0,58.937,55.25,58.937,55.281,1300500000,0
2026-08-30T21:51:59,3209.0,59.312,55.343,59.312,55.218,1300500000,0
2026-08-30T21:52:04,3214.0,59.062,55.562,59.062,55.156,1300500000,0
2026-08-30T21:52:09,3219.0,59.437,55.468,59.437,55.125,1300500000,0
2026-08-30T21:52:14,3224.0,59.125,55.5,59.125,55.281,1300500000,0
2026-08-30T21:52:19,3229.0,58.156,55.375,58.156,55.187,1300500000,0
2026-08-30T21:52:24,3234.0,58.093,55.531,58.093,55.343,1300500000,0
2026-08-30T21:52:29,3239.0,58.218,55.437,58.218,55.281,1300500000,0
2026-08-30T21:52:34,3244.0,58.375,55.75,58.093,55.343,1300500000,0
2026-08-30T21:52:39,3249.1,58.125,55.625,58.125,55.312,1300500000,0
2026-08-30T21:52:44,3254.1,59.25,55.562,59.25,55.281,1300500000,0
2026-08-30T21:52:49,3259.1,59.281,55.562,59.281,55.312,1300500000,0
2026-08-30T21:52:54,3264.1,59.281,55.968,59.281,55.375,1300500000,0
2026-08-30T21:52:59,3269.1,59.343,55.625,59.406,55.562,1300500000,0
2026-08-30T21:53:04,3274.1,59.5,55.906,59.5,55.343,1300500000,0
2026-08-30T21:53:09,3279.1,59.406,55.843,59.406,55.468,1300500000,0
2026-08-30T21:53:14,3284.1,59.718,55.812,59.718,55.437,1300500000,0
2026-08-30T21:53:19,3289.1,59.812,55.843,59.812,55.437,1300500000,0
2026-08-30T21:53:24,3294.1,59.375,56.0,59.375,55.468,1300500000,0
2026-08-30T21:53:29,3299.1,59.437,55.781,59.437,55.625,1300500000,0
2026-08-30T21:53:34,3304.1,59.531,56.093,59.531,55.562,1300500000,0
2026-08-30T21:53:39,3309.1,59.406,56.0,59.406,55.718,1300500000,0
2026-08-30T21:53:44,3314.1,59.656,56.0,59.656,55.625,1300500000,0
2026-08-30T21:53:49,3319.1,59.593,56.0,59.593,55.812,1300500000,0
2026-08-30T21:53:54,3324.1,59.656,56.343,59.656,55.593,1300500000,0
2026-08-30T21:53:59,3329.2,59.531,55.843,59.531,55.843,1300500000,0
2026-08-30T21:54:04,3334.2,59.781,56.343,59.781,55.781,1300500000,0
2026-08-30T21:54:09,3339.2,59.687,56.093,59.687,55.75,1300500000,0
2026-08-30T21:54:14,3344.2,59.937,56.156,59.937,55.843,1300500000,0
2026-08-30T21:54:19,3349.2,59.781,56.343,59.781,55.843,1300500000,0
2026-08-30T21:54:24,3354.2,59.531,56.187,59.531,55.718,1300500000,0
2026-08-30T21:54:29,3359.2,59.75,56.187,59.75,55.875,1300500000,0
2026-08-30T21:54:34,3364.2,59.843,56.531,59.843,55.906,1300500000,0
2026-08-30T21:54:39,3369.2,59.687,56.437,59.687,55.843,1300500000,0
2026-08-30T21:54:44,3374.2,59.843,56.187,59.843,56.093,1300500000,0
2026-08-30T21:54:49,3379.2,59.968,56.5,59.843,55.968,1300500000,0
2026-08-30T21:54:54,3384.2,59.937,56.312,59.937,56.125,1300500000,0
2026-08-30T21:54:59,3389.2,60.187,56.312,60.187,56.031,1300500000,0
2026-08-30T21:55:04,3394.2,60.0,56.687,60.0,56.281,1300500000,0
2026-08-30T21:55:09,3399.2,59.968,56.531,59.968,56.031,1300500000,0
2026-08-30T21:55:14,3404.2,60.125,56.562,60.125,56.25,1300500000,0
2026-08-30T21:55:19,3409.2,60.156,56.531,60.156,56.062,1300500000,0
2026-08-30T21:55:24,3414.3,60.125,56.593,60.125,56.25,1300500000,0
2026-08-30T21:55:29,3419.3,60.312,56.531,60.312,56.156,1300500000,0
2026-08-30T21:55:34,3424.3,60.187,56.843,60.187,56.312,1300500000,0
2026-08-30T21:55:39,3429.3,60.5,56.781,60.5,56.187,1300500000,0
2026-08-30T21:55:44,3434.3,60.0,56.812,60.25,56.343,1300500000,0
2026-08-30T21:55:49,3439.3,60.281,56.718,60.281,56.281,1300500000,0
2026-08-30T21:55:54,3444.3,60.25,56.718,60.25,56.531,1300500000,0
2026-08-30T21:55:59,3449.3,60.437,56.781,60.437,56.375,1300500000,0
2026-08-30T21:56:04,3454.3,60.281,56.687,60.281,56.531,1300500000,0
2026-08-30T21:56:09,3459.3,60.562,56.812,60.562,56.375,1300500000,0
2026-08-30T21:56:14,3464.3,60.437,57.25,60.437,56.531,1300500000,0
2026-08-30T21:56:19,3469.3,60.312,56.937,60.312,56.406,1300500000,0
2026-08-30T21:56:24,3474.3,60.468,57.156,60.468,56.656,1300500000,0
2026-08-30T21:56:29,3479.3,60.5,57.031,60.5,56.593,1300500000,0
2026-08-30T21:56:34,3484.3,60.437,56.937,60.437,56.593,1300500000,0
2026-08-30T21:56:39,3489.4,60.656,56.968,60.656,56.593,1300500000,0
2026-08-30T21:56:44,3494.4,60.593,57.031,60.593,56.718,1300500000,0
2026-08-30T21:56:49,3499.4,60.812,56.968,60.812,56.625,1300500000,0
2026-08-30T21:56:55,3504.4,60.593,57.5,60.593,56.718,1300500000,0
2026-08-30T21:57:00,3509.4,60.687,57.281,60.687,56.718,1300500000,0
2026-08-30T21:57:05,3514.4,60.593,57.25,60.593,56.812,1300500000,0
2026-08-30T21:57:10,3519.4,60.781,57.281,60.781,56.781,1300500000,0
2026-08-30T21:57:15,3524.4,60.406,57.312,60.406,56.843,1300500000,0
2026-08-30T21:57:20,3529.4,60.906,57.281,60.906,56.843,1300500000,0
2026-08-30T21:57:25,3534.4,61.125,57.625,60.812,56.968,1300500000,0
2026-08-30T21:57:30,3539.4,60.875,57.531,60.875,56.937,1300500000,0
2026-08-30T21:57:35,3544.4,60.75,57.625,60.75,56.937,1300500000,0
2026-08-30T21:57:40,3549.4,60.875,57.562,60.875,57.031,1300500000,0
2026-08-30T21:57:45,3554.4,60.875,57.531,60.875,57.125,1300500000,0
2026-08-30T21:57:50,3559.4,61.187,57.593,61.187,57.062,1300500000,0
2026-08-30T21:57:55,3564.4,61.0,57.5,61.0,57.062,1300500000,0
2026-08-30T21:58:00,3569.5,60.937,57.562,61.187,57.156,1300500000,0
2026-08-30T21:58:05,3574.5,61.093,57.906,61.093,57.281,1300500000,0
2026-08-30T21:58:10,3579.5,61.218,57.625,61.218,57.125,1300500000,0
2026-08-30T21:58:15,3584.5,61.062,58.031,61.062,57.281,1300500000,0
2026-08-30T21:58:20,3589.5,61.281,57.875,61.281,57.156,1300500000,0
2026-08-30T21:58:25,3594.5,61.062,57.875,61.062,57.312,1300500000,0
2026-08-30T21:58:30,3599.5,61.437,57.875,61.437,57.25,1300500000,0
2026-08-30T21:58:35,3604.5,61.531,57.781,61.531,57.312,1300500000,0
2026-08-30T21:58:40,3609.5,61.156,57.812,61.156,57.281,1300500000,0
2026-08-30T21:58:45,3614.5,61.156,58.125,61.156,57.375,1300500000,0
2026-08-30T21:58:50,3619.5,61.0,57.906,61.0,57.312,1300500000,0
2026-08-30T21:58:55,3624.5,61.25,57.968,61.25,57.312,1300500000,0
2026-08-30T21:59:00,3629.5,61.343,58.093,61.343,57.281,1300500000,0
2026-08-30T21:59:05,3634.5,61.25,57.968,61.25,57.375,1300500000,0
2026-08-30T21:59:10,3639.5,61.093,57.0,61.093,57.156,1300500000,0
2026-08-30T21:59:15,3644.5,60.718,56.375,60.718,56.875,1300500000,0
2026-08-30T21:59:20,3649.6,60.656,56.312,60.656,56.718,1300500000,0
2026-08-30T21:59:25,3654.6,60.187,56.468,60.187,56.781,1300500000,0
2026-08-30T21:59:30,3659.6,60.25,56.125,60.25,56.437,1300500000,0
2026-08-30T21:59:35,3664.6,60.218,56.218,60.218,56.375,1300500000,0
2026-08-30T21:59:40,3669.6,60.093,55.968,60.093,56.375,1300500000,0
2026-08-30T21:59:45,3674.6,60.218,55.718,60.218,56.093,1300500000,0
2026-08-30T21:59:50,3679.6,59.812,55.5,59.812,56.125,1300500000,0
2026-08-30T21:59:55,3684.6,59.718,55.687,59.718,55.875,1300500000,0
2026-08-30T22:00:00,3689.6,59.718,55.281,59.718,55.875,1300500000,0
2026-08-30T22:00:05,3694.6,59.656,55.5,59.656,55.75,1300500000,0
2026-08-30T22:00:10,3699.6,59.531,55.406,59.531,55.75,1300500000,0
2026-08-30T22:00:15,3704.6,59.656,55.218,59.656,55.562,1300500000,0
2026-08-30T22:00:20,3709.6,59.468,55.187,59.468,55.562,1300500000,0
2026-08-30T22:00:25,3714.6,59.343,55.125,59.343,55.5,1300500000,0
2026-08-30T22:00:30,3719.6,59.625,55.437,59.625,55.625,1300500000,0
2026-08-30T22:00:35,3724.6,59.343,55.218,59.343,55.406,1300500000,0
2026-08-30T22:00:40,3729.7,59.343,55.406,59.343,55.437,1300500000,0
2026-08-30T22:00:45,3734.7,59.343,55.093,59.343,55.281,1300500000,0
2026-08-30T22:00:50,3739.7,59.156,55.0,59.156,55.562,1300500000,0
2026-08-30T22:00:55,3744.7,59.343,54.781,59.343,55.218,1300500000,0
2026-08-30T22:01:00,3749.7,59.062,54.968,59.062,55.25,1300500000,0
2026-08-30T22:01:05,3754.7,59.031,54.812,59.031,55.125,1300500000,0
2026-08-30T22:01:10,3759.7,59.093,55.156,59.093,55.281,1300500000,0
2026-08-30T22:01:15,3764.7,58.875,55.093,58.875,55.093,1300500000,0
2026-08-30T22:01:20,3769.7,57.968,54.906,57.968,55.218,1300500000,0
2026-08-30T22:01:25,3774.7,58.031,54.906,58.031,55.031,1300500000,0
2026-08-30T22:01:30,3779.7,59.0,54.875,59.0,55.312,1300500000,0
2026-08-30T22:01:35,3784.7,59.343,54.781,59.343,55.093,1300500000,0
2026-08-30T22:01:40,3789.7,59.0,55.093,59.0,55.125,1300500000,0
2026-08-30T22:01:45,3794.7,58.906,54.718,58.906,55.0,1300500000,0
2026-08-30T22:01:50,3799.7,58.968,55.093,59.156,55.0,1300500000,0
2026-08-30T22:01:55,3804.7,59.218,54.937,59.218,55.031,1300500000,0
2026-08-30T22:02:00,3809.8,59.0,54.625,59.0,55.25,1300500000,0
2026-08-30T22:02:05,3814.8,58.281,54.781,58.281,55.125,1300500000,0
2026-08-30T22:02:10,3819.8,57.875,54.593,57.875,55.093,1300500000,0
2026-08-30T22:02:15,3824.8,57.875,54.562,57.875,55.0,1300500000,0
2026-08-30T22:02:20,3829.8,57.968,54.968,57.968,55.187,1300500000,0
2026-08-30T22:02:25,3834.8,57.937,54.562,57.937,54.968,1300500000,0
2026-08-30T22:02:30,3839.8,57.906,55.062,57.906,55.156,1300500000,0
2026-08-30T22:02:35,3844.8,58.031,54.781,58.031,55.0,1300500000,0
2026-08-30T22:02:40,3849.8,57.875,54.687,57.875,55.062,1300500000,0
2026-08-30T22:02:45,3854.8,58.218,54.781,58.218,54.906,1300500000,0
2026-08-30T22:02:50,3859.8,57.968,54.656,57.968,55.125,1300500000,0
2026-08-30T22:02:55,3864.8,57.906,54.718,57.906,55.062,1300500000,0
2026-08-30T22:03:00,3869.8,57.968,55.062,57.968,55.093,1300500000,0
2026-08-30T22:03:05,3874.8,58.156,54.843,58.156,54.906,1300500000,0
2026-08-30T22:03:10,3879.8,58.156,55.125,58.156,55.218,1300500000,0
2026-08-30T22:03:15,3884.8,58.281,54.687,58.281,55.0,1300500000,0
2026-08-30T22:03:20,3889.9,57.937,54.593,57.937,55.125,1300500000,0
2026-08-30T22:03:25,3894.9,57.843,54.531,57.843,55.031,1300500000,0
2026-08-30T22:03:30,3899.9,57.875,54.593,57.937,54.968,1300500000,0
2026-08-30T22:03:35,3904.9,58.093,54.593,58.093,55.0,1300500000,0
2026-08-30T22:03:40,3909.9,57.968,55.0,57.968,55.031,1300500000,0
2026-08-30T22:03:45,3914.9,58.093,54.875,58.093,54.968,1300500000,0
2026-08-30T22:03:50,3919.9,57.968,54.687,57.968,55.093,1300500000,0
2026-08-30T22:03:55,3924.9,58.281,54.843,58.281,54.937,1300500000,0
2026-08-30T22:04:00,3929.9,57.875,54.625,58.062,55.125,1300500000,0
2026-08-30T22:04:05,3934.9,58.062,54.687,58.062,55.093,1300500000,0
2026-08-30T22:04:10,3939.9,57.875,55.062,57.875,55.125,1300500000,0
2026-08-30T22:04:15,3944.9,58.093,54.687,58.093,55.031,1300500000,0
2026-08-30T22:04:20,3949.9,57.968,55.093,57.968,55.093,1300500000,0
2026-08-30T22:04:25,3954.9,58.25,55.0,58.25,55.125,1300500000,0
2026-08-30T22:04:30,3959.9,58.593,55.187,58.593,55.375,1300500000,0
2026-08-30T22:04:35,3964.9,59.062,54.906,59.312,55.031,1300500000,0
2026-08-30T22:04:40,3970.0,58.031,54.937,58.031,55.281,1300500000,0
2026-08-30T22:04:45,3975.0,58.062,54.781,58.062,55.156,1300500000,0
2026-08-30T22:04:50,3980.0,58.031,55.062,58.031,55.281,1300500000,0
2026-08-30T22:04:55,3985.0,58.125,54.812,58.125,55.156,1300500000,0
2026-08-30T22:05:00,3990.0,58.031,55.093,58.031,55.281,1300500000,0
2026-08-30T22:05:05,3995.0,58.218,55.031,58.218,55.125,1300500000,0
2026-08-30T22:05:10,4000.0,57.906,54.906,57.906,55.218,1300500000,0
2026-08-30T22:05:15,4005.0,58.0,54.687,58.0,55.187,1300500000,0
2026-08-30T22:05:20,4010.0,58.0,55.218,58.0,55.187,1300500000,0
2026-08-30T22:05:25,4015.0,58.062,54.937,58.062,55.375,1300500000,0
2026-08-30T22:05:30,4020.0,58.25,54.937,58.25,55.218,1300500000,0
2026-08-30T22:05:35,4025.0,58.25,54.968,58.25,55.406,1300500000,0
2026-08-30T22:05:40,4030.0,58.625,55.187,58.625,55.187,1300500000,0
2026-08-30T22:05:45,4035.0,58.343,55.187,58.343,55.437,1300500000,0
2026-08-30T22:05:50,4040.0,58.281,54.875,58.281,55.218,1300500000,0
2026-08-30T22:05:55,4045.0,58.312,55.187,58.312,55.312,1300500000,0
2026-08-30T22:06:00,4050.1,58.312,55.062,58.312,55.281,1300500000,0
2026-08-30T22:06:05,4055.1,58.375,55.281,58.375,55.343,1300500000,0
2026-08-30T22:06:10,4060.1,58.125,55.25,58.125,55.5,1300500000,0
2026-08-30T22:06:15,4065.1,58.375,55.093,58.375,55.375,1300500000,0
2026-08-30T22:06:20,4070.1,58.187,55.093,58.187,55.406,1300500000,0
2026-08-30T22:06:25,4075.1,58.187,54.968,58.187,55.156,1300500000,0
2026-08-30T22:06:30,4080.1,58.093,55.437,58.093,55.406,1300500000,0
2026-08-30T22:06:35,4085.1,58.281,55.218,58.281,55.343,1300500000,0
2026-08-30T22:06:40,4090.1,59.406,55.093,59.406,55.375,1300500000,0
2026-08-30T22:06:45,4095.1,59.343,55.031,59.343,55.406,1300500000,0
2026-08-30T22:06:50,4100.1,59.531,55.406,59.531,55.375,1300500000,0
2026-08-30T22:06:55,4105.1,59.468,55.125,59.468,55.562,1300500000,0
2026-08-30T22:07:00,4110.1,59.5,55.125,59.5,55.468,1300500000,0
2026-08-30T22:07:05,4115.1,59.343,55.093,59.343,55.531,1300500000,0
2026-08-30T22:07:10,4120.1,59.468,55.593,59.468,55.5,1300500000,0
2026-08-30T22:07:15,4125.1,59.468,55.312,59.468,55.437,1300500000,0
2026-08-30T22:07:20,4130.2,59.656,55.25,59.656,55.5,1300500000,0
2026-08-30T22:07:25,4135.2,58.843,55.343,58.843,55.562,1300500000,0
2026-08-30T22:07:30,4140.2,58.593,55.562,58.593,55.781,1300500000,0
2026-08-30T22:07:35,4145.2,58.531,55.5,58.531,55.5,1300500000,0
2026-08-30T22:07:40,4150.2,58.531,55.375,58.531,55.656,1300500000,0
2026-08-30T22:07:45,4155.2,58.656,55.406,58.656,55.625,1300500000,0
2026-08-30T22:07:50,4160.2,58.593,55.687,58.593,55.687,1300500000,0
2026-08-30T22:07:55,4165.2,58.843,55.656,58.843,55.593,1300500000,0
2026-08-30T22:08:00,4170.2,58.562,55.5,58.562,55.718,1300500000,0
2026-08-30T22:08:05,4175.2,58.625,55.406,58.625,55.687,1300500000,0
2026-08-30T22:08:10,4180.2,58.687,55.531,58.687,55.687,1300500000,0
2026-08-30T22:08:15,4185.2,58.656,55.656,58.656,55.843,1300500000,0
2026-08-30T22:08:20,4190.2,58.906,55.625,58.906,55.75,1300500000,0
2026-08-30T22:08:25,4195.2,59.718,55.531,59.718,55.875,1300500000,0
2026-08-30T22:08:30,4200.2,60.093,55.437,60.093,55.843,1300500000,0
2026-08-30T22:08:35,4205.2,59.968,55.812,59.968,55.875,1300500000,0
2026-08-30T22:08:40,4210.3,59.812,55.687,59.812,55.875,1300500000,0
2026-08-30T22:08:45,4215.3,58.812,55.906,58.812,55.906,1300500000,0
2026-08-30T22:08:50,4220.3,59.031,55.781,59.031,56.062,1300500000,0
2026-08-30T22:08:55,4225.3,59.0,55.781,59.0,55.875,1300500000,0
2026-08-30T22:09:00,4230.3,58.937,55.718,58.937,56.156,1300500000,0
2026-08-30T22:09:05,4235.3,59.218,56.062,59.218,56.031,1300500000,0
2026-08-30T22:09:10,4240.3,59.031,55.968,59.031,56.156,1300500000,0
2026-08-30T22:09:15,4245.3,58.968,55.968,58.968,56.125,1300500000,0
2026-08-30T22:09:20,4250.3,58.906,55.906,58.906,56.312,1300500000,0
2026-08-30T22:09:25,4255.3,58.968,55.937,58.968,56.125,1300500000,0
2026-08-30T22:09:30,4260.3,58.843,56.0,58.843,56.312,1300500000,0
2026-08-30T22:09:35,4265.3,59.031,56.187,59.031,56.156,1300500000,0
2026-08-30T22:09:40,4270.3,59.062,56.031,59.062,56.343,1300500000,0
2026-08-30T22:09:45,4275.3,59.343,56.156,59.343,56.281,1300500000,0
2026-08-30T22:09:50,4280.3,59.031,56.25,59.031,56.375,1300500000,0
2026-08-30T22:09:55,4285.3,58.906,56.062,58.906,56.343,1300500000,0
2026-08-30T22:10:00,4290.4,59.156,56.375,59.156,56.531,1300500000,0
2026-08-30T22:10:05,4295.4,59.281,56.125,59.281,56.375,1300500000,0
2026-08-30T22:10:10,4300.4,59.218,56.218,59.218,56.562,1300500000,0
2026-08-30T22:10:16,4305.4,59.437,56.531,59.437,56.406,1300500000,0
2026-08-30T22:10:21,4310.4,59.406,56.843,59.406,56.593,1300500000,0
2026-08-30T22:10:26,4315.4,59.25,56.625,59.25,56.468,1300500000,0
2026-08-30T22:10:31,4320.4,59.375,56.562,59.375,56.687,1300500000,0
2026-08-30T22:10:36,4325.4,59.562,56.5,59.562,56.625,1300500000,0
2026-08-30T22:10:41,4330.4,59.375,56.593,59.375,56.781,1300500000,0
2026-08-30T22:10:46,4335.4,59.562,56.593,59.562,56.656,1300500000,0
2026-08-30T22:10:51,4340.4,59.375,57.0,59.375,56.812,1300500000,0
2026-08-30T22:10:56,4345.4,59.812,56.781,59.812,56.75,1300500000,0
2026-08-30T22:11:01,4350.4,59.687,56.625,59.687,56.812,1300500000,0
2026-08-30T22:11:06,4355.4,59.812,56.937,59.812,56.843,1300500000,0
2026-08-30T22:11:11,4360.4,59.718,56.812,59.718,56.843,1300500000,0
2026-08-30T22:11:16,4365.4,59.656,56.937,59.656,56.843,1300500000,0
2026-08-30T22:11:21,4370.5,59.625,56.968,59.625,57.031,1300500000,0
2026-08-30T22:11:26,4375.5,59.812,56.906,59.812,56.906,1300500000,0
2026-08-30T22:11:31,4380.5,59.687,57.031,59.687,57.218,1300500000,0
2026-08-30T22:11:36,4385.5,59.781,56.968,59.781,57.0,1300500000,0
2026-08-30T22:11:41,4390.5,59.812,57.281,59.812,57.093,1300500000,0
2026-08-30T22:11:46,4395.5,59.781,57.187,59.781,57.062,1300500000,0
2026-08-30T22:11:51,4400.5,59.843,57.031,59.843,57.281,1300500000,0
2026-08-30T22:11:56,4405.5,59.906,57.312,59.906,57.187,1300500000,0
2026-08-30T22:12:01,4410.5,60.031,57.156,60.031,57.312,1300500000,0
2026-08-30T22:12:06,4415.5,60.343,57.093,60.343,57.218,1300500000,0
2026-08-30T22:12:11,4420.5,60.218,57.437,60.218,57.375,1300500000,0
2026-08-30T22:12:16,4425.5,60.187,57.375,60.187,57.312,1300500000,0
2026-08-30T22:12:21,4430.5,60.218,57.593,60.218,57.406,1300500000,0
2026-08-30T22:12:26,4435.5,60.406,57.437,60.406,57.437,1300500000,0
2026-08-30T22:12:31,4440.5,60.281,57.5,60.281,57.5,1300500000,0
2026-08-30T22:12:36,4445.5,60.781,57.593,60.781,57.468,1300500000,0
2026-08-30T22:12:41,4450.6,60.593,57.562,60.593,57.656,1300500000,0
2026-08-30T22:12:46,4455.6,60.593,57.375,60.593,57.5,1300500000,0
2026-08-30T22:12:51,4460.6,60.718,57.875,60.718,57.625,1300500000,0
2026-08-30T22:12:56,4465.6,60.781,57.625,60.781,57.562,1300500000,0
2026-08-30T22:13:01,4470.6,60.687,57.875,60.687,57.687,1300500000,0
2026-08-30T22:13:06,4475.6,60.906,57.812,60.906,57.656,1300500000,0
2026-08-30T22:13:11,4480.6,60.718,57.687,60.718,57.562,1300500000,0
2026-08-30T22:13:16,4485.6,60.968,57.75,60.968,57.531,1300500000,0
2026-08-30T22:13:21,4490.6,60.812,57.625,60.812,57.718,1300500000,0
2026-08-30T22:13:26,4495.6,60.687,57.75,60.562,57.656,1300500000,0
2026-08-30T22:13:31,4500.6,60.562,57.968,60.562,57.718,1300500000,0
2026-08-30T22:13:36,4505.6,61.0,57.875,61.0,57.718,1300500000,0
2026-08-30T22:13:41,4510.6,60.437,57.781,60.437,57.812,1300500000,0
2026-08-30T22:13:46,4515.6,60.593,57.875,60.593,57.625,1300500000,0
2026-08-30T22:13:51,4520.6,60.562,57.843,60.562,57.812,1300500000,0
2026-08-30T22:13:56,4525.6,60.468,57.906,60.468,57.781,1300500000,0
2026-08-30T22:14:01,4530.7,61.593,58.031,61.593,57.812,1300500000,0
2026-08-30T22:14:06,4535.7,61.687,58.0,61.687,57.781,1300500000,0
2026-08-30T22:14:11,4540.7,61.625,58.156,61.625,57.843,1300500000,0
2026-08-30T22:14:16,4545.7,61.75,58.062,61.75,57.843,1300500000,0
2026-08-30T22:14:21,4550.7,61.375,58.0,61.375,57.875,1300500000,0
2026-08-30T22:14:26,4555.7,62.031,58.0,62.031,57.843,1300500000,0
2026-08-30T22:14:31,4560.7,60.781,58.062,60.781,57.968,1300500000,0
2026-08-30T22:14:36,4565.7,60.812,58.0,60.812,57.875,1300500000,0
2026-08-30T22:14:41,4570.7,60.75,58.343,60.75,58.0,1300500000,0
2026-08-30T22:14:46,4575.7,60.906,58.0,60.906,57.937,1300500000,0
2026-08-30T22:14:51,4580.7,60.875,58.312,60.875,58.062,1300500000,0
2026-08-30T22:14:56,4585.7,61.0,58.375,61.0,58.093,1300500000,0
2026-08-30T22:15:01,4590.7,60.906,58.218,60.906,58.062,1300500000,0
2026-08-30T22:15:06,4595.7,60.937,58.125,60.937,58.0,1300500000,0
2026-08-30T22:15:11,4600.7,61.0,58.218,61.0,58.218,1300500000,0
2026-08-30T22:15:16,4605.7,61.062,58.312,61.062,58.156,1300500000,0
2026-08-30T22:15:21,4610.7,61.0,58.593,61.0,58.187,1300500000,0
2026-08-30T22:15:26,4615.8,61.156,58.406,61.156,58.125,1300500000,0
2026-08-30T22:15:31,4620.8,61.281,58.406,61.062,58.281,1300500000,0
2026-08-30T22:15:36,4625.8,61.125,58.531,61.125,58.281,1300500000,0
2026-08-30T22:15:41,4630.8,61.437,58.593,61.437,58.312,1300500000,0
2026-08-30T22:15:46,4635.8,61.25,58.5,61.25,58.437,1300500000,0
2026-08-30T22:15:51,4640.8,61.125,58.687,61.125,58.312,1300500000,0
2026-08-30T22:15:56,4645.8,61.281,58.562,61.281,58.531,1300500000,0
2026-08-30T22:16:01,4650.8,61.343,58.937,61.343,58.406,1300500000,0
2026-08-30T22:16:06,4655.8,61.25,58.875,61.25,58.562,1300500000,0
2026-08-30T22:16:11,4660.8,61.468,58.5,61.468,58.468,1300500000,0
2026-08-30T22:16:16,4665.8,61.343,58.781,61.343,58.656,1300500000,0
2026-08-30T22:16:21,4670.8,61.406,58.843,61.406,58.5,1300500000,0
2026-08-30T22:16:26,4675.8,62.406,58.687,62.406,58.437,1300500000,0
2026-08-30T22:16:31,4680.8,62.156,59.062,62.156,58.593,1300500000,0
2026-08-30T22:16:36,4685.8,62.5,58.687,62.5,58.593,1300500000,0
2026-08-30T22:16:41,4690.8,62.562,59.062,62.562,58.562,1300500000,0
2026-08-30T22:16:46,4695.9,62.468,59.0,62.468,58.625,1300500000,0
2026-08-30T22:16:51,4700.9,62.718,58.937,62.718,58.656,1300500000,0
2026-08-30T22:16:56,4705.9,61.875,58.937,61.875,58.875,1300500000,0
2026-08-30T22:17:01,4710.9,61.937,58.937,61.937,58.625,1300500000,0
2026-08-30T22:17:06,4715.9,62.093,58.968,62.093,58.906,1300500000,0
2026-08-30T22:17:11,4720.9,62.0,59.375,62.0,58.875,1300500000,0
2026-08-30T22:17:16,4725.9,62.25,58.968,62.25,58.781,1300500000,0
2026-08-30T22:17:21,4730.9,62.25,59.281,62.25,58.781,1300500000,0
2026-08-30T22:17:26,4735.9,62.156,59.25,62.156,58.875,1300500000,0
2026-08-30T22:17:31,4740.9,62.031,59.406,62.031,59.0,1300500000,0
2026-08-30T22:17:36,4745.9,62.25,59.187,62.25,58.937,1300500000,0
2026-08-30T22:17:41,4750.9,62.125,59.25,62.125,59.031,1300500000,0
2026-08-30T22:17:46,4755.9,62.375,59.156,62.375,59.0,1300500000,0
2026-08-30T22:17:51,4760.9,62.25,59.312,62.25,59.0,1300500000,0
2026-08-30T22:17:56,4765.9,62.5,59.312,62.5,59.062,1300500000,0
2026-08-30T22:18:01,4771.0,62.562,59.75,62.343,59.062,1300500000,0
2026-08-30T22:18:06,4776.0,62.437,59.312,62.437,59.156,1300500000,0
2026-08-30T22:18:11,4781.0,62.437,59.781,62.437,59.218,1300500000,0
2026-08-30T22:18:16,4786.0,62.468,59.656,62.468,59.156,1300500000,0
2026-08-30T22:18:21,4791.0,62.5,59.625,62.5,59.406,1300500000,0
2026-08-30T22:18:26,4796.0,62.718,59.718,62.718,59.25,1300500000,0
2026-08-30T22:18:31,4801.0,62.625,59.593,62.625,59.375,1300500000,0
2026-08-30T22:18:36,4806.0,62.593,59.687,62.906,59.375,1300500000,0
2026-08-30T22:18:41,4811.0,62.562,59.937,62.562,59.437,1300500000,0
2026-08-30T22:18:46,4816.0,62.687,60.125,62.687,59.343,1300500000,0
2026-08-30T22:18:51,4821.0,63.218,59.906,63.218,59.406,1300500000,0
2026-08-30T22:18:56,4826.0,63.281,59.875,63.281,59.468,1300500000,0
2026-08-30T22:19:01,4831.0,63.218,59.906,63.218,59.562,1300500000,0
2026-08-30T22:19:06,4836.0,63.312,59.812,63.312,59.5,1300500000,0
2026-08-30T22:19:11,4841.0,63.218,59.843,63.218,59.437,1300500000,0
2026-08-30T22:19:16,4846.0,62.312,60.062,62.312,59.5,1300500000,0
2026-08-30T22:19:21,4851.1,62.25,59.968,62.25,59.593,1300500000,0
2026-08-30T22:19:26,4856.1,62.312,59.906,62.312,59.562,1300500000,0
2026-08-30T22:19:31,4861.1,62.375,60.0,62.375,59.656,1300500000,0
2026-08-30T22:19:36,4866.1,62.5,59.968,62.5,59.468,1300500000,0
2026-08-30T22:19:41,4871.1,62.562,59.875,62.562,59.593,1300500000,0
2026-08-30T22:19:46,4876.1,62.437,60.406,62.437,59.718,1300500000,0
2026-08-30T22:19:51,4881.1,62.781,60.187,62.781,59.656,1300500000,0
2026-08-30T22:19:56,4886.1,62.5,60.031,62.5,59.75,1300500000,0
2026-08-30T22:20:01,4891.1,62.593,59.937,62.437,59.593,1300500000,0
2026-08-30T22:20:06,4896.1,62.468,60.031,62.468,59.718,1300500000,0
2026-08-30T22:20:11,4901.1,62.593,60.0,62.593,59.656,1300500000,0
2026-08-30T22:20:16,4906.1,62.562,60.468,62.562,59.812,1300500000,0
2026-08-30T22:20:21,4911.1,62.718,60.062,62.718,59.75,1300500000,0
2026-08-30T22:20:26,4916.1,62.625,60.406,62.625,59.843,1300500000,0
2026-08-30T22:20:31,4921.1,62.5,60.281,62.5,59.687,1300500000,0
2026-08-30T22:20:36,4926.1,62.593,60.343,62.718,59.875,1300500000,0
2026-08-30T22:20:41,4931.2,62.156,59.0,62.156,59.343,1300500000,0
2026-08-30T22:20:46,4936.2,61.843,59.156,61.843,59.312,1300500000,0
2026-08-30T22:20:51,4941.2,61.906,58.562,61.906,59.125,1300500000,0
2026-08-30T22:20:56,4946.2,62.5,58.875,62.5,59.031,1300500000,0
2026-08-30T22:21:01,4951.2,62.906,58.531,62.906,58.781,1300500000,0
2026-08-30T22:21:06,4956.2,62.437,58.343,62.437,58.812,1300500000,0
2026-08-30T22:21:11,4961.2,62.531,58.062,62.531,58.718,1300500000,0
2026-08-30T22:21:16,4966.2,62.281,58.218,62.281,58.718,1300500000,0
2026-08-30T22:21:21,4971.2,62.312,57.968,62.312,58.437,1300500000,0
2026-08-30T22:21:26,4976.2,62.062,58.281,62.062,58.375,1300500000,0
2026-08-30T22:21:31,4981.2,62.281,58.031,62.281,58.312,1300500000,0
2026-08-30T22:21:36,4986.2,62.312,57.937,62.312,58.312,1300500000,0
2026-08-30T22:21:41,4991.2,62.125,58.0,62.125,58.281,1300500000,0
2026-08-30T22:21:46,4996.2,62.031,57.781,62.031,58.281,1300500000,0
2026-08-30T22:21:51,5001.2,62.031,57.687,62.031,58.031,1300500000,0
2026-08-30T22:21:56,5006.2,61.812,58.0,61.812,58.093,1300500000,0
2026-08-30T22:22:01,5011.3,61.5,57.812,61.812,57.968,1300500000,0
2026-08-30T22:22:06,5016.3,62.062,57.968,62.062,58.062,1300500000,0
2026-08-30T22:22:11,5021.3,61.687,57.593,61.687,58.156,1300500000,0
2026-08-30T22:22:16,5026.3,60.656,57.531,60.656,58.0,1300500000,0
2026-08-30T22:22:21,5031.3,61.718,57.25,61.718,58.0,1300500000,0
2026-08-30T22:22:26,5036.3,61.718,57.531,61.718,57.781,1300500000,0
2026-08-30T22:22:31,5041.3,61.5,57.281,61.5,57.781,1300500000,0
2026-08-30T22:22:36,5046.3,61.562,57.093,61.562,57.687,1300500000,0
2026-08-30T22:22:41,5051.3,61.375,57.031,61.375,57.625,1300500000,0
2026-08-30T22:22:46,5056.3,61.406,57.437,61.406,57.531,1300500000,0
2026-08-30T22:22:51,5061.3,61.25,57.25,61.25,57.531,1300500000,0
2026-08-30T22:22:56,5066.3,61.406,57.125,61.406,57.656,1300500000,0
2026-08-30T22:23:01,5071.3,61.375,57.031,61.375,57.468,1300500000,0
2026-08-30T22:23:06,5076.3,61.531,57.375,61.531,57.593,1300500000,0
2026-08-30T22:23:11,5081.3,61.406,57.281,61.406,57.468,1300500000,0
2026-08-30T22:23:16,5086.3,61.218,57.093,61.218,57.531,1300500000,0
2026-08-30T22:23:21,5091.4,61.343,57.0,61.343,57.468,1300500000,0
2026-08-30T22:23:26,5096.4,61.187,57.031,61.187,57.437,1300500000,0
2026-08-30T22:23:32,5101.4,61.312,57.187,61.312,57.375,1300500000,0
2026-08-30T22:23:37,5106.4,61.25,57.093,61.25,57.437,1300500000,0
2026-08-30T22:23:42,5111.4,61.281,57.031,61.281,57.625,1300500000,0
2026-08-30T22:23:47,5116.4,61.437,57.0,61.437,57.375,1300500000,0
2026-08-30T22:23:52,5121.4,61.218,57.187,61.218,57.406,1300500000,0
2026-08-30T22:23:57,5126.4,61.593,57.031,61.593,57.437,1300500000,0
2026-08-30T22:24:02,5131.4,61.281,57.187,61.281,57.531,1300500000,0
2026-08-30T22:24:07,5136.4,61.281,57.062,61.281,57.406,1300500000,0
2026-08-30T22:24:12,5141.4,61.218,57.125,61.218,57.531,1300500000,0
2026-08-30T22:24:17,5146.4,61.375,57.125,61.375,57.312,1300500000,0
2026-08-30T22:24:22,5151.4,61.281,57.281,61.281,57.468,1300500000,0
2026-08-30T22:24:27,5156.4,61.187,57.0,61.468,57.406,1300500000,0
2026-08-30T22:24:32,5161.4,61.093,57.312,61.093,57.406,1300500000,0
2026-08-30T22:24:37,5166.4,60.906,57.062,60.906,57.406,1300500000,0
2026-08-30T22:24:42,5171.5,61.281,57.187,61.281,57.468,1300500000,0
2026-08-30T22:24:47,5176.5,61.312,57.031,61.312,57.625,1300500000,0
2026-08-30T22:24:52,5181.5,61.187,57.093,61.187,57.406,1300500000,0
2026-08-30T22:24:57,5186.5,61.281,57.031,61.5,57.625,1300500000,0
2026-08-30T22:25:02,5191.5,61.468,57.437,61.468,57.468,1300500000,0
2026-08-30T22:25:07,5196.5,61.312,57.25,61.312,57.437,1300500000,0
2026-08-30T22:25:12,5201.5,61.156,57.406,61.156,57.406,1300500000,0
2026-08-30T22:25:17,5206.5,61.312,57.25,61.312,57.375,1300500000,0
2026-08-30T22:25:22,5211.5,61.281,57.218,61.281,57.468,1300500000,0
2026-08-30T22:25:27,5216.5,61.406,57.187,61.406,57.343,1300500000,0
2026-08-30T22:25:32,5221.5,61.593,57.375,61.593,57.531,1300500000,0
2026-08-30T22:25:37,5226.5,61.343,57.718,61.343,57.5,1300500000,0
2026-08-30T22:25:42,5231.5,61.5,57.5,61.5,57.531,1300500000,0
2026-08-30T22:25:47,5236.5,61.218,57.25,61.218,57.718,1300500000,0
2026-08-30T22:25:52,5241.5,61.343,57.625,61.343,57.531,1300500000,0
2026-08-30T22:25:57,5246.6,61.406,57.437,61.406,57.75,1300500000,0
2026-08-30T22:26:02,5251.6,61.437,57.25,61.437,57.687,1300500000,0
2026-08-30T22:26:07,5256.6,61.468,57.656,61.468,57.656,1300500000,0
2026-08-30T22:26:12,5261.6,61.625,57.562,61.625,57.531,1300500000,0
2026-08-30T22:26:17,5266.6,61.468,57.75,61.468,57.75,1300500000,0
2026-08-30T22:26:22,5271.6,61.343,57.5,61.343,57.656,1300500000,0
2026-08-30T22:26:27,5276.6,61.406,57.5,61.406,57.593,1300500000,0
2026-08-30T22:26:32,5281.6,61.468,57.375,61.468,57.687,1300500000,0
2026-08-30T22:26:37,5286.6,61.437,57.562,61.437,57.718,1300500000,0
2026-08-30T22:26:42,5291.6,61.625,57.5,61.625,57.718,1300500000,0
2026-08-30T22:26:47,5296.6,61.406,57.75,61.406,57.687,1300500000,0
2026-08-30T22:26:52,5301.6,61.781,57.656,61.781,57.656,1300500000,0
2026-08-30T22:26:57,5306.6,61.0,57.531,61.0,57.812,1300500000,0
2026-08-30T22:27:02,5311.6,61.062,57.687,61.062,57.75,1300500000,0
2026-08-30T22:27:07,5316.6,61.187,57.656,61.187,57.843,1300500000,0
2026-08-30T22:27:12,5321.6,61.156,57.562,61.156,57.718,1300500000,0
2026-08-30T22:27:17,5326.7,60.875,57.906,60.875,57.968,1300500000,0
2026-08-30T22:27:22,5331.7,61.218,57.593,61.218,57.718,1300500000,0
2026-08-30T22:27:27,5336.7,60.937,58.0,60.937,57.843,1300500000,0
2026-08-30T22:27:32,5341.7,60.968,57.843,60.968,57.875,1300500000,0
2026-08-30T22:27:37,5346.7,61.093,57.843,61.093,57.906,1300500000,0
2026-08-30T22:27:42,5351.7,61.156,57.718,61.156,57.812,1300500000,0
2026-08-30T22:27:47,5356.7,61.093,58.031,61.093,57.875,1300500000,0
2026-08-30T22:27:52,5361.7,61.25,57.843,61.25,57.843,1300500000,0
2026-08-30T22:27:57,5366.7,61.156,58.031,61.156,57.937,1300500000,0
2026-08-30T22:28:02,5371.7,61.375,58.031,61.375,58.0,1300500000,0
2026-08-30T22:28:07,5376.7,61.156,58.0,61.156,58.031,1300500000,0
2026-08-30T22:28:12,5381.7,61.25,58.093,61.25,57.937,1300500000,0
2026-08-30T22:28:17,5386.7,61.187,58.0,61.187,58.062,1300500000,0
2026-08-30T22:28:22,5391.7,61.375,57.906,61.375,58.093,1300500000,0
2026-08-30T22:28:27,5396.7,61.156,58.187,61.156,58.062,1300500000,0
2026-08-30T22:28:32,5401.7,60.906,58.125,61.093,57.968,1300500000,0
2026-08-30T22:28:37,5406.7,61.156,58.125,61.156,58.093,1300500000,0
2026-08-30T22:28:42,5411.8,60.968,58.25,60.968,58.218,1300500000,0
2026-08-30T22:28:47,5416.8,60.906,58.125,60.906,58.218,1300500000,0
2026-08-30T22:28:52,5421.8,61.031,58.031,61.031,58.125,1300500000,0
2026-08-30T22:28:57,5426.8,60.906,58.281,60.906,58.25,1300500000,0
2026-08-30T22:29:02,5431.8,61.062,58.375,61.218,58.125,1300500000,0
2026-08-30T22:29:07,5436.8,61.281,58.562,61.281,58.281,1300500000,0
2026-08-30T22:29:12,5441.8,61.093,58.25,61.093,58.156,1300500000,0
2026-08-30T22:29:17,5446.8,61.062,58.25,61.062,58.281,1300500000,0
2026-08-30T22:29:22,5451.8,61.156,58.25,61.156,58.25,1300500000,0
2026-08-30T22:29:27,5456.8,61.156,58.343,61.156,58.375,1300500000,0
2026-08-30T22:29:32,5461.8,61.093,58.25,61.093,58.25,1300500000,0
2026-08-30T22:29:37,5466.8,61.281,58.687,61.281,58.312,1300500000,0
2026-08-30T22:29:42,5471.8,61.031,58.468,61.031,58.562,1300500000,0
2026-08-30T22:29:47,5476.8,62.406,58.468,62.406,58.406,1300500000,0
2026-08-30T22:29:52,5481.8,62.187,58.593,62.187,58.562,1300500000,0
2026-08-30T22:29:57,5486.9,61.968,58.437,61.968,58.531,1300500000,0
2026-08-30T22:30:02,5491.9,62.343,58.468,62.343,58.562,1300500000,0
2026-08-30T22:30:07,5496.9,62.5,58.812,62.5,58.468,1300500000,0
2026-08-30T22:30:12,5501.9,62.312,58.625,62.312,58.75,1300500000,0
2026-08-30T22:30:17,5506.9,62.5,58.781,62.5,58.531,1300500000,0
2026-08-30T22:30:22,5511.9,62.375,58.687,62.375,58.75,1300500000,0
2026-08-30T22:30:27,5516.9,62.25,58.687,62.25,58.656,1300500000,0
2026-08-30T22:30:32,5521.9,62.437,58.718,62.437,58.687,1300500000,0
2026-08-30T22:30:37,5526.9,62.5,58.718,62.375,58.687,1300500000,0
2026-08-30T22:30:42,5531.9,62.468,58.812,62.468,58.843,1300500000,0
2026-08-30T22:30:47,5536.9,62.593,59.156,62.593,58.781,1300500000,0
2026-08-30T22:30:52,5541.9,62.437,58.968,62.437,58.843,1300500000,0
2026-08-30T22:30:57,5546.9,62.687,58.812,62.687,58.718,1300500000,0
2026-08-30T22:31:02,5551.9,62.25,59.093,62.25,58.906,1300500000,0
2026-08-30T22:31:07,5556.9,62.593,58.937,62.593,58.781,1300500000,0
2026-08-30T22:31:12,5561.9,62.625,59.0,62.625,58.906,1300500000,0
2026-08-30T22:31:17,5567.0,62.812,59.312,62.812,58.781,1300500000,0
2026-08-30T22:31:22,5572.0,62.593,59.125,62.593,59.031,1300500000,0
2026-08-30T22:31:27,5577.0,62.906,59.375,62.906,58.875,1300500000,0
2026-08-30T22:31:32,5582.0,62.718,59.187,62.718,59.031,1300500000,0
2026-08-30T22:31:37,5587.0,62.75,59.125,62.75,59.0,1300500000,0
2026-08-30T22:31:42,5592.0,62.75,59.093,62.75,59.062,1300500000,0
2026-08-30T22:31:47,5597.0,62.937,59.562,62.937,59.062,1300500000,0
2026-08-30T22:31:52,5602.0,62.906,59.25,62.906,59.156,1300500000,0
2026-08-30T22:31:57,5607.0,63.062,59.593,63.062,59.062,1300500000,0
2026-08-30T22:32:02,5612.0,62.906,59.375,62.906,59.156,1300500000,0
2026-08-30T22:32:07,5617.0,62.937,59.343,62.937,59.125,1300500000,0
2026-08-30T22:32:12,5622.0,62.906,59.281,62.906,59.218,1300500000,0
2026-08-30T22:32:17,5627.0,62.968,59.312,62.968,59.125,1300500000,0
2026-08-30T22:32:22,5632.0,62.656,59.343,62.656,59.312,1300500000,0
2026-08-30T22:32:27,5637.0,63.156,59.781,63.156,59.406,1300500000,0
2026-08-30T22:32:32,5642.0,63.093,59.687,63.093,59.25,1300500000,0
2026-08-30T22:32:37,5647.1,63.062,59.718,63.062,59.531,1300500000,0
2026-08-30T22:32:42,5652.1,63.343,59.656,63.343,59.437,1300500000,0
2026-08-30T22:32:47,5657.1,63.218,59.593,63.218,59.625,1300500000,0
2026-08-30T22:32:52,5662.1,63.062,59.656,63.062,59.406,1300500000,0
2026-08-30T22:32:57,5667.1,63.218,59.656,63.218,59.437,1300500000,0
2026-08-30T22:33:02,5672.1,63.218,59.718,63.218,59.593,1300500000,0
2026-08-30T22:33:07,5677.1,63.218,60.0,63.218,59.562,1300500000,0
2026-08-30T22:33:12,5682.1,63.5,59.75,63.5,59.562,1300500000,0
2026-08-30T22:33:17,5687.1,63.312,59.812,63.312,59.625,1300500000,0
2026-08-30T22:33:22,5692.1,63.562,59.687,63.562,59.5,1300500000,0
2026-08-30T22:33:27,5697.1,63.312,60.0,63.312,59.531,1300500000,0
2026-08-30T22:33:32,5702.1,63.156,59.593,63.156,59.531,1300500000,0
2026-08-30T22:33:37,5707.1,63.218,60.031,63.218,59.625,1300500000,0
2026-08-30T22:33:42,5712.1,63.343,59.906,63.343,59.531,1300500000,0
2026-08-30T22:33:47,5717.1,63.156,59.843,63.156,59.562,1300500000,0
2026-08-30T22:33:52,5722.1,63.593,59.906,63.593,59.343,1300500000,0
2026-08-30T22:33:57,5727.2,63.281,59.875,63.281,59.656,1300500000,0
2026-08-30T22:34:02,5732.2,63.281,59.781,63.281,59.531,1300500000,0
2026-08-30T22:34:07,5737.2,63.218,59.968,63.218,59.625,1300500000,0
2026-08-30T22:34:12,5742.2,63.5,60.093,63.5,59.562,1300500000,0
2026-08-30T22:34:17,5747.2,63.312,60.0,63.312,59.687,1300500000,0
2026-08-30T22:34:22,5752.2,63.5,59.968,63.5,59.625,1300500000,0
2026-08-30T22:34:27,5757.2,63.375,59.937,63.375,59.718,1300500000,0
2026-08-30T22:34:32,5762.2,63.125,59.937,63.125,59.656,1300500000,0
2026-08-30T22:34:37,5767.2,63.375,60.312,63.375,59.718,1300500000,0
2026-08-30T22:34:42,5772.2,63.5,60.0,63.5,59.656,1300500000,0
2026-08-30T22:34:47,5777.2,63.468,60.187,63.468,59.812,1300500000,0
2026-08-30T22:34:52,5782.2,63.593,60.187,63.593,59.562,1300500000,0
2026-08-30T22:34:57,5787.2,63.687,59.937,63.687,59.75,1300500000,0
2026-08-30T22:35:02,5792.2,63.468,59.968,63.468,59.718,1300500000,0
2026-08-30T22:35:07,5797.2,63.875,60.187,63.875,59.843,1300500000,0
2026-08-30T22:35:12,5802.2,63.593,60.093,63.593,59.906,1300500000,0
2026-08-30T22:35:17,5807.2,63.468,60.625,63.468,59.937,1300500000,0
2026-08-30T22:35:22,5812.3,63.687,60.343,63.687,59.937,1300500000,0
2026-08-30T22:35:27,5817.3,63.625,60.093,63.625,59.843,1300500000,0
2026-08-30T22:35:32,5822.3,63.437,60.281,63.437,59.906,1300500000,0
2026-08-30T22:35:37,5827.3,63.781,60.125,63.781,60.031,1300500000,0
2026-08-30T22:35:42,5832.3,63.75,60.312,63.75,60.031,1300500000,0
2026-08-30T22:35:47,5837.3,63.625,60.687,63.625,59.968,1300500000,0
2026-08-30T22:35:52,5842.3,63.718,60.375,63.718,59.968,1300500000,0
2026-08-30T22:35:57,5847.3,63.718,60.406,63.656,59.968,1300500000,0
2026-08-30T22:36:02,5852.3,63.75,60.406,63.75,60.187,1300500000,0
2026-08-30T22:36:07,5857.3,63.843,60.437,63.843,60.0,1300500000,0
2026-08-30T22:36:12,5862.3,63.718,60.437,63.718,60.093,1300500000,0
2026-08-30T22:36:17,5867.3,64.093,60.687,64.093,59.968,1300500000,0
2026-08-30T22:36:22,5872.3,63.875,60.468,63.875,60.218,1300500000,0
2026-08-30T22:36:27,5877.3,63.968,60.406,63.968,60.093,1300500000,0
2026-08-30T22:36:32,5882.3,63.875,60.375,63.875,60.187,1300500000,0
2026-08-30T22:36:37,5887.3,64.0,60.562,64.0,60.156,1300500000,0
2026-08-30T22:36:42,5892.4,63.906,60.625,63.906,60.25,1300500000,0
2026-08-30T22:36:47,5897.4,64.093,60.906,64.093,60.25,1300500000,0
2026-08-30T22:36:52,5902.4,63.562,59.312,63.562,59.875,1300500000,0
2026-08-30T22:36:58,5907.4,63.468,61.562,63.468,60.343,1300500000,0
2026-08-30T22:37:03,5912.4,63.218,59.156,63.218,59.75,1300500000,0
2026-08-30T22:37:08,5917.4,63.093,58.843,63.093,59.343,1300500000,0
2026-08-30T22:37:13,5922.4,62.843,58.812,62.843,59.312,1300500000,0
2026-08-30T22:37:18,5927.4,63.093,58.812,63.093,59.281,1300500000,0
2026-08-30T22:37:23,5932.4,62.968,58.531,62.968,59.218,1300500000,0
2026-08-30T22:37:28,5937.4,62.875,58.812,62.875,58.937,1300500000,0
2026-08-30T22:37:33,5942.4,62.718,58.5,62.718,59.062,1300500000,0
2026-08-30T22:37:38,5947.4,62.718,58.625,62.718,58.875,1300500000,0
2026-08-30T22:37:43,5952.4,62.531,58.343,62.531,58.875,1300500000,0
2026-08-30T22:37:48,5957.4,62.562,58.25,62.562,58.781,1300500000,0
2026-08-30T22:37:53,5962.4,62.343,58.125,62.343,58.781,1300500000,0
2026-08-30T22:37:58,5967.4,61.562,58.437,61.562,58.531,1300500000,0
2026-08-30T22:38:03,5972.5,61.468,58.062,61.468,58.687,1300500000,0
2026-08-30T22:38:08,5977.5,61.25,58.343,61.25,58.5,1300500000,0
2026-08-30T22:38:13,5982.5,61.093,58.125,61.093,58.5,1300500000,0
2026-08-30T22:38:18,5987.5,61.218,58.031,61.218,58.406,1300500000,0
2026-08-30T22:38:23,5992.5,60.968,58.093,60.968,58.437,1300500000,0
2026-08-30T22:38:28,5997.5,61.156,58.0,61.156,58.281,1300500000,0
2026-08-30T22:38:33,6002.5,61.218,57.906,61.218,58.281,1300500000,0
2026-08-30T22:38:38,6007.5,60.968,58.0,60.968,58.25,1300500000,0
2026-08-30T22:38:43,6012.5,60.781,57.875,60.781,58.25,1300500000,0
2026-08-30T22:38:48,6017.5,60.906,57.937,60.906,58.125,1300500000,0
2026-08-30T22:38:53,6022.5,60.781,57.843,60.781,58.156,1300500000,0
2026-08-30T22:38:58,6027.5,60.656,57.75,60.656,58.281,1300500000,0
2026-08-30T22:39:03,6032.5,60.875,57.718,60.875,58.093,1300500000,0
2026-08-30T22:39:08,6037.5,60.718,57.937,60.718,58.156,1300500000,0
2026-08-30T22:39:13,6042.5,61.0,57.75,61.0,57.968,1300500000,0
2026-08-30T22:39:18,6047.5,60.625,57.937,60.625,58.062,1300500000,0
2026-08-30T22:39:23,6052.6,60.593,57.75,60.593,58.031,1300500000,0
2026-08-30T22:39:28,6057.6,60.562,57.687,60.562,57.968,1300500000,0
2026-08-30T22:39:33,6062.6,60.687,57.625,60.687,57.937,1300500000,0
2026-08-30T22:39:38,6067.6,60.531,57.812,60.531,57.937,1300500000,0
2026-08-30T22:39:43,6072.6,60.718,57.562,60.718,57.843,1300500000,0
2026-08-30T22:39:48,6077.6,60.562,57.812,60.562,58.0,1300500000,0
2026-08-30T22:39:53,6082.6,60.906,57.656,60.906,57.812,1300500000,0
2026-08-30T22:39:58,6087.6,60.812,57.531,60.843,57.937,1300500000,0
2026-08-30T22:40:03,6092.6,60.656,57.656,60.656,57.812,1300500000,0
2026-08-30T22:40:08,6097.6,60.5,57.531,60.5,57.875,1300500000,0
2026-08-30T22:40:13,6102.6,60.593,57.5,60.593,57.843,1300500000,0
2026-08-30T22:40:18,6107.6,60.437,57.687,60.437,57.875,1300500000,0
2026-08-30T22:40:23,6112.6,60.625,58.031,60.625,57.75,1300500000,0
2026-08-30T22:40:28,6117.6,60.656,57.781,60.656,57.812,1300500000,0
2026-08-30T22:40:33,6122.6,60.625,57.687,60.625,57.781,1300500000,0
2026-08-30T22:40:38,6127.6,60.437,57.5,60.437,57.843,1300500000,0
2026-08-30T22:40:43,6132.7,60.656,57.656,60.656,57.812,1300500000,0
2026-08-30T22:40:48,6137.7,60.625,57.718,60.625,58.0,1300500000,0
2026-08-30T22:40:53,6142.7,60.718,57.968,60.718,57.843,1300500000,0
2026-08-30T22:40:58,6147.7,60.562,57.781,60.562,57.906,1300500000,0
2026-08-30T22:41:03,6152.7,60.593,57.687,60.593,57.812,1300500000,0
2026-08-30T22:41:08,6157.7,60.531,57.781,60.531,58.0,1300500000,0
2026-08-30T22:41:13,6162.7,60.75,57.937,60.75,57.906,1300500000,0
2026-08-30T22:41:18,6167.7,60.593,57.781,60.593,57.968,1300500000,0
2026-08-30T22:41:23,6172.7,60.781,58.093,60.781,57.906,1300500000,0
2026-08-30T22:41:28,6177.7,60.718,58.093,60.718,58.031,1300500000,0
2026-08-30T22:41:33,6182.7,60.75,57.843,60.75,57.968,1300500000,0
2026-08-30T22:41:38,6187.7,61.093,58.0,61.093,58.093,1300500000,0
2026-08-30T22:41:43,6192.7,60.781,58.0,60.781,58.187,1300500000,0
2026-08-30T22:41:48,6197.7,60.718,57.875,60.718,58.25,1300500000,0
2026-08-30T22:41:53,6202.7,60.812,58.312,60.812,58.281,1300500000,0
2026-08-30T22:41:58,6207.7,61.75,58.187,61.75,58.125,1300500000,0
2026-08-30T22:42:03,6212.7,61.843,58.375,61.843,58.281,1300500000,0
2026-08-30T22:42:08,6217.8,61.031,58.218,61.031,58.125,1300500000,0
2026-08-30T22:42:13,6222.8,60.812,58.062,60.812,58.281,1300500000,0
2026-08-30T22:42:18,6227.8,60.843,58.093,60.843,58.187,1300500000,0
2026-08-30T22:42:23,6232.8,60.843,58.062,60.843,58.312,1300500000,0
2026-08-30T22:42:28,6237.8,60.875,58.031,60.875,58.25,1300500000,0
2026-08-30T22:42:33,6242.8,61.25,58.406,61.25,58.312,1300500000,0
2026-08-30T22:42:38,6247.8,61.156,58.312,61.156,58.187,1300500000,0
2026-08-30T22:42:43,6252.8,60.937,58.218,60.937,58.281,1300500000,0
2026-08-30T22:42:48,6257.8,61.281,58.312,61.281,58.281,1300500000,0
2026-08-30T22:42:53,6262.8,60.937,58.218,60.937,58.406,1300500000,0
2026-08-30T22:42:58,6267.8,60.968,58.218,60.968,58.281,1300500000,0
2026-08-30T22:43:03,6272.8,60.968,58.593,60.968,58.406,1300500000,0
2026-08-30T22:43:08,6277.8,61.093,58.406,61.093,58.375,1300500000,0
2026-08-30T22:43:13,6282.8,61.218,58.593,61.218,58.375,1300500000,0
2026-08-30T22:43:18,6287.8,61.375,58.468,61.375,58.343,1300500000,0
2026-08-30T22:43:23,6292.8,61.281,58.312,61.281,58.562,1300500000,0
2026-08-30T22:43:28,6297.9,61.218,58.312,61.218,58.375,1300500000,0
2026-08-30T22:43:33,6302.9,61.187,58.437,61.281,58.687,1300500000,0
2026-08-30T22:43:38,6307.9,61.156,58.375,61.156,58.468,1300500000,0
2026-08-30T22:43:43,6312.9,61.218,58.875,61.218,58.625,1300500000,0
2026-08-30T22:43:48,6317.9,61.437,58.718,61.437,58.437,1300500000,0
2026-08-30T22:43:53,6322.9,61.281,58.843,61.281,58.562,1300500000,0
2026-08-30T22:43:58,6327.9,61.437,58.75,61.437,58.468,1300500000,0
2026-08-30T22:44:03,6332.9,61.312,58.718,61.312,58.656,1300500000,0
2026-08-30T22:44:08,6337.9,61.406,58.625,61.343,58.593,1300500000,0
2026-08-30T22:44:13,6342.9,61.406,58.687,61.406,58.718,1300500000,0
2026-08-30T22:44:18,6347.9,61.531,58.75,61.531,58.625,1300500000,0
2026-08-30T22:44:23,6352.9,61.312,58.937,61.312,58.718,1300500000,0
2026-08-30T22:44:28,6357.9,61.687,58.937,61.687,58.531,1300500000,0
2026-08-30T22:44:33,6362.9,61.5,58.781,61.5,58.718,1300500000,0
2026-08-30T22:44:38,6367.9,61.437,58.937,61.437,58.781,1300500000,0
2026-08-30T22:44:43,6372.9,61.562,58.937,61.562,58.781,1300500000,0
2026-08-30T22:44:48,6378.0,61.718,58.875,61.718,58.812,1300500000,0
2026-08-30T22:44:53,6383.0,61.562,59.093,61.562,58.75,1300500000,0
2026-08-30T22:44:58,6388.0,61.906,58.968,61.906,58.718,1300500000,0
2026-08-30T22:45:03,6393.0,61.968,59.218,61.968,58.843,1300500000,0
2026-08-30T22:45:08,6398.0,61.843,59.125,61.843,58.843,1300500000,0
2026-08-30T22:45:13,6403.0,61.718,59.0,61.718,58.937,1300500000,0
2026-08-30T22:45:18,6408.0,61.718,59.031,61.718,58.937,1300500000,0
2026-08-30T22:45:23,6413.0,61.718,59.062,61.718,59.031,1300500000,0
2026-08-30T22:45:28,6418.0,61.75,59.093,61.75,58.906,1300500000,0
2026-08-30T22:45:33,6423.0,61.75,59.5,61.75,59.062,1300500000,0
2026-08-30T22:45:38,6428.0,62.062,59.187,62.062,59.0,1300500000,0
2026-08-30T22:45:43,6433.0,61.812,59.406,61.812,59.093,1300500000,0
2026-08-30T22:45:48,6438.0,61.812,59.187,61.812,59.125,1300500000,0
2026-08-30T22:45:53,6443.0,61.843,59.406,61.843,59.187,1300500000,0
2026-08-30T22:45:58,6448.0,62.0,59.312,62.0,59.187,1300500000,0
2026-08-30T22:46:03,6453.0,61.875,59.281,61.875,59.25,1300500000,0
2026-08-30T22:46:08,6458.1,62.187,59.437,62.187,59.281,1300500000,0
2026-08-30T22:46:13,6463.1,62.062,59.593,62.062,59.25,1300500000,0
2026-08-30T22:46:18,6468.1,61.937,59.625,61.937,59.187,1300500000,0
2026-08-30T22:46:23,6473.1,61.968,59.656,61.968,59.343,1300500000,0
2026-08-30T22:46:28,6478.1,62.093,59.593,62.093,59.25,1300500000,0
2026-08-30T22:46:33,6483.1,62.062,59.437,62.062,59.312,1300500000,0
2026-08-30T22:46:38,6488.1,62.25,59.656,62.25,59.343,1300500000,0
2026-08-30T22:46:43,6493.1,62.187,59.593,62.187,59.375,1300500000,0
2026-08-30T22:46:48,6498.1,62.312,59.718,62.312,59.375,1300500000,0
2026-08-30T22:46:53,6503.1,62.187,59.656,62.187,59.531,1300500000,0
2026-08-30T22:46:58,6508.1,62.531,59.593,62.531,59.437,1300500000,0
2026-08-30T22:47:03,6513.1,62.343,59.687,62.343,59.718,1300500000,0
2026-08-30T22:47:08,6518.1,62.312,59.656,62.312,59.562,1300500000,0
2026-08-30T22:47:13,6523.1,62.5,59.812,62.5,59.437,1300500000,0
2026-08-30T22:47:18,6528.1,62.343,59.937,62.343,59.656,1300500000,0
2026-08-30T22:47:23,6533.1,62.656,59.843,62.656,59.593,1300500000,0
2026-08-30T22:47:28,6538.2,62.562,59.75,62.562,59.625,1300500000,0
2026-08-30T22:47:33,6543.2,62.875,60.0,62.875,59.687,1300500000,0
2026-08-30T22:47:38,6548.2,62.5,59.781,62.5,59.625,1300500000,0
2026-08-30T22:47:43,6553.2,62.406,59.937,62.406,59.656,1300500000,0
2026-08-30T22:47:48,6558.2,62.593,59.906,62.593,59.75,1300500000,0
2026-08-30T22:47:53,6563.2,62.437,60.031,62.437,59.75,1300500000,0
2026-08-30T22:47:58,6568.2,62.437,60.156,62.593,59.656,1300500000,0
2026-08-30T22:48:03,6573.2,62.718,60.187,62.468,59.75,1300500000,0
2026-08-30T22:48:08,6578.2,62.437,60.125,62.437,59.75,1300500000,0
2026-08-30T22:48:13,6583.2,62.843,60.25,62.843,59.75,1300500000,0
2026-08-30T22:48:18,6588.2,62.562,60.093,62.562,59.937,1300500000,0
2026-08-30T22:48:23,6593.2,62.5,59.968,62.5,59.812,1300500000,0
2026-08-30T22:48:28,6598.2,62.593,60.312,62.593,59.937,1300500000,0
2026-08-30T22:48:33,6603.2,62.468,60.031,62.468,59.781,1300500000,0
2026-08-30T22:48:38,6608.2,62.5,60.25,62.5,59.875,1300500000,0
2026-08-30T22:48:43,6613.3,62.718,60.218,62.718,59.781,1300500000,0
2026-08-30T22:48:48,6618.3,62.656,60.25,62.656,59.75,1300500000,0
2026-08-30T22:48:53,6623.3,62.531,60.156,62.531,59.875,1300500000,0
2026-08-30T22:48:58,6628.3,62.625,60.125,62.625,59.781,1300500000,0
2026-08-30T22:49:03,6633.3,62.625,60.156,62.625,59.906,1300500000,0
2026-08-30T22:49:08,6638.3,62.625,60.375,62.625,59.875,1300500000,0
2026-08-30T22:49:13,6643.3,62.781,60.187,62.781,59.937,1300500000,0
2026-08-30T22:49:18,6648.3,62.718,60.531,62.718,59.843,1300500000,0
2026-08-30T22:49:23,6653.3,62.906,60.406,62.906,59.937,1300500000,0
2026-08-30T22:49:28,6658.3,62.687,60.375,62.687,60.187,1300500000,0
2026-08-30T22:49:33,6663.3,62.718,60.5,62.718,60.0,1300500000,0
2026-08-30T22:49:38,6668.3,62.75,60.406,62.75,60.125,1300500000,0
2026-08-30T22:49:43,6673.3,62.718,60.156,62.718,60.031,1300500000,0
2026-08-30T22:49:48,6678.3,62.812,60.656,62.812,60.218,1300500000,0
2026-08-30T22:49:53,6683.3,63.031,60.187,63.031,60.031,1300500000,0
2026-08-30T22:49:58,6688.3,62.937,60.812,62.937,60.218,1300500000,0
2026-08-30T22:50:03,6693.4,63.156,60.625,63.156,60.031,1300500000,0
2026-08-30T22:50:08,6698.4,62.906,60.343,62.906,60.187,1300500000,0
2026-08-30T22:50:13,6703.4,62.875,60.406,62.875,60.031,1300500000,0
2026-08-30T22:50:19,6708.4,62.937,60.437,62.968,60.218,1300500000,0
2026-08-30T22:50:24,6713.4,63.062,60.562,63.062,60.187,1300500000,0
2026-08-30T22:50:29,6718.4,62.968,60.781,62.968,60.312,1300500000,0
2026-08-30T22:50:34,6723.4,63.218,60.625,63.218,60.218,1300500000,0
2026-08-30T22:50:39,6728.4,62.968,60.843,62.968,60.312,1300500000,0
2026-08-30T22:50:44,6733.4,62.906,60.656,62.906,60.218,1300500000,0
2026-08-30T22:50:49,6738.4,63.031,60.687,63.031,60.406,1300500000,0
2026-08-30T22:50:54,6743.4,63.093,60.812,63.093,60.343,1300500000,0
2026-08-30T22:50:59,6748.4,63.093,61.156,63.093,60.375,1300500000,0
2026-08-30T22:51:04,6753.4,63.187,60.781,63.187,60.343,1300500000,0
2026-08-30T22:51:09,6758.4,63.125,60.968,63.125,60.406,1300500000,0
2026-08-30T22:51:14,6763.4,63.156,60.906,63.156,60.375,1300500000,0
2026-08-30T22:51:19,6768.4,63.093,60.906,63.093,60.531,1300500000,0
2026-08-30T22:51:24,6773.5,63.218,60.781,63.218,60.468,1300500000,0
2026-08-30T22:51:29,6778.5,63.156,60.968,63.156,60.531,1300500000,0
2026-08-30T22:51:34,6783.5,63.625,63.5,63.625,61.0,1300500000,0
2026-08-30T22:51:39,6788.5,62.875,59.843,62.875,60.187,1300500000,0
2026-08-30T22:51:44,6793.5,62.937,59.468,62.937,59.843,1300500000,0
2026-08-30T22:51:49,6798.5,62.593,59.5,62.593,59.937,1300500000,0
2026-08-30T22:51:54,6803.5,62.5,59.25,62.5,59.687,1300500000,0
2026-08-30T22:51:59,6808.5,62.25,59.0,62.25,59.625,1300500000,0
2026-08-30T22:52:04,6813.5,62.406,58.937,62.406,59.468,1300500000,0
2026-08-30T22:52:09,6818.5,62.156,59.187,62.156,59.437,1300500000,0
2026-08-30T22:52:14,6823.5,62.218,58.812,62.218,59.281,1300500000,0
2026-08-30T22:52:19,6828.5,61.968,58.968,61.968,59.281,1300500000,0
2026-08-30T22:52:24,6833.5,62.875,58.812,62.875,59.25,1300500000,0
2026-08-30T22:52:29,6838.5,62.843,58.687,62.843,59.125,1300500000,0
2026-08-30T22:52:34,6843.5,62.843,58.5,62.843,59.0,1300500000,0
2026-08-30T22:52:39,6848.5,62.718,58.593,62.718,59.062,1300500000,0
2026-08-30T22:52:44,6853.6,62.718,58.375,62.718,58.937,1300500000,0
2026-08-30T22:52:49,6858.6,61.468,58.656,61.468,58.875,1300500000,0
2026-08-30T22:52:54,6863.6,61.5,58.468,61.5,58.75,1300500000,0
2026-08-30T22:52:59,6868.6,61.406,58.562,61.406,58.812,1300500000,0
2026-08-30T22:53:04,6873.6,61.625,58.375,61.625,58.718,1300500000,0
2026-08-30T22:53:09,6878.6,61.687,61.031,61.687,59.093,1300500000,0
2026-08-30T22:53:14,6883.6,61.437,58.25,61.437,58.625,1300500000,0
2026-08-30T22:53:19,6888.6,61.281,58.531,61.281,58.656,1300500000,0
2026-08-30T22:53:24,6893.6,61.25,58.125,61.25,58.625,1300500000,0
2026-08-30T22:53:29,6898.6,61.375,58.187,61.375,58.468,1300500000,0
2026-08-30T22:53:34,6903.6,61.156,58.0,61.156,58.562,1300500000,0
2026-08-30T22:53:39,6908.6,61.125,58.0,61.125,58.468,1300500000,0
2026-08-30T22:53:44,6913.6,61.218,58.062,61.343,58.625,1300500000,0
2026-08-30T22:53:49,6918.6,61.281,58.125,61.281,58.312,1300500000,0
2026-08-30T22:53:54,6923.6,61.25,58.125,61.25,58.593,1300500000,0
2026-08-30T22:53:59,6928.6,61.312,57.781,61.312,58.25,1300500000,0
2026-08-30T22:54:04,6933.7,61.093,57.937,61.093,58.437,1300500000,0
2026-08-30T22:54:09,6938.7,61.375,58.468,61.375,58.406,1300500000,0
2026-08-30T22:54:14,6943.7,60.937,57.781,60.937,58.281,1300500000,0
2026-08-30T22:54:19,6948.7,61.062,57.937,61.062,58.25,1300500000,0
2026-08-30T22:54:24,6953.7,60.906,57.843,60.906,58.125,1300500000,0
2026-08-30T22:54:29,6958.7,60.781,57.593,60.781,58.187,1300500000,0
2026-08-30T22:54:34,6963.7,61.031,57.531,61.031,58.031,1300500000,0
2026-08-30T22:54:39,6968.7,60.812,57.781,60.812,58.156,1300500000,0
2026-08-30T22:54:44,6973.7,61.0,57.656,61.0,58.0,1300500000,0
2026-08-30T22:54:49,6978.7,60.781,57.562,60.781,58.062,1300500000,0
2026-08-30T22:54:54,6983.7,60.781,57.437,60.781,57.906,1300500000,0
2026-08-30T22:54:59,6988.7,60.75,57.687,60.75,57.906,1300500000,0
2026-08-30T22:55:04,6993.7,60.781,57.312,60.781,57.843,1300500000,0
2026-08-30T22:55:09,6998.7,60.593,57.593,60.593,57.75,1300500000,0
2026-08-30T22:55:14,7003.7,60.531,57.5,60.531,57.843,1300500000,0
2026-08-30T22:55:19,7008.7,60.437,57.437,60.437,57.812,1300500000,0
2026-08-30T22:55:24,7013.8,60.656,57.187,60.656,57.75,1300500000,0
2026-08-30T22:55:29,7018.8,61.093,57.687,61.093,57.687,1300500000,0
2026-08-30T22:55:34,7023.8,60.562,57.5,60.562,57.812,1300500000,0
2026-08-30T22:55:39,7028.8,60.687,57.343,60.687,57.718,1300500000,0
2026-08-30T22:55:44,7033.8,60.625,57.375,60.625,57.875,1300500000,0
2026-08-30T22:55:49,7038.8,60.781,57.562,60.781,57.75,1300500000,0
2026-08-30T22:55:54,7043.8,60.406,57.5,60.406,57.75,1300500000,0
2026-08-30T22:55:59,7048.8,60.562,57.25,60.562,57.718,1300500000,0
2026-08-30T22:56:04,7053.8,60.343,57.156,60.343,57.593,1300500000,0
2026-08-30T22:56:09,7058.8,60.625,56.75,60.625,57.593,1300500000,0
2026-08-30T22:56:14,7063.8,60.656,57.343,60.656,57.812,1300500000,0
2026-08-30T22:56:19,7068.8,60.468,57.281,60.468,57.812,1300500000,0
2026-08-30T22:56:24,7073.8,60.781,57.406,60.781,57.75,1300500000,0
2026-08-30T22:56:29,7078.8,60.687,57.375,60.687,57.906,1300500000,0
2026-08-30T22:56:34,7083.8,60.562,57.218,60.562,57.687,1300500000,0
2026-08-30T22:56:39,7088.8,60.5,57.5,60.5,57.906,1300500000,0
2026-08-30T22:56:44,7093.8,60.625,57.406,60.625,57.625,1300500000,0
2026-08-30T22:56:49,7098.9,60.406,57.156,60.406,57.718,1300500000,0
2026-08-30T22:56:54,7103.9,61.062,61.062,60.968,58.437,1300500000,0
2026-08-30T22:56:59,7108.9,60.812,57.625,60.812,57.812,1300500000,0
2026-08-30T22:57:04,7113.9,60.656,57.5,60.656,57.906,1300500000,0
2026-08-30T22:57:09,7118.9,60.437,57.375,60.437,57.656,1300500000,0
2026-08-30T22:57:14,7123.9,60.562,57.125,60.562,57.843,1300500000,0
2026-08-30T22:57:19,7128.9,60.562,57.156,60.562,57.75,1300500000,0
2026-08-30T22:57:24,7133.9,60.437,57.25,60.437,57.656,1300500000,0
2026-08-30T22:57:29,7138.9,60.75,57.468,60.75,57.718,1300500000,0
2026-08-30T22:57:34,7143.9,60.468,57.312,60.468,57.625,1300500000,0
2026-08-30T22:57:39,7148.9,60.343,57.343,60.343,57.687,1300500000,0
2026-08-30T22:57:44,7153.9,60.406,57.062,60.406,57.687,1300500000,0
2026-08-30T22:57:49,7158.9,60.562,57.25,60.562,57.562,1300500000,0
2026-08-30T22:57:54,7163.9,60.531,57.125,60.531,57.718,1300500000,0
2026-08-30T22:57:59,7168.9,61.281,57.531,61.281,57.593,1300500000,0
2026-08-30T22:58:04,7173.9,60.437,57.281,60.437,57.75,1300500000,0
2026-08-30T22:58:09,7179.0,60.468,57.375,60.687,57.593,1300500000,0
2026-08-30T22:58:14,7184.0,60.437,57.437,60.437,57.625,1300500000,0
2026-08-30T22:58:19,7189.0,60.75,57.156,60.75,57.625,1300500000,0
2026-08-30T22:58:24,7194.0,60.593,57.312,60.593,57.718,1300500000,0
2026-08-30T22:58:29,7199.0,60.5,57.437,60.5,57.562,1300500000,0
2026-08-30T22:58:34,7204.0,60.437,57.468,60.437,57.718,1300500000,0
2026-08-30T22:58:39,7209.0,60.406,57.125,60.406,57.812,1300500000,0
2026-08-30T22:58:44,7214.0,60.656,57.187,60.656,57.562,1300500000,0
2026-08-30T22:58:49,7219.0,61.437,57.187,61.437,57.75,1300500000,0
2026-08-30T22:58:54,7224.0,61.375,57.062,61.375,57.562,1300500000,0
2026-08-30T22:58:59,7229.0,61.343,57.406,61.437,57.718,1300500000,0
2026-08-30T22:59:04,7234.0,61.468,57.218,61.468,57.593,1300500000,0
2026-08-30T22:59:09,7239.0,61.375,57.125,61.375,57.625,1300500000,0
2026-08-30T22:59:14,7244.0,61.5,57.062,61.5,57.531,1300500000,0
2026-08-30T22:59:19,7249.0,61.312,57.437,61.312,57.531,1300500000,0
2026-08-30T22:59:24,7254.0,60.781,57.312,60.781,57.5,1300500000,0
2026-08-30T22:59:29,7259.1,60.656,57.5,60.656,57.593,1300500000,0
2026-08-30T22:59:34,7264.1,60.781,57.218,60.781,57.562,1300500000,0
2026-08-30T22:59:39,7269.1,60.687,57.093,60.687,57.562,1300500000,0
2026-08-30T22:59:44,7274.1,60.781,57.062,60.781,57.531,1300500000,0
2026-08-30T22:59:49,7279.1,60.968,57.5,60.968,57.531,1300500000,0
2026-08-30T22:59:54,7284.1,60.812,57.312,60.812,57.625,1300500000,0
2026-08-30T22:59:59,7289.1,60.718,57.312,60.718,57.562,1300500000,0
2026-08-30T23:00:04,7294.1,60.781,57.062,60.781,57.687,1300500000,0
2026-08-30T23:00:09,7299.1,60.937,57.125,60.781,57.687,1300500000,0
2026-08-30T23:00:14,7304.1,60.375,56.937,60.375,57.718,1300500000,0
2026-08-30T23:00:19,7309.1,60.531,57.375,60.531,57.562,1300500000,0
2026-08-30T23:00:24,7314.1,60.437,57.156,60.437,57.625,1300500000,0
2026-08-30T23:00:29,7319.1,60.656,57.062,60.656,57.437,1300500000,0
2026-08-30T23:00:34,7324.1,60.406,57.062,60.406,57.593,1300500000,0
2026-08-30T23:00:39,7329.1,60.406,56.968,60.281,57.468,1300500000,0
2026-08-30T23:00:44,7334.1,60.312,57.031,60.312,57.562,1300500000,0
2026-08-30T23:00:49,7339.2,60.281,57.375,60.281,57.406,1300500000,0
2026-08-30T23:00:54,7344.2,60.218,57.062,60.218,57.593,1300500000,0
2026-08-30T23:00:59,7349.2,60.437,57.218,60.437,57.406,1300500000,0
2026-08-30T23:01:04,7354.2,60.25,57.218,60.25,57.562,1300500000,0
2026-08-30T23:01:09,7359.2,60.312,57.031,60.312,57.406,1300500000,0
2026-08-30T23:01:14,7364.2,60.25,57.031,60.25,57.531,1300500000,0
2026-08-30T23:01:19,7369.2,60.406,57.437,60.406,57.437,1300500000,0
2026-08-30T23:01:24,7374.2,60.312,57.093,60.312,57.5,1300500000,0
2026-08-30T23:01:29,7379.2,60.281,57.062,60.468,57.375,1300500000,0
2026-08-30T23:01:34,7384.2,60.437,57.0,60.437,57.406,1300500000,0
2026-08-30T23:01:39,7389.2,60.312,57.5,60.312,57.593,1300500000,0
2026-08-30T23:01:44,7394.2,60.218,57.156,60.218,57.437,1300500000,0
2026-08-30T23:01:49,7399.2,60.343,57.187,60.343,57.593,1300500000,0
2026-08-30T23:01:54,7404.2,60.375,57.25,60.375,57.5,1300500000,0
2026-08-30T23:01:59,7409.2,60.187,57.468,60.187,57.468,1300500000,0
2026-08-30T23:02:04,7414.2,60.312,57.25,60.531,57.531,1300500000,0
2026-08-30T23:02:09,7419.3,60.5,57.125,60.5,57.468,1300500000,0
2026-08-30T23:02:14,7424.3,60.375,57.093,60.375,57.656,1300500000,0
2026-08-30T23:02:19,7429.3,60.343,57.562,60.343,57.468,1300500000,0
2026-08-30T23:02:24,7434.3,60.343,57.375,60.343,57.562,1300500000,0
2026-08-30T23:02:29,7439.3,60.968,57.312,60.968,57.562,1300500000,0
2026-08-30T23:02:34,7444.3,61.25,57.093,61.25,57.562,1300500000,0
2026-08-30T23:02:39,7449.3,60.437,57.281,60.437,57.5,1300500000,0
2026-08-30T23:02:44,7454.3,60.531,57.437,60.531,57.656,1300500000,0
2026-08-30T23:02:49,7459.3,60.781,57.25,60.781,57.687,1300500000,0
2026-08-30T23:02:54,7464.3,61.25,57.312,61.25,57.562,1300500000,0
2026-08-30T23:02:59,7469.3,61.437,57.343,61.437,57.687,1300500000,0
2026-08-30T23:03:04,7474.3,60.406,57.437,60.406,57.593,1300500000,0
2026-08-30T23:03:09,7479.3,60.375,57.375,60.375,57.687,1300500000,0
2026-08-30T23:03:14,7484.3,60.531,57.593,60.531,57.625,1300500000,0
2026-08-30T23:03:19,7489.3,60.656,57.562,60.437,57.656,1300500000,0
2026-08-30T23:03:24,7494.3,60.437,57.406,60.437,57.718,1300500000,0
2026-08-30T23:03:29,7499.4,60.343,57.5,60.343,57.687,1300500000,0
2026-08-30T23:03:34,7504.4,60.5,57.687,60.5,57.625,1300500000,0
2026-08-30T23:03:40,7509.4,60.437,57.5,60.437,57.75,1300500000,0
2026-08-30T23:03:45,7514.4,60.593,57.718,60.593,57.781,1300500000,0
2026-08-30T23:03:50,7519.4,60.625,57.656,60.625,57.781,1300500000,0
2026-08-30T23:03:55,7524.4,60.562,57.625,60.562,57.781,1300500000,0
2026-08-30T23:04:00,7529.4,60.5,57.562,60.5,57.812,1300500000,0
2026-08-30T23:04:05,7534.4,60.625,57.843,60.625,57.781,1300500000,0
2026-08-30T23:04:10,7539.4,60.5,57.625,60.5,57.968,1300500000,0
2026-08-30T23:04:15,7544.4,60.531,57.906,60.531,57.906,1300500000,0
2026-08-30T23:04:20,7549.4,60.781,57.812,60.781,57.843,1300500000,0
2026-08-30T23:04:25,7554.4,60.562,57.718,60.562,57.937,1300500000,0
2026-08-30T23:04:30,7559.4,60.875,57.781,60.875,57.968,1300500000,0
2026-08-30T23:04:35,7564.4,60.625,57.906,60.625,58.0,1300500000,0
2026-08-30T23:04:40,7569.4,60.75,57.75,60.593,57.968,1300500000,0
2026-08-30T23:04:45,7574.4,60.656,57.968,60.656,58.156,1300500000,0
2026-08-30T23:04:50,7579.5,60.843,57.937,60.843,57.937,1300500000,0
2026-08-30T23:04:55,7584.5,60.718,57.906,60.718,58.062,1300500000,0
2026-08-30T23:05:00,7589.5,60.843,57.781,60.843,58.0,1300500000,0
2026-08-30T23:05:05,7594.5,60.812,57.906,60.812,58.093,1300500000,0
2026-08-30T23:05:10,7599.5,60.812,57.906,60.812,58.031,1300500000,0
2026-08-30T23:05:15,7604.5,60.843,58.187,60.843,58.156,1300500000,0
2026-08-30T23:05:20,7609.5,60.906,58.062,60.906,58.156,1300500000,0
2026-08-30T23:05:25,7614.5,60.843,58.0,60.843,58.312,1300500000,0
2026-08-30T23:05:30,7619.5,61.25,57.968,61.25,58.25,1300500000,0
2026-08-30T23:05:35,7624.5,61.125,58.0,61.125,58.312,1300500000,0
2026-08-30T23:05:40,7629.5,60.906,58.093,60.906,58.281,1300500000,0
2026-08-30T23:05:45,7634.5,60.937,58.343,60.937,58.343,1300500000,0
2026-08-30T23:05:50,7639.5,60.968,58.125,60.968,58.375,1300500000,0
2026-08-30T23:05:55,7644.5,60.968,58.187,60.968,58.343,1300500000,0
2026-08-30T23:06:00,7649.5,61.187,58.156,61.187,58.468,1300500000,0
2026-08-30T23:06:05,7654.5,61.125,58.281,61.125,58.312,1300500000,0
2026-08-30T23:06:10,7659.6,61.062,58.218,61.062,58.593,1300500000,0
2026-08-30T23:06:15,7664.6,61.312,58.468,61.312,58.343,1300500000,0
2026-08-30T23:06:20,7669.6,61.187,58.281,61.187,58.468,1300500000,0
2026-08-30T23:06:25,7674.6,61.031,58.437,61.031,58.437,1300500000,0
2026-08-30T23:06:30,7679.6,61.156,58.25,61.156,58.531,1300500000,0
2026-08-30T23:06:35,7684.6,61.312,58.625,61.312,58.437,1300500000,0
2026-08-30T23:06:40,7689.6,61.218,58.781,61.218,58.625,1300500000,0
2026-08-30T23:06:45,7694.6,61.5,58.656,61.5,58.5,1300500000,0
2026-08-30T23:06:50,7699.6,61.343,58.625,61.343,58.687,1300500000,0
2026-08-30T23:06:55,7704.6,61.406,58.468,61.406,58.531,1300500000,0
2026-08-30T23:07:00,7709.6,61.343,58.437,61.343,58.718,1300500000,0
2026-08-30T23:07:05,7714.6,61.468,58.468,61.468,58.625,1300500000,0
2026-08-30T23:07:10,7719.6,61.5,58.937,61.5,58.687,1300500000,0
2026-08-30T23:07:15,7724.6,61.562,58.906,61.562,58.687,1300500000,0
2026-08-30T23:07:20,7729.6,61.718,58.812,61.718,58.843,1300500000,0
2026-08-30T23:07:25,7734.6,61.468,58.656,61.468,58.718,1300500000,0
2026-08-30T23:07:30,7739.7,61.718,58.781,61.718,58.781,1300500000,0
2026-08-30T23:07:35,7744.7,61.593,58.781,61.593,58.75,1300500000,0
2026-08-30T23:07:40,7749.7,61.5,59.187,61.5,58.812,1300500000,0
2026-08-30T23:07:45,7754.7,61.468,59.0,61.718,58.968,1300500000,0
2026-08-30T23:07:50,7759.7,61.75,58.937,61.75,59.0,1300500000,0
2026-08-30T23:07:55,7764.7,61.718,58.968,61.718,58.968,1300500000,0
2026-08-30T23:08:00,7769.7,62.156,58.968,62.156,59.062,1300500000,0
2026-08-30T23:08:05,7774.7,61.687,59.156,61.687,59.0,1300500000,0
2026-08-30T23:08:10,7779.7,61.718,59.437,61.625,58.968,1300500000,0
2026-08-30T23:08:15,7784.7,61.75,59.156,61.75,59.156,1300500000,0
2026-08-30T23:08:20,7789.7,61.75,59.187,61.75,59.093,1300500000,0
2026-08-30T23:08:25,7794.7,61.75,59.125,61.75,59.156,1300500000,0
2026-08-30T23:08:30,7799.7,62.031,59.187,62.031,59.156,1300500000,0
2026-08-30T23:08:35,7804.7,62.156,59.437,62.156,59.125,1300500000,0
2026-08-30T23:08:40,7809.7,61.781,59.281,61.781,59.25,1300500000,0
2026-08-30T23:08:45,7814.7,61.875,59.281,61.875,59.187,1300500000,0
2026-08-30T23:08:50,7819.7,61.906,59.25,61.906,59.343,1300500000,0
2026-08-30T23:08:55,7824.8,62.062,59.562,62.062,59.25,1300500000,0
2026-08-30T23:09:00,7829.8,61.968,59.437,61.968,59.343,1300500000,0
2026-08-30T23:09:05,7834.8,62.218,59.375,62.218,59.375,1300500000,0
2026-08-30T23:09:10,7839.8,62.281,59.437,62.281,59.406,1300500000,0
2026-08-30T23:09:15,7844.8,62.093,59.593,62.093,59.562,1300500000,0
2026-08-30T23:09:20,7849.8,62.031,59.562,62.031,59.406,1300500000,0
2026-08-30T23:09:25,7854.8,62.156,59.406,62.156,59.593,1300500000,0
2026-08-30T23:09:30,7859.8,62.25,59.437,62.25,59.531,1300500000,0
2026-08-30T23:09:35,7864.8,62.156,59.968,62.156,59.531,1300500000,0
2026-08-30T23:09:40,7869.8,62.5,59.656,62.5,59.593,1300500000,0
2026-08-30T23:09:45,7874.8,62.437,59.718,62.437,59.718,1300500000,0
2026-08-30T23:09:50,7879.8,62.312,59.593,62.312,59.875,1300500000,0
2026-08-30T23:09:55,7884.8,62.187,60.0,62.187,59.625,1300500000,0
2026-08-30T23:10:00,7889.8,62.281,59.906,62.281,59.718,1300500000,0
2026-08-30T23:10:05,7894.8,62.437,59.781,62.437,59.656,1300500000,0
2026-08-30T23:10:10,7899.8,62.406,59.75,62.406,59.718,1300500000,0
2026-08-30T23:10:15,7904.9,62.312,60.125,62.312,59.593,1300500000,0
2026-08-30T23:10:20,7909.9,62.687,59.937,62.687,59.718,1300500000,0
2026-08-30T23:10:25,7914.9,62.406,59.875,62.406,59.843,1300500000,0
2026-08-30T23:10:30,7919.9,62.875,59.812,62.875,59.75,1300500000,0
2026-08-30T23:10:35,7924.9,62.406,60.031,62.406,59.75,1300500000,0
2026-08-30T23:10:40,7929.9,62.5,59.937,62.5,59.718,1300500000,0
2026-08-30T23:10:45,7934.9,62.375,59.875,62.375,59.781,1300500000,0
2026-08-30T23:10:50,7939.9,62.593,59.937,62.593,59.687,1300500000,0
2026-08-30T23:10:55,7944.9,62.531,59.812,62.531,59.812,1300500000,0
2026-08-30T23:11:00,7949.9,62.437,59.843,62.437,59.75,1300500000,0
2026-08-30T23:11:05,7954.9,62.468,60.25,62.468,59.843,1300500000,0
2026-08-30T23:11:10,7959.9,62.437,60.062,62.437,59.75,1300500000,0
2026-08-30T23:11:15,7964.9,62.437,59.937,62.437,59.937,1300500000,0
2026-08-30T23:11:20,7969.9,62.625,60.187,62.625,59.75,1300500000,0
2026-08-30T23:11:25,7974.9,62.75,60.093,62.625,59.843,1300500000,0
2026-08-30T23:11:30,7979.9,62.531,59.968,62.531,59.875,1300500000,0
2026-08-30T23:11:35,7985.0,62.468,60.437,62.468,59.937,1300500000,0
2026-08-30T23:11:40,7990.0,62.687,60.25,62.687,59.875,1300500000,0
2026-08-30T23:11:45,7995.0,62.593,60.343,62.593,59.968,1300500000,0
2026-08-30T23:11:50,8000.0,62.781,60.406,62.781,59.875,1300500000,0
2026-08-30T23:11:55,8005.0,62.906,60.25,62.906,60.125,1300500000,0
2026-08-30T23:12:00,8010.0,62.625,60.187,62.625,60.062,1300500000,0
2026-08-30T23:12:05,8015.0,62.906,60.5,62.906,60.0,1300500000,0
2026-08-30T23:12:10,8020.0,62.812,60.406,62.812,60.187,1300500000,0
2026-08-30T23:12:15,8025.0,62.718,60.375,62.718,60.093,1300500000,0
2026-08-30T23:12:20,8030.0,62.718,60.437,62.718,60.156,1300500000,0
2026-08-30T23:12:25,8035.0,62.906,60.343,62.906,60.156,1300500000,0
2026-08-30T23:12:30,8040.0,62.875,60.281,62.875,60.187,1300500000,0
2026-08-30T23:12:35,8045.0,63.031,60.718,63.031,60.218,1300500000,0
2026-08-30T23:12:40,8050.0,62.875,60.593,62.875,60.25,1300500000,0
2026-08-30T23:12:45,8055.0,62.843,60.5,62.843,60.156,1300500000,0
2026-08-30T23:12:50,8060.0,62.875,60.625,62.875,60.218,1300500000,0
2026-08-30T23:12:55,8065.0,63.093,60.406,63.093,60.343,1300500000,0
2026-08-30T23:13:00,8070.1,63.125,60.625,63.125,60.375,1300500000,0
2026-08-30T23:13:05,8075.1,63.125,60.781,63.125,60.25,1300500000,0
2026-08-30T23:13:10,8080.1,63.031,60.75,63.031,60.312,1300500000,0
2026-08-30T23:13:15,8085.1,63.0,60.781,63.0,60.343,1300500000,0
2026-08-30T23:13:20,8090.1,62.937,60.656,62.937,60.375,1300500000,0
2026-08-30T23:13:25,8095.1,63.093,60.5,63.093,60.218,1300500000,0
2026-08-30T23:13:30,8100.1,63.031,60.625,63.031,60.437,1300500000,0
2026-08-30T23:13:35,8105.1,63.218,61.031,63.218,60.343,1300500000,0
2026-08-30T23:13:40,8110.1,63.218,60.843,63.125,60.5,1300500000,0
2026-08-30T23:13:45,8115.1,63.125,60.875,63.125,60.406,1300500000,0
2026-08-30T23:13:50,8120.1,63.437,60.906,63.437,60.437,1300500000,0
2026-08-30T23:13:55,8125.1,63.218,60.875,63.218,60.687,1300500000,0
2026-08-30T23:14:00,8130.1,63.187,60.812,63.187,60.5,1300500000,0
2026-08-30T23:14:05,8135.1,63.312,61.156,63.312,60.656,1300500000,0
2026-08-30T23:14:10,8140.1,63.375,60.812,63.375,60.656,1300500000,0
2026-08-30T23:14:15,8145.1,63.312,61.187,63.312,60.75,1300500000,0
2026-08-30T23:14:20,8150.2,63.531,60.906,63.531,60.656,1300500000,0
2026-08-30T23:14:25,8155.2,63.312,60.812,63.312,60.718,1300500000,0
2026-08-30T23:14:30,8160.2,63.406,61.031,63.406,60.656,1300500000,0
2026-08-30T23:14:35,8165.2,63.25,61.281,63.25,60.718,1300500000,0
2026-08-30T23:14:40,8170.2,63.5,61.062,63.5,60.718,1300500000,0
2026-08-30T23:14:45,8175.2,63.031,60.0,63.031,60.437,1300500000,0
2026-08-30T23:14:50,8180.2,62.968,59.562,62.968,60.343,1300500000,0
2026-08-30T23:14:55,8185.2,63.062,59.843,63.062,60.187,1300500000,0
2026-08-30T23:15:00,8190.2,62.687,59.562,62.687,60.062,1300500000,0
2026-08-30T23:15:05,8195.2,62.625,59.437,62.625,59.906,1300500000,0
2026-08-30T23:15:10,8200.2,62.531,59.218,62.531,59.875,1300500000,0
2026-08-30T23:15:15,8205.2,62.5,59.218,62.5,59.875,1300500000,0
2026-08-30T23:15:20,8210.2,62.437,59.125,62.437,59.718,1300500000,0
2026-08-30T23:15:25,8215.2,62.25,59.25,62.25,59.625,1300500000,0
2026-08-30T23:15:30,8220.2,62.531,59.093,62.531,59.468,1300500000,0
2026-08-30T23:15:35,8225.2,62.906,59.031,62.843,59.562,1300500000,0
2026-08-30T23:15:40,8230.3,62.125,59.0,62.125,59.343,1300500000,0
2026-08-30T23:15:45,8235.3,61.875,58.812,61.875,59.281,1300500000,0
2026-08-30T23:15:50,8240.3,62.031,58.593,62.031,59.25,1300500000,0
2026-08-30T23:15:55,8245.3,61.875,58.906,61.875,59.156,1300500000,0
2026-08-30T23:16:00,8250.3,61.781,58.875,61.781,59.25,1300500000,0
2026-08-30T23:16:05,8255.3,62.031,58.468,62.031,59.031,1300500000,0
2026-08-30T23:16:10,8260.3,61.75,58.437,61.75,59.0,1300500000,0
2026-08-30T23:16:15,8265.3,61.75,58.718,61.75,58.968,1300500000,0
2026-08-30T23:16:20,8270.3,61.531,58.5,61.531,59.0,1300500000,0
2026-08-30T23:16:25,8275.3,61.656,58.312,61.656,58.875,1300500000,0
2026-08-30T23:16:30,8280.3,61.531,58.25,61.531,58.843,1300500000,0
2026-08-30T23:16:35,8285.3,61.656,58.312,61.656,58.656,1300500000,0
2026-08-30T23:16:40,8290.3,61.5,58.281,61.5,58.781,1300500000,0
2026-08-30T23:16:45,8295.3,61.468,58.5,61.468,58.625,1300500000,0
2026-08-30T23:16:50,8300.3,61.437,58.343,61.437,58.687,1300500000,0
2026-08-30T23:16:55,8305.3,61.656,58.468,61.656,58.75,1300500000,0
2026-08-30T23:17:00,8310.4,61.312,58.062,61.312,58.593,1300500000,0
2026-08-30T23:17:05,8315.4,61.406,58.0,61.406,58.531,1300500000,0
2026-08-30T23:17:10,8320.4,61.375,57.968,61.375,58.468,1300500000,0
2026-08-30T23:17:16,8325.4,61.343,58.218,61.343,58.468,1300500000,0
2026-08-30T23:17:21,8330.4,61.062,58.062,61.062,58.375,1300500000,0
2026-08-30T23:17:26,8335.4,62.156,58.0,62.156,58.25,1300500000,0
2026-08-30T23:17:31,8340.4,62.0,57.812,62.0,58.343,1300500000,0
2026-08-30T23:17:36,8345.4,62.156,57.875,62.156,58.437,1300500000,0
2026-08-30T23:17:41,8350.4,62.093,57.843,62.093,58.25,1300500000,0
2026-08-30T23:17:46,8355.4,62.031,58.093,62.031,58.375,1300500000,0
2026-08-30T23:17:51,8360.4,62.25,57.875,62.25,58.281,1300500000,0
2026-08-30T23:17:56,8365.4,62.0,57.781,62.0,58.343,1300500000,0
2026-08-30T23:18:01,8370.4,61.906,57.843,61.906,58.156,1300500000,0
2026-08-30T23:18:06,8375.4,61.968,57.75,62.062,58.187,1300500000,0
2026-08-30T23:18:11,8380.4,62.0,57.593,62.0,58.031,1300500000,0
2026-08-30T23:18:16,8385.4,61.75,57.968,61.75,58.156,1300500000,0
2026-08-30T23:18:21,8390.5,62.031,57.562,62.031,58.031,1300500000,0
2026-08-30T23:18:26,8395.5,61.718,57.906,61.718,58.093,1300500000,0
2026-08-30T23:18:31,8400.5,62.125,57.75,62.125,57.937,1300500000,0
2026-08-30T23:18:36,8405.5,61.406,57.656,61.406,57.968,1300500000,0
2026-08-30T23:18:41,8410.5,61.781,57.531,61.781,57.906,1300500000,0
2026-08-30T23:18:46,8415.5,61.718,57.781,61.718,57.968,1300500000,0
2026-08-30T23:18:51,8420.5,61.906,57.562,61.906,58.031,1300500000,0
2026-08-30T23:18:56,8425.5,61.75,57.875,61.75,57.906,1300500000,0
2026-08-30T23:19:01,8430.5,61.937,57.687,61.937,57.937,1300500000,0
2026-08-30T23:19:06,8435.5,61.562,57.593,61.562,57.937,1300500000,0
2026-08-30T23:19:11,8440.5,61.718,57.531,61.718,57.843,1300500000,0
2026-08-30T23:19:16,8445.5,61.562,57.625,61.562,57.937,1300500000,0
2026-08-30T23:19:21,8450.5,61.781,57.5,61.781,57.875,1300500000,0
2026-08-30T23:19:26,8455.5,61.687,57.75,61.687,57.937,1300500000,0
2026-08-30T23:19:31,8460.5,61.781,57.593,61.781,57.937,1300500000,0
2026-08-30T23:19:36,8465.5,62.0,57.656,62.0,57.937,1300500000,0
2026-08-30T23:19:41,8470.6,60.593,57.781,60.593,57.875,1300500000,0
2026-08-30T23:19:46,8475.6,60.531,57.562,60.531,57.812,1300500000,0
2026-08-30T23:19:51,8480.6,60.656,57.562,60.656,57.812,1300500000,0
2026-08-30T23:19:56,8485.6,60.562,57.906,60.562,57.843,1300500000,0
2026-08-30T23:20:01,8490.6,60.5,57.718,60.5,57.968,1300500000,0
2026-08-30T23:20:06,8495.6,60.718,57.906,60.718,57.812,1300500000,0
2026-08-30T23:20:11,8500.6,60.593,57.593,60.593,58.031,1300500000,0
2026-08-30T23:20:16,8505.6,60.781,57.562,60.781,57.843,1300500000,0
2026-08-30T23:20:21,8510.6,60.625,57.531,60.625,58.062,1300500000,0
2026-08-30T23:20:26,8515.6,60.5,57.875,60.5,57.906,1300500000,0
2026-08-30T23:20:31,8520.6,60.562,57.718,60.562,58.031,1300500000,0
2026-08-30T23:20:36,8525.6,60.625,58.0,60.625,57.812,1300500000,0
2026-08-30T23:20:41,8530.6,60.562,57.656,60.562,58.062,1300500000,0
2026-08-30T23:20:46,8535.6,60.812,57.656,60.812,57.906,1300500000,0
2026-08-30T23:20:51,8540.6,60.625,57.593,60.625,58.031,1300500000,0
2026-08-30T23:20:56,8545.6,60.593,57.968,60.375,57.843,1300500000,0
2026-08-30T23:21:01,8550.6,60.656,57.75,60.656,57.968,1300500000,0
2026-08-30T23:21:06,8555.7,60.718,57.937,60.718,57.875,1300500000,0
2026-08-30T23:21:11,8560.7,60.656,57.843,60.656,58.0,1300500000,0
2026-08-30T23:21:16,8565.7,61.218,57.718,61.218,57.875,1300500000,0
2026-08-30T23:21:21,8570.7,60.625,57.687,60.625,57.906,1300500000,0
2026-08-30T23:21:26,8575.7,60.75,57.781,60.75,57.875,1300500000,0
2026-08-30T23:21:31,8580.7,60.593,57.75,60.593,57.968,1300500000,0
2026-08-30T23:21:36,8585.7,60.75,58.093,60.75,57.875,1300500000,0
2026-08-30T23:21:41,8590.7,60.625,57.968,60.625,58.0,1300500000,0
2026-08-30T23:21:46,8595.7,60.781,57.875,60.781,57.843,1300500000,0
2026-08-30T23:21:51,8600.7,60.875,57.812,60.875,58.0,1300500000,0
2026-08-30T23:21:56,8605.7,60.75,58.125,60.75,57.937,1300500000,0
2026-08-30T23:22:01,8610.7,60.968,58.0,60.968,58.0,1300500000,0
2026-08-30T23:22:06,8615.7,60.781,58.0,60.781,58.031,1300500000,0
2026-08-30T23:22:11,8620.7,60.781,57.906,60.781,58.0,1300500000,0
2026-08-30T23:22:16,8625.7,60.75,58.218,60.75,58.125,1300500000,0
2026-08-30T23:22:21,8630.7,60.781,57.875,60.781,57.968,1300500000,0
2026-08-30T23:22:26,8635.8,60.718,58.312,60.718,58.093,1300500000,0
2026-08-30T23:22:31,8640.8,60.75,58.093,60.75,57.906,1300500000,0
2026-08-30T23:22:36,8645.8,60.656,57.968,60.656,57.968,1300500000,0
2026-08-30T23:22:41,8650.8,60.843,58.0,60.843,58.281,1300500000,0
2026-08-30T23:22:46,8655.8,60.875,58.281,60.812,58.125,1300500000,0
2026-08-30T23:22:51,8660.8,60.812,58.156,60.812,58.187,1300500000,0
2026-08-30T23:22:56,8665.8,60.937,58.187,60.937,58.125,1300500000,0
2026-08-30T23:23:01,8670.8,60.781,58.093,60.781,58.156,1300500000,0
2026-08-30T23:23:06,8675.8,60.781,58.375,60.781,58.187,1300500000,0
2026-08-30T23:23:11,8680.8,60.875,58.281,60.875,58.218,1300500000,0
2026-08-30T23:23:16,8685.8,60.906,58.156,60.906,58.218,1300500000,0
2026-08-30T23:23:21,8690.8,61.0,58.093,61.0,58.187,1300500000,0
2026-08-30T23:23:26,8695.8,60.906,58.468,60.906,58.281,1300500000,0
2026-08-30T23:23:31,8700.8,61.125,58.343,61.125,58.312,1300500000,0
2026-08-30T23:23:36,8705.8,60.875,58.25,60.875,58.312,1300500000,0
2026-08-30T23:23:41,8710.8,61.281,58.25,61.281,58.281,1300500000,0
2026-08-30T23:23:46,8715.9,60.937,58.562,60.937,58.281,1300500000,0
2026-08-30T23:23:51,8720.9,61.093,58.437,61.093,58.281,1300500000,0
2026-08-30T23:23:56,8725.9,61.0,58.75,61.0,58.375,1300500000,0
2026-08-30T23:24:01,8730.9,61.218,58.625,61.218,58.312,1300500000,0
2026-08-30T23:24:06,8735.9,61.062,58.468,61.062,58.375,1300500000,0
2026-08-30T23:24:11,8740.9,61.062,58.468,61.281,58.625,1300500000,0
2026-08-30T23:24:16,8745.9,61.406,58.718,61.406,58.406,1300500000,0
2026-08-30T23:24:21,8750.9,61.156,58.437,61.156,58.468,1300500000,0
2026-08-30T23:24:26,8755.9,61.281,58.75,61.281,58.468,1300500000,0
2026-08-30T23:24:31,8760.9,61.375,58.75,61.375,58.687,1300500000,0
2026-08-30T23:24:36,8765.9,61.875,58.625,61.875,58.593,1300500000,0
2026-08-30T23:24:41,8770.9,61.187,58.531,61.187,58.593,1300500000,0
2026-08-30T23:24:46,8775.9,61.406,58.937,61.406,58.656,1300500000,0
2026-08-30T23:24:51,8780.9,61.312,58.5,61.312,58.625,1300500000,0
2026-08-30T23:24:56,8785.9,61.281,58.968,61.281,58.656,1300500000,0
2026-08-30T23:25:01,8790.9,61.312,58.75,61.312,58.75,1300500000,0
2026-08-30T23:25:06,8796.0,61.375,58.75,61.375,58.593,1300500000,0
2026-08-30T23:25:11,8801.0,61.343,58.625,61.343,58.687,1300500000,0
2026-08-30T23:25:16,8806.0,61.531,59.031,61.531,58.718,1300500000,0
2026-08-30T23:25:21,8811.0,61.343,58.968,61.343,58.781,1300500000,0
2026-08-30T23:25:26,8816.0,61.687,58.968,61.687,58.687,1300500000,0
2026-08-30T23:25:31,8821.0,61.468,59.062,61.468,58.781,1300500000,0
2026-08-30T23:25:36,8826.0,61.468,58.843,61.468,58.718,1300500000,0
2026-08-30T23:25:41,8831.0,61.437,58.968,61.437,58.781,1300500000,0
2026-08-30T23:25:46,8836.0,61.625,59.375,61.625,58.781,1300500000,0
2026-08-30T23:25:51,8841.0,61.468,59.093,61.468,58.843,1300500000,0
2026-08-30T23:25:56,8846.0,61.593,59.343,61.593,59.0,1300500000,0
2026-08-30T23:26:01,8851.0,61.75,59.156,61.75,58.937,1300500000,0
2026-08-30T23:26:06,8856.0,61.468,59.062,61.468,59.031,1300500000,0
2026-08-30T23:26:11,8861.0,61.625,59.062,61.625,58.968,1300500000,0
2026-08-30T23:26:16,8866.0,61.812,59.437,61.812,59.125,1300500000,0
2026-08-30T23:26:21,8871.0,61.75,59.218,61.687,58.906,1300500000,0
2026-08-30T23:26:26,8876.0,61.656,59.093,61.656,59.125,1300500000,0
2026-08-30T23:26:31,8881.1,61.843,59.187,61.843,59.062,1300500000,0
2026-08-30T23:26:36,8886.1,61.781,59.281,61.781,59.093,1300500000,0
2026-08-30T23:26:41,8891.1,61.687,59.25,61.687,59.125,1300500000,0
2026-08-30T23:26:46,8896.1,61.75,59.656,61.75,59.156,1300500000,0
2026-08-30T23:26:51,8901.1,61.875,59.468,61.875,59.187,1300500000,0
2026-08-30T23:26:56,8906.1,61.875,59.406,61.875,59.156,1300500000,0
2026-08-30T23:27:01,8911.1,62.062,59.406,62.062,59.125,1300500000,0
2026-08-30T23:27:06,8916.1,62.156,59.437,62.156,59.281,1300500000,0
2026-08-30T23:27:11,8921.1,61.937,59.437,62.156,59.25,1300500000,0
2026-08-30T23:27:16,8926.1,61.843,59.718,61.843,59.312,1300500000,0
2026-08-30T23:27:21,8931.1,62.062,59.656,62.062,59.25,1300500000,0
2026-08-30T23:27:26,8936.1,61.906,59.468,61.906,59.312,1300500000,0
2026-08-30T23:27:31,8941.1,62.25,59.531,62.25,59.375,1300500000,0
2026-08-30T23:27:36,8946.1,62.062,59.531,62.062,59.375,1300500000,0
2026-08-30T23:27:41,8951.1,62.156,59.562,62.156,59.593,1300500000,0
2026-08-30T23:27:46,8956.1,62.343,60.093,62.343,59.468,1300500000,0
2026-08-30T23:27:51,8961.2,62.156,59.656,62.156,59.437,1300500000,0
2026-08-30T23:27:56,8966.2,62.062,59.875,62.062,59.531,1300500000,0
2026-08-30T23:28:01,8971.2,62.218,59.812,62.218,59.531,1300500000,0
2026-08-30T23:28:06,8976.2,62.125,60.0,62.125,59.593,1300500000,0
2026-08-30T23:28:11,8981.2,62.343,59.906,62.343,59.531,1300500000,0
2026-08-30T23:28:16,8986.2,62.25,59.843,62.25,59.625,1300500000,0
2026-08-30T23:28:21,8991.2,62.531,59.75,62.531,59.593,1300500000,0
2026-08-30T23:28:26,8996.2,62.218,60.031,62.218,59.687,1300500000,0
2026-08-30T23:28:31,9001.2,62.343,59.781,62.343,59.531,1300500000,0
2026-08-30T23:28:36,9006.2,62.25,60.125,62.25,59.625,1300500000,0
2026-08-30T23:28:41,9011.2,62.531,59.968,62.531,59.75,1300500000,0
2026-08-30T23:28:46,9016.2,62.343,60.25,62.343,59.75,1300500000,0
2026-08-30T23:28:51,9021.2,62.562,60.093,62.562,59.718,1300500000,0
2026-08-30T23:28:56,9026.2,62.437,60.375,62.437,59.781,1300500000,0
2026-08-30T23:29:01,9031.2,62.812,60.343,62.812,59.812,1300500000,0
2026-08-30T23:29:06,9036.2,62.406,60.156,62.406,59.906,1300500000,0
2026-08-30T23:29:11,9041.2,62.593,60.062,62.593,59.843,1300500000,0
2026-08-30T23:29:16,9046.3,62.562,60.406,62.562,59.937,1300500000,0
2026-08-30T23:29:21,9051.3,62.718,60.125,62.718,59.937,1300500000,0
2026-08-30T23:29:26,9056.3,62.593,60.562,62.593,59.937,1300500000,0
2026-08-30T23:29:31,9061.3,62.906,60.406,62.906,59.968,1300500000,0
2026-08-30T23:29:36,9066.3,62.906,60.531,62.906,60.093,1300500000,0
2026-08-30T23:29:41,9071.3,62.625,60.468,62.625,60.062,1300500000,0
2026-08-30T23:29:46,9076.3,62.812,60.437,62.812,60.125,1300500000,0
2026-08-30T23:29:51,9081.3,62.781,60.593,62.781,60.125,1300500000,0
2026-08-30T23:29:56,9086.3,62.75,60.343,62.75,60.218,1300500000,0
2026-08-30T23:30:01,9091.3,63.031,60.468,63.031,60.125,1300500000,0
2026-08-30T23:30:06,9096.3,62.906,60.656,62.906,60.218,1300500000,0
2026-08-30T23:30:11,9101.3,63.125,60.5,63.125,60.218,1300500000,0
2026-08-30T23:30:16,9106.3,63.0,60.906,63.0,60.343,1300500000,0
2026-08-30T23:30:21,9111.3,62.843,60.5,62.843,60.218,1300500000,0
2026-08-30T23:30:26,9116.3,63.093,60.906,63.093,60.406,1300500000,0
2026-08-30T23:30:31,9121.3,63.125,60.781,63.0,60.312,1300500000,0
2026-08-30T23:30:36,9126.3,63.031,60.625,63.031,60.437,1300500000,0
2026-08-30T23:30:41,9131.4,63.218,60.812,63.218,60.468,1300500000,0
2026-08-30T23:30:46,9136.4,63.031,60.75,63.031,60.625,1300500000,0
2026-08-30T23:30:51,9141.4,63.093,60.906,63.093,60.437,1300500000,0
2026-08-30T23:30:57,9146.4,63.187,61.031,63.187,60.437,1300500000,0
2026-08-30T23:31:02,9151.4,63.218,60.906,63.218,60.562,1300500000,0
2026-08-30T23:31:07,9156.4,63.312,61.093,63.312,60.687,1300500000,0
2026-08-30T23:31:12,9161.4,63.406,61.093,63.281,60.5,1300500000,0
2026-08-30T23:31:17,9166.4,63.281,61.187,63.281,60.687,1300500000,0
2026-08-30T23:31:22,9171.4,63.593,61.062,63.593,60.656,1300500000,0
2026-08-30T23:31:27,9176.4,63.343,61.062,63.343,60.781,1300500000,0
2026-08-30T23:31:32,9181.4,63.375,60.656,63.375,60.687,1300500000,0
2026-08-30T23:31:37,9186.4,62.968,59.718,62.968,60.218,1300500000,0
2026-08-30T23:31:42,9191.4,62.656,59.468,62.656,60.218,1300500000,0
2026-08-30T23:31:47,9196.4,62.718,59.593,62.718,59.968,1300500000,0
2026-08-30T23:31:52,9201.4,62.718,59.75,62.718,59.843,1300500000,0
2026-08-30T23:31:57,9206.4,62.406,59.437,62.406,59.75,1300500000,0
2026-08-30T23:32:02,9211.5,62.656,59.156,62.656,59.656,1300500000,0
2026-08-30T23:32:07,9216.5,62.468,59.062,62.468,59.781,1300500000,0
2026-08-30T23:32:12,9221.5,62.218,59.031,62.218,59.562,1300500000,0
2026-08-30T23:32:17,9226.5,62.25,58.906,62.25,59.656,1300500000,0
2026-08-30T23:32:22,9231.5,62.062,59.25,62.062,59.406,1300500000,0
2026-08-30T23:32:27,9236.5,61.937,59.156,62.218,59.468,1300500000,0
2026-08-30T23:32:32,9241.5,62.187,59.312,62.187,59.312,1300500000,0
2026-08-30T23:32:37,9246.5,61.843,58.937,61.843,59.156,1300500000,0
2026-08-30T23:32:42,9251.5,61.718,58.781,61.718,59.218,1300500000,0
2026-08-30T23:32:47,9256.5,61.812,58.718,61.812,59.093,1300500000,0
2026-08-30T23:32:52,9261.5,61.718,58.718,61.718,59.031,1300500000,0
2026-08-30T23:32:57,9266.5,61.812,58.531,61.812,59.093,1300500000,0
2026-08-30T23:33:02,9271.5,61.812,58.937,61.656,59.125,1300500000,0
2026-08-30T23:33:07,9276.5,61.875,58.812,61.875,59.031,1300500000,0
2026-08-30T23:33:12,9281.5,62.156,59.125,62.156,59.25,1300500000,0
2026-08-30T23:33:17,9286.5,61.625,58.625,61.625,59.125,1300500000,0
2026-08-30T23:33:22,9291.5,61.5,58.437,61.5,58.937,1300500000,0
2026-08-30T23:33:27,9296.6,61.656,58.468,61.656,58.906,1300500000,0
2026-08-30T23:33:32,9301.6,61.468,58.312,61.468,58.906,1300500000,0
2026-08-30T23:33:37,9306.6,61.5,58.25,61.5,58.812,1300500000,0
2026-08-30T23:33:42,9311.6,61.625,58.468,61.625,58.718,1300500000,0
2026-08-30T23:33:47,9316.6,61.343,58.375,61.343,58.656,1300500000,0
2026-08-30T23:33:52,9321.6,61.25,58.406,61.25,58.718,1300500000,0
2026-08-30T23:33:57,9326.6,61.218,58.25,61.218,58.562,1300500000,0
2026-08-30T23:34:02,9331.6,61.125,58.0,61.125,58.5,1300500000,0
2026-08-30T23:34:07,9336.6,61.156,58.0,61.156,58.531,1300500000,0
2026-08-30T23:34:12,9341.6,61.156,57.937,61.156,58.562,1300500000,0
2026-08-30T23:34:17,9346.6,61.281,58.125,61.281,58.718,1300500000,0
2026-08-30T23:34:22,9351.6,61.343,58.187,61.343,58.468,1300500000,0
2026-08-30T23:34:27,9356.6,61.125,58.031,61.125,58.562,1300500000,0
2026-08-30T23:34:32,9361.6,60.968,58.062,60.968,58.375,1300500000,0
2026-08-30T23:34:37,9366.6,61.312,58.0,61.312,58.437,1300500000,0
2026-08-30T23:34:42,9371.6,61.25,57.843,61.25,58.281,1300500000,0
2026-08-30T23:34:47,9376.7,60.906,57.687,60.906,58.343,1300500000,0
2026-08-30T23:34:52,9381.7,61.093,57.875,61.093,58.156,1300500000,0
2026-08-30T23:34:57,9386.7,60.843,57.718,60.843,58.343,1300500000,0
2026-08-30T23:35:02,9391.7,60.781,58.062,60.781,58.187,1300500000,0
2026-08-30T23:35:07,9396.7,60.812,57.812,60.812,58.281,1300500000,0
2026-08-30T23:35:12,9401.7,60.937,57.843,60.937,58.218,1300500000,0
2026-08-30T23:35:17,9406.7,60.875,57.656,60.875,58.281,1300500000,0
2026-08-30T23:35:22,9411.7,61.0,57.687,61.0,58.281,1300500000,0
2026-08-30T23:35:27,9416.7,60.781,57.593,60.781,58.281,1300500000,0
2026-08-30T23:35:32,9421.7,61.937,57.781,61.937,58.093,1300500000,0
2026-08-30T23:35:37,9426.7,61.718,57.5,61.718,58.218,1300500000,0
2026-08-30T23:35:42,9431.7,61.843,57.843,61.843,57.968,1300500000,0
2026-08-30T23:35:47,9436.7,61.687,57.625,61.687,58.031,1300500000,0
2026-08-30T23:35:52,9441.7,61.718,57.843,61.718,57.906,1300500000,0
2026-08-30T23:35:57,9446.7,61.5,57.562,61.5,57.968,1300500000,0
2026-08-30T23:36:02,9451.7,61.75,57.5,61.75,57.812,1300500000,0
2026-08-30T23:36:07,9456.7,61.406,57.375,61.406,58.0,1300500000,0
2026-08-30T23:36:12,9461.8,61.75,57.5,61.75,57.812,1300500000,0
2026-08-30T23:36:17,9466.8,60.687,57.375,60.687,58.125,1300500000,0
2026-08-30T23:36:22,9471.8,60.968,58.875,60.968,58.406,1300500000,0
2026-08-30T23:36:27,9476.8,61.75,57.437,61.75,58.0,1300500000,0
2026-08-30T23:36:32,9481.8,61.718,57.593,61.718,57.812,1300500000,0
2026-08-30T23:36:37,9486.8,61.062,57.75,61.062,58.125,1300500000,0
2026-08-30T23:36:42,9491.8,61.156,57.375,61.156,57.812,1300500000,0
2026-08-30T23:36:47,9496.8,60.937,57.468,60.937,57.968,1300500000,0
2026-08-30T23:36:52,9501.8,60.781,57.562,60.781,57.812,1300500000,0
2026-08-30T23:36:57,9506.8,60.875,57.312,60.875,57.812,1300500000,0
2026-08-30T23:37:02,9511.8,61.062,57.5,61.062,57.593,1300500000,0
2026-08-30T23:37:07,9516.8,60.781,57.406,60.781,57.781,1300500000,0
2026-08-30T23:37:12,9521.8,61.0,57.281,61.0,57.656,1300500000,0
2026-08-30T23:37:17,9526.8,60.781,57.375,60.781,57.812,1300500000,0
2026-08-30T23:37:22,9531.8,61.062,57.281,61.062,57.656,1300500000,0
2026-08-30T23:37:27,9536.8,60.687,57.25,60.687,57.75,1300500000,0
2026-08-30T23:37:32,9541.9,60.781,57.531,60.781,57.656,1300500000,0
2026-08-30T23:37:37,9546.9,60.781,57.25,60.875,57.843,1300500000,0
2026-08-30T23:37:42,9551.9,60.906,57.531,60.906,57.656,1300500000,0
2026-08-30T23:37:47,9556.9,60.812,57.375,60.812,57.843,1300500000,0
2026-08-30T23:37:52,9561.9,60.937,57.562,60.937,57.718,1300500000,0
2026-08-30T23:37:57,9566.9,60.781,57.343,60.781,57.906,1300500000,0
2026-08-30T23:38:02,9571.9,60.843,57.406,60.843,57.75,1300500000,0
2026-08-30T23:38:07,9576.9,60.875,57.218,60.875,57.812,1300500000,0
2026-08-30T23:38:12,9581.9,60.781,57.375,60.781,57.718,1300500000,0
2026-08-30T23:38:17,9586.9,60.843,57.187,60.843,57.843,1300500000,0
2026-08-30T23:38:22,9591.9,60.906,57.468,60.906,57.687,1300500000,0
2026-08-30T23:38:27,9596.9,60.781,57.375,60.781,57.812,1300500000,0
2026-08-30T23:38:32,9601.9,61.125,57.343,61.125,57.718,1300500000,0
2026-08-30T23:38:37,9606.9,60.812,57.406,60.812,57.812,1300500000,0
2026-08-30T23:38:42,9611.9,60.781,57.375,60.781,57.781,1300500000,0
2026-08-30T23:38:47,9616.9,60.687,57.25,60.687,57.75,1300500000,0
2026-08-30T23:38:52,9622.0,61.656,57.531,61.656,57.718,1300500000,0
2026-08-30T23:38:57,9627.0,61.562,57.375,61.562,57.781,1300500000,0
2026-08-30T23:39:02,9632.0,60.781,57.5,60.781,57.75,1300500000,0
2026-08-30T23:39:07,9637.0,60.562,57.468,60.562,57.812,1300500000,0
2026-08-30T23:39:12,9642.0,61.281,57.343,61.281,57.718,1300500000,0
2026-08-30T23:39:17,9647.0,61.531,57.25,61.562,57.875,1300500000,0
2026-08-30T23:39:22,9652.0,61.656,57.375,61.656,57.687,1300500000,0
2026-08-30T23:39:27,9657.0,61.593,57.406,61.593,57.843,1300500000,0
2026-08-30T23:39:32,9662.0,61.781,57.531,61.781,57.812,1300500000,0
2026-08-30T23:39:37,9667.0,61.75,57.312,61.75,57.906,1300500000,0
2026-08-30T23:39:42,9672.0,61.968,57.593,61.968,57.875,1300500000,0
2026-08-30T23:39:47,9677.0,60.687,57.656,60.687,58.0,1300500000,0
2026-08-30T23:39:52,9682.0,61.937,58.0,61.937,58.125,1300500000,0
2026-08-30T23:39:57,9687.0,61.625,57.531,61.625,57.937,1300500000,0
2026-08-30T23:40:02,9692.0,61.75,57.406,61.75,57.906,1300500000,0
2026-08-30T23:40:07,9697.0,61.281,57.625,61.281,58.093,1300500000,0
2026-08-30T23:40:12,9702.1,61.218,57.5,61.218,57.937,1300500000,0
2026-08-30T23:40:17,9707.1,61.125,57.468,61.125,57.906,1300500000,0
2026-08-30T23:40:22,9712.1,61.25,57.468,61.25,57.812,1300500000,0
2026-08-30T23:40:27,9717.1,61.125,57.437,61.125,57.968,1300500000,0
2026-08-30T23:40:32,9722.1,61.187,57.343,61.187,57.812,1300500000,0
2026-08-30T23:40:37,9727.1,61.062,57.312,61.062,57.843,1300500000,0
2026-08-30T23:40:42,9732.1,61.125,57.5,61.125,57.875,1300500000,0
2026-08-30T23:40:47,9737.1,61.312,57.343,61.312,57.812,1300500000,0
2026-08-30T23:40:52,9742.1,61.062,57.343,61.062,57.968,1300500000,0
2026-08-30T23:40:57,9747.1,61.0,57.281,61.0,57.812,1300500000,0
2026-08-30T23:41:02,9752.1,61.0,57.531,61.0,57.875,1300500000,0
2026-08-30T23:41:07,9757.1,60.593,57.468,60.593,57.687,1300500000,0
2026-08-30T23:41:12,9762.1,60.531,57.375,60.531,57.906,1300500000,0
2026-08-30T23:41:17,9767.1,60.718,57.312,60.718,57.812,1300500000,0
2026-08-30T23:41:22,9772.1,60.937,57.781,60.781,58.0,1300500000,0
2026-08-30T23:41:27,9777.1,60.718,57.375,60.718,57.843,1300500000,0
2026-08-30T23:41:32,9782.1,60.687,57.468,60.687,57.937,1300500000,0
2026-08-30T23:41:37,9787.2,60.687,57.375,60.687,58.0,1300500000,0
2026-08-30T23:41:42,9792.2,60.812,57.718,60.812,57.875,1300500000,0
2026-08-30T23:41:47,9797.2,60.718,57.468,60.718,57.906,1300500000,0
2026-08-30T23:41:52,9802.2,60.781,57.406,60.781,57.843,1300500000,0
2026-08-30T23:41:57,9807.2,60.656,57.281,60.656,57.875,1300500000,0
2026-08-30T23:42:02,9812.2,60.625,57.531,60.625,57.781,1300500000,0
2026-08-30T23:42:07,9817.2,60.562,57.437,60.562,57.843,1300500000,0
2026-08-30T23:42:12,9822.2,60.687,57.437,60.687,57.906,1300500000,0
2026-08-30T23:42:17,9827.2,60.562,57.5,60.562,57.843,1300500000,0
2026-08-30T23:42:22,9832.2,60.562,57.437,60.562,57.937,1300500000,0
2026-08-30T23:42:27,9837.2,60.843,57.218,60.843,57.812,1300500000,0
2026-08-30T23:42:32,9842.2,60.593,57.437,60.593,57.812,1300500000,0
2026-08-30T23:42:37,9847.2,60.875,57.5,60.875,57.781,1300500000,0
2026-08-30T23:42:42,9852.2,60.468,57.312,60.468,57.812,1300500000,0
2026-08-30T23:42:47,9857.2,60.906,57.312,60.906,57.656,1300500000,0
2026-08-30T23:42:52,9862.2,60.468,57.625,60.468,57.812,1300500000,0
2026-08-30T23:42:57,9867.3,60.437,57.531,60.437,57.906,1300500000,0
2026-08-30T23:43:02,9872.3,60.75,57.5,60.75,57.812,1300500000,0
2026-08-30T23:43:07,9877.3,60.5,57.375,60.5,57.812,1300500000,0
2026-08-30T23:43:12,9882.3,60.781,57.593,60.781,57.781,1300500000,0
2026-08-30T23:43:17,9887.3,60.5,57.562,60.5,57.875,1300500000,0
2026-08-30T23:43:22,9892.3,60.625,57.375,60.625,57.781,1300500000,0
2026-08-30T23:43:27,9897.3,60.531,57.375,60.531,57.937,1300500000,0
2026-08-30T23:43:32,9902.3,61.625,57.656,61.625,57.937,1300500000,0
2026-08-30T23:43:37,9907.3,61.812,57.656,61.812,57.875,1300500000,0
2026-08-30T23:43:42,9912.3,61.718,57.593,61.718,57.906,1300500000,0
2026-08-30T23:43:47,9917.3,61.062,57.5,61.062,57.812,1300500000,0
2026-08-30T23:43:52,9922.3,60.687,57.75,60.687,57.906,1300500000,0
2026-08-30T23:43:57,9927.3,60.812,57.656,60.812,57.843,1300500000,0
2026-08-30T23:44:02,9932.3,60.718,57.593,60.718,57.843,1300500000,0
2026-08-30T23:44:07,9937.3,60.906,57.531,60.906,57.937,1300500000,0
2026-08-30T23:44:12,9942.3,60.875,58.0,60.875,57.937,1300500000,0
2026-08-30T23:44:17,9947.3,60.812,57.687,60.812,57.968,1300500000,0
2026-08-30T23:44:22,9952.4,60.687,57.656,60.687,57.906,1300500000,0
2026-08-30T23:44:27,9957.4,60.718,57.875,60.718,58.062,1300500000,0
2026-08-30T23:44:33,9962.4,60.593,57.812,60.593,58.031,1300500000,0
2026-08-30T23:44:38,9967.4,60.625,57.75,60.625,58.125,1300500000,0
2026-08-30T23:44:43,9972.4,60.843,58.031,60.843,57.968,1300500000,0
2026-08-30T23:44:48,9977.4,60.781,57.968,60.781,58.093,1300500000,0
2026-08-30T23:44:53,9982.4,60.937,58.062,60.937,58.093,1300500000,0
2026-08-30T23:44:58,9987.4,60.718,58.0,60.718,58.25,1300500000,0
2026-08-30T23:45:03,9992.4,60.812,57.937,60.781,58.093,1300500000,0
2026-08-30T23:45:08,9997.4,60.781,57.781,60.781,58.218,1300500000,0
2026-08-30T23:45:13,10002.4,60.937,58.156,60.937,58.187,1300500000,0
2026-08-30T23:45:18,10007.4,61.031,58.093,61.031,58.156,1300500000,0
2026-08-30T23:45:23,10012.4,61.75,58.187,61.75,58.125,1300500000,0
2026-08-30T23:45:28,10017.4,60.875,58.031,60.875,58.187,1300500000,0
2026-08-30T23:45:33,10022.4,60.906,57.968,60.906,58.187,1300500000,0
2026-08-30T23:45:38,10027.4,60.843,57.875,60.843,58.312,1300500000,0
2026-08-30T23:45:43,10032.5,60.937,58.25,60.937,58.25,1300500000,0
2026-08-30T23:45:48,10037.5,61.0,58.218,61.0,58.281,1300500000,0
2026-08-30T23:45:53,10042.5,61.218,58.343,61.218,58.281,1300500000,0
2026-08-30T23:45:58,10047.5,61.25,58.187,61.125,58.312,1300500000,0
2026-08-30T23:46:03,10052.5,61.062,58.062,61.062,58.281,1300500000,0
2026-08-30T23:46:08,10057.5,61.093,58.187,61.093,58.375,1300500000,0
2026-08-30T23:46:13,10062.5,61.218,58.187,61.218,58.343,1300500000,0
2026-08-30T23:46:18,10067.5,61.093,58.187,61.093,58.406,1300500000,0
2026-08-30T23:46:23,10072.5,61.375,58.437,61.375,58.5,1300500000,0
2026-08-30T23:46:28,10077.5,61.312,58.375,61.218,58.406,1300500000,0
2026-08-30T23:46:33,10082.5,61.281,58.312,61.281,58.625,1300500000,0
2026-08-30T23:46:38,10087.5,61.5,58.437,61.5,58.437,1300500000,0
2026-08-30T23:46:43,10092.5,61.281,58.281,61.281,58.718,1300500000,0
2026-08-30T23:46:48,10097.5,61.281,58.218,61.281,58.5,1300500000,0
2026-08-30T23:46:53,10102.5,61.406,58.593,61.406,58.75,1300500000,0
2026-08-30T23:46:58,10107.5,61.281,58.593,61.281,58.625,1300500000,0
2026-08-30T23:47:03,10112.5,61.406,58.75,61.406,58.718,1300500000,0
2026-08-30T23:47:08,10117.6,61.531,58.468,61.531,58.593,1300500000,0
2026-08-30T23:47:13,10122.6,61.437,58.5,61.437,58.75,1300500000,0
2026-08-30T23:47:18,10127.6,61.687,58.468,61.687,58.687,1300500000,0
2026-08-30T23:47:23,10132.6,61.468,58.687,61.468,58.812,1300500000,0
2026-08-30T23:47:28,10137.6,61.593,58.531,61.593,58.687,1300500000,0
2026-08-30T23:47:33,10142.6,61.5,58.937,61.5,58.812,1300500000,0
2026-08-30T23:47:38,10147.6,61.5,58.75,61.5,58.781,1300500000,0
2026-08-30T23:47:43,10152.6,61.5,58.562,61.5,58.812,1300500000,0
2026-08-30T23:47:48,10157.6,61.906,58.718,61.906,58.781,1300500000,0
2026-08-30T23:47:53,10162.6,61.812,58.687,61.812,58.937,1300500000,0
2026-08-30T23:47:58,10167.6,61.593,58.687,61.531,58.781,1300500000,0
2026-08-30T23:48:03,10172.6,62.593,59.0,62.593,58.906,1300500000,0
2026-08-30T23:48:08,10177.6,62.718,58.875,62.718,58.843,1300500000,0
2026-08-30T23:48:13,10182.6,62.531,59.125,62.531,59.0,1300500000,0
2026-08-30T23:48:18,10187.6,62.875,59.031,62.875,59.0,1300500000,0
2026-08-30T23:48:23,10192.6,62.718,58.968,62.718,59.031,1300500000,0
2026-08-30T23:48:28,10197.7,63.0,59.0,63.0,59.0,1300500000,0
2026-08-30T23:48:33,10202.7,62.75,59.031,62.75,59.156,1300500000,0
2026-08-30T23:48:38,10207.7,62.75,58.968,62.75,59.093,1300500000,0
2026-08-30T23:48:43,10212.7,62.5,59.093,62.5,59.187,1300500000,0
2026-08-30T23:48:48,10217.7,62.0,59.125,62.0,59.093,1300500000,0
2026-08-30T23:48:53,10222.7,61.968,59.093,61.968,59.218,1300500000,0
2026-08-30T23:48:58,10227.7,62.218,59.312,62.218,59.187,1300500000,0
2026-08-30T23:49:03,10232.7,62.25,59.031,61.968,59.343,1300500000,0
2026-08-30T23:49:08,10237.7,62.031,59.062,62.031,59.156,1300500000,0
2026-08-30T23:49:13,10242.7,63.0,59.437,63.0,59.343,1300500000,0
2026-08-30T23:49:18,10247.7,63.093,59.125,63.093,59.25,1300500000,0
2026-08-30T23:49:23,10252.7,62.812,59.593,62.812,59.312,1300500000,0
2026-08-30T23:49:28,10257.7,62.187,59.437,62.187,59.312,1300500000,0
2026-08-30T23:49:33,10262.7,62.062,59.375,62.062,59.375,1300500000,0
2026-08-30T23:49:38,10267.7,62.031,59.406,62.031,59.375,1300500000,0
2026-08-30T23:49:43,10272.7,62.093,59.312,62.093,59.437,1300500000,0
2026-08-30T23:49:48,10277.8,62.218,59.343,62.218,59.468,1300500000,0
2026-08-30T23:49:53,10282.8,62.156,59.562,62.156,59.5,1300500000,0
2026-08-30T23:49:58,10287.8,62.281,59.531,62.281,59.531,1300500000,0
2026-08-30T23:50:03,10292.8,62.312,59.468,62.312,59.593,1300500000,0
2026-08-30T23:50:08,10297.8,62.25,59.531,62.25,59.687,1300500000,0
2026-08-30T23:50:13,10302.8,62.593,59.531,62.593,59.625,1300500000,0
2026-08-30T23:50:18,10307.8,62.593,59.531,62.593,59.75,1300500000,0
2026-08-30T23:50:23,10312.8,62.593,59.875,62.593,59.656,1300500000,0
2026-08-30T23:50:28,10317.8,62.375,59.781,62.375,59.812,1300500000,0
2026-08-30T23:50:33,10322.8,62.437,59.812,62.437,59.656,1300500000,0
2026-08-30T23:50:38,10327.8,62.343,59.593,62.343,59.75,1300500000,0
2026-08-30T23:50:43,10332.8,62.593,59.75,62.593,59.656,1300500000,0
2026-08-30T23:50:48,10337.8,62.343,59.687,62.343,59.781,1300500000,0
2026-08-30T23:50:53,10342.8,62.281,59.937,62.281,59.656,1300500000,0
2026-08-30T23:50:58,10347.8,62.312,59.843,62.312,59.75,1300500000,0
2026-08-30T23:51:03,10352.8,62.562,59.718,62.562,59.781,1300500000,0
2026-08-30T23:51:08,10357.8,62.343,59.812,62.343,59.718,1300500000,0
2026-08-30T23:51:13,10362.9,62.718,59.875,62.718,59.656,1300500000,0
2026-08-30T23:51:18,10367.9,62.468,59.812,62.468,59.75,1300500000,0
2026-08-30T23:51:23,10372.9,62.718,59.968,62.718,59.781,1300500000,0
2026-08-30T23:51:28,10377.9,62.375,59.968,62.375,59.75,1300500000,0
2026-08-30T23:51:33,10382.9,62.531,59.937,62.531,59.781,1300500000,0
2026-08-30T23:51:38,10387.9,62.437,59.843,62.437,59.781,1300500000,0
2026-08-30T23:51:43,10392.9,62.5,59.781,62.5,59.75,1300500000,0
2026-08-30T23:51:48,10397.9,62.437,59.937,62.437,59.781,1300500000,0
2026-08-30T23:51:53,10402.9,62.562,60.218,62.562,59.875,1300500000,0
2026-08-30T23:51:58,10407.9,62.75,60.093,62.75,59.875,1300500000,0
2026-08-30T23:52:03,10412.9,62.531,59.937,62.531,60.062,1300500000,0
2026-08-30T23:52:08,10417.9,62.562,60.187,62.562,59.843,1300500000,0
2026-08-30T23:52:13,10422.9,62.718,59.968,62.718,60.0,1300500000,0
2026-08-30T23:52:18,10427.9,62.718,60.031,62.718,59.875,1300500000,0
2026-08-30T23:52:23,10432.9,62.656,60.187,62.656,60.031,1300500000,0
2026-08-30T23:52:28,10437.9,62.843,60.312,62.843,60.0,1300500000,0
2026-08-30T23:52:33,10443.0,62.687,60.187,62.687,60.093,1300500000,0
2026-08-30T23:52:38,10448.0,62.562,60.25,62.562,59.875,1300500000,0
2026-08-30T23:52:43,10453.0,62.781,60.312,62.781,60.156,1300500000,0
2026-08-30T23:52:48,10458.0,63.375,60.125,63.375,60.0,1300500000,0
2026-08-30T23:52:53,10463.0,62.718,60.312,62.718,60.156,1300500000,0
2026-08-30T23:52:58,10468.0,63.062,60.312,63.062,60.062,1300500000,0
2026-08-30T23:53:03,10473.0,62.875,60.468,62.875,60.187,1300500000,0
2026-08-30T23:53:08,10478.0,63.156,60.406,63.156,60.125,1300500000,0
2026-08-30T23:53:13,10483.0,62.937,60.406,62.937,60.218,1300500000,0
2026-08-30T23:53:18,10488.0,63.062,60.343,62.906,60.125,1300500000,0
2026-08-30T23:53:23,10493.0,62.906,60.406,62.906,60.281,1300500000,0
2026-08-30T23:53:28,10498.0,63.093,60.25,63.093,60.187,1300500000,0
2026-08-30T23:53:33,10503.0,63.031,60.531,63.031,60.312,1300500000,0
2026-08-30T23:53:38,10508.0,63.218,60.468,63.218,60.218,1300500000,0
2026-08-30T23:53:43,10513.0,63.093,60.812,63.093,60.312,1300500000,0
2026-08-30T23:53:48,10518.0,63.468,60.781,63.468,60.281,1300500000,0
2026-08-30T23:53:53,10523.0,63.031,60.562,63.031,60.5,1300500000,0
2026-08-30T23:53:58,10528.1,62.937,60.906,62.937,60.375,1300500000,0
2026-08-30T23:54:03,10533.1,63.062,60.812,63.062,60.25,1300500000,0
2026-08-30T23:54:08,10538.1,63.031,60.906,63.031,60.406,1300500000,0
2026-08-30T23:54:13,10543.1,63.156,60.781,63.156,60.437,1300500000,0
2026-08-30T23:54:18,10548.1,63.125,60.718,63.125,60.437,1300500000,0
2026-08-30T23:54:23,10553.1,63.343,60.843,63.343,60.468,1300500000,0
2026-08-30T23:54:28,10558.1,63.093,60.812,63.093,60.593,1300500000,0
2026-08-30T23:54:33,10563.1,63.218,60.906,63.218,60.468,1300500000,0
2026-08-30T23:54:38,10568.1,63.156,60.812,63.156,60.656,1300500000,0
2026-08-30T23:54:43,10573.1,63.218,60.75,63.218,60.593,1300500000,0
2026-08-30T23:54:48,10578.1,63.218,61.218,63.218,60.687,1300500000,0
2026-08-30T23:54:53,10583.1,63.5,60.906,63.5,60.656,1300500000,0
2026-08-30T23:54:58,10588.1,63.218,61.187,63.218,60.718,1300500000,0
2026-08-30T23:55:03,10593.1,63.218,60.968,63.218,60.718,1300500000,0
2026-08-30T23:55:08,10598.1,63.343,61.25,63.343,60.593,1300500000,0
2026-08-30T23:55:13,10603.1,63.25,61.093,63.25,60.625,1300500000,0
2026-08-30T23:55:18,10608.2,63.437,61.25,63.437,60.843,1300500000,0
2026-08-30T23:55:23,10613.2,63.437,61.25,63.437,60.781,1300500000,0
2026-08-30T23:55:28,10618.2,63.406,61.125,63.406,60.781,1300500000,0
2026-08-30T23:55:33,10623.2,63.625,61.093,63.625,60.687,1300500000,0
2026-08-30T23:55:38,10628.2,63.5,61.343,63.5,60.875,1300500000,0
2026-08-30T23:55:43,10633.2,63.593,61.25,63.593,60.906,1300500000,0
2026-08-30T23:55:48,10638.2,63.5,61.25,63.5,60.968,1300500000,0
2026-08-30T23:55:53,10643.2,63.625,61.125,63.625,60.875,1300500000,0
2026-08-30T23:55:58,10648.2,63.656,61.468,63.656,61.0,1300500000,0
2026-08-30T23:56:03,10653.2,63.562,61.343,63.562,61.062,1300500000,0
2026-08-30T23:56:08,10658.2,63.937,61.281,63.937,61.0,1300500000,0
2026-08-30T23:56:13,10663.2,63.718,61.187,63.718,60.968,1300500000,0
2026-08-30T23:56:18,10668.2,63.593,60.562,63.437,60.75,1300500000,0
2026-08-30T23:56:23,10673.2,63.187,60.0,63.187,60.593,1300500000,0
2026-08-30T23:56:28,10678.2,63.312,59.937,63.312,60.468,1300500000,0
2026-08-30T23:56:33,10683.2,62.968,59.687,62.968,60.375,1300500000,0
2026-08-30T23:56:38,10688.2,63.093,59.968,63.093,60.218,1300500000,0
2026-08-30T23:56:43,10693.3,63.187,59.75,63.187,60.156,1300500000,0
2026-08-30T23:56:48,10698.3,62.718,59.5,62.718,60.125,1300500000,0
2026-08-30T23:56:53,10703.3,62.75,59.281,62.656,59.906,1300500000,0
2026-08-30T23:56:58,10708.3,62.531,59.531,62.531,60.0,1300500000,0
2026-08-30T23:57:03,10713.3,62.687,59.406,62.687,59.812,1300500000,0
2026-08-30T23:57:08,10718.3,62.437,59.281,62.437,59.781,1300500000,0
2026-08-30T23:57:13,10723.3,62.187,59.031,62.375,59.531,1300500000,0
2026-08-30T23:57:18,10728.3,62.5,59.437,62.5,59.593,1300500000,0
2026-08-30T23:57:23,10733.3,62.156,59.156,62.156,59.718,1300500000,0
2026-08-30T23:57:28,10738.3,62.0,59.312,62.0,59.468,1300500000,0
2026-08-30T23:57:33,10743.3,62.125,59.062,62.125,59.562,1300500000,0
2026-08-30T23:57:38,10748.3,62.125,58.968,62.125,59.312,1300500000,0
2026-08-30T23:57:43,10753.3,61.906,58.656,61.906,59.437,1300500000,0
2026-08-30T23:57:48,10758.3,62.156,59.062,62.156,59.25,1300500000,0
2026-08-30T23:57:53,10763.3,61.875,58.937,61.875,59.281,1300500000,0
2026-08-30T23:57:58,10768.3,61.781,60.375,61.781,59.343,1300500000,0
2026-08-30T23:58:03,10773.3,61.875,58.593,61.875,59.25,1300500000,0
2026-08-30T23:58:08,10778.4,61.906,58.593,61.906,59.031,1300500000,0
2026-08-30T23:58:13,10783.4,61.75,58.437,61.75,59.187,1300500000,0
2026-08-30T23:58:19,10788.4,61.843,58.687,61.843,59.0,1300500000,0
2026-08-30T23:58:24,10793.4,61.718,58.562,61.718,58.937,1300500000,0
2026-08-30T23:58:29,10798.4,61.656,58.437,61.656,58.781,1300500000,0
2026-08-30T23:58:34,10803.4,61.531,58.218,61.531,58.875,1300500000,0
2026-08-30T23:58:39,10808.4,61.562,58.375,61.562,58.75,1300500000,0
2026-08-30T23:58:44,10813.4,61.406,58.25,61.406,58.843,1300500000,0
2026-08-30T23:58:49,10818.4,61.593,58.5,61.593,58.687,1300500000,0
2026-08-30T23:58:54,10823.4,61.812,58.531,61.812,58.875,1300500000,0
2026-08-30T23:58:59,10828.4,61.468,58.281,61.468,58.656,1300500000,0
2026-08-30T23:59:04,10833.4,61.843,58.468,61.843,58.75,1300500000,0
2026-08-30T23:59:09,10838.4,61.5,58.468,61.5,58.843,1300500000,0
2026-08-30T23:59:14,10843.4,61.593,58.5,61.593,58.812,1300500000,0
2026-08-30T23:59:19,10848.4,61.5,58.468,61.5,58.843,1300500000,0
2026-08-30T23:59:24,10853.4,61.625,61.437,61.625,59.25,1300500000,0
2026-08-30T23:59:29,10858.4,61.375,58.218,61.375,58.75,1300500000,0
2026-08-30T23:59:34,10863.5,61.656,58.093,61.656,58.687,1300500000,0
2026-08-30T23:59:39,10868.5,61.343,58.406,61.343,58.687,1300500000,0
2026-08-30T23:59:44,10873.5,61.437,58.343,61.437,58.593,1300500000,0
2026-08-30T23:59:49,10878.5,61.25,58.468,61.25,58.656,1300500000,0
2026-08-30T23:59:54,10883.5,61.312,58.25,61.312,58.531,1300500000,0
2026-08-30T23:59:59,10888.5,61.25,58.062,61.25,58.531,1300500000,0
2026-08-31T00:00:04,10893.5,61.437,58.062,61.437,58.562,1300500000,0
2026-08-31T00:00:09,10898.5,61.468,58.281,61.468,58.5,1300500000,0
2026-08-31T00:00:14,10903.5,61.281,58.062,61.281,58.437,1300500000,0
2026-08-31T00:00:19,10908.5,61.468,58.843,61.468,58.781,1300500000,0
2026-08-31T00:00:24,10913.5,61.375,61.062,61.375,58.906,1300500000,0
2026-08-31T00:00:29,10918.5,61.343,58.062,61.343,58.562,1300500000,0
2026-08-31T00:00:34,10923.5,61.156,57.906,61.312,58.437,1300500000,0
2026-08-31T00:00:39,10928.5,61.625,58.468,61.625,58.531,1300500000,0
2026-08-31T00:00:44,10933.5,61.218,57.937,61.218,58.656,1300500000,0
2026-08-31T00:00:49,10938.5,61.656,58.468,61.656,58.531,1300500000,0
2026-08-31T00:00:54,10943.6,61.218,58.187,61.218,58.562,1300500000,0
2026-08-31T00:00:59,10948.6,61.281,58.0,61.281,58.437,1300500000,0
2026-08-31T00:01:04,10953.6,61.093,57.875,61.093,58.437,1300500000,0
2026-08-31T00:01:09,10958.6,61.218,58.187,61.218,58.406,1300500000,0
2026-08-31T00:01:14,10963.6,61.062,58.031,61.062,58.5,1300500000,0
2026-08-31T00:01:19,10968.6,61.312,58.25,61.312,58.281,1300500000,0
2026-08-31T00:01:24,10973.6,61.125,58.0,61.125,58.468,1300500000,0
2026-08-31T00:01:29,10978.6,61.156,57.968,61.156,58.343,1300500000,0
2026-08-31T00:01:34,10983.6,61.062,57.718,61.062,58.406,1300500000,0
2026-08-31T00:01:39,10988.6,61.093,58.093,61.093,58.25,1300500000,0
2026-08-31T00:01:44,10993.6,60.968,57.843,60.968,58.281,1300500000,0
2026-08-31T00:01:49,10998.6,60.968,57.75,61.093,58.187,1300500000,0
2026-08-31T00:01:54,11003.6,61.25,57.687,61.25,58.218,1300500000,0
2026-08-31T00:01:59,11008.6,60.968,57.812,60.968,58.312,1300500000,0
2026-08-31T00:02:04,11013.6,60.906,57.875,60.906,58.187,1300500000,0
2026-08-31T00:02:09,11018.6,60.968,58.0,60.968,58.312,1300500000,0
2026-08-31T00:02:14,11023.6,61.0,57.812,61.0,58.187,1300500000,0
2026-08-31T00:02:19,11028.7,60.843,57.718,60.843,58.281,1300500000,0
2026-08-31T00:02:24,11033.7,61.062,57.625,61.062,58.156,1300500000,0
2026-08-31T00:02:29,11038.7,60.906,58.062,60.906,58.187,1300500000,0
2026-08-31T00:02:34,11043.7,61.281,57.687,61.281,58.218,1300500000,0
2026-08-31T00:02:39,11048.7,60.812,58.093,60.812,58.187,1300500000,0
2026-08-31T00:02:44,11053.7,60.968,57.781,60.968,58.125,1300500000,0
2026-08-31T00:02:49,11058.7,60.843,57.781,60.843,58.156,1300500000,0
2026-08-31T00:02:54,11063.7,61.031,57.687,61.031,58.093,1300500000,0
2026-08-31T00:02:59,11068.7,61.093,58.062,61.093,58.031,1300500000,0
2026-08-31T00:03:04,11073.7,60.937,57.781,60.937,58.093,1300500000,0
2026-08-31T00:03:09,11078.7,61.187,57.718,61.187,58.125,1300500000,0
2026-08-31T00:03:14,11083.7,61.0,57.875,61.0,58.312,1300500000,0
2026-08-31T00:03:19,11088.7,60.781,57.75,60.781,58.156,1300500000,0
2026-08-31T00:03:24,11093.7,60.781,57.781,60.781,58.187,1300500000,0
2026-08-31T00:03:29,11098.7,60.937,58.125,60.937,58.093,1300500000,0
2026-08-31T00:03:34,11103.7,60.843,57.906,60.843,58.218,1300500000,0
2026-08-31T00:03:39,11108.7,61.125,57.812,61.125,58.156,1300500000,0
2026-08-31T00:03:44,11113.8,60.781,57.843,60.781,58.187,1300500000,0
2026-08-31T00:03:49,11118.8,60.937,57.781,60.937,58.156,1300500000,0
2026-08-31T00:03:54,11123.8,60.812,57.75,60.812,58.25,1300500000,0
2026-08-31T00:03:59,11128.8,61.0,58.125,61.0,58.125,1300500000,0
2026-08-31T00:04:04,11133.8,60.812,57.937,60.812,58.125,1300500000,0
2026-08-31T00:04:09,11138.8,61.093,57.906,61.093,58.125,1300500000,0
2026-08-31T00:04:14,11143.8,61.187,57.718,61.187,58.156,1300500000,0
2026-08-31T00:04:19,11148.8,60.968,57.781,60.968,58.187,1300500000,0
2026-08-31T00:04:24,11153.8,60.937,57.812,60.937,58.25,1300500000,0
2026-08-31T00:04:29,11158.8,61.062,58.281,61.062,58.156,1300500000,0
2026-08-31T00:04:34,11163.8,60.937,58.0,60.937,58.156,1300500000,0
2026-08-31T00:04:39,11168.8,60.937,57.937,60.937,58.343,1300500000,0
2026-08-31T00:04:44,11173.8,61.156,57.968,61.156,58.25,1300500000,0
2026-08-31T00:04:49,11178.8,61.062,57.843,61.062,58.375,1300500000,0
2026-08-31T00:04:54,11183.8,61.312,58.093,61.312,58.187,1300500000,0
2026-08-31T00:04:59,11188.8,61.125,58.312,61.125,58.375,1300500000,0
2026-08-31T00:05:04,11193.8,61.031,58.156,61.031,58.218,1300500000,0
2026-08-31T00:05:09,11198.9,60.968,58.187,60.968,58.281,1300500000,0
2026-08-31T00:05:14,11203.9,61.218,58.0,61.218,58.281,1300500000,0
2026-08-31T00:05:19,11208.9,61.093,58.343,61.093,58.375,1300500000,0
2026-08-31T00:05:24,11213.9,61.312,57.937,61.312,58.312,1300500000,0
2026-08-31T00:05:29,11218.9,61.156,58.5,61.156,58.375,1300500000,0
2026-08-31T00:05:34,11223.9,61.187,58.125,61.187,58.312,1300500000,0
2026-08-31T00:05:39,11228.9,61.093,58.125,61.093,58.437,1300500000,0
2026-08-31T00:05:44,11233.9,61.312,58.125,61.312,58.312,1300500000,0
2026-08-31T00:05:49,11238.9,61.125,58.5,61.125,58.406,1300500000,0
2026-08-31T00:05:54,11243.9,61.187,58.312,61.281,58.343,1300500000,0
2026-08-31T00:05:59,11248.9,61.468,58.468,61.468,58.437,1300500000,0
2026-08-31T00:06:04,11253.9,61.312,58.406,61.312,58.531,1300500000,0
2026-08-31T00:06:09,11258.9,61.218,58.375,61.218,58.468,1300500000,0
2026-08-31T00:06:14,11263.9,61.281,58.281,61.281,58.656,1300500000,0
2026-08-31T00:06:19,11268.9,61.312,58.718,61.312,58.5,1300500000,0
2026-08-31T00:06:24,11273.9,61.25,58.468,61.25,58.593,1300500000,0
2026-08-31T00:06:29,11278.9,61.468,58.468,61.468,58.468,1300500000,0
2026-08-31T00:06:34,11284.0,61.375,58.25,61.375,58.5,1300500000,0
2026-08-31T00:06:39,11289.0,61.343,58.312,61.343,58.468,1300500000,0
2026-08-31T00:06:44,11294.0,61.281,58.656,61.281,58.656,1300500000,0
2026-08-31T00:06:49,11299.0,61.468,58.468,61.468,58.593,1300500000,0
2026-08-31T00:06:54,11304.0,61.343,58.5,61.343,58.593,1300500000,0
2026-08-31T00:06:59,11309.0,61.437,58.625,61.468,58.656,1300500000,0
2026-08-31T00:07:04,11314.0,61.718,58.5,61.718,58.687,1300500000,0
2026-08-31T00:07:09,11319.0,61.375,58.468,61.375,58.812,1300500000,0
2026-08-31T00:07:14,11324.0,61.75,58.656,61.75,58.718,1300500000,0
2026-08-31T00:07:19,11329.0,61.562,58.656,61.562,58.812,1300500000,0
2026-08-31T00:07:24,11334.0,61.562,58.531,61.562,58.75,1300500000,0
2026-08-31T00:07:29,11339.0,61.593,58.593,61.593,58.875,1300500000,0
2026-08-31T00:07:34,11344.0,61.718,58.937,61.718,58.781,1300500000,0
2026-08-31T00:07:39,11349.0,61.5,58.718,61.5,58.875,1300500000,0
2026-08-31T00:07:44,11354.0,61.656,58.906,61.812,58.781,1300500000,0
2026-08-31T00:07:49,11359.0,61.531,58.781,61.531,58.875,1300500000,0
2026-08-31T00:07:54,11364.0,61.75,58.781,61.75,58.875,1300500000,0
2026-08-31T00:07:59,11369.1,61.562,58.781,61.562,58.906,1300500000,0
2026-08-31T00:08:04,11374.1,61.75,58.968,61.75,59.125,1300500000,0
2026-08-31T00:08:09,11379.1,61.812,58.843,61.812,58.875,1300500000,0
2026-08-31T00:08:14,11384.1,61.718,58.812,61.718,59.093,1300500000,0
2026-08-31T00:08:19,11389.1,61.906,58.781,61.906,59.0,1300500000,0
2026-08-31T00:08:24,11394.1,61.781,58.968,61.781,59.093,1300500000,0
2026-08-31T00:08:29,11399.1,61.718,58.968,61.718,59.0,1300500000,0
2026-08-31T00:08:34,11404.1,61.812,59.25,61.812,59.125,1300500000,0
2026-08-31T00:08:39,11409.1,61.906,59.031,61.906,59.093,1300500000,0
2026-08-31T00:08:44,11414.1,61.875,59.031,61.875,59.125,1300500000,0
2026-08-31T00:08:49,11419.1,61.812,59.031,61.812,59.375,1300500000,0
2026-08-31T00:08:54,11424.1,62.062,59.156,62.062,59.093,1300500000,0
2026-08-31T00:08:59,11429.1,61.906,59.093,61.906,59.25,1300500000,0
2026-08-31T00:09:04,11434.1,62.062,59.312,62.062,59.125,1300500000,0
2026-08-31T00:09:09,11439.1,61.937,59.281,61.937,59.25,1300500000,0
2026-08-31T00:09:14,11444.1,62.062,59.156,62.062,59.218,1300500000,0
2026-08-31T00:09:19,11449.1,62.125,59.25,62.125,59.218,1300500000,0
2026-08-31T00:09:24,11454.2,62.062,59.406,62.062,59.375,1300500000,0
2026-08-31T00:09:29,11459.2,62.343,59.437,62.343,59.281,1300500000,0
2026-08-31T00:09:34,11464.2,62.031,59.281,62.031,59.406,1300500000,0
2026-08-31T00:09:39,11469.2,62.187,59.25,62.187,59.375,1300500000,0
2026-08-31T00:09:44,11474.2,62.062,59.531,62.062,59.375,1300500000,0
2026-08-31T00:09:49,11479.2,62.125,59.437,62.125,59.468,1300500000,0
2026-08-31T00:09:54,11484.2,62.312,59.406,62.312,59.5,1300500000,0
2026-08-31T00:09:59,11489.2,62.25,59.5,62.25,59.531,1300500000,0
2026-08-31T00:10:04,11494.2,62.531,59.718,62.531,59.5,1300500000,0
2026-08-31T00:10:09,11499.2,62.187,59.468,62.187,59.562,1300500000,0
2026-08-31T00:10:14,11504.2,62.406,59.562,62.406,59.5,1300500000,0
2026-08-31T00:10:19,11509.2,62.187,59.625,62.187,59.656,1300500000,0
2026-08-31T00:10:24,11514.2,62.5,59.875,62.5,59.5,1300500000,0
2026-08-31T00:10:29,11519.2,62.593,59.718,62.593,59.656,1300500000,0
2026-08-31T00:10:34,11524.2,62.468,59.718,62.468,59.562,1300500000,0
2026-08-31T00:10:39,11529.2,62.656,59.906,62.656,59.656,1300500000,0
2026-08-31T00:10:44,11534.3,62.625,59.656,62.625,59.625,1300500000,0
2026-08-31T00:10:49,11539.3,62.437,59.781,62.437,59.781,1300500000,0
2026-08-31T00:10:54,11544.3,62.5,60.0,62.5,59.843,1300500000,0
2026-08-31T00:10:59,11549.3,62.718,60.0,62.718,59.75,1300500000,0
2026-08-31T00:11:04,11554.3,62.687,60.0,62.687,59.906,1300500000,0
2026-08-31T00:11:09,11559.3,62.781,59.906,62.781,59.812,1300500000,0
2026-08-31T00:11:14,11564.3,62.593,59.937,62.593,59.968,1300500000,0
2026-08-31T00:11:19,11569.3,62.625,60.0,62.625,59.843,1300500000,0
2026-08-31T00:11:24,11574.3,62.625,60.312,62.625,59.906,1300500000,0
2026-08-31T00:11:29,11579.3,62.843,60.125,62.843,60.0,1300500000,0
2026-08-31T00:11:34,11584.3,62.687,60.093,62.687,60.062,1300500000,0
2026-08-31T00:11:39,11589.3,62.906,60.0,62.906,60.0,1300500000,0
2026-08-31T00:11:44,11594.3,63.0,60.062,63.0,60.031,1300500000,0
2026-08-31T00:11:49,11599.3,62.812,60.093,62.812,60.0,1300500000,0
2026-08-31T00:11:54,11604.3,62.718,60.375,62.718,60.187,1300500000,0
2026-08-31T00:11:59,11609.3,62.875,60.406,62.875,60.125,1300500000,0
2026-08-31T00:12:04,11614.3,62.843,60.281,62.843,60.187,1300500000,0
2026-08-31T00:12:09,11619.4,62.875,60.218,62.875,60.25,1300500000,0
2026-08-31T00:12:14,11624.4,63.187,60.5,63.187,60.156,1300500000,0
2026-08-31T00:12:19,11629.4,62.937,60.375,62.937,60.312,1300500000,0
2026-08-31T00:12:25,11634.4,63.218,60.625,63.218,60.25,1300500000,0
2026-08-31T00:12:30,11639.4,63.093,60.562,63.093,60.343,1300500000,0
2026-08-31T00:12:35,11644.4,63.125,60.625,63.125,60.25,1300500000,0
2026-08-31T00:12:40,11649.4,63.062,60.375,63.062,60.343,1300500000,0
2026-08-31T00:12:45,11654.4,63.218,60.843,63.218,60.25,1300500000,0
2026-08-31T00:12:50,11659.4,63.093,60.625,63.093,60.468,1300500000,0
2026-08-31T00:12:55,11664.4,63.562,60.75,63.562,60.437,1300500000,0
2026-08-31T00:13:00,11669.4,63.125,60.687,63.125,60.531,1300500000,0
2026-08-31T00:13:05,11674.4,63.25,60.625,63.25,60.5,1300500000,0
2026-08-31T00:13:10,11679.4,63.218,60.625,63.218,60.531,1300500000,0
2026-08-31T00:13:15,11684.4,63.406,61.0,63.406,60.718,1300500000,0
2026-08-31T00:13:20,11689.4,63.531,60.906,63.343,60.562,1300500000,0
2026-08-31T00:13:25,11694.4,63.281,60.906,63.281,60.718,1300500000,0
2026-08-31T00:13:30,11699.4,63.593,60.718,63.593,60.593,1300500000,0
2026-08-31T00:13:35,11704.5,63.375,60.781,63.375,60.781,1300500000,0
2026-08-31T00:13:40,11709.5,63.343,60.812,63.343,60.625,1300500000,0
2026-08-31T00:13:45,11714.5,63.281,61.156,63.437,60.656,1300500000,0
2026-08-31T00:13:50,11719.5,63.593,61.062,63.593,60.687,1300500000,0
2026-08-31T00:13:55,11724.5,63.375,60.843,63.375,60.875,1300500000,0
2026-08-31T00:14:00,11729.5,63.656,61.031,63.656,60.718,1300500000,0
2026-08-31T00:14:05,11734.5,63.437,60.968,63.437,60.75,1300500000,0
2026-08-31T00:14:10,11739.5,63.5,60.843,63.5,60.656,1300500000,0
2026-08-31T00:14:15,11744.5,63.375,61.218,63.375,60.718,1300500000,0
2026-08-31T00:14:20,11749.5,63.562,61.0,63.562,60.687,1300500000,0
2026-08-31T00:14:25,11754.5,63.468,61.062,63.468,60.781,1300500000,0
2026-08-31T00:14:30,11759.5,63.531,61.062,63.656,60.687,1300500000,0
2026-08-31T00:14:35,11764.5,63.625,61.218,63.625,60.75,1300500000,0
2026-08-31T00:14:40,11769.5,63.625,61.093,63.625,60.875,1300500000,0
2026-08-31T00:14:45,11774.5,63.406,61.156,63.406,60.718,1300500000,0
2026-08-31T00:14:50,11779.5,63.562,60.968,63.562,60.812,1300500000,0
2026-08-31T00:14:55,11784.6,63.656,61.406,63.656,60.843,1300500000,0
2026-08-31T00:15:00,11789.6,63.656,61.25,63.656,60.968,1300500000,0
2026-08-31T00:15:05,11794.6,63.812,61.218,63.812,60.843,1300500000,0
2026-08-31T00:15:10,11799.6,63.843,61.125,63.843,60.875,1300500000,0
2026-08-31T00:15:15,11804.6,63.687,61.375,63.687,61.0,1300500000,0
2026-08-31T00:15:20,11809.6,63.593,61.25,63.593,60.875,1300500000,0
2026-08-31T00:15:25,11814.6,63.656,61.312,63.75,61.125,1300500000,0
2026-08-31T00:15:30,11819.6,63.812,61.375,63.812,60.968,1300500000,0
2026-08-31T00:15:35,11824.6,63.75,61.531,63.75,61.093,1300500000,0
2026-08-31T00:15:40,11829.6,63.843,61.406,63.843,60.937,1300500000,0
2026-08-31T00:15:45,11834.6,64.0,61.343,63.812,61.062,1300500000,0
2026-08-31T00:15:50,11839.6,63.875,61.656,63.875,61.031,1300500000,0
2026-08-31T00:15:55,11844.6,63.875,61.468,63.875,61.125,1300500000,0
2026-08-31T00:16:00,11849.6,63.531,58.718,63.531,60.531,1300500000,0
2026-08-31T00:16:05,11854.6,62.031,57.562,62.031,59.781,1300500000,0
2026-08-31T00:16:10,11859.6,61.343,56.906,61.343,59.25,1300500000,0
2026-08-31T00:16:15,11864.6,61.125,56.875,61.125,58.75,1300500000,0
2026-08-31T00:16:20,11869.7,60.812,56.187,60.812,58.406,1300500000,0
2026-08-31T00:16:25,11874.7,60.25,55.718,60.25,58.281,1300500000,0
2026-08-31T00:16:30,11879.7,59.906,55.343,59.906,57.718,1300500000,0
2026-08-31T00:16:35,11884.7,59.625,55.468,59.625,57.5,1300500000,0
2026-08-31T00:16:40,11889.7,59.437,54.937,59.437,57.187,1300500000,0
2026-08-31T00:16:45,11894.7,59.062,54.5,59.062,56.875,1300500000,0
2026-08-31T00:16:50,11899.7,58.812,54.312,58.812,56.687,1300500000,0
2026-08-31T00:16:55,11904.7,58.875,53.875,58.875,56.343,1300500000,0
2026-08-31T00:17:00,11909.7,58.375,53.906,58.375,56.156,1300500000,0
2026-08-31T00:17:05,11914.7,58.156,53.625,58.0,55.843,1300500000,0
2026-08-31T00:17:10,11919.7,57.843,53.25,57.843,55.687,1300500000,0
2026-08-31T00:17:15,11924.7,57.75,52.937,57.75,55.343,1300500000,0
2026-08-31T00:17:20,11929.7,57.5,52.843,57.5,55.25,1300500000,0
2026-08-31T00:17:25,11934.7,57.343,52.562,57.343,55.125,1300500000,0
2026-08-31T00:17:30,11939.7,57.468,52.718,57.468,54.781,1300500000,0
2026-08-31T00:17:35,11944.7,57.125,52.375,57.125,54.812,1300500000,0
2026-08-31T00:17:40,11949.7,56.906,52.218,56.906,54.468,1300500000,0
2026-08-31T00:17:45,11954.8,56.687,51.937,56.687,54.406,1300500000,0
2026-08-31T00:17:50,11959.8,56.75,52.093,56.75,54.125,1300500000,0
2026-08-31T00:17:55,11964.8,56.625,51.75,56.625,54.0,1300500000,0
2026-08-31T00:18:00,11969.8,56.343,51.531,56.343,54.0,1300500000,0
2026-08-31T00:18:05,11974.8,56.437,51.312,56.437,53.718,1300500000,0
2026-08-31T00:18:10,11979.8,55.937,51.5,55.937,53.531,1300500000,0
2026-08-31T00:18:15,11984.8,55.937,51.281,55.937,53.406,1300500000,0
2026-08-31T00:18:20,11989.8,55.656,51.0,55.656,53.281,1300500000,0
2026-08-31T00:18:25,11994.8,55.593,50.968,55.593,53.218,1300500000,0
2026-08-31T00:18:30,11999.8,55.687,50.718,55.687,53.0,1300500000,0
2026-08-31T00:18:35,12004.8,55.437,50.531,55.437,52.968,1300500000,0
2026-08-31T00:18:40,12009.8,55.375,50.812,55.375,52.812,1300500000,0
2026-08-31T00:18:45,12014.8,55.062,50.562,55.062,52.687,1300500000,0
2026-08-31T00:18:50,12019.8,55.218,50.312,55.218,52.812,1300500000,0
2026-08-31T00:18:55,12024.8,55.156,50.156,55.156,52.468,1300500000,0
2026-08-31T00:19:00,12029.8,54.906,50.343,54.906,52.468,1300500000,0
2026-08-31T00:19:05,12034.8,54.968,50.156,54.968,52.218,1300500000,0
2026-08-31T00:19:10,12039.9,55.0,49.875,55.0,52.156,1300500000,0
2026-08-31T00:19:15,12044.9,54.656,49.718,54.656,52.312,1300500000,0
2026-08-31T00:19:20,12049.9,54.437,49.718,54.437,52.0,1300500000,0
2026-08-31T00:19:25,12054.9,54.406,49.687,54.406,52.0,1300500000,0
2026-08-31T00:19:30,12059.9,54.468,49.562,54.468,51.781,1300500000,0
2026-08-31T00:19:35,12064.9,54.343,49.531,54.343,51.812,1300500000,0
2026-08-31T00:19:40,12069.9,54.187,49.375,54.187,51.562,1300500000,0
2026-08-31T00:19:45,12074.9,54.468,49.437,54.468,51.562,1300500000,0
2026-08-31T00:19:50,12079.9,54.062,49.25,54.062,51.625,1300500000,0
2026-08-31T00:19:55,12084.9,53.906,49.062,53.906,51.375,1300500000,0
2026-08-31T00:20:00,12089.9,53.781,49.375,53.781,51.437,1300500000,0
2026-08-31T00:20:05,12094.9,53.968,49.093,53.968,51.312,1300500000,0
2026-08-31T00:20:10,12099.9,53.812,48.843,53.812,51.187,1300500000,0
2026-08-31T00:20:15,12104.9,53.906,48.812,53.906,51.031,1300500000,0
2026-08-31T00:20:20,12109.9,53.875,49.093,53.875,51.093,1300500000,0
2026-08-31T00:20:25,12114.9,53.593,48.812,53.593,50.968,1300500000,0
2026-08-31T00:20:30,12119.9,53.5,48.593,53.5,50.968,1300500000,0
2026-08-31T00:20:35,12124.9,53.531,48.437,53.531,51.031,1300500000,0
2026-08-31T00:20:40,12130.0,53.5,48.812,53.5,50.875,1300500000,0
2026-08-31T00:20:45,12135.0,53.406,48.687,53.406,50.968,1300500000,0
2026-08-31T00:20:50,12140.0,53.5,48.781,53.5,50.656,1300500000,0
2026-08-31T00:20:55,12145.0,53.312,48.468,53.312,50.75,1300500000,0
2026-08-31T00:21:00,12150.0,53.218,48.375,53.218,50.656,1300500000,0
2026-08-31T00:21:05,12155.0,53.125,48.25,53.125,50.656,1300500000,0
2026-08-31T00:21:10,12160.0,53.218,48.625,53.218,50.5,1300500000,0
2026-08-31T00:21:15,12165.0,53.062,48.281,53.062,50.531,1300500000,0
2026-08-31T00:21:20,12170.0,53.25,48.156,53.25,50.375,1300500000,0
2026-08-31T00:21:25,12175.0,53.25,48.156,53.25,50.312,1300500000,0
2026-08-31T00:21:30,12180.0,53.031,47.875,53.031,50.406,1300500000,0
2026-08-31T00:21:35,12185.0,52.875,48.156,52.875,50.281,1300500000,0
2026-08-31T00:21:40,12190.0,52.968,48.031,52.968,50.312,1300500000,0
2026-08-31T00:21:45,12195.0,52.968,47.875,52.968,50.25,1300500000,0
2026-08-31T00:21:50,12200.0,52.781,47.781,52.781,50.125,1300500000,0
2026-08-31T00:21:55,12205.0,53.0,47.843,53.0,50.031,1300500000,0
2026-08-31T00:22:00,12210.0,52.687,47.75,52.687,50.031,1300500000,0
2026-08-31T00:22:05,12215.1,52.593,47.968,52.593,49.906,1300500000,0
2026-08-31T00:22:10,12220.1,52.562,47.75,52.562,50.0,1300500000,0
2026-08-31T00:22:15,12225.1,52.625,47.593,52.625,49.812,1300500000,0
2026-08-31T00:22:20,12230.1,52.5,47.5,52.5,49.875,1300500000,0
2026-08-31T00:22:25,12235.1,52.656,47.718,52.656,49.781,1300500000,0
2026-08-31T00:22:30,12240.1,52.593,47.593,52.593,49.75,1300500000,0
2026-08-31T00:22:35,12245.1,52.406,47.437,52.406,49.906,1300500000,0
2026-08-31T00:22:40,12250.1,52.312,47.437,52.312,49.718,1300500000,0
2026-08-31T00:22:45,12255.1,52.437,47.468,52.437,49.687,1300500000,0
2026-08-31T00:22:50,12260.1,52.406,47.312,52.406,49.531,1300500000,0
2026-08-31T00:22:55,12265.1,52.281,47.375,52.281,49.656,1300500000,0
2026-08-31T00:23:00,12270.1,52.343,47.312,52.343,49.562,1300500000,0
2026-08-31T00:23:05,12275.1,52.156,47.281,52.156,49.593,1300500000,0
2026-08-31T00:23:10,12280.1,52.187,47.125,52.375,49.5,1300500000,0
2026-08-31T00:23:15,12285.1,52.062,47.343,52.062,49.5,1300500000,0
2026-08-31T00:23:20,12290.1,52.156,47.187,52.156,49.343,1300500000,0
2026-08-31T00:23:25,12295.1,52.0,47.093,52.0,49.406,1300500000,0
2026-08-31T00:23:30,12300.2,51.968,47.031,51.968,49.437,1300500000,0
2026-08-31T00:23:35,12305.2,52.125,47.25,52.125,49.312,1300500000,0
2026-08-31T00:23:40,12310.2,51.937,46.937,51.937,49.406,1300500000,0
2026-08-31T00:23:45,12315.2,52.093,47.218,52.093,49.156,1300500000,0
2026-08-31T00:23:50,12320.2,51.843,47.0,51.843,49.281,1300500000,0
2026-08-31T00:23:55,12325.2,51.906,46.906,51.906,49.125,1300500000,0
2026-08-31T00:24:00,12330.2,51.781,46.812,51.781,49.093,1300500000,0
2026-08-31T00:24:05,12335.2,51.843,47.031,51.843,49.125,1300500000,0
2026-08-31T00:24:10,12340.2,51.75,46.843,51.75,49.062,1300500000,0
2026-08-31T00:24:15,12345.2,51.718,46.75,51.906,48.968,1300500000,0
2026-08-31T00:24:20,12350.2,51.968,46.843,51.968,49.031,1300500000,0
2026-08-31T00:24:25,12355.2,51.75,46.781,51.75,49.062,1300500000,0
2026-08-31T00:24:30,12360.2,51.625,46.593,51.625,49.0,1300500000,0
2026-08-31T00:24:35,12365.2,51.75,46.937,51.75,49.125,1300500000,0
2026-08-31T00:24:40,12370.2,51.781,46.843,51.781,48.968,1300500000,0
2026-08-31T00:24:45,12375.2,51.625,46.781,51.625,49.062,1300500000,0
2026-08-31T00:24:50,12380.2,51.812,46.562,51.812,48.968,1300500000,0
2026-08-31T00:24:55,12385.2,51.593,46.843,51.593,48.937,1300500000,0
2026-08-31T00:25:00,12390.3,51.562,46.75,51.562,48.937,1300500000,0
2026-08-31T00:25:05,12395.3,51.531,46.718,51.531,48.906,1300500000,0
2026-08-31T00:25:10,12400.3,51.562,46.656,51.562,48.875,1300500000,0
2026-08-31T00:25:15,12405.3,51.468,46.531,51.468,48.937,1300500000,0
2026-08-31T00:25:20,12410.3,51.5,46.687,51.5,49.031,1300500000,0
2026-08-31T00:25:25,12415.3,51.656,46.625,51.656,48.843,1300500000,0
2026-08-31T00:25:30,12420.3,51.562,46.5,51.562,48.843,1300500000,0
2026-08-31T00:25:35,12425.3,51.562,46.75,51.562,48.718,1300500000,0
2026-08-31T00:25:40,12430.3,51.343,46.656,51.343,48.718,1300500000,0
2026-08-31T00:25:45,12435.3,51.5,46.5,51.5,48.843,1300500000,0
2026-08-31T00:25:50,12440.3,51.562,46.406,51.562,48.656,1300500000,0
2026-08-31T00:25:55,12445.3,51.375,46.718,51.375,48.718,1300500000,0
2026-08-31T00:26:00,12450.3,51.656,46.468,51.656,48.625,1300500000,0
2026-08-31T00:26:05,12455.3,51.218,46.375,51.218,48.718,1300500000,0
2026-08-31T00:26:10,12460.3,51.406,46.343,51.406,48.656,1300500000,0
2026-08-31T00:26:15,12465.3,51.218,46.593,51.218,48.656,1300500000,0
2026-08-31T00:26:20,12470.3,51.281,46.5,51.281,48.625,1300500000,0
2026-08-31T00:26:25,12475.4,51.468,46.593,51.468,48.593,1300500000,0
2026-08-31T00:26:30,12480.4,51.343,46.468,51.343,48.593,1300500000,0
2026-08-31T00:26:35,12485.4,51.25,46.343,51.25,48.593,1300500000,0
2026-08-31T00:26:41,12490.4,51.156,46.312,51.156,48.562,1300500000,0
2026-08-31T00:26:46,12495.4,51.25,46.562,51.25,48.656,1300500000,0
2026-08-31T00:26:51,12500.4,51.25,46.343,51.25,48.531,1300500000,0
2026-08-31T00:26:56,12505.4,51.125,46.25,51.125,48.593,1300500000,0
2026-08-31T00:27:01,12510.4,51.281,46.156,51.281,48.437,1300500000,0
2026-08-31T00:27:06,12515.4,51.218,46.5,51.218,48.531,1300500000,0
2026-08-31T00:27:11,12520.4,51.187,46.281,51.187,48.343,1300500000,0
2026-08-31T00:27:16,12525.4,51.156,46.312,51.156,48.468,1300500000,0
2026-08-31T00:27:21,12530.4,51.281,46.187,51.281,48.593,1300500000,0
2026-08-31T00:27:26,12535.4,51.218,46.5,51.218,48.406,1300500000,0
2026-08-31T00:27:31,12540.4,51.093,46.343,51.093,48.531,1300500000,0
2026-08-31T00:27:36,12545.4,51.25,46.5,51.25,48.375,1300500000,0
2026-08-31T00:27:41,12550.4,51.312,46.25,51.312,48.406,1300500000,0
2026-08-31T00:27:46,12555.4,51.093,46.218,51.093,48.531,1300500000,0
2026-08-31T00:27:51,12560.4,51.031,46.125,51.031,48.375,1300500000,0
2026-08-31T00:27:56,12565.5,50.968,46.0,50.968,48.468,1300500000,0
2026-08-31T00:28:01,12570.5,51.156,46.25,51.156,48.281,1300500000,0
2026-08-31T00:28:06,12575.5,51.0,46.187,51.0,48.343,1300500000,0
2026-08-31T00:28:11,12580.5,51.093,46.062,51.093,48.437,1300500000,0
2026-08-31T00:28:16,12585.5,51.25,46.031,51.25,48.218,1300500000,0
2026-08-31T00:28:21,12590.5,51.031,46.218,51.031,48.375,1300500000,0
2026-08-31T00:28:26,12595.5,51.0,46.125,51.0,48.156,1300500000,0
2026-08-31T00:28:31,12600.5,50.906,46.093,50.906,48.281,1300500000,0
2026-08-31T00:28:36,12605.5,51.062,46.156,51.062,48.187,1300500000,0
2026-08-31T00:28:41,12610.5,51.031,45.906,51.031,48.281,1300500000,0
2026-08-31T00:28:46,12615.5,50.968,46.0,50.968,48.25,1300500000,0
2026-08-31T00:28:51,12620.5,51.093,46.218,51.093,48.187,1300500000,0
2026-08-31T00:28:56,12625.5,50.906,46.031,50.906,48.281,1300500000,0
2026-08-31T00:29:01,12630.5,50.937,45.906,50.937,48.156,1300500000,0
2026-08-31T00:29:06,12635.5,50.875,45.937,50.875,48.156,1300500000,0
2026-08-31T00:29:11,12640.5,51.031,45.875,51.031,48.093,1300500000,0
2026-08-31T00:29:16,12645.5,50.968,45.843,50.968,48.156,1300500000,0
2026-08-31T00:29:21,12650.6,50.843,46.093,50.843,48.25,1300500000,0
2026-08-31T00:29:26,12655.6,51.093,45.968,51.093,48.156,1300500000,0
2026-08-31T00:29:31,12660.6,50.781,45.781,50.781,48.187,1300500000,0
2026-08-31T00:29:36,12665.6,50.843,45.875,50.812,48.093,1300500000,0
2026-08-31T00:29:41,12670.6,50.781,46.156,50.781,48.218,1300500000,0
2026-08-31T00:29:46,12675.6,50.968,45.875,50.968,48.125,1300500000,0
2026-08-31T00:29:51,12680.6,50.687,45.812,50.687,48.062,1300500000,0
2026-08-31T00:29:56,12685.6,51.031,46.0,51.031,48.093,1300500000,0
2026-08-31T00:30:01,12690.6,51.0,45.781,51.0,48.093,1300500000,0
2026-08-31T00:30:06,12695.6,50.812,45.781,50.812,48.25,1300500000,0
2026-08-31T00:30:11,12700.6,50.656,46.031,50.656,48.062,1300500000,0
2026-08-31T00:30:16,12705.6,50.75,45.906,50.75,48.125,1300500000,0
2026-08-31T00:30:21,12710.6,50.875,45.812,50.875,47.968,1300500000,0
2026-08-31T00:30:26,12715.6,50.687,45.75,50.687,48.031,1300500000,0
2026-08-31T00:30:31,12720.6,50.906,46.156,50.906,47.937,1300500000,0
2026-08-31T00:30:36,12725.6,50.718,45.812,50.718,48.031,1300500000,0
2026-08-31T00:30:41,12730.6,50.781,45.687,50.781,47.875,1300500000,0
2026-08-31T00:30:46,12735.6,50.593,45.625,50.593,48.031,1300500000,0
2026-08-31T00:30:51,12740.7,50.812,45.937,50.812,47.968,1300500000,0
2026-08-31T00:30:56,12745.7,50.593,45.718,50.593,47.968,1300500000,0
2026-08-31T00:31:01,12750.7,50.593,45.906,50.593,48.0,1300500000,0
2026-08-31T00:31:06,12755.7,50.906,45.812,50.906,47.968,1300500000,0
2026-08-31T00:31:11,12760.7,50.625,45.718,50.625,48.062,1300500000,0
2026-08-31T00:31:16,12765.7,50.593,45.593,50.593,47.781,1300500000,0
2026-08-31T00:31:21,12770.7,50.593,45.968,50.593,48.0,1300500000,0
2026-08-31T00:31:26,12775.7,50.687,45.718,50.687,47.906,1300500000,0
2026-08-31T00:31:31,12780.7,50.593,45.593,50.593,47.906,1300500000,0
2026-08-31T00:31:36,12785.7,50.718,45.5,50.718,47.781,1300500000,0
2026-08-31T00:31:41,12790.7,50.593,45.906,50.593,47.812,1300500000,0
2026-08-31T00:31:46,12795.7,50.562,45.687,50.562,47.812,1300500000,0
2026-08-31T00:31:51,12800.7,50.468,45.843,50.468,47.843,1300500000,0
2026-08-31T00:31:56,12805.7,50.562,45.625,50.562,47.75,1300500000,0
2026-08-31T00:32:01,12810.7,50.531,45.562,50.531,47.843,1300500000,0
2026-08-31T00:32:06,12815.7,50.531,45.5,50.625,47.875,1300500000,0
2026-08-31T00:32:11,12820.7,50.781,45.875,50.781,47.718,1300500000,0
2026-08-31T00:32:16,12825.8,50.468,45.687,50.468,47.875,1300500000,0
2026-08-31T00:32:21,12830.8,50.812,45.468,50.812,47.718,1300500000,0
2026-08-31T00:32:26,12835.8,50.5,45.437,50.5,47.906,1300500000,0
2026-08-31T00:32:31,12840.8,50.593,45.687,50.593,47.687,1300500000,0
2026-08-31T00:32:36,12845.8,50.5,45.5,50.5,47.843,1300500000,0
2026-08-31T00:32:41,12850.8,50.593,45.718,50.593,47.687,1300500000,0
2026-08-31T00:32:46,12855.8,50.531,45.531,50.531,47.75,1300500000,0
2026-08-31T00:32:51,12860.8,50.531,45.406,50.625,47.656,1300500000,0
2026-08-31T00:32:56,12865.8,50.437,45.437,50.437,47.656,1300500000,0
2026-08-31T00:33:01,12870.8,50.437,45.75,50.437,47.656,1300500000,0
2026-08-31T00:33:06,12875.8,50.343,45.468,50.343,47.75,1300500000,0
2026-08-31T00:33:11,12880.8,50.531,45.375,50.531,47.812,1300500000,0
2026-08-31T00:33:16,12885.8,50.531,45.375,50.531,47.625,1300500000,0
2026-08-31T00:33:21,12890.8,50.375,45.437,50.375,47.781,1300500000,0
2026-08-31T00:33:26,12895.8,50.75,45.343,50.75,47.625,1300500000,0
2026-08-31T00:33:31,12900.8,50.5,45.718,50.5,47.718,1300500000,0
2026-08-31T00:33:36,12905.8,50.406,45.5,50.406,47.687,1300500000,0
2026-08-31T00:33:41,12910.8,50.343,45.375,50.343,47.687,1300500000,0
2026-08-31T00:33:46,12915.9,50.437,45.375,50.437,47.562,1300500000,0
2026-08-31T00:33:51,12920.9,50.343,45.656,50.343,47.625,1300500000,0
2026-08-31T00:33:56,12925.9,50.5,45.531,50.5,47.531,1300500000,0
2026-08-31T00:34:01,12930.9,50.625,45.437,50.625,47.593,1300500000,0
2026-08-31T00:34:06,12935.9,50.343,45.312,50.343,47.812,1300500000,0
2026-08-31T00:34:11,12940.9,50.312,45.375,50.312,47.625,1300500000,0
2026-08-31T00:34:16,12945.9,50.468,45.343,50.468,47.75,1300500000,0
2026-08-31T00:34:21,12950.9,50.5,45.531,50.5,47.562,1300500000,0
2026-08-31T00:34:26,12955.9,50.25,45.5,50.25,47.75,1300500000,0
2026-08-31T00:34:31,12960.9,50.5,45.375,50.5,47.468,1300500000,0
2026-08-31T00:34:36,12965.9,50.406,45.25,50.406,47.687,1300500000,0
2026-08-31T00:34:41,12970.9,50.187,45.375,50.187,47.562,1300500000,0
2026-08-31T00:34:46,12975.9,50.312,45.281,50.312,47.687,1300500000,0
2026-08-31T00:34:51,12980.9,50.187,45.5,50.187,47.593,1300500000,0
2026-08-31T00:34:56,12985.9,50.312,45.375,50.312,47.593,1300500000,0
2026-08-31T00:35:01,12990.9,50.406,45.437,50.406,47.593,1300500000,0
2026-08-31T00:35:06,12995.9,50.218,45.437,50.218,47.656,1300500000,0
2026-08-31T00:35:11,13001.0,50.5,45.343,50.5,47.562,1300500000,0
2026-08-31T00:35:16,13006.0,50.343,45.375,50.343,47.656,1300500000,0
2026-08-31T00:35:21,13011.0,50.25,45.281,50.25,47.562,1300500000,0
2026-08-31T00:35:26,13016.0,50.312,45.312,50.312,47.562,1300500000,0
2026-08-31T00:35:31,13021.0,50.156,45.5,50.156,47.531,1300500000,0
2026-08-31T00:35:36,13026.0,50.281,45.281,50.281,47.625,1300500000,0
2026-08-31T00:35:41,13031.0,50.406,45.468,50.406,47.5,1300500000,0
2026-08-31T00:35:46,13036.0,50.187,45.375,50.187,47.437,1300500000,0
2026-08-31T00:35:51,13041.0,50.468,45.5,50.468,47.593,1300500000,0
2026-08-31T00:35:56,13046.0,50.218,45.281,50.218,47.562,1300500000,0
2026-08-31T00:36:01,13051.0,50.125,45.406,50.125,47.5,1300500000,0
2026-08-31T00:36:06,13056.0,50.375,45.312,50.375,47.437,1300500000,0
2026-08-31T00:36:11,13061.0,50.187,45.218,50.187,47.5,1300500000,0
2026-08-31T00:36:16,13066.0,50.406,45.312,50.406,47.406,1300500000,0
2026-08-31T00:36:21,13071.0,50.125,45.218,50.125,47.593,1300500000,0
2026-08-31T00:36:26,13076.0,50.156,45.125,50.156,47.5,1300500000,0
2026-08-31T00:36:31,13081.0,50.125,45.375,50.125,47.468,1300500000,0
2026-08-31T00:36:36,13086.0,50.218,45.312,50.218,47.343,1300500000,0
2026-08-31T00:36:41,13091.1,50.125,45.218,50.125,47.531,1300500000,0
2026-08-31T00:36:46,13096.1,50.218,45.343,50.218,47.281,1300500000,0
2026-08-31T00:36:51,13101.1,50.218,45.187,50.218,47.437,1300500000,0
2026-08-31T00:36:56,13106.1,50.093,45.125,50.093,47.625,1300500000,0
2026-08-31T00:37:01,13111.1,50.375,45.375,50.375,47.437,1300500000,0
2026-08-31T00:37:06,13116.1,50.125,45.343,50.125,47.531,1300500000,0
2026-08-31T00:37:11,13121.1,50.125,45.093,50.125,47.343,1300500000,0
2026-08-31T00:37:16,13126.1,50.062,45.281,50.062,47.468,1300500000,0
2026-08-31T00:37:21,13131.1,50.218,45.125,50.218,47.406,1300500000,0
2026-08-31T00:37:26,13136.1,50.093,45.156,50.093,47.375,1300500000,0
2026-08-31T00:37:31,13141.1,50.312,45.375,50.312,47.281,1300500000,0
2026-08-31T00:37:36,13146.1,50.125,45.312,50.125,47.437,1300500000,0
2026-08-31T00:37:41,13151.1,50.125,45.156,50.125,47.406,1300500000,0
2026-08-31T00:37:46,13156.1,50.062,45.093,50.062,47.406,1300500000,0
2026-08-31T00:37:51,13161.1,50.125,45.187,50.125,47.375,1300500000,0
2026-08-31T00:37:56,13166.1,50.031,45.062,50.031,47.406,1300500000,0
2026-08-31T00:38:01,13171.1,50.312,45.343,50.312,47.343,1300500000,0
2026-08-31T00:38:06,13176.1,50.281,45.218,50.281,47.343,1300500000,0
2026-08-31T00:38:11,13181.2,50.093,45.093,50.093,47.312,1300500000,0
2026-08-31T00:38:16,13186.2,50.0,45.031,50.0,47.312,1300500000,0
2026-08-31T00:38:21,13191.2,50.156,45.312,50.156,47.406,1300500000,0
2026-08-31T00:38:26,13196.2,50.125,45.218,50.125,47.281,1300500000,0
2026-08-31T00:38:31,13201.2,49.968,45.125,49.968,47.375,1300500000,0
2026-08-31T00:38:36,13206.2,50.156,45.093,50.156,47.281,1300500000,0
2026-08-31T00:38:41,13211.2,50.281,45.281,50.281,47.281,1300500000,0
2026-08-31T00:38:46,13216.2,49.968,45.218,49.968,47.375,1300500000,0
2026-08-31T00:38:51,13221.2,49.968,45.031,49.968,47.25,1300500000,0
2026-08-31T00:38:56,13226.2,49.968,45.031,49.968,47.375,1300500000,0
2026-08-31T00:39:01,13231.2,50.156,45.281,50.156,47.281,1300500000,0
2026-08-31T00:39:06,13236.2,49.968,45.062,49.968,47.312,1300500000,0
2026-08-31T00:39:11,13241.2,50.093,45.312,50.093,47.437,1300500000,0
2026-08-31T00:39:16,13246.2,50.281,45.156,50.281,47.312,1300500000,0
2026-08-31T00:39:21,13251.2,50.031,45.031,50.031,47.375,1300500000,0
2026-08-31T00:39:26,13256.2,50.093,44.937,49.937,47.25,1300500000,0
2026-08-31T00:39:31,13261.2,49.937,45.343,49.937,47.312,1300500000,0
2026-08-31T00:39:36,13266.2,50.125,45.218,50.125,47.25,1300500000,0
2026-08-31T00:39:41,13271.3,50.125,45.062,50.0,47.25,1300500000,0
2026-08-31T00:39:46,13276.3,50.031,45.062,50.031,47.375,1300500000,0
2026-08-31T00:39:51,13281.3,50.218,45.312,50.218,47.25,1300500000,0
2026-08-31T00:39:56,13286.3,49.968,45.125,49.968,47.312,1300500000,0
2026-08-31T00:40:01,13291.3,50.093,45.156,50.093,47.187,1300500000,0
2026-08-31T00:40:06,13296.3,49.937,45.062,49.937,47.312,1300500000,0
2026-08-31T00:40:11,13301.3,50.125,45.312,50.125,47.218,1300500000,0
2026-08-31T00:40:16,13306.3,49.906,44.968,49.906,47.25,1300500000,0
2026-08-31T00:40:21,13311.3,50.187,45.312,50.187,47.156,1300500000,0
2026-08-31T00:40:26,13316.3,50.343,45.281,50.343,47.218,1300500000,0
2026-08-31T00:40:31,13321.3,50.031,45.093,50.031,47.125,1300500000,0
2026-08-31T00:40:36,13326.3,49.937,44.968,49.937,47.25,1300500000,0
2026-08-31T00:40:41,13331.3,50.031,45.218,50.031,47.437,1300500000,0
2026-08-31T00:40:46,13336.3,49.937,45.156,49.937,47.312,1300500000,0
2026-08-31T00:40:51,13341.3,49.906,45.343,49.906,47.312,1300500000,0
2026-08-31T00:40:56,13346.3,50.125,45.0,50.125,47.25,1300500000,0
2026-08-31T00:41:01,13351.3,49.937,45.031,49.937,47.25,1300500000,0
2026-08-31T00:41:06,13356.3,49.843,44.937,49.843,47.187,1300500000,0
2026-08-31T00:41:11,13361.4,50.0,45.343,50.0,47.312,1300500000,0
2026-08-31T00:41:16,13366.4,50.031,45.093,50.031,47.125,1300500000,0
2026-08-31T00:41:21,13371.4,49.937,45.093,49.937,47.25,1300500000,0
2026-08-31T00:41:27,13376.4,50.093,45.093,50.093,47.218,1300500000,0
2026-08-31T00:41:32,13381.4,49.937,44.968,49.937,47.218,1300500000,0
2026-08-31T00:41:37,13386.4,50.125,44.968,50.125,47.125,1300500000,0
2026-08-31T00:41:42,13391.4,49.906,45.281,49.906,47.25,1300500000,0
2026-08-31T00:41:47,13396.4,49.968,45.156,49.968,47.093,1300500000,0
2026-08-31T00:41:52,13401.4,49.843,45.062,49.843,47.156,1300500000,0
2026-08-31T00:41:57,13406.4,50.031,45.125,50.031,47.125,1300500000,0
2026-08-31T00:42:02,13411.4,49.812,45.0,49.812,47.156,1300500000,0
2026-08-31T00:42:07,13416.4,49.875,45.0,49.875,47.343,1300500000,0
2026-08-31T00:42:12,13421.4,50.125,45.218,50.125,47.156,1300500000,0
2026-08-31T00:42:17,13426.4,49.937,45.093,49.937,47.343,1300500000,0
2026-08-31T00:42:22,13431.4,49.812,45.0,49.812,47.125,1300500000,0
2026-08-31T00:42:27,13436.4,50.0,45.156,50.0,47.281,1300500000,0
2026-08-31T00:42:32,13441.4,50.0,45.0,50.0,47.156,1300500000,0
2026-08-31T00:42:37,13446.4,49.875,44.968,49.875,47.375,1300500000,0
2026-08-31T00:42:42,13451.5,50.125,45.25,50.125,47.187,1300500000,0
2026-08-31T00:42:47,13456.5,49.906,45.062,49.906,47.125,1300500000,0
2026-08-31T00:42:52,13461.5,49.937,44.906,49.937,47.156,1300500000,0
2026-08-31T00:42:57,13466.5,49.968,45.187,49.968,47.25,1300500000,0
2026-08-31T00:43:02,13471.5,50.0,45.062,50.0,47.156,1300500000,0
2026-08-31T00:43:07,13476.5,49.906,44.968,49.906,47.25,1300500000,0
2026-08-31T00:43:12,13481.5,50.125,45.281,50.125,47.281,1300500000,0
2026-08-31T00:43:17,13486.5,49.968,45.125,49.968,47.343,1300500000,0
2026-08-31T00:43:22,13491.5,49.968,45.0,49.968,47.187,1300500000,0
2026-08-31T00:43:27,13496.5,49.937,45.0,49.937,47.281,1300500000,0
2026-08-31T00:43:32,13501.5,50.031,44.968,50.031,47.218,1300500000,0
2026-08-31T00:43:37,13506.5,49.937,45.031,49.937,47.281,1300500000,0
2026-08-31T00:43:42,13511.5,50.125,45.343,50.125,47.187,1300500000,0
2026-08-31T00:43:47,13516.5,50.187,45.218,50.187,47.218,1300500000,0
2026-08-31T00:43:52,13521.5,49.968,45.031,49.968,47.437,1300500000,0
2026-08-31T00:43:57,13526.5,50.218,44.937,50.218,47.281,1300500000,0
2026-08-31T00:44:02,13531.5,50.031,45.343,50.031,47.343,1300500000,0
2026-08-31T00:44:07,13536.5,49.937,45.218,49.937,47.25,1300500000,0
2026-08-31T00:44:12,13541.6,50.0,45.375,50.0,47.375,1300500000,0
2026-08-31T00:44:17,13546.6,50.125,45.187,50.125,47.375,1300500000,0
2026-08-31T00:44:22,13551.6,50.062,45.156,50.062,47.406,1300500000,0
2026-08-31T00:44:27,13556.6,50.218,45.031,50.218,47.25,1300500000,0
2026-08-31T00:44:32,13561.6,50.093,45.375,50.093,47.468,1300500000,0
2026-08-31T00:44:37,13566.6,50.125,45.25,50.125,47.312,1300500000,0
2026-08-31T00:44:42,13571.6,50.0,45.375,50.0,47.375,1300500000,0
2026-08-31T00:44:47,13576.6,50.125,45.281,50.125,47.437,1300500000,0
2026-08-31T00:44:52,13581.6,50.093,45.156,50.093,47.375,1300500000,0
2026-08-31T00:44:57,13586.6,50.156,45.187,50.156,47.25,1300500000,0
2026-08-31T00:45:02,13591.6,50.281,45.375,50.281,47.437,1300500000,0
2026-08-31T00:45:07,13596.6,50.125,45.312,50.125,47.343,1300500000,0
2026-08-31T00:45:12,13601.6,50.031,45.375,50.031,47.437,1300500000,0
2026-08-31T00:45:17,13606.6,50.125,45.218,50.125,47.312,1300500000,0
2026-08-31T00:45:22,13611.6,50.125,45.125,50.125,47.437,1300500000,0
2026-08-31T00:45:27,13616.6,50.125,45.093,50.125,47.468,1300500000,0
2026-08-31T00:45:32,13621.6,50.343,45.468,50.343,47.343,1300500000,0
2026-08-31T00:45:37,13626.7,50.125,45.375,50.125,47.468,1300500000,0
2026-08-31T00:45:42,13631.7,50.406,45.187,50.406,47.406,1300500000,0
2026-08-31T00:45:47,13636.7,50.093,45.156,50.218,47.531,1300500000,0
2026-08-31T00:45:52,13641.7,50.156,45.25,50.156,47.468,1300500000,0
2026-08-31T00:45:57,13646.7,50.125,45.125,50.125,47.562,1300500000,0
2026-08-31T00:46:02,13651.7,50.343,45.5,50.343,47.437,1300500000,0
2026-08-31T00:46:07,13656.7,50.156,45.343,50.156,47.5,1300500000,0
2026-08-31T00:46:12,13661.7,50.187,45.25,50.343,47.406,1300500000,0
2026-08-31T00:46:17,13666.7,50.437,45.25,50.437,47.468,1300500000,0
2026-08-31T00:46:22,13671.7,50.187,45.531,50.187,47.593,1300500000,0
2026-08-31T00:46:27,13676.7,50.093,45.218,50.093,47.5,1300500000,0
2026-08-31T00:46:32,13681.7,50.25,45.593,50.25,47.625,1300500000,0
2026-08-31T00:46:37,13686.7,50.312,45.437,50.218,47.468,1300500000,0
2026-08-31T00:46:42,13691.7,50.218,45.281,50.218,47.562,1300500000,0
2026-08-31T00:46:47,13696.7,50.468,45.281,50.468,47.437,1300500000,0
2026-08-31T00:46:52,13701.7,50.25,45.562,50.25,47.625,1300500000,0
2026-08-31T00:46:57,13706.7,50.125,45.343,50.125,47.468,1300500000,0
2026-08-31T00:47:02,13711.7,50.125,45.625,50.125,47.593,1300500000,0
2026-08-31T00:47:07,13716.8,50.312,45.406,50.312,47.468,1300500000,0
2026-08-31T00:47:12,13721.8,50.156,45.343,50.156,47.562,1300500000,0
2026-08-31T00:47:17,13726.8,50.406,45.25,50.406,47.468,1300500000,0
2026-08-31T00:47:22,13731.8,50.25,45.656,50.25,47.531,1300500000,0
2026-08-31T00:47:27,13736.8,50.25,45.468,50.25,47.468,1300500000,0
2026-08-31T00:47:32,13741.8,50.125,45.281,50.125,47.625,1300500000,0
2026-08-31T00:47:37,13746.8,50.25,45.437,50.25,47.593,1300500000,0
2026-08-31T00:47:42,13751.8,50.218,45.343,50.218,47.5,1300500000,0
2026-08-31T00:47:47,13756.8,50.406,45.25,50.406,47.562,1300500000,0
2026-08-31T00:47:52,13761.8,50.468,45.656,50.468,47.531,1300500000,0
2026-08-31T00:47:57,13766.8,50.312,45.406,50.312,47.718,1300500000,0
2026-08-31T00:48:02,13771.8,50.562,45.343,50.562,47.593,1300500000,0
2026-08-31T00:48:07,13776.8,50.281,45.375,50.281,47.625,1300500000,0
2026-08-31T00:48:12,13781.8,50.218,45.375,50.218,47.562,1300500000,0
2026-08-31T00:48:17,13786.8,50.312,45.343,50.312,47.625,1300500000,0
2026-08-31T00:48:22,13791.8,50.375,45.625,50.375,47.625,1300500000,0
2026-08-31T00:48:27,13796.8,50.343,45.437,50.343,47.625,1300500000,0
2026-08-31T00:48:32,13801.8,50.5,45.343,50.5,47.531,1300500000,0
2026-08-31T00:48:37,13806.9,50.312,45.281,50.312,47.625,1300500000,0
2026-08-31T00:48:42,13811.9,50.375,45.687,50.375,47.562,1300500000,0
2026-08-31T00:48:47,13816.9,50.25,45.5,50.25,47.593,1300500000,0
2026-08-31T00:48:52,13821.9,50.343,45.656,50.343,47.562,1300500000,0
2026-08-31T00:48:57,13826.9,50.218,45.437,50.218,47.625,1300500000,0
2026-08-31T00:49:02,13831.9,50.312,45.437,50.406,47.562,1300500000,0
2026-08-31T00:49:07,13836.9,50.593,45.343,50.593,47.593,1300500000,0
2026-08-31T00:49:12,13841.9,50.312,45.625,50.312,47.656,1300500000,0
2026-08-31T00:49:17,13846.9,50.281,45.468,50.281,47.625,1300500000,0
2026-08-31T00:49:22,13851.9,50.406,45.375,50.406,47.718,1300500000,0
2026-08-31T00:49:27,13856.9,50.406,45.343,50.406,47.593,1300500000,0
2026-08-31T00:49:32,13861.9,50.25,45.375,50.25,47.718,1300500000,0
2026-08-31T00:49:37,13866.9,50.531,45.375,50.531,47.531,1300500000,0
2026-08-31T00:49:42,13871.9,50.375,45.687,50.375,47.656,1300500000,0
2026-08-31T00:49:47,13876.9,50.625,45.531,50.625,47.593,1300500000,0
2026-08-31T00:49:52,13881.9,50.281,45.468,50.281,47.75,1300500000,0
2026-08-31T00:49:57,13886.9,50.406,45.375,50.406,47.562,1300500000,0
2026-08-31T00:50:02,13892.0,50.312,45.437,50.312,47.625,1300500000,0
2026-08-31T00:50:07,13897.0,50.468,45.375,50.468,47.531,1300500000,0
2026-08-31T00:50:12,13902.0,50.281,45.781,50.281,47.625,1300500000,0
2026-08-31T00:50:17,13907.0,50.375,45.531,50.375,47.625,1300500000,0
2026-08-31T00:50:22,13912.0,50.656,45.406,50.656,47.531,1300500000,0
2026-08-31T00:50:27,13917.0,50.343,45.406,50.343,47.781,1300500000,0
2026-08-31T00:50:32,13922.0,50.343,45.687,50.343,47.656,1300500000,0
2026-08-31T00:50:37,13927.0,50.437,45.343,50.437,47.718,1300500000,0
2026-08-31T00:50:42,13932.0,50.562,45.656,50.562,47.656,1300500000,0
2026-08-31T00:50:47,13937.0,50.312,45.593,50.312,47.781,1300500000,0
2026-08-31T00:50:52,13942.0,50.593,45.406,50.593,47.625,1300500000,0
2026-08-31T00:50:57,13947.0,50.437,45.468,50.437,47.656,1300500000,0
2026-08-31T00:51:02,13952.0,50.343,45.75,50.343,47.625,1300500000,0
2026-08-31T00:51:07,13957.0,50.375,45.656,50.375,47.75,1300500000,0
2026-08-31T00:51:12,13962.0,50.5,45.531,50.5,47.656,1300500000,0
2026-08-31T00:51:17,13967.0,50.375,45.375,50.375,47.718,1300500000,0
2026-08-31T00:51:22,13972.0,50.375,45.781,50.593,47.718,1300500000,0
2026-08-31T00:51:27,13977.0,50.593,45.593,50.593,47.656,1300500000,0
2026-08-31T00:51:32,13982.1,50.437,45.468,50.437,47.687,1300500000,0
2026-08-31T00:51:37,13987.1,50.468,45.5,50.312,47.687,1300500000,0
2026-08-31T00:51:42,13992.1,50.468,45.406,50.468,47.781,1300500000,0
2026-08-31T00:51:47,13997.1,50.468,45.625,50.468,47.656,1300500000,0
2026-08-31T00:51:52,14002.1,50.531,45.5,50.406,47.625,1300500000,0
2026-08-31T00:51:57,14007.1,50.406,45.437,50.406,47.843,1300500000,0
2026-08-31T00:52:02,14012.1,50.625,45.437,50.625,47.625,1300500000,0
2026-08-31T00:52:07,14017.1,50.375,45.593,50.437,47.656,1300500000,0
2026-08-31T00:52:12,14022.1,50.5,45.468,50.5,47.593,1300500000,0
2026-08-31T00:52:17,14027.1,50.406,45.593,50.406,47.75,1300500000,0
2026-08-31T00:52:22,14032.1,50.406,45.468,50.562,47.625,1300500000,0
2026-08-31T00:52:27,14037.1,50.593,45.5,50.593,47.687,1300500000,0
2026-08-31T00:52:32,14042.1,50.437,45.343,50.437,47.718,1300500000,0
2026-08-31T00:52:37,14047.1,50.468,45.718,50.656,47.625,1300500000,0
2026-08-31T00:52:42,14052.1,50.468,45.593,50.468,47.687,1300500000,0
2026-08-31T00:52:47,14057.1,50.5,45.406,50.5,47.625,1300500000,0
2026-08-31T00:52:52,14062.1,50.5,45.343,50.5,47.718,1300500000,0
2026-08-31T00:52:57,14067.2,50.406,45.625,50.406,47.781,1300500000,0
2026-08-31T00:53:02,14072.2,50.593,45.531,50.593,47.687,1300500000,0
2026-08-31T00:53:07,14077.2,50.437,45.437,50.437,47.75,1300500000,0
2026-08-31T00:53:12,14082.2,50.406,45.437,50.656,47.656,1300500000,0
2026-08-31T00:53:17,14087.2,50.375,45.718,50.375,47.812,1300500000,0
2026-08-31T00:53:22,14092.2,50.5,45.5,50.5,47.656,1300500000,0
2026-08-31T00:53:27,14097.2,50.437,45.531,50.437,47.75,1300500000,0
2026-08-31T00:53:32,14102.2,50.562,45.468,50.562,47.687,1300500000,0
2026-08-31T00:53:37,14107.2,50.593,45.406,50.593,47.75,1300500000,0
2026-08-31T00:53:42,14112.2,50.5,45.437,50.5,47.625,1300500000,0
2026-08-31T00:53:47,14117.2,50.718,45.625,50.718,47.687,1300500000,0
2026-08-31T00:53:52,14122.2,50.468,45.562,50.468,47.781,1300500000,0
2026-08-31T00:53:57,14127.2,50.375,45.437,50.375,47.656,1300500000,0
2026-08-31T00:54:02,14132.2,50.312,45.375,50.312,47.812,1300500000,0
2026-08-31T00:54:07,14137.2,50.593,45.5,50.593,47.75,1300500000,0
2026-08-31T00:54:12,14142.2,50.437,45.375,50.437,47.718,1300500000,0
2026-08-31T00:54:17,14147.2,50.718,45.75,50.718,47.687,1300500000,0
2026-08-31T00:54:22,14152.2,50.437,45.468,50.437,47.781,1300500000,0
2026-08-31T00:54:27,14157.3,50.468,45.468,50.468,47.781,1300500000,0
2026-08-31T00:54:32,14162.3,50.5,45.5,50.5,47.718,1300500000,0
2026-08-31T00:54:37,14167.3,50.593,45.781,50.593,47.781,1300500000,0
2026-08-31T00:54:42,14172.3,50.531,45.656,50.531,47.843,1300500000,0
2026-08-31T00:54:47,14177.3,50.5,45.687,50.5,47.968,1300500000,0
2026-08-31T00:54:52,14182.3,50.718,45.625,50.718,47.687,1300500000,0
2026-08-31T00:54:57,14187.3,50.593,45.468,50.593,47.843,1300500000,0
2026-08-31T00:55:02,14192.3,50.406,45.593,50.406,47.656,1300500000,0
2026-08-31T00:55:07,14197.3,50.593,45.781,50.593,47.906,1300500000,0
2026-08-31T00:55:12,14202.3,50.593,45.593,50.593,47.718,1300500000,0
2026-08-31T00:55:17,14207.3,50.468,45.562,50.468,47.843,1300500000,0
2026-08-31T00:55:22,14212.3,50.687,45.437,50.687,47.812,1300500000,0
2026-08-31T00:55:27,14217.3,50.593,45.531,50.593,47.812,1300500000,0
2026-08-31T00:55:32,14222.3,50.625,45.531,50.718,47.781,1300500000,0
2026-08-31T00:55:37,14227.3,50.437,45.875,50.437,47.781,1300500000,0
2026-08-31T00:55:42,14232.3,50.593,45.687,50.593,47.812,1300500000,0
2026-08-31T00:55:47,14237.3,50.437,45.562,50.437,47.812,1300500000,0
2026-08-31T00:55:52,14242.4,50.718,45.437,50.718,47.656,1300500000,0
2026-08-31T00:55:57,14247.4,50.812,45.812,50.812,47.781,1300500000,0
2026-08-31T00:56:02,14252.4,50.468,45.718,50.468,47.75,1300500000,0
2026-08-31T00:56:08,14257.4,50.843,45.812,50.843,47.781,1300500000,0
2026-08-31T00:56:13,14262.4,50.562,45.687,50.562,47.968,1300500000,0
2026-08-31T00:56:18,14267.4,50.562,45.5,50.562,47.781,1300500000,0
2026-08-31T00:56:23,14272.4,50.468,45.437,50.468,47.906,1300500000,0
2026-08-31T00:56:28,14277.4,50.593,45.812,50.593,47.812,1300500000,0
2026-08-31T00:56:33,14282.4,50.531,45.562,50.531,47.937,1300500000,0
2026-08-31T00:56:38,14287.4,50.718,45.437,50.718,47.687,1300500000,0
2026-08-31T00:56:43,14292.4,50.562,45.656,50.562,47.718,1300500000,0
2026-08-31T00:56:48,14297.4,50.531,45.5,50.531,47.687,1300500000,0
2026-08-31T00:56:53,14302.4,50.406,45.437,50.406,47.781,1300500000,0
2026-08-31T00:56:58,14307.4,50.593,45.781,50.593,47.75,1300500000,0
2026-08-31T00:57:03,14312.4,50.468,45.562,50.468,47.843,1300500000,0
2026-08-31T00:57:08,14317.4,50.718,45.468,50.718,47.781,1300500000,0
2026-08-31T00:57:13,14322.4,50.75,45.468,50.75,47.781,1300500000,0
2026-08-31T00:57:18,14327.4,50.5,45.562,50.5,47.75,1300500000,0
2026-08-31T00:57:23,14332.5,50.437,45.562,50.437,47.781,1300500000,0
2026-08-31T00:57:28,14337.5,50.531,45.781,50.531,47.875,1300500000,0
2026-08-31T00:57:33,14342.5,50.562,45.656,50.562,47.843,1300500000,0
2026-08-31T00:57:38,14347.5,50.5,45.656,50.5,47.812,1300500000,0
2026-08-31T00:57:43,14352.5,50.625,45.406,50.625,47.812,1300500000,0
2026-08-31T00:57:48,14357.5,50.562,45.812,50.562,47.968,1300500000,0
2026-08-31T00:57:53,14362.5,50.812,45.562,50.812,47.875,1300500000,0
2026-08-31T00:57:58,14367.5,50.406,45.75,50.562,47.875,1300500000,0
2026-08-31T00:58:03,14372.5,50.562,45.718,50.562,47.718,1300500000,0
2026-08-31T00:58:08,14377.5,50.5,45.593,50.5,47.875,1300500000,0
2026-08-31T00:58:13,14382.5,50.656,45.5,50.656,47.718,1300500000,0
2026-08-31T00:58:18,14387.5,50.531,45.781,50.531,47.781,1300500000,0
2026-08-31T00:58:23,14392.5,50.531,45.718,50.531,47.687,1300500000,0
2026-08-31T00:58:28,14397.5,50.5,45.625,50.5,47.75,1300500000,0
2026-08-31T00:58:33,14402.5,50.531,45.468,50.531,47.843,1300500000,0
2026-08-31T00:58:38,14407.5,50.468,45.781,50.468,47.781,1300500000,0
2026-08-31T00:58:43,14412.5,50.406,45.5,50.406,47.937,1300500000,0
2026-08-31T00:58:48,14417.6,50.656,45.812,50.656,47.781,1300500000,0
2026-08-31T00:58:53,14422.6,50.531,45.687,50.531,47.843,1300500000,0
2026-08-31T00:58:58,14427.6,50.75,45.593,50.75,47.781,1300500000,0
2026-08-31T00:59:03,14432.6,50.531,45.5,50.531,47.937,1300500000,0
2026-08-31T00:59:08,14437.6,50.593,45.812,50.593,47.812,1300500000,0
2026-08-31T00:59:13,14442.6,50.593,45.718,50.593,47.906,1300500000,0
2026-08-31T00:59:18,14447.6,50.625,45.531,50.625,47.75,1300500000,0
2026-08-31T00:59:23,14452.6,50.5,45.625,50.5,47.812,1300500000,0
2026-08-31T00:59:28,14457.6,50.656,45.5,50.656,47.656,1300500000,0
2026-08-31T00:59:33,14462.6,50.875,45.437,50.875,47.812,1300500000,0
2026-08-31T00:59:38,14467.6,50.531,45.781,50.531,47.875,1300500000,0
2026-08-31T00:59:43,14472.6,50.437,45.687,50.437,47.843,1300500000,0
2026-08-31T00:59:48,14477.6,50.531,45.437,50.531,47.875,1300500000,0
2026-08-31T00:59:53,14482.6,50.593,45.562,50.531,47.781,1300500000,0
2026-08-31T00:59:58,14487.6,50.468,45.656,50.468,47.906,1300500000,0
2026-08-31T01:00:03,14492.6,50.687,45.468,50.687,47.75,1300500000,0
2026-08-31T01:00:08,14497.6,50.531,45.718,50.531,47.906,1300500000,0
2026-08-31T01:00:13,14502.6,50.875,45.656,50.875,47.843,1300500000,0
2026-08-31T01:00:18,14507.7,50.5,45.562,50.5,47.843,1300500000,0
2026-08-31T01:00:23,14512.7,50.593,45.531,50.593,47.75,1300500000,0
2026-08-31T01:00:28,14517.7,50.5,45.843,50.5,47.781,1300500000,0
2026-08-31T01:00:33,14522.7,50.593,45.718,50.593,47.718,1300500000,0
2026-08-31T01:00:38,14527.7,50.656,45.625,50.656,47.781,1300500000,0
2026-08-31T01:00:43,14532.7,50.531,45.656,50.531,47.75,1300500000,0
2026-08-31T01:00:48,14537.7,50.468,45.593,50.468,47.781,1300500000,0
2026-08-31T01:00:53,14542.7,50.531,45.468,50.531,47.75,1300500000,0
2026-08-31T01:00:58,14547.7,50.468,45.843,50.468,47.875,1300500000,0
2026-08-31T01:01:03,14552.7,50.593,45.5,50.593,48.0,1300500000,0
2026-08-31T01:01:08,14557.7,50.531,45.875,50.531,47.812,1300500000,0
2026-08-31T01:01:13,14562.7,50.5,45.656,50.656,47.781,1300500000,0
2026-08-31T01:01:18,14567.7,50.75,45.5,50.75,47.781,1300500000,0
2026-08-31T01:01:23,14572.7,50.531,45.593,50.531,47.875,1300500000,0
2026-08-31T01:01:28,14577.7,50.468,45.593,50.468,47.75,1300500000,0
2026-08-31T01:01:33,14582.7,50.531,45.468,50.531,47.781,1300500000,0
2026-08-31T01:01:38,14587.7,50.468,45.875,50.468,47.718,1300500000,0
2026-08-31T01:01:43,14592.8,50.687,45.468,50.687,47.718,1300500000,0
2026-08-31T01:01:48,14597.8,50.531,45.687,50.531,47.843,1300500000,0
2026-08-31T01:01:53,14602.8,50.562,45.625,50.562,47.812,1300500000,0
2026-08-31T01:01:58,14607.8,50.843,45.781,50.843,47.875,1300500000,0
2026-08-31T01:02:03,14612.8,50.531,45.687,50.531,47.781,1300500000,0
2026-08-31T01:02:08,14617.8,50.468,45.593,50.468,47.781,1300500000,0
2026-08-31T01:02:13,14622.8,50.593,45.562,50.593,47.812,1300500000,0
2026-08-31T01:02:18,14627.8,50.531,45.593,50.531,47.875,1300500000,0
2026-08-31T01:02:23,14632.8,50.656,45.562,50.656,47.781,1300500000,0
2026-08-31T01:02:28,14637.8,50.75,45.875,50.75,47.843,1300500000,0
2026-08-31T01:02:33,14642.8,50.593,45.625,50.593,47.968,1300500000,0
2026-08-31T01:02:38,14647.8,50.5,45.562,50.5,47.718,1300500000,0
2026-08-31T01:02:43,14652.8,50.593,45.437,50.593,47.968,1300500000,0
2026-08-31T01:02:48,14657.8,50.593,45.875,50.593,47.781,1300500000,0
2026-08-31T01:02:53,14662.8,50.531,45.718,50.531,47.906,1300500000,0
2026-08-31T01:02:58,14667.8,50.656,45.562,50.656,47.843,1300500000,0
2026-08-31T01:03:03,14672.8,50.593,45.468,50.593,47.843,1300500000,0
2026-08-31T01:03:08,14677.8,50.593,45.625,50.593,47.75,1300500000,0
2026-08-31T01:03:13,14682.9,50.593,45.562,50.593,47.875,1300500000,0
2026-08-31T01:03:18,14687.9,50.656,45.875,50.656,47.875,1300500000,0
2026-08-31T01:03:23,14692.9,50.562,45.718,50.562,47.906,1300500000,0
2026-08-31T01:03:28,14697.9,50.687,45.656,50.687,47.843,1300500000,0
2026-08-31T01:03:33,14702.9,50.781,45.593,50.781,47.875,1300500000,0
2026-08-31T01:03:38,14707.9,50.625,45.843,50.625,47.968,1300500000,0
2026-08-31T01:03:43,14712.9,50.875,45.687,50.875,47.75,1300500000,0
2026-08-31T01:03:48,14717.9,50.593,45.687,50.593,47.937,1300500000,0
2026-08-31T01:03:53,14722.9,50.687,45.656,50.687,47.75,1300500000,0
2026-08-31T01:03:58,14727.9,50.593,45.875,50.593,47.875,1300500000,0
2026-08-31T01:04:03,14732.9,50.593,45.562,50.593,47.812,1300500000,0
2026-08-31T01:04:08,14737.9,50.593,45.875,50.593,47.812,1300500000,0
2026-08-31T01:04:13,14742.9,50.593,45.781,50.593,47.843,1300500000,0
2026-08-31T01:04:18,14747.9,50.593,45.625,50.593,47.906,1300500000,0
2026-08-31T01:04:23,14752.9,50.656,45.625,50.656,47.781,1300500000,0
2026-08-31T01:04:28,14757.9,50.562,45.875,50.562,47.843,1300500000,0
2026-08-31T01:04:33,14762.9,50.593,45.781,50.593,47.968,1300500000,0
2026-08-31T01:04:38,14768.0,50.687,45.718,50.687,47.906,1300500000,0
2026-08-31T01:04:43,14773.0,50.593,45.562,50.593,47.968,1300500000,0
2026-08-31T01:04:48,14778.0,50.75,45.843,50.75,47.781,1300500000,0
2026-08-31T01:04:53,14783.0,50.531,45.625,50.593,47.906,1300500000,0
2026-08-31T01:04:58,14788.0,50.593,45.875,50.593,47.812,1300500000,0
2026-08-31T01:05:03,14793.0,50.562,45.687,50.562,47.812,1300500000,0
2026-08-31T01:05:08,14798.0,50.625,45.625,50.625,47.812,1300500000,0
2026-08-31T01:05:13,14803.0,50.5,45.468,50.5,47.875,1300500000,0
2026-08-31T01:05:18,14808.0,50.593,45.968,50.593,48.062,1300500000,0
2026-08-31T01:05:23,14813.0,50.875,45.75,50.875,47.812,1300500000,0
2026-08-31T01:05:28,14818.0,50.593,45.656,50.593,47.968,1300500000,0
2026-08-31T01:05:33,14823.0,50.562,45.562,50.562,47.843,1300500000,0
2026-08-31T01:05:38,14828.0,50.531,45.875,50.625,48.0,1300500000,0
2026-08-31T01:05:43,14833.0,50.656,45.531,50.656,47.812,1300500000,0
2026-08-31T01:05:48,14838.0,50.562,45.875,50.562,47.843,1300500000,0
2026-08-31T01:05:53,14843.0,50.75,45.656,50.75,47.875,1300500000,0
2026-08-31T01:05:58,14848.0,50.5,45.718,50.5,47.968,1300500000,0
2026-08-31T01:06:03,14853.0,50.656,45.562,50.656,47.843,1300500000,0
2026-08-31T01:06:08,14858.1,50.593,45.875,50.593,47.843,1300500000,0
2026-08-31T01:06:13,14863.1,50.625,45.718,50.625,47.875,1300500000,0
2026-08-31T01:06:18,14868.1,50.562,45.625,50.562,47.906,1300500000,0
2026-08-31T01:06:23,14873.1,50.656,45.656,50.656,47.968,1300500000,0
2026-08-31T01:06:28,14878.1,50.812,45.937,50.812,47.906,1300500000,0
2026-08-31T01:06:33,14883.1,50.593,45.781,50.593,47.968,1300500000,0
2026-08-31T01:06:38,14888.1,50.593,45.687,50.593,47.906,1300500000,0
2026-08-31T01:06:43,14893.1,50.562,45.625,50.562,47.875,1300500000,0
2026-08-31T01:06:48,14898.1,50.656,45.718,50.656,48.031,1300500000,0
2026-08-31T01:06:53,14903.1,50.656,45.625,50.656,47.843,1300500000,0
2026-08-31T01:06:58,14908.1,50.5,45.875,50.5,47.875,1300500000,0
2026-08-31T01:07:03,14913.1,50.843,45.75,50.843,47.875,1300500000,0
2026-08-31T01:07:08,14918.1,50.875,45.687,50.875,47.937,1300500000,0
2026-08-31T01:07:13,14923.1,50.593,45.593,50.593,48.0,1300500000,0
2026-08-31T01:07:18,14928.1,50.531,45.531,50.531,47.906,1300500000,0
2026-08-31T01:07:23,14933.1,50.593,45.75,50.593,47.937,1300500000,0
2026-08-31T01:07:28,14938.1,50.625,45.593,50.625,47.843,1300500000,0
2026-08-31T01:07:33,14943.1,50.562,45.656,50.562,47.875,1300500000,0
2026-08-31T01:07:38,14948.2,50.625,45.562,50.625,47.812,1300500000,0
2026-08-31T01:07:43,14953.2,50.562,45.812,50.562,47.937,1300500000,0
2026-08-31T01:07:48,14958.2,50.656,45.593,50.656,48.031,1300500000,0
2026-08-31T01:07:53,14963.2,50.625,45.875,50.625,47.843,1300500000,0
2026-08-31T01:07:58,14968.2,50.531,45.468,50.531,47.875,1300500000,0
2026-08-31T01:08:03,14973.2,50.687,45.843,50.687,47.843,1300500000,0
2026-08-31T01:08:08,14978.2,50.687,45.687,50.562,47.875,1300500000,0
2026-08-31T01:08:13,14983.2,50.593,45.562,50.593,47.812,1300500000,0
2026-08-31T01:08:18,14988.2,50.5,45.562,50.5,47.906,1300500000,0
2026-08-31T01:08:23,14993.2,50.687,45.875,50.687,47.937,1300500000,0
2026-08-31T01:08:28,14998.2,50.593,45.656,50.593,47.812,1300500000,0
2026-08-31T01:08:33,15003.2,50.562,45.656,50.562,47.906,1300500000,0
2026-08-31T01:08:38,15008.2,50.75,45.531,50.75,47.843,1300500000,0
2026-08-31T01:08:43,15013.2,50.562,45.812,50.562,48.0,1300500000,0
2026-08-31T01:08:48,15018.2,50.843,45.718,50.843,47.843,1300500000,0
2026-08-31T01:08:53,15023.2,50.531,45.781,50.531,47.968,1300500000,0
2026-08-31T01:08:58,15028.2,50.625,45.75,50.625,47.812,1300500000,0
2026-08-31T01:09:03,15033.3,50.593,45.687,50.593,47.937,1300500000,0
2026-08-31T01:09:08,15038.3,50.687,45.5,50.687,47.812,1300500000,0
2026-08-31T01:09:13,15043.3,50.5,45.875,50.5,47.875,1300500000,0
2026-08-31T01:09:18,15048.3,50.593,45.781,50.593,48.0,1300500000,0
2026-08-31T01:09:23,15053.3,50.843,45.656,50.843,47.906,1300500000,0
2026-08-31T01:09:28,15058.3,50.593,45.625,50.593,48.093,1300500000,0
2026-08-31T01:09:33,15063.3,50.562,45.843,50.562,47.937,1300500000,0
2026-08-31T01:09:38,15068.3,50.531,45.437,50.531,47.812,1300500000,0
2026-08-31T01:09:43,15073.3,50.687,45.843,50.687,47.812,1300500000,0
2026-08-31T01:09:48,15078.3,50.5,45.781,50.5,47.968,1300500000,0
2026-08-31T01:09:53,15083.3,50.843,45.656,50.843,47.875,1300500000,0
2026-08-31T01:09:58,15088.3,50.875,45.531,50.875,47.843,1300500000,0
2026-08-31T01:10:03,15093.3,50.687,45.593,50.687,48.0,1300500000,0
2026-08-31T01:10:08,15098.3,50.593,45.562,50.593,47.843,1300500000,0
2026-08-31T01:10:13,15103.3,50.593,45.875,50.593,48.0,1300500000,0
2026-08-31T01:10:18,15108.3,50.718,45.687,50.718,47.843,1300500000,0
2026-08-31T01:10:23,15113.3,50.593,45.625,50.593,47.875,1300500000,0
2026-08-31T01:10:28,15118.3,50.625,45.562,50.625,47.906,1300500000,0
2026-08-31T01:10:33,15123.4,50.906,45.906,50.906,47.875,1300500000,0
2026-08-31T01:10:38,15128.4,50.656,45.75,50.656,47.937,1300500000,0
2026-08-31T01:10:43,15133.4,50.718,46.0,50.718,47.875,1300500000,0
2026-08-31T01:10:49,15138.4,50.593,45.812,50.593,47.906,1300500000,0
2026-08-31T01:10:54,15143.4,50.625,45.625,50.625,48.062,1300500000,0
2026-08-31T01:10:59,15148.4,50.812,45.531,50.812,47.875,1300500000,0
2026-08-31T01:11:04,15153.4,50.593,45.937,50.593,47.875,1300500000,0
2026-08-31T01:11:09,15158.4,50.562,45.687,50.562,47.843,1300500000,0
2026-08-31T01:11:14,15163.4,50.531,45.656,50.531,47.937,1300500000,0
2026-08-31T01:11:19,15168.4,50.656,45.625,50.656,48.0,1300500000,0
2026-08-31T01:11:24,15173.4,50.656,45.968,50.656,47.812,1300500000,0
2026-08-31T01:11:29,15178.4,50.593,45.562,50.593,47.906,1300500000,0
2026-08-31T01:11:34,15183.4,50.812,45.968,50.812,47.906,1300500000,0
2026-08-31T01:11:39,15188.4,50.937,45.781,50.937,48.031,1300500000,0
2026-08-31T01:11:44,15193.4,50.687,45.75,50.687,48.031,1300500000,0
2026-08-31T01:11:49,15198.4,50.593,45.843,50.593,47.875,1300500000,0
2026-08-31T01:11:54,15203.4,50.718,45.656,50.718,48.062,1300500000,0
2026-08-31T01:11:59,15208.5,50.718,45.625,50.718,47.906,1300500000,0
2026-08-31T01:12:04,15213.5,50.625,45.968,50.625,48.062,1300500000,0
2026-08-31T01:12:09,15218.5,50.906,45.812,50.906,47.937,1300500000,0
2026-08-31T01:12:14,15223.5,50.593,45.687,50.593,47.937,1300500000,0
2026-08-31T01:12:19,15228.5,50.718,45.656,50.625,47.906,1300500000,0
2026-08-31T01:12:24,15233.5,50.625,46.031,50.625,48.031,1300500000,0
2026-08-31T01:12:29,15238.5,50.718,45.843,50.718,47.812,1300500000,0
2026-08-31T01:12:34,15243.5,50.625,45.718,50.625,47.968,1300500000,0
2026-08-31T01:12:39,15248.5,50.781,45.812,50.781,47.875,1300500000,0
2026-08-31T01:12:44,15253.5,50.812,45.718,50.812,47.937,1300500000,0
2026-08-31T01:12:49,15258.5,50.562,45.718,50.562,47.968,1300500000,0
2026-08-31T01:12:54,15263.5,50.593,46.062,50.593,47.968,1300500000,0
2026-08-31T01:12:59,15268.5,50.718,45.781,50.718,48.093,1300500000,0
2026-08-31T01:13:04,15273.5,50.781,45.656,50.781,47.906,1300500000,0
2026-08-31T01:13:09,15278.5,50.593,45.656,50.593,48.0,1300500000,0
2026-08-31T01:13:14,15283.5,50.781,45.5,50.781,47.937,1300500000,0
2026-08-31T01:13:19,15288.5,50.593,45.812,50.593,47.875,1300500000,0
2026-08-31T01:13:24,15293.6,50.906,45.687,50.906,47.968,1300500000,0
2026-08-31T01:13:29,15298.6,50.562,45.593,50.562,47.937,1300500000,0
2026-08-31T01:13:34,15303.6,50.625,45.718,50.625,47.906,1300500000,0
2026-08-31T01:13:39,15308.6,50.562,45.687,50.562,47.937,1300500000,0
2026-08-31T01:13:44,15313.6,50.656,45.531,50.656,47.968,1300500000,0
2026-08-31T01:13:49,15318.6,50.812,45.906,50.812,47.937,1300500000,0
2026-08-31T01:13:54,15323.6,50.593,45.718,50.593,47.875,1300500000,0
2026-08-31T01:13:59,15328.6,50.906,45.625,50.906,47.968,1300500000,0
2026-08-31T01:14:04,15333.6,50.687,45.593,50.687,47.968,1300500000,0
2026-08-31T01:14:09,15338.6,50.593,45.812,50.593,47.843,1300500000,0
2026-08-31T01:14:14,15343.6,50.562,45.968,50.562,48.0,1300500000,0
2026-08-31T01:14:19,15348.6,50.781,45.875,50.781,47.937,1300500000,0
2026-08-31T01:14:24,15353.6,50.625,45.718,50.625,48.031,1300500000,0
2026-08-31T01:14:29,15358.6,50.906,45.656,50.906,47.968,1300500000,0
2026-08-31T01:14:34,15363.6,50.593,45.531,50.593,47.937,1300500000,0
2026-08-31T01:14:39,15368.6,50.75,45.875,50.75,47.906,1300500000,0
2026-08-31T01:14:44,15373.6,50.593,45.781,50.593,48.062,1300500000,0
2026-08-31T01:14:49,15378.7,50.781,45.593,50.781,48.093,1300500000,0
2026-08-31T01:14:54,15383.7,50.781,45.531,50.593,47.937,1300500000,0
2026-08-31T01:14:59,15388.7,50.593,45.875,50.593,48.0,1300500000,0
2026-08-31T01:15:04,15393.7,50.875,45.562,50.875,47.843,1300500000,0
2026-08-31T01:15:09,15398.7,50.625,45.843,50.625,47.968,1300500000,0
2026-08-31T01:15:14,15403.7,50.562,45.718,50.562,47.937,1300500000,0
2026-08-31T01:15:19,15408.7,50.625,45.656,50.625,47.968,1300500000,0
2026-08-31T01:15:24,15413.7,50.781,45.531,50.781,47.906,1300500000,0
2026-08-31T01:15:29,15418.7,50.593,45.812,50.593,47.937,1300500000,0
2026-08-31T01:15:34,15423.7,50.781,45.75,50.781,47.843,1300500000,0
2026-08-31T01:15:39,15428.7,50.875,45.625,50.875,47.875,1300500000,0
2026-08-31T01:15:44,15433.7,50.625,45.5,50.625,47.812,1300500000,0
2026-08-31T01:15:49,15438.7,50.593,45.968,50.593,47.906,1300500000,0
2026-08-31T01:15:54,15443.7,50.656,45.531,50.656,48.093,1300500000,0
2026-08-31T01:15:59,15448.7,50.656,45.906,50.656,48.031,1300500000,0
2026-08-31T01:16:04,15453.7,50.562,45.75,50.562,48.062,1300500000,0
2026-08-31T01:16:09,15458.7,50.781,45.687,50.781,47.937,1300500000,0
2026-08-31T01:16:14,15463.8,50.718,45.593,50.718,48.093,1300500000,0
2026-08-31T01:16:19,15468.8,50.593,45.906,50.593,47.906,1300500000,0
2026-08-31T01:16:24,15473.8,50.593,45.75,50.593,47.968,1300500000,0
2026-08-31T01:16:29,15478.8,50.718,45.687,50.718,47.875,1300500000,0
2026-08-31T01:16:34,15483.8,50.593,45.625,50.593,48.0,1300500000,0
2026-08-31T01:16:39,15488.8,50.718,45.593,50.718,47.937,1300500000,0
2026-08-31T01:16:44,15493.8,50.593,45.625,50.593,47.906,1300500000,0
2026-08-31T01:16:49,15498.8,50.718,45.843,50.718,47.843,1300500000,0
2026-08-31T01:16:54,15503.8,50.562,45.718,50.562,47.968,1300500000,0
2026-08-31T01:16:59,15508.8,50.656,45.687,50.656,47.937,1300500000,0
2026-08-31T01:17:04,15513.8,50.687,45.593,50.687,47.968,1300500000,0
2026-08-31T01:17:09,15518.8,50.625,45.875,50.625,48.093,1300500000,0
2026-08-31T01:17:14,15523.8,50.781,45.843,50.781,47.843,1300500000,0
2026-08-31T01:17:19,15528.8,50.625,45.812,50.625,48.031,1300500000,0
2026-08-31T01:17:24,15533.8,50.968,45.718,50.968,47.968,1300500000,0
2026-08-31T01:17:29,15538.8,50.593,45.968,50.593,47.968,1300500000,0
2026-08-31T01:17:34,15543.8,50.75,45.75,50.75,47.875,1300500000,0
2026-08-31T01:17:39,15548.9,50.593,45.718,50.593,47.968,1300500000,0
2026-08-31T01:17:44,15553.9,50.656,45.593,50.656,48.031,1300500000,0
2026-08-31T01:17:49,15558.9,50.843,45.968,50.843,47.843,1300500000,0
2026-08-31T01:17:54,15563.9,50.593,45.781,50.593,47.906,1300500000,0
2026-08-31T01:17:59,15568.9,50.625,45.593,50.625,47.812,1300500000,0
2026-08-31T01:18:04,15573.9,50.593,45.687,50.593,47.937,1300500000,0
2026-08-31T01:18:09,15578.9,50.625,45.968,50.625,48.062,1300500000,0
2026-08-31T01:18:14,15583.9,50.718,45.843,50.718,48.0,1300500000,0
2026-08-31T01:18:19,15588.9,50.625,45.937,50.625,47.968,1300500000,0
2026-08-31T01:18:24,15593.9,50.875,45.875,50.875,47.937,1300500000,0
2026-08-31T01:18:29,15598.9,50.843,45.781,50.843,47.968,1300500000,0
2026-08-31T01:18:34,15603.9,50.625,45.656,50.625,48.031,1300500000,0
2026-08-31T01:18:39,15608.9,50.562,45.937,50.562,47.937,1300500000,0
2026-08-31T01:18:44,15613.9,50.593,45.781,50.593,48.093,1300500000,0
2026-08-31T01:18:49,15618.9,50.781,45.687,50.781,47.875,1300500000,0
2026-08-31T01:18:54,15623.9,50.656,45.656,50.656,48.0,1300500000,0
2026-08-31T01:18:59,15628.9,50.718,46.031,50.718,47.968,1300500000,0
2026-08-31T01:19:04,15633.9,50.906,45.625,50.906,48.031,1300500000,0
2026-08-31T01:19:09,15639.0,50.687,46.125,50.687,48.0,1300500000,0
2026-08-31T01:19:14,15644.0,50.75,45.718,50.75,47.875,1300500000,0
2026-08-31T01:19:19,15649.0,50.593,45.968,50.593,48.093,1300500000,0
2026-08-31T01:19:24,15654.0,50.875,45.781,50.875,47.968,1300500000,0
2026-08-31T01:19:29,15659.0,50.656,45.718,50.656,47.937,1300500000,0
2026-08-31T01:19:34,15664.0,50.625,45.718,50.625,47.875,1300500000,0
2026-08-31T01:19:39,15669.0,51.0,46.062,51.0,48.0,1300500000,0
2026-08-31T01:19:44,15674.0,50.75,45.906,50.75,48.125,1300500000,0
2026-08-31T01:19:49,15679.0,50.656,45.718,50.656,47.906,1300500000,0
2026-08-31T01:19:54,15684.0,50.625,45.656,50.687,48.093,1300500000,0
2026-08-31T01:19:59,15689.0,50.781,46.125,50.781,48.0,1300500000,0
2026-08-31T01:20:04,15694.0,50.687,45.687,50.687,48.031,1300500000,0
2026-08-31T01:20:09,15699.0,50.937,46.125,50.937,47.875,1300500000,0
2026-08-31T01:20:14,15704.0,50.718,45.843,50.718,48.0,1300500000,0
2026-08-31T01:20:19,15709.0,50.687,45.687,50.687,47.843,1300500000,0
2026-08-31T01:20:24,15714.0,50.625,45.718,50.625,48.0,1300500000,0
2026-08-31T01:20:29,15719.0,50.718,46.093,50.718,48.0,1300500000,0
2026-08-31T01:20:34,15724.1,50.687,45.843,50.687,48.0,1300500000,0
2026-08-31T01:20:39,15729.1,50.812,45.75,50.812,48.062,1300500000,0
2026-08-31T01:20:44,15734.1,50.875,45.937,50.875,47.937,1300500000,0
2026-08-31T01:20:49,15739.1,50.625,45.687,50.625,48.093,1300500000,0
2026-08-31T01:20:54,15744.1,50.593,45.625,50.593,48.031,1300500000,0
2026-08-31T01:20:59,15749.1,50.718,46.031,50.718,48.062,1300500000,0
2026-08-31T01:21:04,15754.1,50.687,45.843,50.687,47.937,1300500000,0
2026-08-31T01:21:09,15759.1,50.656,45.75,50.656,48.093,1300500000,0
2026-08-31T01:21:14,15764.1,50.937,45.625,50.937,48.0,1300500000,0
2026-08-31T01:21:19,15769.1,50.718,46.125,50.718,48.093,1300500000,0
2026-08-31T01:21:24,15774.1,51.0,45.656,51.0,48.0,1300500000,0
2026-08-31T01:21:29,15779.1,50.625,46.125,50.625,48.0,1300500000,0
2026-08-31T01:21:34,15784.1,50.75,45.906,50.75,47.968,1300500000,0
2026-08-31T01:21:39,15789.1,50.656,45.812,50.656,48.0,1300500000,0
2026-08-31T01:21:44,15794.1,50.687,45.625,50.687,47.906,1300500000,0
2026-08-31T01:21:49,15799.1,50.625,46.156,50.625,47.968,1300500000,0
2026-08-31T01:21:54,15804.1,50.718,45.875,50.718,47.906,1300500000,0
2026-08-31T01:21:59,15809.2,50.968,45.781,50.968,47.968,1300500000,0
2026-08-31T01:22:04,15814.2,50.625,45.843,50.625,48.093,1300500000,0
2026-08-31T01:22:09,15819.2,50.656,45.781,50.656,47.968,1300500000,0
2026-08-31T01:22:14,15824.2,50.625,45.687,50.625,47.968,1300500000,0
2026-08-31T01:22:19,15829.2,50.718,46.093,50.718,48.0,1300500000,0
2026-08-31T01:22:24,15834.2,50.656,45.875,50.656,48.0,1300500000,0
2026-08-31T01:22:29,15839.2,50.875,45.718,50.875,47.937,1300500000,0
2026-08-31T01:22:34,15844.2,50.718,45.718,50.718,48.062,1300500000,0
2026-08-31T01:22:39,15849.2,50.718,46.093,50.718,47.906,1300500000,0
2026-08-31T01:22:44,15854.2,50.625,45.718,50.625,48.031,1300500000,0
2026-08-31T01:22:49,15859.2,50.781,46.093,50.781,47.875,1300500000,0
2026-08-31T01:22:54,15864.2,50.687,45.812,50.687,48.0,1300500000,0
2026-08-31T01:22:59,15869.2,50.625,45.75,50.625,48.125,1300500000,0
2026-08-31T01:23:04,15874.2,50.875,45.75,50.875,47.937,1300500000,0
2026-08-31T01:23:09,15879.2,50.718,46.0,50.718,48.093,1300500000,0
2026-08-31T01:23:14,15884.2,50.718,45.875,50.718,47.906,1300500000,0
2026-08-31T01:23:19,15889.2,50.718,45.781,50.718,48.031,1300500000,0
2026-08-31T01:23:24,15894.3,50.781,45.718,50.781,47.968,1300500000,0
2026-08-31T01:23:29,15899.3,50.718,45.843,50.718,48.031,1300500000,0
2026-08-31T01:23:34,15904.3,50.843,45.812,50.843,48.0,1300500000,0
2026-08-31T01:23:39,15909.3,50.718,46.156,50.718,48.0,1300500000,0
2026-08-31T01:23:44,15914.3,50.781,45.875,51.031,47.968,1300500000,0
2026-08-31T01:23:49,15919.3,50.593,45.843,50.593,48.0,1300500000,0
2026-08-31T01:23:54,15924.3,50.781,45.656,50.781,47.937,1300500000,0
2026-08-31T01:23:59,15929.3,50.718,45.625,50.718,48.0,1300500000,0
2026-08-31T01:24:04,15934.3,50.812,45.937,50.812,47.937,1300500000,0
2026-08-31T01:24:09,15939.3,50.875,46.062,50.875,48.0,1300500000,0
2026-08-31T01:24:14,15944.3,50.75,45.875,50.75,47.875,1300500000,0
2026-08-31T01:24:19,15949.3,50.968,45.687,50.968,47.968,1300500000,0
2026-08-31T01:24:24,15954.3,50.75,45.781,50.75,48.031,1300500000,0
2026-08-31T01:24:29,15959.3,50.687,45.687,50.687,48.0,1300500000,0
2026-08-31T01:24:34,15964.3,50.625,45.937,50.625,47.968,1300500000,0
2026-08-31T01:24:39,15969.3,50.812,45.781,50.812,47.968,1300500000,0
2026-08-31T01:24:44,15974.3,50.687,45.718,50.687,48.062,1300500000,0
2026-08-31T01:24:49,15979.4,50.875,45.593,50.875,47.937,1300500000,0
2026-08-31T01:24:54,15984.4,50.562,45.687,50.562,47.968,1300500000,0
2026-08-31T01:24:59,15989.4,50.718,46.125,50.718,47.906,1300500000,0
2026-08-31T01:25:05,15994.4,50.593,45.875,50.593,47.906,1300500000,0
2026-08-31T01:25:10,15999.4,50.718,45.656,50.718,48.031,1300500000,0
2026-08-31T01:25:15,16004.4,50.562,45.562,50.562,47.906,1300500000,0
2026-08-31T01:25:20,16009.4,50.593,45.593,50.593,47.968,1300500000,0
2026-08-31T01:25:25,16014.4,50.843,45.75,50.843,47.906,1300500000,0
2026-08-31T01:25:30,16019.4,50.593,45.656,50.593,47.937,1300500000,0
2026-08-31T01:25:35,16024.4,50.562,45.781,50.562,47.843,1300500000,0
2026-08-31T01:25:40,16029.4,50.468,45.531,50.625,47.875,1300500000,0
2026-08-31T01:25:45,16034.4,50.718,45.531,50.718,47.812,1300500000,0
2026-08-31T01:25:50,16039.4,50.562,45.468,50.562,47.781,1300500000,0
2026-08-31T01:25:55,16044.4,50.687,45.687,50.687,47.75,1300500000,0
2026-08-31T01:26:00,16049.4,50.531,45.468,50.531,47.843,1300500000,0
2026-08-31T01:26:05,16054.4,50.562,45.531,50.562,47.75,1300500000,0
2026-08-31T01:26:10,16059.4,50.5,45.468,50.5,47.812,1300500000,0
2026-08-31T01:26:15,16064.5,50.468,45.5,50.468,47.656,1300500000,0
2026-08-31T01:26:20,16069.5,50.593,45.5,50.593,47.906,1300500000,0
2026-08-31T01:26:25,16074.5,50.593,45.625,50.593,47.687,1300500000,0
2026-08-31T01:26:30,16079.5,50.656,45.5,50.656,47.75,1300500000,0
2026-08-31T01:26:35,16084.5,50.437,45.375,50.437,47.875,1300500000,0
2026-08-31T01:26:40,16089.5,50.406,45.406,50.406,47.718,1300500000,0
2026-08-31T01:26:45,16094.5,50.5,45.468,50.5,47.593,1300500000,0
2026-08-31T01:26:50,16099.5,50.406,45.375,50.406,47.625,1300500000,0
2026-08-31T01:26:55,16104.5,50.531,45.625,50.531,47.875,1300500000,0
2026-08-31T01:27:00,16109.5,50.375,45.875,50.375,47.718,1300500000,0
2026-08-31T01:27:05,16114.5,50.406,45.562,50.406,47.812,1300500000,0
2026-08-31T01:27:10,16119.5,50.562,45.406,50.562,47.656,1300500000,0
2026-08-31T01:27:15,16124.5,50.406,45.375,50.406,47.656,1300500000,0
2026-08-31T01:27:20,16129.5,50.343,45.437,50.343,47.656,1300500000,0
2026-08-31T01:27:25,16134.5,50.406,45.375,50.406,47.5,1300500000,0
2026-08-31T01:27:30,16139.5,50.312,45.843,50.312,47.625,1300500000,0
2026-08-31T01:27:35,16144.5,50.531,45.375,50.531,47.593,1300500000,0
2026-08-31T01:27:40,16149.6,50.312,45.718,50.312,47.625,1300500000,0
2026-08-31T01:27:45,16154.6,50.625,45.593,50.625,47.562,1300500000,0
2026-08-31T01:27:50,16159.6,50.656,45.75,50.406,47.625,1300500000,0
2026-08-31T01:27:55,16164.6,50.375,45.531,50.375,47.562,1300500000,0
2026-08-31T01:28:00,16169.6,50.343,45.406,50.343,47.625,1300500000,0
2026-08-31T01:28:05,16174.6,50.406,45.5,50.406,47.562,1300500000,0
2026-08-31T01:28:10,16179.6,50.281,45.375,50.281,47.593,1300500000,0
2026-08-31T01:28:15,16184.6,50.531,45.343,50.531,47.531,1300500000,0
2026-08-31T01:28:20,16189.6,50.312,45.656,50.312,47.593,1300500000,0
2026-08-31T01:28:25,16194.6,50.593,45.281,50.593,47.562,1300500000,0
2026-08-31T01:28:30,16199.6,50.375,45.625,50.375,47.593,1300500000,0
2026-08-31T01:28:35,16204.6,50.343,45.375,50.25,47.437,1300500000,0
2026-08-31T01:28:40,16209.6,50.25,45.562,50.25,47.625,1300500000,0
2026-08-31T01:28:45,16214.6,50.437,45.406,50.437,47.468,1300500000,0
2026-08-31T01:28:50,16219.6,50.25,45.343,50.25,47.531,1300500000,0
2026-08-31T01:28:55,16224.6,50.437,45.25,50.437,47.531,1300500000,0
2026-08-31T01:29:00,16229.6,50.25,45.593,50.25,47.625,1300500000,0
2026-08-31T01:29:05,16234.7,50.25,45.375,50.25,47.5,1300500000,0
2026-08-31T01:29:10,16239.7,50.156,45.531,50.156,47.562,1300500000,0
2026-08-31T01:29:15,16244.7,50.343,45.437,50.343,47.437,1300500000,0
2026-08-31T01:29:20,16249.7,50.25,45.312,50.25,47.531,1300500000,0
2026-08-31T01:29:25,16254.7,50.5,45.343,50.5,47.406,1300500000,0
2026-08-31T01:29:30,16259.7,50.468,45.5,50.468,47.468,1300500000,0
2026-08-31T01:29:35,16264.7,50.25,45.375,50.25,47.625,1300500000,0
2026-08-31T01:29:40,16269.7,50.125,45.312,50.125,47.468,1300500000,0
2026-08-31T01:29:45,16274.7,50.218,45.375,50.218,47.625,1300500000,0
2026-08-31T01:29:50,16279.7,50.218,45.218,50.218,47.437,1300500000,0
2026-08-31T01:29:55,16284.7,50.187,45.187,50.187,47.5,1300500000,0
2026-08-31T01:30:00,16289.7,50.375,45.437,50.375,47.468,1300500000,0
2026-08-31T01:30:05,16294.7,50.187,45.343,50.187,47.593,1300500000,0
2026-08-31T01:30:10,16299.7,50.468,45.343,50.468,47.375,1300500000,0
2026-08-31T01:30:15,16304.7,50.25,45.343,50.25,47.531,1300500000,0
2026-08-31T01:30:20,16309.7,50.218,45.187,50.218,47.437,1300500000,0
2026-08-31T01:30:25,16314.7,50.093,45.187,50.093,47.5,1300500000,0
2026-08-31T01:30:30,16319.7,50.281,45.437,50.281,47.406,1300500000,0
2026-08-31T01:30:35,16324.8,50.125,45.375,50.125,47.531,1300500000,0
2026-08-31T01:30:40,16329.8,50.343,45.281,50.343,47.437,1300500000,0
2026-08-31T01:30:45,16334.8,50.531,45.156,50.531,47.437,1300500000,0
2026-08-31T01:30:50,16339.8,50.281,45.5,50.281,47.593,1300500000,0
2026-08-31T01:30:55,16344.8,50.218,45.187,50.218,47.468,1300500000,0
2026-08-31T01:31:00,16349.8,50.343,45.406,50.343,47.531,1300500000,0
2026-08-31T01:31:05,16354.8,50.343,45.375,50.343,47.375,1300500000,0
2026-08-31T01:31:10,16359.8,50.187,45.312,50.187,47.562,1300500000,0
2026-08-31T01:31:15,16364.8,50.375,45.156,50.375,47.5,1300500000,0
2026-08-31T01:31:20,16369.8,50.218,45.468,50.218,47.5,1300500000,0
2026-08-31T01:31:25,16374.8,50.062,45.312,50.062,47.375,1300500000,0
2026-08-31T01:31:30,16379.8,50.125,45.218,50.125,47.5,1300500000,0
2026-08-31T01:31:35,16384.8,50.187,45.343,50.187,47.5,1300500000,0
2026-08-31T01:31:40,16389.8,50.125,45.25,50.125,47.406,1300500000,0
2026-08-31T01:31:45,16394.8,50.218,45.187,50.218,47.468,1300500000,0
2026-08-31T01:31:50,16399.8,50.218,45.5,50.218,47.531,1300500000,0
2026-08-31T01:31:55,16404.8,50.187,45.343,50.187,47.406,1300500000,0
2026-08-31T01:32:00,16409.9,50.125,45.218,50.125,47.406,1300500000,0
2026-08-31T01:32:05,16414.9,50.218,45.187,50.218,47.375,1300500000,0
2026-08-31T01:32:10,16419.9,50.156,45.468,50.156,47.406,1300500000,0
2026-08-31T01:32:15,16424.9,50.187,45.062,50.187,47.531,1300500000,0
2026-08-31T01:32:20,16429.9,50.312,45.437,50.312,47.406,1300500000,0
2026-08-31T01:32:25,16434.9,50.125,45.312,50.125,47.5,1300500000,0
2026-08-31T01:32:30,16439.9,50.406,45.593,50.406,47.406,1300500000,0
2026-08-31T01:32:35,16444.9,50.125,45.312,50.125,47.375,1300500000,0
2026-08-31T01:32:40,16449.9,50.218,45.25,50.218,47.375,1300500000,0
2026-08-31T01:32:45,16454.9,50.125,45.218,50.125,47.343,1300500000,0
2026-08-31T01:32:50,16459.9,50.093,45.468,50.093,47.406,1300500000,0
2026-08-31T01:32:55,16464.9,50.281,45.343,50.281,47.312,1300500000,0
2026-08-31T01:33:00,16469.9,50.125,45.218,50.125,47.375,1300500000,0
2026-08-31T01:33:05,16474.9,50.125,45.187,50.125,47.312,1300500000,0
2026-08-31T01:33:10,16479.9,50.062,45.187,50.062,47.375,1300500000,0
2026-08-31T01:33:15,16484.9,50.187,45.281,50.187,47.531,1300500000,0
2026-08-31T01:33:20,16489.9,50.187,45.25,50.187,47.343,1300500000,0
2026-08-31T01:33:25,16495.0,50.125,45.156,50.125,47.468,1300500000,0
2026-08-31T01:33:30,16500.0,50.312,45.0,50.312,47.375,1300500000,0
2026-08-31T01:33:35,16505.0,50.406,45.312,50.406,47.437,1300500000,0
2026-08-31T01:33:40,16510.0,50.156,45.125,50.156,47.468,1300500000,0
2026-08-31T01:33:45,16515.0,49.968,45.375,49.968,47.375,1300500000,0
2026-08-31T01:33:50,16520.0,50.093,45.25,50.093,47.406,1300500000,0
2026-08-31T01:33:55,16525.0,50.125,45.156,50.125,47.312,1300500000,0
2026-08-31T01:34:00,16530.0,50.093,45.062,50.093,47.281,1300500000,0
2026-08-31T01:34:05,16535.0,50.25,45.375,50.25,47.25,1300500000,0
2026-08-31T01:34:10,16540.0,50.343,45.187,50.343,47.187,1300500000,0
2026-08-31T01:34:15,16545.0,50.125,45.281,50.125,47.468,1300500000,0
2026-08-31T01:34:20,16550.0,50.031,45.25,50.031,47.281,1300500000,0
2026-08-31T01:34:25,16555.0,50.093,45.062,50.093,47.5,1300500000,0
2026-08-31T01:34:30,16560.0,50.187,45.031,50.187,47.25,1300500000,0
2026-08-31T01:34:35,16565.0,50.125,45.281,50.125,47.281,1300500000,0
2026-08-31T01:34:40,16570.0,50.25,45.187,50.25,47.281,1300500000,0
2026-08-31T01:34:45,16575.0,50.093,45.093,50.093,47.312,1300500000,0
2026-08-31T01:34:50,16580.1,50.187,45.031,50.187,47.281,1300500000,0
2026-08-31T01:34:55,16585.1,50.062,45.281,50.062,47.375,1300500000,0
2026-08-31T01:35:00,16590.1,50.125,45.031,50.125,47.25,1300500000,0
2026-08-31T01:35:05,16595.1,50.0,45.281,50.0,47.343,1300500000,0
2026-08-31T01:35:10,16600.1,50.125,45.156,50.125,47.25,1300500000,0
2026-08-31T01:35:15,16605.1,50.25,45.156,50.25,47.312,1300500000,0
2026-08-31T01:35:20,16610.1,50.093,45.062,50.093,47.468,1300500000,0
2026-08-31T01:35:25,16615.1,50.031,45.25,50.031,47.312,1300500000,0
2026-08-31T01:35:30,16620.1,50.093,45.062,50.093,47.375,1300500000,0
2026-08-31T01:35:35,16625.1,50.0,45.031,50.0,47.25,1300500000,0
2026-08-31T01:35:40,16630.1,49.937,45.156,49.937,47.437,1300500000,0
2026-08-31T01:35:45,16635.1,50.125,45.062,50.125,47.25,1300500000,0
2026-08-31T01:35:50,16640.1,49.968,44.968,49.968,47.343,1300500000,0
2026-08-31T01:35:55,16645.1,50.281,45.281,50.281,47.281,1300500000,0
2026-08-31T01:36:00,16650.1,50.0,45.093,50.0,47.312,1300500000,0
2026-08-31T01:36:05,16655.1,50.093,45.093,50.093,47.312,1300500000,0
2026-08-31T01:36:10,16660.1,49.968,45.0,49.968,47.187,1300500000,0
2026-08-31T01:36:15,16665.1,50.0,45.25,50.0,47.343,1300500000,0
2026-08-31T01:36:20,16670.2,50.125,45.093,50.125,47.156,1300500000,0
2026-08-31T01:36:25,16675.2,50.0,45.125,50.0,47.281,1300500000,0
2026-08-31T01:36:30,16680.2,50.093,45.125,50.093,47.125,1300500000,0
2026-08-31T01:36:35,16685.2,49.968,45.031,49.968,47.312,1300500000,0
2026-08-31T01:36:40,16690.2,50.031,44.937,50.031,47.406,1300500000,0
2026-08-31T01:36:45,16695.2,50.062,45.312,50.062,47.25,1300500000,0
2026-08-31T01:36:50,16700.2,50.0,45.187,50.0,47.25,1300500000,0
2026-08-31T01:36:55,16705.2,50.187,45.031,50.187,47.156,1300500000,0
2026-08-31T01:37:00,16710.2,50.187,44.906,50.187,47.25,1300500000,0
2026-08-31T01:37:05,16715.2,50.093,45.281,50.093,47.281,1300500000,0
2026-08-31T01:37:10,16720.2,49.937,45.093,49.937,47.125,1300500000,0
2026-08-31T01:37:15,16725.2,49.906,45.093,49.906,47.312,1300500000,0
2026-08-31T01:37:20,16730.2,50.125,45.0,50.125,47.187,1300500000,0
2026-08-31T01:37:25,16735.2,49.937,45.312,49.937,47.25,1300500000,0
2026-08-31T01:37:30,16740.2,50.0,45.156,50.25,47.343,1300500000,0
2026-08-31T01:37:35,16745.2,50.218,45.062,50.218,47.25,1300500000,0
2026-08-31T01:37:40,16750.2,49.968,44.875,49.968,47.375,1300500000,0
2026-08-31T01:37:45,16755.3,49.875,45.312,49.875,47.218,1300500000,0
2026-08-31T01:37:50,16760.3,49.937,45.125,49.937,47.218,1300500000,0
2026-08-31T01:37:55,16765.3,50.062,45.031,50.062,47.187,1300500000,0
2026-08-31T01:38:00,16770.3,50.0,44.937,50.0,47.218,1300500000,0
2026-08-31T01:38:05,16775.3,50.125,45.312,50.125,47.25,1300500000,0
2026-08-31T01:38:10,16780.3,49.937,45.125,49.937,47.312,1300500000,0
2026-08-31T01:38:15,16785.3,50.0,45.031,50.0,47.218,1300500000,0
2026-08-31T01:38:20,16790.3,49.875,45.062,49.875,47.156,1300500000,0
2026-08-31T01:38:25,16795.3,50.031,45.031,50.031,47.125,1300500000,0
2026-08-31T01:38:30,16800.3,49.906,44.968,49.906,47.281,1300500000,0
2026-08-31T01:38:35,16805.3,49.906,45.312,50.125,47.218,1300500000,0
2026-08-31T01:38:40,16810.3,50.156,45.156,50.156,47.156,1300500000,0
2026-08-31T01:38:45,16815.3,49.906,45.0,49.906,47.25,1300500000,0
2026-08-31T01:38:50,16820.3,49.875,44.906,49.875,47.187,1300500000,0
2026-08-31T01:38:55,16825.3,49.968,45.343,49.968,47.312,1300500000,0
2026-08-31T01:39:00,16830.3,50.031,45.093,50.031,47.125,1300500000,0
2026-08-31T01:39:05,16835.3,49.875,45.281,49.875,47.187,1300500000,0
2026-08-31T01:39:10,16840.4,50.125,45.125,50.125,47.125,1300500000,0
2026-08-31T01:39:15,16845.4,50.0,45.0,50.0,47.25,1300500000,0
2026-08-31T01:39:21,16850.4,50.156,44.968,50.156,47.156,1300500000,0
2026-08-31T01:39:26,16855.4,49.875,45.281,49.875,47.218,1300500000,0
2026-08-31T01:39:31,16860.4,50.031,45.125,50.031,47.125,1300500000,0
2026-08-31T01:39:36,16865.4,49.937,45.0,49.937,47.187,1300500000,0
2026-08-31T01:39:41,16870.4,50.031,44.906,50.031,47.125,1300500000,0
2026-08-31T01:39:46,16875.4,50.125,45.281,50.125,47.187,1300500000,0
2026-08-31T01:39:51,16880.4,49.937,45.125,49.937,47.187,1300500000,0
2026-08-31T01:39:56,16885.4,50.281,45.0,50.281,47.156,1300500000,0
2026-08-31T01:40:01,16890.4,49.875,44.906,49.875,47.25,1300500000,0
2026-08-31T01:40:06,16895.4,50.0,45.281,50.0,47.125,1300500000,0
2026-08-31T01:40:11,16900.4,49.937,45.125,49.937,47.25,1300500000,0
2026-08-31T01:40:16,16905.4,50.0,44.968,50.125,47.187,1300500000,0
2026-08-31T01:40:21,16910.4,50.125,44.937,50.125,47.125,1300500000,0
2026-08-31T01:40:26,16915.4,49.906,44.906,49.906,47.218,1300500000,0
2026-08-31T01:40:31,16920.4,50.187,45.218,50.187,47.093,1300500000,0
2026-08-31T01:40:36,16925.5,49.843,45.0,49.843,47.187,1300500000,0
2026-08-31T01:40:41,16930.5,50.062,44.906,50.062,47.125,1300500000,0
2026-08-31T01:40:46,16935.5,49.906,44.843,49.906,47.187,1300500000,0
2026-08-31T01:40:51,16940.5,49.968,45.187,49.968,47.25,1300500000,0
2026-08-31T01:40:56,16945.5,50.125,45.062,50.125,47.125,1300500000,0
2026-08-31T01:41:01,16950.5,50.0,44.937,50.0,47.312,1300500000,0
2026-08-31T01:41:06,16955.5,50.0,44.968,50.0,47.187,1300500000,0
2026-08-31T01:41:11,16960.5,49.937,45.281,49.937,47.218,1300500000,0
2026-08-31T01:41:16,16965.5,50.093,45.125,50.093,47.468,1300500000,0
2026-08-31T01:41:21,16970.5,50.125,45.281,50.125,47.25,1300500000,0
2026-08-31T01:41:26,16975.5,50.093,45.218,50.093,47.343,1300500000,0
2026-08-31T01:41:31,16980.5,50.218,45.125,50.218,47.25,1300500000,0
2026-08-31T01:41:36,16985.5,50.375,45.0,50.375,47.437,1300500000,0
2026-08-31T01:41:41,16990.5,50.031,45.031,50.031,47.218,1300500000,0
2026-08-31T01:41:46,16995.5,50.031,45.125,50.031,47.406,1300500000,0
2026-08-31T01:41:51,17000.5,50.093,45.312,50.093,47.25,1300500000,0
2026-08-31T01:41:56,17005.5,50.031,45.156,50.031,47.343,1300500000,0
2026-08-31T01:42:01,17010.6,50.093,45.093,50.093,47.375,1300500000,0
2026-08-31T01:42:06,17015.6,50.25,45.031,50.25,47.343,1300500000,0
2026-08-31T01:42:11,17020.6,50.093,45.312,50.093,47.406,1300500000,0
2026-08-31T01:42:16,17025.6,50.187,45.218,50.125,47.375,1300500000,0
2026-08-31T01:42:21,17030.6,50.031,45.187,50.031,47.375,1300500000,0
2026-08-31T01:42:26,17035.6,50.156,45.125,50.156,47.25,1300500000,0
2026-08-31T01:42:31,17040.6,50.187,45.375,50.187,47.281,1300500000,0
2026-08-31T01:42:36,17045.6,50.062,45.281,50.062,47.437,1300500000,0
2026-08-31T01:42:41,17050.6,50.343,45.187,50.343,47.312,1300500000,0
2026-08-31T01:42:46,17055.6,50.125,45.156,50.125,47.437,1300500000,0
2026-08-31T01:42:51,17060.6,50.156,45.375,50.156,47.312,1300500000,0
2026-08-31T01:42:56,17065.6,50.031,45.218,50.031,47.406,1300500000,0
2026-08-31T01:43:01,17070.6,50.281,45.375,50.281,47.531,1300500000,0
2026-08-31T01:43:06,17075.6,50.218,45.312,50.218,47.406,1300500000,0
2026-08-31T01:43:11,17080.6,50.125,45.25,50.125,47.531,1300500000,0
2026-08-31T01:43:16,17085.6,50.437,45.218,50.437,47.343,1300500000,0
2026-08-31T01:43:21,17090.6,50.125,45.437,50.125,47.468,1300500000,0
2026-08-31T01:43:26,17095.7,50.218,45.312,50.218,47.375,1300500000,0
2026-08-31T01:43:31,17100.7,50.156,45.25,50.156,47.406,1300500000,0
2026-08-31T01:43:36,17105.7,50.281,45.25,50.281,47.468,1300500000,0
2026-08-31T01:43:41,17110.7,50.343,45.437,50.343,47.375,1300500000,0
2026-08-31T01:43:46,17115.7,50.25,45.343,50.25,47.531,1300500000,0
2026-08-31T01:43:51,17120.7,50.437,45.218,50.437,47.437,1300500000,0
2026-08-31T01:43:56,17125.7,50.187,45.218,50.187,47.437,1300500000,0
2026-08-31T01:44:01,17130.7,50.312,45.531,50.312,47.468,1300500000,0
2026-08-31T01:44:06,17135.7,50.156,45.375,50.156,47.5,1300500000,0
2026-08-31T01:44:11,17140.7,50.156,45.281,50.281,47.375,1300500000,0
2026-08-31T01:44:16,17145.7,50.406,45.187,50.406,47.531,1300500000,0
2026-08-31T01:44:21,17150.7,50.218,45.5,50.218,47.625,1300500000,0
2026-08-31T01:44:26,17155.7,50.531,45.375,50.531,47.437,1300500000,0
2026-08-31T01:44:31,17160.7,50.156,45.312,50.156,47.468,1300500000,0
2026-08-31T01:44:36,17165.7,50.343,45.25,50.343,47.406,1300500000,0
2026-08-31T01:44:41,17170.7,50.218,45.531,50.218,47.531,1300500000,0
2026-08-31T01:44:46,17175.7,50.312,45.375,50.312,47.375,1300500000,0
2026-08-31T01:44:51,17180.8,50.468,45.375,50.468,47.437,1300500000,0
2026-08-31T01:44:56,17185.8,50.218,45.312,50.218,47.625,1300500000,0
2026-08-31T01:45:01,17190.8,50.562,45.281,50.562,47.531,1300500000,0
2026-08-31T01:45:06,17195.8,50.25,45.468,50.375,47.625,1300500000,0
2026-08-31T01:45:11,17200.8,50.25,45.312,50.25,47.437,1300500000,0
2026-08-31T01:45:16,17205.8,50.218,45.375,50.218,47.625,1300500000,0
2026-08-31T01:45:21,17210.8,50.468,45.343,50.468,47.531,1300500000,0
2026-08-31T01:45:26,17215.8,50.187,45.312,50.187,47.562,1300500000,0
2026-08-31T01:45:31,17220.8,50.375,45.25,50.375,47.5,1300500000,0
2026-08-31T01:45:36,17225.8,50.25,45.562,50.25,47.625,1300500000,0
2026-08-31T01:45:41,17230.8,50.375,45.343,50.375,47.625,1300500000,0
2026-08-31T01:45:46,17235.8,50.437,45.343,50.437,47.5,1300500000,0
2026-08-31T01:45:51,17240.8,50.281,45.281,50.281,47.625,1300500000,0
2026-08-31T01:45:56,17245.8,50.531,45.375,50.531,47.531,1300500000,0
2026-08-31T01:46:01,17250.8,50.375,45.312,50.375,47.531,1300500000,0
2026-08-31T01:46:06,17255.8,50.437,45.281,50.437,47.562,1300500000,0
2026-08-31T01:46:11,17260.8,50.25,45.25,50.25,47.562,1300500000,0
2026-08-31T01:46:16,17265.8,50.375,45.5,50.375,47.625,1300500000,0
2026-08-31T01:46:21,17270.9,50.468,45.375,50.468,47.531,1300500000,0
2026-08-31T01:46:26,17275.9,50.281,45.375,50.281,47.625,1300500000,0
2026-08-31T01:46:31,17280.9,50.562,45.218,50.562,47.5,1300500000,0
2026-08-31T01:46:36,17285.9,50.312,45.437,50.312,47.593,1300500000,0
2026-08-31T01:46:41,17290.9,50.343,45.375,50.343,47.562,1300500000,0
2026-08-31T01:46:46,17295.9,50.312,45.343,50.312,47.531,1300500000,0
2026-08-31T01:46:51,17300.9,50.468,45.281,50.468,47.687,1300500000,0
2026-08-31T01:46:56,17305.9,50.437,45.5,50.437,47.625,1300500000,0
2026-08-31T01:47:01,17310.9,50.312,45.437,50.312,47.625,1300500000,0
2026-08-31T01:47:06,17315.9,50.562,45.312,50.562,47.593,1300500000,0
2026-08-31T01:47:11,17320.9,50.343,45.281,50.343,47.593,1300500000,0
2026-08-31T01:47:16,17325.9,50.375,45.625,50.375,47.625,1300500000,0
2026-08-31T01:47:21,17330.9,50.25,45.562,50.25,47.625,1300500000,0
2026-08-31T01:47:26,17335.9,50.375,45.343,50.375,47.593,1300500000,0
2026-08-31T01:47:31,17340.9,50.312,45.562,50.312,47.625,1300500000,0
2026-08-31T01:47:36,17345.9,50.468,45.437,50.468,47.625,1300500000,0
2026-08-31T01:47:41,17350.9,50.593,45.312,50.437,47.656,1300500000,0
2026-08-31T01:47:46,17355.9,50.437,45.593,50.437,47.625,1300500000,0
2026-08-31T01:47:51,17361.0,50.656,45.437,50.656,47.687,1300500000,0
2026-08-31T01:47:56,17366.0,50.406,45.437,50.406,47.812,1300500000,0
2026-08-31T01:48:01,17371.0,50.375,45.531,50.375,47.625,1300500000,0
2026-08-31T01:48:06,17376.0,50.5,45.375,50.5,47.75,1300500000,0
2026-08-31T01:48:11,17381.0,50.531,45.375,50.531,47.625,1300500000,0
2026-08-31T01:48:16,17386.0,50.375,45.687,50.375,47.843,1300500000,0
2026-08-31T01:48:21,17391.0,50.593,45.468,50.593,47.656,1300500000,0
2026-08-31T01:48:26,17396.0,50.5,45.375,50.5,47.687,1300500000,0
2026-08-31T01:48:31,17401.0,50.468,45.531,50.468,47.593,1300500000,0
2026-08-31T01:48:36,17406.0,50.375,45.468,50.375,47.687,1300500000,0
2026-08-31T01:48:41,17411.0,50.468,45.437,50.468,47.656,1300500000,0
2026-08-31T01:48:46,17416.0,50.406,45.562,50.406,47.656,1300500000,0
2026-08-31T01:48:51,17421.0,50.656,45.625,50.656,47.625,1300500000,0
2026-08-31T01:48:56,17426.0,50.406,45.406,50.406,47.718,1300500000,0
2026-08-31T01:49:01,17431.0,50.406,45.375,50.406,47.656,1300500000,0
2026-08-31T01:49:06,17436.0,50.343,45.687,50.343,47.687,1300500000,0
2026-08-31T01:49:11,17441.0,50.468,45.375,50.468,47.625,1300500000,0
2026-08-31T01:49:16,17446.1,50.437,45.687,50.437,47.687,1300500000,0
2026-08-31T01:49:21,17451.1,50.625,45.437,50.625,47.656,1300500000,0
2026-08-31T01:49:26,17456.1,50.656,45.5,50.656,47.687,1300500000,0
2026-08-31T01:49:31,17461.1,50.406,45.375,50.406,47.812,1300500000,0
2026-08-31T01:49:36,17466.1,50.781,45.437,50.781,47.656,1300500000,0
2026-08-31T01:49:41,17471.1,50.5,45.406,50.5,47.781,1300500000,0
2026-08-31T01:49:46,17476.1,50.343,45.656,50.343,47.625,1300500000,0
2026-08-31T01:49:51,17481.1,50.375,45.468,50.375,47.843,1300500000,0
2026-08-31T01:49:56,17486.1,50.593,45.375,50.593,47.718,1300500000,0
2026-08-31T01:50:01,17491.1,50.406,45.375,50.406,47.75,1300500000,0
2026-08-31T01:50:06,17496.1,50.625,45.593,50.625,47.687,1300500000,0
2026-08-31T01:50:11,17501.1,50.5,45.406,50.5,47.781,1300500000,0
2026-08-31T01:50:16,17506.1,50.468,45.687,50.468,47.718,1300500000,0
2026-08-31T01:50:21,17511.1,50.375,45.625,50.375,47.687,1300500000,0
2026-08-31T01:50:26,17516.1,50.625,45.5,50.625,47.656,1300500000,0
2026-08-31T01:50:31,17521.1,50.531,45.406,50.531,47.75,1300500000,0
2026-08-31T01:50:36,17526.1,50.718,45.437,50.718,47.656,1300500000,0
2026-08-31T01:50:41,17531.1,50.687,45.406,50.437,47.812,1300500000,0
2026-08-31T01:50:46,17536.2,50.562,45.718,50.562,47.625,1300500000,0
2026-08-31T01:50:51,17541.2,50.437,45.5,50.437,47.781,1300500000,0
2026-08-31T01:50:56,17546.2,50.562,45.531,50.562,47.843,1300500000,0
2026-08-31T01:51:01,17551.2,50.75,45.437,50.75,47.781,1300500000,0
2026-08-31T01:51:06,17556.2,50.468,45.812,50.468,47.75,1300500000,0
2026-08-31T01:51:11,17561.2,50.75,45.593,50.75,47.75,1300500000,0
2026-08-31T01:51:16,17566.2,50.593,45.593,50.593,47.812,1300500000,0
2026-08-31T01:51:21,17571.2,50.656,45.468,50.656,47.718,1300500000,0
2026-08-31T01:51:26,17576.2,50.593,45.75,50.593,47.718,1300500000,0
2026-08-31T01:51:31,17581.2,50.593,45.562,50.593,47.875,1300500000,0
2026-08-31T01:51:36,17586.2,50.625,45.5,50.625,47.75,1300500000,0
2026-08-31T01:51:41,17591.2,50.593,45.531,50.593,47.812,1300500000,0
2026-08-31T01:51:46,17596.2,50.781,45.875,50.781,47.812,1300500000,0
2026-08-31T01:51:51,17601.2,50.75,45.718,50.75,47.843,1300500000,0
2026-08-31T01:51:56,17606.2,50.562,45.593,50.562,47.968,1300500000,0
2026-08-31T01:52:01,17611.2,50.593,45.718,50.593,47.75,1300500000,0
2026-08-31T01:52:06,17616.2,50.656,45.562,50.656,47.875,1300500000,0
2026-08-31T01:52:11,17621.3,50.625,45.531,50.625,47.812,1300500000,0
2026-08-31T01:52:16,17626.3,50.593,45.781,50.593,47.906,1300500000,0
2026-08-31T01:52:21,17631.3,50.75,45.593,50.75,47.875,1300500000,0
2026-08-31T01:52:26,17636.3,50.843,45.5,50.843,47.781,1300500000,0
2026-08-31T01:52:31,17641.3,50.656,45.531,50.656,47.906,1300500000,0
2026-08-31T01:52:36,17646.3,50.593,45.906,50.593,47.812,1300500000,0
2026-08-31T01:52:41,17651.3,50.687,45.687,50.687,48.031,1300500000,0
2026-08-31T01:52:46,17656.3,50.625,45.906,50.625,47.812,1300500000,0
2026-08-31T01:52:51,17661.3,50.531,45.562,50.531,48.0,1300500000,0
2026-08-31T01:52:56,17666.3,50.718,45.593,50.718,47.875,1300500000,0
2026-08-31T01:53:01,17671.3,50.593,45.593,50.593,47.906,1300500000,0
2026-08-31T01:53:06,17676.3,50.562,45.875,50.437,47.781,1300500000,0
2026-08-31T01:53:11,17681.3,50.468,45.687,50.468,47.937,1300500000,0
2026-08-31T01:53:16,17686.3,50.593,45.593,50.593,47.781,1300500000,0
2026-08-31T01:53:21,17691.3,50.562,45.656,50.562,47.812,1300500000,0
2026-08-31T01:53:26,17696.3,50.687,45.625,50.687,47.812,1300500000,0
2026-08-31T01:53:31,17701.3,50.75,45.593,50.562,47.906,1300500000,0
2026-08-31T01:53:36,17706.3,50.656,45.968,50.656,47.812,1300500000,0
2026-08-31T01:53:41,17711.4,50.593,45.718,50.593,47.812,1300500000,0
2026-08-31T01:53:46,17716.4,50.656,45.593,50.656,47.812,1300500000,0
2026-08-31T01:53:51,17721.4,50.562,45.5,50.562,47.843,1300500000,0
2026-08-31T01:53:57,17726.4,50.593,45.625,50.593,47.968,1300500000,0
2026-08-31T01:54:02,17731.4,50.781,45.531,50.781,47.906,1300500000,0
2026-08-31T01:54:07,17736.4,50.593,45.875,50.593,47.968,1300500000,0
2026-08-31T01:54:12,17741.4,50.812,45.687,50.812,47.75,1300500000,0
2026-08-31T01:54:17,17746.4,50.656,45.656,50.656,47.937,1300500000,0
2026-08-31T01:54:22,17751.4,50.593,45.5,50.593,47.875,1300500000,0
2026-08-31T01:54:27,17756.4,50.531,45.937,50.531,47.781,1300500000,0
2026-08-31T01:54:32,17761.4,50.687,45.75,50.687,47.812,1300500000,0
2026-08-31T01:54:37,17766.4,50.593,45.687,50.593,47.875,1300500000,0
2026-08-31T01:54:42,17771.4,50.812,45.75,50.812,47.843,1300500000,0
2026-08-31T01:54:47,17776.4,50.875,45.531,50.593,47.875,1300500000,0
2026-08-31T01:54:52,17781.4,50.625,45.468,50.625,47.75,1300500000,0
2026-08-31T01:54:57,17786.4,50.593,45.593,50.593,47.843,1300500000,0
2026-08-31T01:55:02,17791.4,50.656,45.593,50.656,47.875,1300500000,0
2026-08-31T01:55:07,17796.5,50.625,45.906,50.625,47.843,1300500000,0
2026-08-31T01:55:12,17801.5,50.718,45.781,50.718,47.843,1300500000,0
2026-08-31T01:55:17,17806.5,50.75,45.656,50.75,47.937,1300500000,0
2026-08-31T01:55:22,17811.5,50.625,45.625,50.625,47.843,1300500000,0
2026-08-31T01:55:27,17816.5,50.593,45.625,50.593,47.968,1300500000,0
2026-08-31T01:55:32,17821.5,50.625,45.593,50.625,48.031,1300500000,0
2026-08-31T01:55:37,17826.5,50.562,45.875,50.562,47.875,1300500000,0
2026-08-31T01:55:42,17831.5,50.593,45.812,50.593,48.031,1300500000,0
2026-08-31T01:55:47,17836.5,50.843,45.656,50.843,47.906,1300500000,0
2026-08-31T01:55:52,17841.5,50.593,45.625,50.593,47.906,1300500000,0
2026-08-31T01:55:57,17846.5,50.906,45.937,50.906,47.937,1300500000,0
2026-08-31T01:56:02,17851.5,50.656,45.562,50.656,47.968,1300500000,0
2026-08-31T01:56:07,17856.5,50.75,45.937,50.75,47.875,1300500000,0
2026-08-31T01:56:12,17861.5,50.5,45.781,50.5,47.937,1300500000,0
2026-08-31T01:56:17,17866.5,50.687,45.625,50.687,47.906,1300500000,0
2026-08-31T01:56:22,17871.5,50.593,45.593,50.593,47.906,1300500000,0
2026-08-31T01:56:27,17876.5,50.812,45.906,50.812,47.906,1300500000,0
2026-08-31T01:56:32,17881.5,50.875,45.843,50.875,47.937,1300500000,0
2026-08-31T01:56:37,17886.6,50.656,45.687,50.656,48.031,1300500000,0
2026-08-31T01:56:42,17891.6,50.625,45.812,50.625,47.875,1300500000,0
2026-08-31T01:56:47,17896.6,50.625,45.781,50.625,48.031,1300500000,0
2026-08-31T01:56:52,17901.6,50.781,45.656,50.781,47.906,1300500000,0
2026-08-31T01:56:57,17906.6,50.593,45.875,50.593,48.031,1300500000,0
2026-08-31T01:57:02,17911.6,50.875,45.75,50.875,47.906,1300500000,0
2026-08-31T01:57:07,17916.6,50.593,45.718,50.593,47.968,1300500000,0
2026-08-31T01:57:12,17921.6,50.687,45.718,50.687,48.0,1300500000,0
2026-08-31T01:57:17,17926.6,50.593,46.031,50.593,48.031,1300500000,0
2026-08-31T01:57:22,17931.6,50.75,45.625,50.75,47.906,1300500000,0
2026-08-31T01:57:27,17936.6,50.625,45.968,50.625,48.0,1300500000,0
2026-08-31T01:57:32,17941.6,50.75,45.875,50.75,47.843,1300500000,0
2026-08-31T01:57:37,17946.6,50.875,45.687,50.875,47.875,1300500000,0
2026-08-31T01:57:42,17951.6,50.625,45.656,50.625,47.968,1300500000,0
2026-08-31T01:57:47,17956.6,50.593,46.0,50.593,47.968,1300500000,0
2026-08-31T01:57:52,17961.6,50.656,45.812,50.656,47.937,1300500000,0
2026-08-31T01:57:57,17966.6,50.593,45.718,50.593,47.875,1300500000,0
2026-08-31T01:58:02,17971.6,50.593,45.687,50.593,48.031,1300500000,0
2026-08-31T01:58:07,17976.7,50.843,45.781,50.843,47.906,1300500000,0
2026-08-31T01:58:12,17981.7,50.625,45.718,50.625,47.968,1300500000,0
2026-08-31T01:58:17,17986.7,50.906,46.062,50.906,47.843,1300500000,0
2026-08-31T01:58:22,17991.7,50.593,45.781,50.593,48.062,1300500000,0
2026-08-31T01:58:27,17996.7,50.718,45.781,50.718,47.906,1300500000,0
2026-08-31T01:58:32,18001.7,50.625,45.656,50.625,48.0,1300500000,0
2026-08-31T01:58:37,18006.7,50.781,46.0,50.781,47.812,1300500000,0
2026-08-31T01:58:42,18011.7,50.718,45.781,50.718,47.968,1300500000,0
2026-08-31T01:58:47,18016.7,50.625,45.75,50.625,47.937,1300500000,0
2026-08-31T01:58:52,18021.7,51.0,45.593,51.0,47.937,1300500000,0
2026-08-31T01:58:57,18026.7,50.593,45.687,50.593,48.062,1300500000,0
2026-08-31T01:59:02,18031.7,50.593,45.75,50.593,48.0,1300500000,0
2026-08-31T01:59:07,18036.7,50.687,46.125,50.687,48.031,1300500000,0
2026-08-31T01:59:12,18041.7,50.781,45.812,50.781,47.906,1300500000,0
2026-08-31T01:59:17,18046.7,50.593,45.718,50.593,48.031,1300500000,0
2026-08-31T01:59:22,18051.7,50.812,45.656,50.812,47.968,1300500000,0
2026-08-31T01:59:27,18056.7,50.718,46.031,50.718,48.0,1300500000,0
2026-08-31T01:59:32,18061.7,50.75,45.843,50.75,47.906,1300500000,0
2026-08-31T01:59:37,18066.8,50.687,45.75,50.687,48.0,1300500000,0
2026-08-31T01:59:42,18071.8,50.75,45.656,50.75,47.906,1300500000,0
2026-08-31T01:59:47,18076.8,50.656,45.75,50.656,47.906,1300500000,0
2026-08-31T01:59:52,18081.8,50.593,45.656,50.593,48.093,1300500000,0
2026-08-31T01:59:57,18086.8,50.875,46.062,50.875,48.0,1300500000,0
2026-08-31T02:00:02,18091.8,50.75,45.843,50.75,48.093,1300500000,0
2026-08-31T02:00:07,18096.8,50.656,45.718,50.656,47.968,1300500000,0
2026-08-31T02:00:12,18101.8,50.781,45.625,50.781,48.093,1300500000,0
2026-08-31T02:00:17,18106.8,50.75,46.093,50.75,48.031,1300500000,0
2026-08-31T02:00:22,18111.8,50.687,45.687,50.687,48.031,1300500000,0
2026-08-31T02:00:27,18116.8,50.875,46.125,50.875,47.812,1300500000,0
2026-08-31T02:00:32,18121.8,50.625,45.875,50.625,48.062,1300500000,0
2026-08-31T02:00:37,18126.8,51.062,46.031,51.062,48.0,1300500000,0
2026-08-31T02:00:42,18131.8,50.843,45.812,50.843,48.062,1300500000,0
2026-08-31T02:00:47,18136.8,50.593,45.718,50.593,48.0,1300500000,0
2026-08-31T02:00:52,18141.8,50.718,45.687,50.75,47.968,1300500000,0
2026-08-31T02:00:57,18146.8,50.875,45.718,50.875,47.968,1300500000,0
2026-08-31T02:01:02,18151.8,50.656,45.718,50.656,48.093,1300500000,0
2026-08-31T02:01:07,18156.9,50.875,46.093,50.875,47.937,1300500000,0
2026-08-31T02:01:12,18161.9,50.687,45.75,50.687,48.031,1300500000,0
2026-08-31T02:01:17,18166.9,50.687,46.0,50.687,48.031,1300500000,0
2026-08-31T02:01:22,18171.9,50.75,45.875,50.75,48.093,1300500000,0
2026-08-31T02:01:27,18176.9,50.656,45.718,50.656,48.0,1300500000,0
2026-08-31T02:01:32,18181.9,50.812,45.906,50.812,47.906,1300500000,0
2026-08-31T02:01:37,18186.9,50.906,45.75,50.906,48.0,1300500000,0
2026-08-31T02:01:42,18191.9,50.687,45.75,50.687,48.218,1300500000,0
2026-08-31T02:01:47,18196.9,51.062,45.875,51.062,48.0,1300500000,0
2026-08-31T02:01:52,18201.9,50.781,45.718,50.781,48.125,1300500000,0
2026-08-31T02:01:57,18206.9,50.718,45.937,50.718,48.0,1300500000,0
2026-08-31T02:02:02,18211.9,50.812,45.875,50.812,48.093,1300500000,0
2026-08-31T02:02:07,18216.9,50.843,45.781,50.843,47.968,1300500000,0
2026-08-31T02:02:12,18221.9,50.656,45.75,50.656,48.093,1300500000,0
2026-08-31T02:02:17,18226.9,50.875,46.062,50.875,47.937,1300500000,0
2026-08-31T02:02:22,18231.9,50.781,45.687,50.781,48.093,1300500000,0
2026-08-31T02:02:27,18236.9,50.687,46.093,50.625,47.906,1300500000,0
2026-08-31T02:02:32,18242.0,50.656,45.812,50.656,48.031,1300500000,0
2026-08-31T02:02:37,18247.0,50.812,45.75,50.812,48.0,1300500000,0
2026-08-31T02:02:42,18252.0,50.593,45.781,50.593,48.031,1300500000,0
2026-08-31T02:02:47,18257.0,50.937,46.0,50.937,47.937,1300500000,0
2026-08-31T02:02:52,18262.0,50.906,45.875,50.906,48.031,1300500000,0
2026-08-31T02:02:57,18267.0,50.718,45.812,50.718,48.093,1300500000,0
2026-08-31T02:03:02,18272.0,50.656,45.687,50.656,48.031,1300500000,0
2026-08-31T02:03:07,18277.0,50.812,46.062,50.812,48.093,1300500000,0
2026-08-31T02:03:12,18282.0,50.875,45.656,50.875,47.937,1300500000,0
2026-08-31T02:03:17,18287.0,50.656,46.0,50.656,48.031,1300500000,0
2026-08-31T02:03:22,18292.0,50.906,45.781,50.906,47.937,1300500000,0
2026-08-31T02:03:27,18297.0,50.687,45.75,50.687,48.0,1300500000,0
2026-08-31T02:03:32,18302.0,50.906,45.718,50.906,47.875,1300500000,0
2026-08-31T02:03:37,18307.0,50.625,45.968,50.625,47.937,1300500000,0
2026-08-31T02:03:42,18312.0,50.687,45.812,50.687,47.781,1300500000,0
2026-08-31T02:03:47,18317.0,50.656,45.562,50.656,48.0,1300500000,0
2026-08-31T02:03:52,18322.0,50.718,45.593,50.718,47.843,1300500000,0
2026-08-31T02:03:57,18327.0,50.843,45.968,50.843,47.875,1300500000,0
2026-08-31T02:04:02,18332.1,50.656,45.718,50.656,47.937,1300500000,0
2026-08-31T02:04:07,18337.1,50.781,45.656,50.781,47.812,1300500000,0
2026-08-31T02:04:12,18342.1,50.562,45.593,50.562,47.812,1300500000,0
2026-08-31T02:04:17,18347.1,50.593,45.937,50.593,47.875,1300500000,0
2026-08-31T02:04:22,18352.1,50.531,45.718,50.531,47.843,1300500000,0
2026-08-31T02:04:27,18357.1,50.531,45.625,50.531,47.906,1300500000,0
2026-08-31T02:04:32,18362.1,50.593,45.562,50.593,47.906,1300500000,0
2026-08-31T02:04:37,18367.1,50.5,45.593,50.5,47.906,1300500000,0
2026-08-31T02:04:42,18372.1,50.5,45.5,50.5,47.75,1300500000,0
2026-08-31T02:04:47,18377.1,50.562,45.437,50.562,47.812,1300500000,0
2026-08-31T02:04:52,18382.1,50.687,45.687,50.687,47.937,1300500000,0
2026-08-31T02:04:57,18387.1,50.593,45.531,50.593,47.656,1300500000,0
2026-08-31T02:05:02,18392.1,50.5,45.468,50.5,47.843,1300500000,0
2026-08-31T02:05:07,18397.1,50.531,45.468,50.656,47.937,1300500000,0
2026-08-31T02:05:12,18402.1,50.718,45.687,50.718,47.781,1300500000,0
2026-08-31T02:05:17,18407.1,50.562,45.531,50.562,47.75,1300500000,0
2026-08-31T02:05:22,18412.1,50.562,45.437,50.562,47.656,1300500000,0
2026-08-31T02:05:27,18417.1,50.437,45.593,50.437,47.75,1300500000,0
2026-08-31T02:05:32,18422.2,50.562,45.468,50.562,47.718,1300500000,0
2026-08-31T02:05:37,18427.2,50.593,45.406,50.562,47.687,1300500000,0
2026-08-31T02:05:42,18432.2,50.531,45.718,50.531,47.906,1300500000,0
2026-08-31T02:05:47,18437.2,50.75,45.5,50.75,47.625,1300500000,0
2026-08-31T02:05:52,18442.2,50.5,45.593,50.5,47.781,1300500000,0
2026-08-31T02:05:57,18447.2,50.406,45.593,50.406,47.718,1300500000,0
2026-08-31T02:06:02,18452.2,50.406,45.531,50.406,47.687,1300500000,0
2026-08-31T02:06:07,18457.2,50.562,45.375,50.562,47.656,1300500000,0
2026-08-31T02:06:12,18462.2,50.437,45.75,50.437,47.781,1300500000,0
2026-08-31T02:06:17,18467.2,50.562,45.468,50.562,47.656,1300500000,0
2026-08-31T02:06:22,18472.2,50.718,45.468,50.718,47.75,1300500000,0
2026-08-31T02:06:27,18477.2,50.437,45.375,50.437,47.656,1300500000,0
2026-08-31T02:06:32,18482.2,50.375,45.562,50.375,47.656,1300500000,0
2026-08-31T02:06:37,18487.2,50.5,45.343,50.5,47.781,1300500000,0
2026-08-31T02:06:42,18492.2,50.25,45.656,50.25,47.687,1300500000,0
2026-08-31T02:06:47,18497.2,50.343,45.531,50.343,47.781,1300500000,0
2026-08-31T02:06:52,18502.2,50.593,45.375,50.593,47.656,1300500000,0
2026-08-31T02:06:57,18507.2,50.406,45.375,50.406,47.656,1300500000,0
2026-08-31T02:07:02,18512.3,50.312,45.5,50.312,47.625,1300500000,0
2026-08-31T02:07:07,18517.3,50.312,45.406,50.312,47.656,1300500000,0
2026-08-31T02:07:12,18522.3,50.5,45.375,50.5,47.531,1300500000,0
2026-08-31T02:07:17,18527.3,50.343,45.375,50.343,47.718,1300500000,0
2026-08-31T02:07:22,18532.3,50.531,45.312,50.531,47.562,1300500000,0
2026-08-31T02:07:27,18537.3,50.562,45.281,50.562,47.625,1300500000,0
2026-08-31T02:07:32,18542.3,50.343,45.375,50.343,47.75,1300500000,0
2026-08-31T02:07:37,18547.3,50.25,45.375,50.25,47.625,1300500000,0
2026-08-31T02:07:42,18552.3,50.281,45.593,50.375,47.656,1300500000,0
2026-08-31T02:07:47,18557.3,50.406,45.375,50.406,47.593,1300500000,0
2026-08-31T02:07:52,18562.3,50.281,45.312,50.281,47.625,1300500000,0
2026-08-31T02:07:57,18567.3,50.312,45.375,50.312,47.75,1300500000,0
2026-08-31T02:08:02,18572.3,50.593,45.562,50.593,47.562,1300500000,0
2026-08-31T02:08:07,18577.3,50.375,45.531,50.375,47.593,1300500000,0
2026-08-31T02:08:12,18582.3,50.281,45.343,50.281,47.5,1300500000,0
2026-08-31T02:08:17,18587.3,50.281,45.375,50.281,47.562,1300500000,0
2026-08-31T02:08:22,18592.3,50.437,45.531,50.437,47.562,1300500000,0
2026-08-31T02:08:27,18597.4,50.437,45.312,50.437,47.593,1300500000,0
2026-08-31T02:08:32,18602.4,50.25,45.625,50.25,47.625,1300500000,0
2026-08-31T02:08:37,18607.4,50.531,45.375,50.531,47.562,1300500000,0
2026-08-31T02:08:43,18612.4,50.218,45.375,50.218,47.687,1300500000,0
2026-08-31T02:08:48,18617.4,50.312,45.343,50.312,47.531,1300500000,0
2026-08-31T02:08:53,18622.4,50.187,45.593,50.187,47.593,1300500000,0
2026-08-31T02:08:58,18627.4,50.156,45.375,50.156,47.562,1300500000,0
2026-08-31T02:09:03,18632.4,50.375,45.312,50.375,47.468,1300500000,0
2026-08-31T02:09:08,18637.4,50.25,45.312,50.25,47.531,1300500000,0
2026-08-31T02:09:13,18642.4,50.25,45.593,50.25,47.468,1300500000,0
2026-08-31T02:09:18,18647.4,50.187,45.25,50.187,47.531,1300500000,0
2026-08-31T02:09:23,18652.4,50.25,45.25,50.25,47.625,1300500000,0
2026-08-31T02:09:28,18657.4,50.281,45.437,50.281,47.5,1300500000,0
2026-08-31T02:09:33,18662.4,50.218,45.343,50.218,47.593,1300500000,0
2026-08-31T02:09:38,18667.4,50.437,45.218,50.437,47.406,1300500000,0
2026-08-31T02:09:43,18672.4,50.187,45.281,50.187,47.562,1300500000,0
2026-08-31T02:09:48,18677.4,50.312,45.312,50.312,47.5,1300500000,0
2026-08-31T02:09:53,18682.4,50.25,45.156,50.25,47.437,1300500000,0
2026-08-31T02:09:58,18687.5,50.343,45.406,50.343,47.437,1300500000,0
2026-08-31T02:10:03,18692.5,50.187,45.281,50.187,47.468,1300500000,0
2026-08-31T02:10:08,18697.5,50.187,45.25,50.187,47.5,1300500000,0
2026-08-31T02:10:13,18702.5,50.406,45.156,50.406,47.5,1300500000,0
2026-08-31T02:10:18,18707.5,50.281,45.437,50.281,47.593,1300500000,0
2026-08-31T02:10:23,18712.5,50.156,45.25,50.156,47.406,1300500000,0
2026-08-31T02:10:28,18717.5,50.125,45.218,50.125,47.562,1300500000,0
2026-08-31T02:10:33,18722.5,50.25,45.25,50.25,47.531,1300500000,0
2026-08-31T02:10:38,18727.5,50.187,45.406,50.187,47.531,1300500000,0
2026-08-31T02:10:43,18732.5,50.25,45.156,50.25,47.437,1300500000,0
2026-08-31T02:10:48,18737.5,50.437,45.406,50.218,47.531,1300500000,0
2026-08-31T02:10:53,18742.5,50.25,45.312,50.25,47.406,1300500000,0
2026-08-31T02:10:58,18747.5,50.125,45.187,50.125,47.468,1300500000,0
2026-08-31T02:11:03,18752.5,50.25,45.156,50.25,47.375,1300500000,0
2026-08-31T02:11:08,18757.5,50.187,45.375,50.187,47.437,1300500000,0
2026-08-31T02:11:13,18762.5,50.125,45.281,50.125,47.562,1300500000,0
2026-08-31T02:11:18,18767.5,50.375,45.187,50.375,47.468,1300500000,0
2026-08-31T02:11:23,18772.5,50.156,45.156,50.156,47.562,1300500000,0
2026-08-31T02:11:28,18777.6,50.5,45.343,50.5,47.437,1300500000,0
2026-08-31T02:11:33,18782.6,50.125,45.343,50.125,47.406,1300500000,0
2026-08-31T02:11:38,18787.6,50.218,45.25,50.218,47.375,1300500000,0
2026-08-31T02:11:43,18792.6,50.156,45.218,50.156,47.5,1300500000,0
2026-08-31T02:11:48,18797.6,50.125,45.343,50.125,47.562,1300500000,0
2026-08-31T02:11:53,18802.6,50.281,45.25,50.281,47.468,1300500000,0
2026-08-31T02:11:58,18807.6,50.125,45.25,50.125,47.437,1300500000,0
2026-08-31T02:12:03,18812.6,50.187,45.156,50.187,47.437,1300500000,0
2026-08-31T02:12:08,18817.6,50.125,45.25,50.125,47.375,1300500000,0
2026-08-31T02:12:13,18822.6,50.125,45.125,50.312,47.5,1300500000,0
2026-08-31T02:12:18,18827.6,50.218,45.437,50.218,47.343,1300500000,0
2026-08-31T02:12:23,18832.6,50.187,45.312,50.187,47.406,1300500000,0
2026-08-31T02:12:28,18837.6,50.125,45.25,50.125,47.593,1300500000,0
2026-08-31T02:12:33,18842.6,50.375,45.187,50.375,47.406,1300500000,0
2026-08-31T02:12:38,18847.6,50.156,45.437,50.156,47.531,1300500000,0
2026-08-31T02:12:43,18852.6,50.125,45.281,50.125,47.343,1300500000,0
2026-08-31T02:12:48,18857.6,50.125,45.187,50.125,47.468,1300500000,0
2026-08-31T02:12:53,18862.6,50.25,45.25,50.25,47.343,1300500000,0
2026-08-31T02:12:58,18867.7,50.25,45.25,50.25,47.312,1300500000,0
2026-08-31T02:13:03,18872.7,50.156,45.156,50.156,47.562,1300500000,0
2026-08-31T02:13:08,18877.7,50.406,45.437,50.406,47.406,1300500000,0
2026-08-31T02:13:13,18882.7,50.031,45.281,50.031,47.468,1300500000,0
2026-08-31T02:13:18,18887.7,50.156,45.218,50.156,47.343,1300500000,0
2026-08-31T02:13:23,18892.7,50.062,45.125,50.062,47.375,1300500000,0
2026-08-31T02:13:28,18897.7,50.281,45.156,50.281,47.375,1300500000,0
2026-08-31T02:13:33,18902.7,50.125,45.156,50.125,47.437,1300500000,0
2026-08-31T02:13:38,18907.7,50.156,45.437,50.156,47.562,1300500000,0
2026-08-31T02:13:43,18912.7,50.406,45.25,50.406,47.343,1300500000,0
2026-08-31T02:13:48,18917.7,50.156,45.187,50.156,47.468,1300500000,0
2026-08-31T02:13:53,18922.7,50.062,45.125,50.062,47.375,1300500000,0
2026-08-31T02:13:58,18927.7,50.125,45.406,50.125,47.343,1300500000,0
2026-08-31T02:14:03,18932.7,50.218,45.343,50.218,47.406,1300500000,0
2026-08-31T02:14:08,18937.7,50.125,45.437,50.125,47.437,1300500000,0
2026-08-31T02:14:13,18942.7,50.281,45.281,50.281,47.312,1300500000,0
2026-08-31T02:14:18,18947.7,50.093,45.156,50.093,47.406,1300500000,0
2026-08-31T02:14:23,18952.8,50.187,45.031,50.187,47.343,1300500000,0
2026-08-31T02:14:28,18957.8,50.062,45.437,50.062,47.437,1300500000,0
2026-08-31T02:14:33,18962.8,50.156,45.218,50.156,47.281,1300500000,0
2026-08-31T02:14:38,18967.8,50.093,45.187,50.093,47.312,1300500000,0
2026-08-31T02:14:43,18972.8,50.218,45.062,50.218,47.25,1300500000,0
2026-08-31T02:14:48,18977.8,50.312,45.187,50.312,47.375,1300500000,0
2026-08-31T02:14:53,18982.8,50.125,45.062,50.125,47.5,1300500000,0
2026-08-31T02:14:58,18987.8,50.062,45.375,50.062,47.25,1300500000,0
2026-08-31T02:15:03,18992.8,50.125,45.25,50.125,47.468,1300500000,0
2026-08-31T02:15:08,18997.8,50.031,45.218,50.031,47.343,1300500000,0
2026-08-31T02:15:13,19002.8,50.031,45.25,50.031,47.406,1300500000,0
2026-08-31T02:15:18,19007.8,50.156,45.093,50.156,47.343,1300500000,0
2026-08-31T02:15:23,19012.8,50.062,45.031,50.062,47.531,1300500000,0
2026-08-31T02:15:28,19017.8,50.312,45.375,50.312,47.343,1300500000,0
2026-08-31T02:15:33,19022.8,50.125,45.062,50.125,47.468,1300500000,0
2026-08-31T02:15:38,19027.8,50.0,45.437,50.0,47.281,1300500000,0
2026-08-31T02:15:43,19032.8,50.125,45.25,50.125,47.437,1300500000,0
2026-08-31T02:15:48,19037.9,49.968,45.406,49.968,47.375,1300500000,0
2026-08-31T02:15:53,19042.9,50.25,45.187,50.25,47.343,1300500000,0
2026-08-31T02:15:58,19047.9,50.25,45.156,50.125,47.25,1300500000,0
2026-08-31T02:16:03,19052.9,50.031,45.25,50.031,47.25,1300500000,0
2026-08-31T02:16:08,19057.9,49.906,45.062,49.906,47.343,1300500000,0
2026-08-31T02:16:13,19062.9,50.125,44.968,50.125,47.218,1300500000,0
2026-08-31T02:16:18,19067.9,49.968,45.125,49.968,47.375,1300500000,0
2026-08-31T02:16:23,19072.9,50.125,45.031,50.125,47.25,1300500000,0
2026-08-31T02:16:28,19077.9,50.0,45.343,50.0,47.343,1300500000,0
2026-08-31T02:16:33,19082.9,50.281,45.031,50.281,47.281,1300500000,0
2026-08-31T02:16:38,19087.9,50.093,45.343,50.093,47.406,1300500000,0
2026-08-31T02:16:43,19092.9,50.312,45.156,50.312,47.25,1300500000,0
2026-08-31T02:16:48,19097.9,49.968,45.343,50.031,47.343,1300500000,0
2026-08-31T02:16:53,19102.9,50.062,45.187,50.062,47.343,1300500000,0
2026-08-31T02:16:58,19107.9,50.062,45.031,50.062,47.25,1300500000,0
2026-08-31T02:17:03,19112.9,50.125,45.125,50.125,47.312,1300500000,0
2026-08-31T02:17:08,19117.9,50.062,45.343,50.062,47.375,1300500000,0
2026-08-31T02:17:13,19122.9,50.062,45.156,50.062,47.218,1300500000,0
2026-08-31T02:17:18,19128.0,50.343,45.156,50.343,47.281,1300500000,0
2026-08-31T02:17:23,19133.0,50.125,45.125,50.125,47.281,1300500000,0
2026-08-31T02:17:28,19138.0,49.968,45.031,49.968,47.312,1300500000,0
2026-08-31T02:17:33,19143.0,50.125,45.031,50.125,47.531,1300500000,0
2026-08-31T02:17:38,19148.0,50.156,45.375,50.156,47.281,1300500000,0
2026-08-31T02:17:43,19153.0,50.0,45.187,50.0,47.406,1300500000,0
2026-08-31T02:17:48,19158.0,50.218,45.093,50.218,47.312,1300500000,0
2026-08-31T02:17:53,19163.0,50.125,44.968,50.125,47.343,1300500000,0
2026-08-31T02:17:58,19168.0,49.968,45.218,49.968,47.312,1300500000,0
2026-08-31T02:18:03,19173.0,49.968,44.968,49.968,47.312,1300500000,0
2026-08-31T02:18:08,19178.0,50.125,45.312,50.125,47.25,1300500000,0
2026-08-31T02:18:13,19183.0,49.968,45.187,49.968,47.375,1300500000,0
2026-08-31T02:18:18,19188.0,50.187,45.031,50.187,47.281,1300500000,0
2026-08-31T02:18:23,19193.0,50.062,44.968,50.062,47.343,1300500000,0
2026-08-31T02:18:28,19198.0,50.031,45.093,50.031,47.218,1300500000,0
2026-08-31T02:18:33,19203.0,49.906,45.062,49.906,47.375,1300500000,0
2026-08-31T02:18:38,19208.0,50.062,45.281,50.062,47.281,1300500000,0
2026-08-31T02:18:43,19213.1,50.062,45.125,50.062,47.312,1300500000,0
2026-08-31T02:18:48,19218.1,50.125,45.125,50.125,47.25,1300500000,0
2026-08-31T02:18:53,19223.1,50.125,45.031,50.125,47.187,1300500000,0
2026-08-31T02:18:58,19228.1,50.062,45.312,50.062,47.218,1300500000,0
2026-08-31T02:19:03,19233.1,50.312,45.156,50.312,47.25,1300500000,0
2026-08-31T02:19:08,19238.1,50.031,45.343,50.031,47.375,1300500000,0
2026-08-31T02:19:13,19243.1,49.937,45.156,49.937,47.218,1300500000,0
2026-08-31T02:19:18,19248.1,49.968,45.156,49.968,47.343,1300500000,0
2026-08-31T02:19:23,19253.1,50.156,45.0,50.156,47.25,1300500000,0
2026-08-31T02:19:28,19258.1,50.0,45.375,50.0,47.343,1300500000,0
2026-08-31T02:19:33,19263.1,50.312,45.093,50.312,47.281,1300500000,0
2026-08-31T02:19:38,19268.1,50.062,45.343,50.062,47.375,1300500000,0
2026-08-31T02:19:43,19273.1,50.093,45.125,50.093,47.312,1300500000,0
2026-08-31T02:19:48,19278.1,49.968,44.968,49.968,47.375,1300500000,0
2026-08-31T02:19:53,19283.1,50.093,45.031,50.093,47.218,1300500000,0
2026-08-31T02:19:58,19288.1,50.031,45.312,50.031,47.281,1300500000,0
2026-08-31T02:20:03,19293.1,50.156,45.125,50.156,47.25,1300500000,0
2026-08-31T02:20:08,19298.2,50.187,45.062,50.187,47.343,1300500000,0
2026-08-31T02:20:13,19303.2,50.031,45.125,50.031,47.25,1300500000,0
2026-08-31T02:20:18,19308.2,49.937,45.062,49.937,47.312,1300500000,0
2026-08-31T02:20:23,19313.2,50.031,45.062,50.031,47.281,1300500000,0
2026-08-31T02:20:28,19318.2,49.968,45.25,49.968,47.25,1300500000,0
2026-08-31T02:20:33,19323.2,50.156,44.968,50.156,47.218,1300500000,0
2026-08-31T02:20:38,19328.2,50.125,45.281,50.125,47.25,1300500000,0
2026-08-31T02:20:43,19333.2,50.062,45.156,50.062,47.468,1300500000,0
2026-08-31T02:20:48,19338.2,50.312,45.031,50.312,47.25,1300500000,0
2026-08-31T02:20:53,19343.2,49.937,45.031,49.937,47.375,1300500000,0
2026-08-31T02:20:58,19348.2,50.093,45.281,50.093,47.218,1300500000,0
2026-08-31T02:21:03,19353.2,49.968,45.0,49.968,47.25,1300500000,0
2026-08-31T02:21:08,19358.2,50.031,45.343,50.187,47.281,1300500000,0
2026-08-31T02:21:13,19363.2,50.156,45.218,50.156,47.312,1300500000,0
2026-08-31T02:21:18,19368.2,50.0,45.093,50.0,47.406,1300500000,0
2026-08-31T02:21:23,19373.2,49.968,45.031,49.968,47.187,1300500000,0
2026-08-31T02:21:28,19378.2,50.0,45.281,50.0,47.343,1300500000,0
2026-08-31T02:21:33,19383.3,50.062,45.187,50.062,47.281,1300500000,0
2026-08-31T02:21:38,19388.3,50.0,45.031,50.0,47.312,1300500000,0
2026-08-31T02:21:43,19393.3,50.0,45.031,50.0,47.343,1300500000,0
2026-08-31T02:21:48,19398.3,50.187,45.281,50.187,47.312,1300500000,0
2026-08-31T02:21:53,19403.3,50.0,45.125,50.0,47.25,1300500000,0
2026-08-31T02:21:58,19408.3,50.0,45.125,50.0,47.125,1300500000,0
2026-08-31T02:22:03,19413.3,49.937,45.031,49.937,47.25,1300500000,0
2026-08-31T02:22:08,19418.3,50.031,45.375,50.031,47.218,1300500000,0
2026-08-31T02:22:13,19423.3,50.031,45.156,50.031,47.312,1300500000,0
2026-08-31T02:22:18,19428.3,50.031,45.031,50.031,47.343,1300500000,0
2026-08-31T02:22:23,19433.3,50.156,45.0,50.156,47.25,1300500000,0
2026-08-31T02:22:28,19438.3,50.031,45.343,50.031,47.281,1300500000,0
2026-08-31T02:22:33,19443.3,50.031,45.25,50.031,47.218,1300500000,0
2026-08-31T02:22:38,19448.3,50.031,45.031,50.031,47.312,1300500000,0
2026-08-31T02:22:43,19453.3,50.093,44.906,50.093,47.187,1300500000,0
2026-08-31T02:22:48,19458.3,50.062,45.375,50.062,47.218,1300500000,0
2026-08-31T02:22:53,19463.3,50.031,45.187,50.156,47.406,1300500000,0
2026-08-31T02:22:58,19468.4,50.218,45.093,50.218,47.25,1300500000,0
2026-08-31T02:23:03,19473.4,50.125,45.156,50.125,47.437,1300500000,0
2026-08-31T02:23:08,19478.4,49.906,45.125,49.906,47.218,1300500000,0
2026-08-31T02:23:14,19483.4,50.062,45.031,50.062,47.375,1300500000,0
2026-08-31T02:23:19,19488.4,50.125,45.343,50.125,47.187,1300500000,0
2026-08-31T02:23:24,19493.4,50.031,45.25,50.031,47.281,1300500000,0
2026-08-31T02:23:29,19498.4,50.125,45.031,50.125,47.25,1300500000,0
2026-08-31T02:23:34,19503.4,50.0,45.25,50.0,47.343,1300500000,0
2026-08-31T02:23:39,19508.4,50.187,45.156,50.187,47.187,1300500000,0
2026-08-31T02:23:44,19513.4,49.875,45.031,49.875,47.25,1300500000,0
2026-08-31T02:23:49,19518.4,50.062,45.312,50.062,47.187,1300500000,0
2026-08-31T02:23:54,19523.4,50.0,45.156,50.0,47.218,1300500000,0
2026-08-31T02:23:59,19528.4,50.125,45.0,50.125,47.281,1300500000,0
2026-08-31T02:24:04,19533.4,50.031,45.093,50.031,47.312,1300500000,0
2026-08-31T02:24:09,19538.4,49.968,45.062,49.968,47.218,1300500000,0
2026-08-31T02:24:14,19543.4,50.281,45.031,50.281,47.281,1300500000,0
2026-08-31T02:24:19,19548.4,49.968,45.375,49.968,47.406,1300500000,0
2026-08-31T02:24:24,19553.4,49.843,45.25,49.843,47.187,1300500000,0
2026-08-31T02:24:29,19558.5,50.062,45.031,50.062,47.406,1300500000,0
2026-08-31T02:24:34,19563.5,50.125,45.062,50.125,47.218,1300500000,0
2026-08-31T02:24:39,19568.5,50.0,45.375,50.0,47.281,1300500000,0
2026-08-31T02:24:44,19573.5,50.156,45.25,50.156,47.187,1300500000,0
2026-08-31T02:24:49,19578.5,50.0,45.375,50.0,47.25,1300500000,0
2026-08-31T02:24:54,19583.5,49.968,45.218,49.968,47.218,1300500000,0
2026-08-31T02:24:59,19588.5,49.937,45.062,49.937,47.312,1300500000,0
2026-08-31T02:25:04,19593.5,50.031,44.968,50.031,47.218,1300500000,0
2026-08-31T02:25:09,19598.5,50.031,45.312,50.031,47.312,1300500000,0
2026-08-31T02:25:14,19603.5,50.093,45.187,50.093,47.156,1300500000,0
2026-08-31T02:25:19,19608.5,49.937,45.062,49.937,47.25,1300500000,0
2026-08-31T02:25:24,19613.5,50.0,45.187,50.0,47.187,1300500000,0
2026-08-31T02:25:29,19618.5,50.031,45.093,50.031,47.218,1300500000,0
2026-08-31T02:25:34,19623.5,50.093,45.031,50.093,47.343,1300500000,0
2026-08-31T02:25:39,19628.5,50.062,45.375,50.062,47.312,1300500000,0
2026-08-31T02:25:44,19633.5,50.125,45.187,50.125,47.156,1300500000,0
2026-08-31T02:25:49,19638.5,50.25,45.062,50.25,47.281,1300500000,0
2026-08-31T02:25:54,19643.6,49.968,45.093,49.968,47.343,1300500000,0
2026-08-31T02:25:59,19648.6,50.25,45.0,50.25,47.187,1300500000,0
2026-08-31T02:26:04,19653.6,50.031,45.093,50.031,47.281,1300500000,0
2026-08-31T02:26:09,19658.6,50.0,45.375,49.937,47.187,1300500000,0
2026-08-31T02:26:14,19663.6,49.937,45.156,49.937,47.312,1300500000,0
2026-08-31T02:26:19,19668.6,50.125,45.156,50.125,47.187,1300500000,0
2026-08-31T02:26:24,19673.6,49.937,45.062,49.937,47.343,1300500000,0
2026-08-31T02:26:29,19678.6,50.187,45.031,50.187,47.25,1300500000,0
2026-08-31T02:26:34,19683.6,50.031,44.968,50.031,47.312,1300500000,0
2026-08-31T02:26:39,19688.6,50.031,45.343,50.031,47.187,1300500000,0
2026-08-31T02:26:44,19693.6,49.968,45.312,49.968,47.187,1300500000,0
2026-08-31T02:26:49,19698.6,50.093,45.125,50.093,47.156,1300500000,0
2026-08-31T02:26:54,19703.6,49.937,45.0,49.937,47.281,1300500000,0
2026-08-31T02:26:59,19708.6,50.156,44.968,50.156,47.218,1300500000,0
2026-08-31T02:27:04,19713.6,50.156,45.031,50.156,47.187,1300500000,0
2026-08-31T02:27:09,19718.6,49.937,45.312,49.937,47.312,1300500000,0
2026-08-31T02:27:14,19723.6,49.906,45.25,49.906,47.187,1300500000,0
2026-08-31T02:27:19,19728.7,49.968,45.093,49.968,47.343,1300500000,0
2026-08-31T02:27:24,19733.7,50.125,45.031,49.937,47.25,1300500000,0
2026-08-31T02:27:29,19738.7,49.968,45.437,49.968,47.312,1300500000,0
2026-08-31T02:27:34,19743.7,50.218,45.156,50.218,47.187,1300500000,0
2026-08-31T02:27:39,19748.7,49.968,45.375,49.968,47.343,1300500000,0
2026-08-31T02:27:44,19753.7,50.25,45.125,50.25,47.125,1300500000,0
2026-08-31T02:27:49,19758.7,49.875,45.031,49.968,47.281,1300500000,0
2026-08-31T02:27:54,19763.7,50.093,44.906,50.093,47.25,1300500000,0
2026-08-31T02:27:59,19768.7,50.0,45.406,50.0,47.281,1300500000,0
2026-08-31T02:28:04,19773.7,50.156,45.156,50.156,47.218,1300500000,0
2026-08-31T02:28:09,19778.7,49.937,45.156,49.937,47.281,1300500000,0
2026-08-31T02:28:14,19783.7,50.062,45.062,50.062,47.156,1300500000,0
2026-08-31T02:28:19,19788.7,50.312,45.062,50.312,47.312,1300500000,0
2026-08-31T02:28:24,19793.7,50.062,45.0,50.062,47.187,1300500000,0
2026-08-31T02:28:29,19798.7,49.937,45.343,49.937,47.187,1300500000,0
2026-08-31T02:28:34,19803.7,50.093,45.156,50.093,47.375,1300500000,0
2026-08-31T02:28:39,19808.7,50.093,45.031,50.093,47.281,1300500000,0
2026-08-31T02:28:44,19813.7,50.031,44.968,50.031,47.375,1300500000,0
2026-08-31T02:28:49,19818.8,50.25,44.968,50.25,47.25,1300500000,0
2026-08-31T02:28:54,19823.8,49.968,45.0,49.968,47.312,1300500000,0
2026-08-31T02:28:59,19828.8,49.906,45.406,49.906,47.281,1300500000,0
2026-08-31T02:29:04,19833.8,49.937,45.156,49.937,47.343,1300500000,0
2026-08-31T02:29:09,19838.8,50.093,45.062,50.093,47.218,1300500000,0
2026-08-31T02:29:14,19843.8,49.968,45.093,49.968,47.281,1300500000,0
2026-08-31T02:29:19,19848.8,50.125,45.031,50.125,47.218,1300500000,0
2026-08-31T02:29:24,19853.8,50.093,45.093,50.093,47.343,1300500000,0
2026-08-31T02:29:29,19858.8,49.968,45.375,49.968,47.125,1300500000,0
2026-08-31T02:29:34,19863.8,50.031,45.093,50.031,47.281,1300500000,0
2026-08-31T02:29:39,19868.8,50.125,45.062,50.125,47.281,1300500000,0
2026-08-31T02:29:44,19873.8,50.0,45.125,50.0,47.281,1300500000,0
2026-08-31T02:29:49,19878.8,50.031,44.937,50.031,47.312,1300500000,0
2026-08-31T02:29:54,19883.8,50.218,45.25,50.218,47.218,1300500000,0
2026-08-31T02:29:59,19888.8,49.968,45.125,49.968,47.312,1300500000,0
2026-08-31T02:30:04,19893.8,50.312,45.218,50.312,47.281,1300500000,0
2026-08-31T02:30:09,19898.8,50.125,45.093,50.125,47.281,1300500000,0
2026-08-31T02:30:14,19903.9,50.093,45.031,50.093,47.25,1300500000,0
2026-08-31T02:30:19,19908.9,49.968,44.937,49.968,47.281,1300500000,0
2026-08-31T02:30:24,19913.9,50.093,45.187,50.093,47.187,1300500000,0
2026-08-31T02:30:29,19918.9,50.031,45.187,50.031,47.218,1300500000,0
2026-08-31T02:30:34,19923.9,50.125,45.093,50.125,47.281,1300500000,0
2026-08-31T02:30:39,19928.9,49.968,45.031,49.968,47.343,1300500000,0
2026-08-31T02:30:44,19933.9,50.062,45.0,50.062,47.343,1300500000,0
2026-08-31T02:30:49,19938.9,50.0,44.968,50.0,47.218,1300500000,0
2026-08-31T02:30:54,19943.9,50.093,45.218,50.093,47.25,1300500000,0
2026-08-31T02:30:59,19948.9,50.062,45.156,50.062,47.156,1300500000,0
2026-08-31T02:31:04,19953.9,49.937,45.0,49.937,47.375,1300500000,0
2026-08-31T02:31:09,19958.9,50.125,45.0,50.125,47.25,1300500000,0
2026-08-31T02:31:14,19963.9,50.0,45.0,50.0,47.343,1300500000,0
2026-08-31T02:31:19,19968.9,49.937,44.906,49.937,47.187,1300500000,0
2026-08-31T02:31:24,19973.9,50.062,45.156,50.062,47.312,1300500000,0
2026-08-31T02:31:29,19978.9,50.093,45.093,50.093,47.218,1300500000,0
2026-08-31T02:31:34,19983.9,49.968,45.125,49.968,47.343,1300500000,0
2026-08-31T02:31:39,19989.0,50.156,44.968,50.156,47.25,1300500000,0
2026-08-31T02:31:44,19994.0,50.031,45.25,50.031,47.343,1300500000,0
2026-08-31T02:31:49,19999.0,49.968,45.062,50.281,47.156,1300500000,0
2026-08-31T02:31:54,20004.0,49.906,45.0,49.906,47.25,1300500000,0
2026-08-31T02:31:59,20009.0,50.062,45.093,50.062,47.125,1300500000,0
2026-08-31T02:32:04,20014.0,49.968,45.125,49.968,47.312,1300500000,0
2026-08-31T02:32:09,20019.0,50.125,44.968,50.125,47.156,1300500000,0
2026-08-31T02:32:14,20024.0,50.156,45.218,50.156,47.218,1300500000,0
2026-08-31T02:32:19,20029.0,49.968,45.125,49.968,47.125,1300500000,0
2026-08-31T02:32:24,20034.0,49.937,44.968,49.937,47.218,1300500000,0
2026-08-31T02:32:29,20039.0,50.093,44.968,50.093,47.312,1300500000,0
2026-08-31T02:32:34,20044.0,49.906,45.218,49.906,47.187,1300500000,0
2026-08-31T02:32:39,20049.0,50.0,44.937,50.0,47.312,1300500000,0
2026-08-31T02:32:44,20054.0,50.125,45.281,50.125,47.218,1300500000,0
2026-08-31T02:32:49,20059.0,49.968,45.156,49.968,47.25,1300500000,0
2026-08-31T02:32:54,20064.0,50.187,45.031,50.187,47.187,1300500000,0
2026-08-31T02:32:59,20069.0,50.0,44.968,50.0,47.281,1300500000,0
2026-08-31T02:33:04,20074.0,50.031,45.218,50.031,47.218,1300500000,0
2026-08-31T02:33:09,20079.1,49.968,45.093,49.968,47.218,1300500000,0
2026-08-31T02:33:14,20084.1,50.0,45.031,50.0,47.187,1300500000,0
2026-08-31T02:33:19,20089.1,50.031,45.062,50.031,47.281,1300500000,0
2026-08-31T02:33:24,20094.1,50.031,45.062,50.031,47.375,1300500000,0
2026-08-31T02:33:29,20099.1,50.187,44.906,50.187,47.187,1300500000,0
2026-08-31T02:33:34,20104.1,50.031,45.25,50.031,47.312,1300500000,0
2026-08-31T02:33:39,20109.1,49.843,45.187,49.843,47.187,1300500000,0
2026-08-31T02:33:44,20114.1,49.906,45.031,49.906,47.25,1300500000,0
2026-08-31T02:33:49,20119.1,50.062,45.0,50.062,47.218,1300500000,0
2026-08-31T02:33:54,20124.1,50.031,45.312,50.031,47.281,1300500000,0
2026-08-31T02:33:59,20129.1,50.093,45.062,50.093,47.187,1300500000,0
2026-08-31T02:34:04,20134.1,50.25,45.062,50.25,47.281,1300500000,0
2026-08-31T02:34:09,20139.1,49.875,44.875,49.875,47.218,1300500000,0
2026-08-31T02:34:14,20144.1,49.968,45.125,49.968,47.25,1300500000,0
2026-08-31T02:34:19,20149.1,50.031,44.937,50.031,47.375,1300500000,0
2026-08-31T02:34:24,20154.1,50.125,45.187,49.906,47.187,1300500000,0
2026-08-31T02:34:29,20159.1,50.0,45.125,50.0,47.343,1300500000,0
2026-08-31T02:34:34,20164.2,50.156,45.062,50.156,47.187,1300500000,0
2026-08-31T02:34:39,20169.2,49.906,44.906,49.906,47.343,1300500000,0
2026-08-31T02:34:44,20174.2,49.968,45.25,49.968,47.218,1300500000,0
2026-08-31T02:34:49,20179.2,49.937,45.187,49.937,47.406,1300500000,0
2026-08-31T02:34:54,20184.2,50.062,45.031,50.062,47.281,1300500000,0
2026-08-31T02:34:59,20189.2,49.968,45.031,49.968,47.218,1300500000,0
2026-08-31T02:35:04,20194.2,50.125,45.062,50.125,47.25,1300500000,0
2026-08-31T02:35:09,20199.2,49.968,44.937,49.968,47.312,1300500000,0
2026-08-31T02:35:14,20204.2,49.968,45.25,49.968,47.187,1300500000,0
2026-08-31T02:35:19,20209.2,49.875,45.156,49.875,47.25,1300500000,0
2026-08-31T02:35:24,20214.2,49.968,45.093,49.968,47.156,1300500000,0
2026-08-31T02:35:29,20219.2,49.968,44.937,49.968,47.218,1300500000,0
2026-08-31T02:35:34,20224.2,50.0,45.25,50.0,47.25,1300500000,0
2026-08-31T02:35:39,20229.2,50.156,45.156,50.156,47.156,1300500000,0
2026-08-31T02:35:44,20234.2,49.968,45.062,49.968,47.281,1300500000,0
2026-08-31T02:35:49,20239.2,50.218,45.0,50.218,47.218,1300500000,0
2026-08-31T02:35:54,20244.2,49.968,45.218,49.968,47.25,1300500000,0
2026-08-31T02:35:59,20249.3,50.125,45.093,50.125,47.218,1300500000,0
2026-08-31T02:36:04,20254.3,49.906,45.125,49.906,47.187,1300500000,0
2026-08-31T02:36:09,20259.3,50.0,44.937,50.0,47.343,1300500000,0
2026-08-31T02:36:14,20264.3,50.125,45.25,50.125,47.281,1300500000,0
2026-08-31T02:36:19,20269.3,50.031,45.125,50.031,47.343,1300500000,0
2026-08-31T02:36:24,20274.3,50.0,45.062,50.0,47.125,1300500000,0
2026-08-31T02:36:29,20279.3,50.031,44.937,50.031,47.343,1300500000,0
2026-08-31T02:36:34,20284.3,50.125,45.312,50.125,47.312,1300500000,0
2026-08-31T02:36:39,20289.3,50.156,45.187,50.156,47.281,1300500000,0
2026-08-31T02:36:44,20294.3,49.937,45.125,49.937,47.281,1300500000,0
2026-08-31T02:36:49,20299.3,50.218,45.0,50.218,47.187,1300500000,0
2026-08-31T02:36:54,20304.3,50.343,45.218,50.343,47.25,1300500000,0
2026-08-31T02:36:59,20309.3,49.968,45.125,49.968,47.406,1300500000,0
2026-08-31T02:37:04,20314.3,50.031,45.281,50.031,47.218,1300500000,0
2026-08-31T02:37:09,20319.3,50.0,45.156,50.062,47.375,1300500000,0
2026-08-31T02:37:14,20324.3,50.125,45.031,50.125,47.187,1300500000,0
2026-08-31T02:37:19,20329.3,49.968,45.093,49.968,47.25,1300500000,0
2026-08-31T02:37:24,20334.3,50.218,45.281,50.218,47.187,1300500000,0
2026-08-31T02:37:29,20339.4,50.187,45.125,50.187,47.281,1300500000,0
2026-08-31T02:37:34,20344.4,50.062,45.031,50.062,47.312,1300500000,0
2026-08-31T02:37:39,20349.4,49.937,45.156,49.937,47.281,1300500000,0
2026-08-31T02:37:45,20354.4,50.125,45.031,50.125,47.406,1300500000,0
2026-08-31T02:37:50,20359.4,50.125,44.968,50.125,47.25,1300500000,0
2026-08-31T02:37:55,20364.4,50.0,45.343,50.0,47.375,1300500000,0
2026-08-31T02:38:00,20369.4,50.218,45.125,50.218,47.218,1300500000,0
2026-08-31T02:38:05,20374.4,50.0,45.093,50.0,47.312,1300500000,0
2026-08-31T02:38:10,20379.4,49.937,45.062,49.937,47.218,1300500000,0
2026-08-31T02:38:15,20384.4,49.937,45.343,49.937,47.218,1300500000,0
2026-08-31T02:38:20,20389.4,50.031,45.0,50.031,47.156,1300500000,0
2026-08-31T02:38:25,20394.4,50.093,45.343,50.093,47.281,1300500000,0
2026-08-31T02:38:30,20399.4,50.125,45.281,50.125,47.156,1300500000,0
2026-08-31T02:38:35,20404.4,50.218,45.093,49.968,47.281,1300500000,0
2026-08-31T02:38:40,20409.4,50.031,45.062,50.031,47.218,1300500000,0
2026-08-31T02:38:45,20414.4,49.937,45.312,49.937,47.25,1300500000,0
2026-08-31T02:38:50,20419.4,50.093,45.218,50.093,47.218,1300500000,0
2026-08-31T02:38:55,20424.5,49.937,45.062,49.937,47.25,1300500000,0
2026-08-31T02:39:00,20429.5,49.968,45.125,49.968,47.406,1300500000,0
2026-08-31T02:39:05,20434.5,50.125,45.218,50.125,47.25,1300500000,0
2026-08-31T02:39:10,20439.5,50.031,45.062,50.031,47.312,1300500000,0
2026-08-31T02:39:15,20444.5,50.312,45.343,50.312,47.281,1300500000,0
2026-08-31T02:39:20,20449.5,50.0,45.218,50.062,47.312,1300500000,0
2026-08-31T02:39:25,20454.5,50.093,45.062,50.093,47.25,1300500000,0
2026-08-31T02:39:30,20459.5,50.0,45.031,50.0,47.25,1300500000,0
2026-08-31T02:39:35,20464.5,50.093,45.375,50.093,47.187,1300500000,0
2026-08-31T02:39:40,20469.5,50.062,45.218,49.906,47.281,1300500000,0
2026-08-31T02:39:45,20474.5,49.937,45.062,49.937,47.218,1300500000,0
2026-08-31T02:39:50,20479.5,50.218,45.0,50.218,47.187,1300500000,0
2026-08-31T02:39:55,20484.5,50.0,45.156,50.0,47.343,1300500000,0
2026-08-31T02:40:00,20489.5,49.968,45.031,49.968,47.25,1300500000,0
2026-08-31T02:40:05,20494.5,49.906,45.312,49.906,47.25,1300500000,0
2026-08-31T02:40:10,20499.5,50.031,45.187,50.031,47.25,1300500000,0
2026-08-31T02:40:15,20504.5,49.937,45.031,49.937,47.281,1300500000,0
2026-08-31T02:40:20,20509.5,50.156,44.968,50.156,47.156,1300500000,0
2026-08-31T02:40:25,20514.6,49.937,45.375,49.937,47.312,1300500000,0
2026-08-31T02:40:30,20519.6,50.062,45.187,50.062,47.187,1300500000,0
2026-08-31T02:40:35,20524.6,49.937,45.312,49.937,47.218,1300500000,0
2026-08-31T02:40:40,20529.6,50.125,45.156,50.125,47.156,1300500000,0
2026-08-31T02:40:45,20534.6,49.968,45.062,49.968,47.25,1300500000,0
2026-08-31T02:40:50,20539.6,50.031,45.062,50.062,47.218,1300500000,0
2026-08-31T02:40:55,20544.6,50.156,45.312,50.156,47.218,1300500000,0
2026-08-31T02:41:00,20549.6,50.093,45.218,50.093,47.375,1300500000,0
2026-08-31T02:41:05,20554.6,49.906,45.062,49.906,47.218,1300500000,0
2026-08-31T02:41:10,20559.6,50.093,44.906,50.093,47.343,1300500000,0
2026-08-31T02:41:15,20564.6,50.093,45.343,50.093,47.25,1300500000,0
2026-08-31T02:41:20,20569.6,49.875,45.187,49.875,47.312,1300500000,0
2026-08-31T02:41:25,20574.6,50.125,45.281,50.125,47.218,1300500000,0
2026-08-31T02:41:30,20579.6,50.062,45.25,50.062,47.25,1300500000,0
2026-08-31T02:41:35,20584.6,50.062,45.0,50.062,47.156,1300500000,0
2026-08-31T02:41:40,20589.6,49.968,44.968,49.968,47.312,1300500000,0
2026-08-31T02:41:45,20594.6,50.0,45.343,50.0,47.187,1300500000,0
2026-08-31T02:41:50,20599.7,49.968,45.218,49.968,47.281,1300500000,0
2026-08-31T02:41:55,20604.7,50.125,45.031,50.125,47.187,1300500000,0
2026-08-31T02:42:00,20609.7,50.125,45.0,50.125,47.25,1300500000,0
2026-08-31T02:42:05,20614.7,50.031,44.968,50.031,47.312,1300500000,0
2026-08-31T02:42:10,20619.7,50.281,45.218,50.281,47.25,1300500000,0
2026-08-31T02:42:15,20624.7,50.0,45.375,50.0,47.343,1300500000,0
2026-08-31T02:42:20,20629.7,50.031,45.25,50.031,47.187,1300500000,0
2026-08-31T02:42:25,20634.7,49.937,45.125,49.937,47.187,1300500000,0
2026-08-31T02:42:30,20639.7,50.093,45.062,50.093,47.187,1300500000,0
2026-08-31T02:42:35,20644.7,49.937,45.375,49.937,47.312,1300500000,0
2026-08-31T02:42:40,20649.7,49.968,45.218,49.968,47.187,1300500000,0
2026-08-31T02:42:45,20654.7,50.0,45.125,50.0,47.25,1300500000,0
2026-08-31T02:42:50,20659.7,50.031,45.0,50.031,47.218,1300500000,0
2026-08-31T02:42:55,20664.7,49.937,45.031,49.937,47.281,1300500000,0
2026-08-31T02:43:00,20669.7,50.0,45.281,50.0,47.281,1300500000,0
2026-08-31T02:43:05,20674.7,50.125,45.031,50.125,47.25,1300500000,0
2026-08-31T02:43:10,20679.7,50.031,45.187,50.031,47.312,1300500000,0
2026-08-31T02:43:15,20684.7,50.156,45.125,50.156,47.218,1300500000,0
2026-08-31T02:43:20,20689.8,49.968,45.0,49.968,47.312,1300500000,0
2026-08-31T02:43:25,20694.8,50.0,45.031,50.0,47.187,1300500000,0
2026-08-31T02:43:30,20699.8,49.906,45.187,49.906,47.281,1300500000,0
2026-08-31T02:43:35,20704.8,50.031,45.125,50.031,47.156,1300500000,0
2026-08-31T02:43:40,20709.8,49.937,44.937,49.937,47.312,1300500000,0
2026-08-31T02:43:45,20714.8,49.968,44.937,49.968,47.375,1300500000,0
2026-08-31T02:43:50,20719.8,50.25,45.156,50.25,47.312,1300500000,0
2026-08-31T02:43:55,20724.8,50.062,45.062,50.062,47.312,1300500000,0
2026-08-31T02:44:00,20729.8,49.906,45.062,49.906,47.25,1300500000,0
2026-08-31T02:44:05,20734.8,49.937,45.093,49.937,47.281,1300500000,0
2026-08-31T02:44:10,20739.8,50.093,45.0,50.093,47.312,1300500000,0
2026-08-31T02:44:15,20744.8,49.937,44.968,49.937,47.25,1300500000,0
2026-08-31T02:44:20,20749.8,50.062,45.218,50.062,47.156,1300500000,0
2026-08-31T02:44:25,20754.8,50.0,45.125,50.0,47.281,1300500000,0
2026-08-31T02:44:30,20759.8,49.968,45.031,49.968,47.187,1300500000,0
2026-08-31T02:44:35,20764.8,49.906,44.906,49.906,47.25,1300500000,0
2026-08-31T02:44:40,20769.8,50.0,45.218,50.0,47.187,1300500000,0
2026-08-31T02:44:45,20774.8,49.968,45.156,49.968,47.281,1300500000,0
2026-08-31T02:44:50,20779.9,49.875,45.156,49.875,47.375,1300500000,0
2026-08-31T02:44:55,20784.9,50.093,45.093,50.093,47.125,1300500000,0
2026-08-31T02:45:00,20789.9,49.937,44.968,49.937,47.218,1300500000,0
2026-08-31T02:45:05,20794.9,49.906,44.906,49.906,47.218,1300500000,0
2026-08-31T02:45:10,20799.9,49.843,45.25,49.843,47.187,1300500000,0
2026-08-31T02:45:15,20804.9,50.0,44.968,50.0,47.187,1300500000,0
2026-08-31T02:45:20,20809.9,49.906,45.25,49.906,47.187,1300500000,0
2026-08-31T02:45:25,20814.9,49.906,45.093,49.906,47.343,1300500000,0
2026-08-31T02:45:30,20819.9,50.062,45.062,50.062,47.218,1300500000,0
2026-08-31T02:45:35,20824.9,49.906,44.906,49.906,47.25,1300500000,0
2026-08-31T02:45:40,20829.9,49.937,45.218,49.937,47.187,1300500000,0
2026-08-31T02:45:45,20834.9,49.906,45.156,49.906,47.25,1300500000,0
2026-08-31T02:45:50,20839.9,49.937,45.093,49.937,47.312,1300500000,0
2026-08-31T02:45:55,20844.9,50.093,44.937,50.093,47.281,1300500000,0
2026-08-31T02:46:00,20849.9,49.968,45.25,49.968,47.281,1300500000,0
2026-08-31T02:46:05,20854.9,50.156,45.093,50.156,47.218,1300500000,0
2026-08-31T02:46:10,20859.9,49.968,45.0,49.968,47.156,1300500000,0
2026-08-31T02:46:15,20865.0,50.093,44.937,50.093,47.156,1300500000,0
2026-08-31T02:46:20,20870.0,49.875,45.25,49.875,47.156,1300500000,0
2026-08-31T02:46:25,20875.0,49.906,44.937,49.906,47.312,1300500000,0
2026-08-31T02:46:30,20880.0,50.187,45.281,50.187,47.187,1300500000,0
2026-08-31T02:46:35,20885.0,49.937,45.125,49.937,47.281,1300500000,0
2026-08-31T02:46:40,20890.0,50.125,45.0,50.125,47.187,1300500000,0
2026-08-31T02:46:45,20895.0,50.0,45.125,50.0,47.218,1300500000,0
2026-08-31T02:46:50,20900.0,49.968,45.25,49.968,47.156,1300500000,0
2026-08-31T02:46:55,20905.0,49.843,45.218,49.843,47.187,1300500000,0
2026-08-31T02:47:00,20910.0,49.937,45.062,49.937,47.375,1300500000,0
2026-08-31T02:47:05,20915.0,50.093,44.937,50.093,47.156,1300500000,0
2026-08-31T02:47:10,20920.0,49.968,45.312,49.968,47.25,1300500000,0
2026-08-31T02:47:15,20925.0,49.968,45.125,49.968,47.187,1300500000,0
2026-08-31T02:47:20,20930.0,49.968,45.0,49.968,47.25,1300500000,0
2026-08-31T02:47:25,20935.0,49.968,45.031,49.968,47.281,1300500000,0
2026-08-31T02:47:30,20940.0,50.093,45.281,50.093,47.156,1300500000,0
2026-08-31T02:47:35,20945.0,50.031,45.093,50.031,47.312,1300500000,0
2026-08-31T02:47:40,20950.0,50.093,45.031,50.093,47.25,1300500000,0
2026-08-31T02:47:45,20955.1,50.218,44.937,50.218,47.218,1300500000,0
2026-08-31T02:47:50,20960.1,49.906,45.312,49.906,47.375,1300500000,0
2026-08-31T02:47:55,20965.1,49.968,45.031,49.968,47.218,1300500000,0
2026-08-31T02:48:00,20970.1,49.906,44.937,49.906,47.218,1300500000,0
2026-08-31T02:48:05,20975.1,50.062,45.125,50.062,47.125,1300500000,0
2026-08-31T02:48:10,20980.1,49.937,45.156,49.937,47.187,1300500000,0
2026-08-31T02:48:15,20985.1,50.031,44.906,50.031,47.406,1300500000,0
2026-08-31T02:48:20,20990.1,50.218,45.031,50.218,47.187,1300500000,0
2026-08-31T02:48:25,20995.1,50.031,45.187,50.031,47.281,1300500000,0
2026-08-31T02:48:30,21000.1,50.0,44.968,50.0,47.187,1300500000,0
2026-08-31T02:48:35,21005.1,49.968,45.031,49.968,47.25,1300500000,0
2026-08-31T02:48:40,21010.1,50.031,44.906,50.031,47.281,1300500000,0
2026-08-31T02:48:45,21015.1,50.0,45.281,50.0,47.281,1300500000,0
2026-08-31T02:48:50,21020.1,49.968,45.156,49.968,47.375,1300500000,0
2026-08-31T02:48:55,21025.1,50.187,45.031,50.187,47.312,1300500000,0
2026-08-31T02:49:00,21030.1,49.968,44.968,49.968,47.281,1300500000,0
2026-08-31T02:49:05,21035.1,50.0,45.218,50.0,47.156,1300500000,0
2026-08-31T02:49:10,21040.1,49.937,45.187,49.937,47.25,1300500000,0
2026-08-31T02:49:15,21045.2,50.062,45.312,50.062,47.156,1300500000,0
2026-08-31T02:49:20,21050.2,50.125,45.156,50.125,47.281,1300500000,0
2026-08-31T02:49:25,21055.2,50.0,45.093,50.0,47.187,1300500000,0
2026-08-31T02:49:30,21060.2,50.0,44.875,50.187,47.25,1300500000,0
2026-08-31T02:49:35,21065.2,49.906,45.218,49.906,47.187,1300500000,0
2026-08-31T02:49:40,21070.2,50.062,45.062,50.062,47.25,1300500000,0
2026-08-31T02:49:45,21075.2,50.125,45.031,49.875,47.25,1300500000,0
2026-08-31T02:49:50,21080.2,49.906,44.968,49.906,47.312,1300500000,0
2026-08-31T02:49:55,21085.2,50.156,45.281,50.156,47.156,1300500000,0
2026-08-31T02:50:00,21090.2,50.156,45.031,50.156,47.218,1300500000,0
2026-08-31T02:50:05,21095.2,50.0,45.218,50.0,47.375,1300500000,0
2026-08-31T02:50:10,21100.2,49.875,45.093,49.875,47.25,1300500000,0
2026-08-31T02:50:15,21105.2,49.875,44.968,49.875,47.281,1300500000,0
2026-08-31T02:50:20,21110.2,50.062,44.937,50.062,47.156,1300500000,0
2026-08-31T02:50:25,21115.2,50.0,45.25,50.0,47.187,1300500000,0
2026-08-31T02:50:30,21120.2,49.906,45.156,49.906,47.406,1300500000,0
2026-08-31T02:50:35,21125.2,50.218,44.968,50.218,47.218,1300500000,0
2026-08-31T02:50:40,21130.3,49.937,44.937,49.937,47.343,1300500000,0
2026-08-31T02:50:45,21135.3,49.843,45.343,49.843,47.218,1300500000,0
2026-08-31T02:50:50,21140.3,49.906,45.125,49.906,47.25,1300500000,0
2026-08-31T02:50:55,21145.3,50.125,45.093,50.125,47.156,1300500000,0
2026-08-31T02:51:00,21150.3,49.937,45.093,49.937,47.25,1300500000,0
2026-08-31T02:51:05,21155.3,50.031,45.312,50.031,47.156,1300500000,0
2026-08-31T02:51:10,21160.3,50.187,45.125,50.187,47.218,1300500000,0
2026-08-31T02:51:15,21165.3,49.937,45.093,49.937,47.281,1300500000,0
2026-08-31T02:51:20,21170.3,50.062,45.218,50.062,47.218,1300500000,0
2026-08-31T02:51:25,21175.3,49.843,44.968,49.843,47.25,1300500000,0
2026-08-31T02:51:30,21180.3,50.093,44.968,50.093,47.187,1300500000,0
2026-08-31T02:51:35,21185.3,50.093,45.312,50.093,47.25,1300500000,0
2026-08-31T02:51:40,21190.3,49.968,45.125,49.968,47.312,1300500000,0
2026-08-31T02:51:45,21195.3,50.218,45.093,50.218,47.281,1300500000,0
2026-08-31T02:51:50,21200.3,49.875,44.937,49.875,47.25,1300500000,0
2026-08-31T02:51:55,21205.3,50.093,44.968,50.093,47.156,1300500000,0
2026-08-31T02:52:00,21210.3,49.906,45.218,49.906,47.187,1300500000,0
2026-08-31T02:52:05,21215.3,49.906,45.093,49.906,47.25,1300500000,0
2026-08-31T02:52:10,21220.4,50.093,45.031,50.093,47.125,1300500000,0
2026-08-31T02:52:15,21225.4,49.875,44.937,49.875,47.281,1300500000,0
2026-08-31T02:52:20,21230.4,49.937,45.187,49.937,47.156,1300500000,0
2026-08-31T02:52:26,21235.4,49.968,45.031,49.968,47.187,1300500000,0
2026-08-31T02:52:31,21240.4,50.031,45.0,50.031,47.187,1300500000,0
2026-08-31T02:52:36,21245.4,49.906,44.968,49.906,47.156,1300500000,0
2026-08-31T02:52:41,21250.4,49.968,45.25,49.968,47.25,1300500000,0
2026-08-31T02:52:46,21255.4,50.093,45.031,50.093,47.187,1300500000,0
2026-08-31T02:52:51,21260.4,49.843,45.0,49.843,47.25,1300500000,0
2026-08-31T02:52:56,21265.4,50.031,44.906,50.031,47.125,1300500000,0
2026-08-31T02:53:01,21270.4,49.906,45.187,49.906,47.25,1300500000,0
2026-08-31T02:53:06,21275.4,50.062,44.906,50.062,47.25,1300500000,0
2026-08-31T02:53:11,21280.4,50.062,45.218,50.062,47.218,1300500000,0
2026-08-31T02:53:16,21285.4,49.843,44.906,49.843,47.25,1300500000,0
2026-08-31T02:53:21,21290.4,50.125,45.187,50.125,47.125,1300500000,0
2026-08-31T02:53:26,21295.4,50.031,44.906,50.031,47.25,1300500000,0
2026-08-31T02:53:31,21300.4,49.968,45.218,49.968,47.218,1300500000,0
2026-08-31T02:53:36,21305.4,49.812,45.093,49.812,47.187,1300500000,0
2026-08-31T02:53:41,21310.5,49.968,45.031,49.968,47.312,1300500000,0
2026-08-31T02:53:46,21315.5,50.062,44.906,50.062,47.25,1300500000,0
2026-08-31T02:53:51,21320.5,49.968,45.281,49.968,47.218,1300500000,0
2026-08-31T02:53:56,21325.5,50.125,45.156,50.125,47.218,1300500000,0
2026-08-31T02:54:01,21330.5,49.875,45.093,49.875,47.125,1300500000,0
2026-08-31T02:54:06,21335.5,50.031,44.937,50.031,47.187,1300500000,0
2026-08-31T02:54:11,21340.5,49.812,45.25,49.812,47.187,1300500000,0
2026-08-31T02:54:16,21345.5,49.875,45.125,50.093,47.312,1300500000,0
2026-08-31T02:54:21,21350.5,50.031,45.125,50.031,47.125,1300500000,0
2026-08-31T02:54:26,21355.5,49.843,44.937,49.843,47.281,1300500000,0
2026-08-31T02:54:31,21360.5,50.125,45.281,50.125,47.156,1300500000,0
2026-08-31T02:54:36,21365.5,49.812,45.093,49.812,47.187,1300500000,0
2026-08-31T02:54:41,21370.5,50.031,45.031,50.031,47.187,1300500000,0
2026-08-31T02:54:46,21375.5,49.875,44.937,49.875,47.125,1300500000,0
2026-08-31T02:54:51,21380.5,49.843,45.281,49.843,47.312,1300500000,0
2026-08-31T02:54:56,21385.5,50.125,45.187,50.125,47.25,1300500000,0
2026-08-31T02:55:01,21390.5,49.906,45.093,49.906,47.281,1300500000,0
2026-08-31T02:55:06,21395.5,49.968,44.968,49.968,47.125,1300500000,0
2026-08-31T02:55:11,21400.6,49.843,45.281,49.843,47.25,1300500000,0
2026-08-31T02:55:16,21405.6,50.0,44.968,50.0,47.281,1300500000,0
2026-08-31T02:55:21,21410.6,50.093,45.281,50.093,47.187,1300500000,0
2026-08-31T02:55:26,21415.6,49.937,45.125,49.937,47.25,1300500000,0
2026-08-31T02:55:31,21420.6,50.093,45.062,50.093,47.156,1300500000,0
2026-08-31T02:55:36,21425.6,50.125,44.906,50.125,47.25,1300500000,0
2026-08-31T02:55:41,21430.6,49.906,45.25,49.906,47.343,1300500000,0
2026-08-31T02:55:46,21435.6,49.875,45.187,49.875,47.218,1300500000,0
2026-08-31T02:55:51,21440.6,50.031,45.156,50.031,47.343,1300500000,0
2026-08-31T02:55:56,21445.6,50.031,44.968,50.031,47.156,1300500000,0
2026-08-31T02:56:01,21450.6,49.875,44.906,49.875,47.312,1300500000,0
2026-08-31T02:56:06,21455.6,50.125,45.093,50.125,47.125,1300500000,0
2026-08-31T02:56:11,21460.6,50.187,45.093,49.968,47.187,1300500000,0
2026-08-31T02:56:16,21465.6,50.0,45.125,50.0,47.187,1300500000,0
2026-08-31T02:56:21,21470.6,49.875,45.093,49.875,47.156,1300500000,0
2026-08-31T02:56:26,21475.6,50.062,44.968,50.062,47.187,1300500000,0
2026-08-31T02:56:31,21480.6,49.906,44.906,49.906,47.218,1300500000,0
2026-08-31T02:56:36,21485.6,49.875,45.125,49.875,47.343,1300500000,0
2026-08-31T02:56:41,21490.7,50.062,45.062,50.062,47.156,1300500000,0
2026-08-31T02:56:46,21495.7,49.968,45.0,49.968,47.312,1300500000,0
2026-08-31T02:56:51,21500.7,50.25,44.906,50.25,47.25,1300500000,0
2026-08-31T02:56:56,21505.7,50.093,45.031,50.093,47.312,1300500000,0
2026-08-31T02:57:01,21510.7,49.968,44.937,49.968,47.187,1300500000,0
2026-08-31T02:57:06,21515.7,50.0,45.156,50.0,47.25,1300500000,0
2026-08-31T02:57:11,21520.7,50.093,45.031,50.093,47.125,1300500000,0
2026-08-31T02:57:16,21525.7,49.875,44.968,49.875,47.312,1300500000,0
2026-08-31T02:57:21,21530.7,50.187,45.0,50.187,47.156,1300500000,0
2026-08-31T02:57:26,21535.7,49.843,45.187,49.843,47.218,1300500000,0
2026-08-31T02:57:31,21540.7,50.093,45.062,50.093,47.187,1300500000,0
2026-08-31T02:57:36,21545.7,49.875,45.156,49.875,47.187,1300500000,0
2026-08-31T02:57:41,21550.7,50.093,45.062,50.093,47.343,1300500000,0
2026-08-31T02:57:46,21555.7,50.062,44.937,49.906,47.25,1300500000,0
2026-08-31T02:57:51,21560.7,49.937,44.906,49.937,47.312,1300500000,0
2026-08-31T02:57:56,21565.7,50.25,45.125,50.25,47.125,1300500000,0
2026-08-31T02:58:01,21570.7,49.937,45.031,49.937,47.25,1300500000,0
2026-08-31T02:58:06,21575.7,49.906,45.0,49.906,47.187,1300500000,0
2026-08-31T02:58:11,21580.8,49.968,44.968,49.968,47.281,1300500000,0
2026-08-31T02:58:16,21585.8,50.062,45.218,50.062,47.125,1300500000,0
2026-08-31T02:58:21,21590.8,50.0,44.937,50.0,47.25,1300500000,0
2026-08-31T02:58:26,21595.8,50.093,45.218,50.093,47.125,1300500000,0
2026-08-31T02:58:31,21600.8,50.187,45.062,50.031,47.156,1300500000,0
2026-08-31T02:58:36,21605.8,49.937,44.937,49.937,47.156,1300500000,0
2026-08-31T02:58:41,21610.8,49.75,44.906,49.75,47.281,1300500000,0
2026-08-31T02:58:46,21615.8,50.062,45.062,50.062,47.281,1300500000,0
2026-08-31T02:58:51,21620.8,49.906,45.031,49.906,47.218,1300500000,0
2026-08-31T02:58:56,21625.8,49.875,45.0,49.875,47.312,1300500000,0
2026-08-31T02:59:01,21630.8,50.125,45.0,50.125,47.187,1300500000,0
2026-08-31T02:59:06,21635.8,49.937,45.093,49.937,47.375,1300500000,0
2026-08-31T02:59:11,21640.8,49.937,44.937,49.937,47.218,1300500000,0
2026-08-31T02:59:16,21645.8,50.062,45.281,50.062,47.281,1300500000,0
2026-08-31T02:59:21,21650.8,50.0,45.031,50.0,47.156,1300500000,0
2026-08-31T02:59:26,21655.8,49.937,45.0,49.937,47.281,1300500000,0
2026-08-31T02:59:31,21660.8,50.125,45.0,50.125,47.25,1300500000,0
2026-08-31T02:59:36,21665.8,49.906,45.031,49.906,47.187,1300500000,0
2026-08-31T02:59:41,21670.9,50.156,44.937,50.156,47.125,1300500000,0
2026-08-31T02:59:46,21675.9,50.0,45.062,50.0,47.25,1300500000,0
2026-08-31T02:59:51,21680.9,50.031,45.093,50.031,47.187,1300500000,0
2026-08-31T02:59:56,21685.9,49.968,44.968,49.968,47.312,1300500000,0
2026-08-31T03:00:01,21690.9,50.062,44.906,50.062,47.125,1300500000,0
2026-08-31T03:00:06,21695.9,50.187,45.218,50.0,47.281,1300500000,0
2026-08-31T03:00:11,21700.9,49.906,45.0,49.906,47.437,1300500000,0
2026-08-31T03:00:16,21705.9,50.187,45.218,50.187,47.25,1300500000,0
2026-08-31T03:00:21,21710.9,50.0,45.0,50.0,47.406,1300500000,0
2026-08-31T03:00:26,21715.9,49.968,45.0,49.968,47.218,1300500000,0
2026-08-31T03:00:31,21720.9,49.906,44.937,49.906,47.218,1300500000,0
2026-08-31T03:00:36,21725.9,50.062,45.218,50.062,47.125,1300500000,0
2026-08-31T03:00:41,21730.9,49.937,45.031,49.937,47.281,1300500000,0
2026-08-31T03:00:46,21735.9,50.125,45.0,50.125,47.156,1300500000,0
2026-08-31T03:00:51,21740.9,50.0,45.0,50.0,47.312,1300500000,0
2026-08-31T03:00:56,21745.9,50.093,45.031,50.093,47.187,1300500000,0
2026-08-31T03:01:01,21750.9,49.906,44.937,49.906,47.312,1300500000,0
2026-08-31T03:01:06,21755.9,50.062,45.093,50.062,47.25,1300500000,0
2026-08-31T03:01:11,21761.0,49.968,45.062,49.968,47.281,1300500000,0
2026-08-31T03:01:16,21766.0,50.125,44.937,50.125,47.187,1300500000,0
2026-08-31T03:01:21,21771.0,50.156,44.937,50.156,47.312,1300500000,0
2026-08-31T03:01:26,21776.0,50.0,45.281,50.0,47.312,1300500000,0
2026-08-31T03:01:31,21781.0,49.968,45.093,49.968,47.281,1300500000,0
2026-08-31T03:01:36,21786.0,50.0,45.281,50.0,47.343,1300500000,0
2026-08-31T03:01:41,21791.0,50.062,45.093,50.0,47.187,1300500000,0
2026-08-31T03:01:46,21796.0,49.937,44.937,49.937,47.312,1300500000,0
2026-08-31T03:01:51,21801.0,50.093,45.093,50.093,47.218,1300500000,0
2026-08-31T03:01:56,21806.0,49.937,45.312,49.937,47.312,1300500000,0
2026-08-31T03:02:01,21811.0,50.218,45.093,50.218,47.281,1300500000,0
2026-08-31T03:02:06,21816.0,49.937,45.25,49.937,47.281,1300500000,0
2026-08-31T03:02:11,21821.0,50.0,45.156,50.0,47.156,1300500000,0
2026-08-31T03:02:16,21826.0,50.0,45.0,50.0,47.312,1300500000,0
2026-08-31T03:02:21,21831.0,50.093,44.906,50.093,47.156,1300500000,0
2026-08-31T03:02:26,21836.0,50.0,45.125,50.0,47.218,1300500000,0
2026-08-31T03:02:31,21841.0,49.968,45.093,49.968,47.375,1300500000,0
2026-08-31T03:02:36,21846.0,50.25,45.031,50.25,47.25,1300500000,0
2026-08-31T03:02:41,21851.1,49.968,45.0,49.968,47.406,1300500000,0
2026-08-31T03:02:46,21856.1,49.875,44.968,49.875,47.25,1300500000,0
2026-08-31T03:02:51,21861.1,50.062,45.062,50.062,47.281,1300500000,0
2026-08-31T03:02:56,21866.1,50.125,45.062,50.125,47.25,1300500000,0
2026-08-31T03:03:01,21871.1,49.968,45.062,49.968,47.343,1300500000,0
2026-08-31T03:03:06,21876.1,50.125,45.093,50.125,47.25,1300500000,0
2026-08-31T03:03:11,21881.1,50.0,44.906,50.0,47.343,1300500000,0
2026-08-31T03:03:16,21886.1,50.031,45.25,50.031,47.218,1300500000,0
2026-08-31T03:03:21,21891.1,50.0,45.093,50.0,47.218,1300500000,0
2026-08-31T03:03:26,21896.1,50.031,45.218,50.031,47.281,1300500000,0
2026-08-31T03:03:31,21901.1,49.937,45.093,49.937,47.312,1300500000,0
2026-08-31T03:03:36,21906.1,50.125,45.031,50.125,47.218,1300500000,0
2026-08-31T03:03:41,21911.1,50.125,44.937,50.125,47.187,1300500000,0
2026-08-31T03:03:46,21916.1,50.031,45.25,50.031,47.343,1300500000,0
2026-08-31T03:03:51,21921.1,49.968,45.093,49.968,47.187,1300500000,0
2026-08-31T03:03:56,21926.1,49.968,45.062,49.968,47.343,1300500000,0
2026-08-31T03:04:01,21931.1,50.093,44.906,50.093,47.25,1300500000,0
2026-08-31T03:04:06,21936.2,49.937,45.25,49.937,47.25,1300500000,0
2026-08-31T03:04:11,21941.2,49.937,45.0,49.937,47.375,1300500000,0
2026-08-31T03:04:16,21946.2,50.125,45.281,50.125,47.218,1300500000,0
2026-08-31T03:04:21,21951.2,49.937,45.125,49.937,47.25,1300500000,0
2026-08-31T03:04:26,21956.2,49.968,45.062,49.968,47.218,1300500000,0
2026-08-31T03:04:31,21961.2,49.906,45.0,49.906,47.25,1300500000,0
2026-08-31T03:04:36,21966.2,50.031,45.218,50.031,47.406,1300500000,0
2026-08-31T03:04:41,21971.2,50.093,45.156,50.093,47.218,1300500000,0
2026-08-31T03:04:46,21976.2,49.906,44.968,49.906,47.218,1300500000,0
2026-08-31T03:04:51,21981.2,50.187,44.968,50.187,47.25,1300500000,0
2026-08-31T03:04:56,21986.2,49.875,45.312,49.875,47.187,1300500000,0
2026-08-31T03:05:01,21991.2,50.0,45.093,50.0,47.25,1300500000,0
2026-08-31T03:05:06,21996.2,50.031,45.062,50.031,47.25,1300500000,0
2026-08-31T03:05:11,22001.2,49.937,45.062,49.937,47.312,1300500000,0
2026-08-31T03:05:16,22006.2,50.125,45.125,50.125,47.187,1300500000,0
2026-08-31T03:05:21,22011.2,49.968,45.062,49.968,47.281,1300500000,0
2026-08-31T03:05:26,22016.2,49.937,45.312,50.187,47.218,1300500000,0
2026-08-31T03:05:31,22021.2,49.812,45.187,49.812,47.25,1300500000,0
2026-08-31T03:05:36,22026.3,49.937,44.968,49.937,47.156,1300500000,0
2026-08-31T03:05:41,22031.3,49.937,45.093,49.937,47.281,1300500000,0
2026-08-31T03:05:46,22036.3,50.125,45.093,50.125,47.218,1300500000,0
2026-08-31T03:05:51,22041.3,50.093,45.093,50.093,47.25,1300500000,0
2026-08-31T03:05:56,22046.3,49.968,45.343,49.968,47.312,1300500000,0
2026-08-31T03:06:01,22051.3,50.281,45.218,50.281,47.25,1300500000,0
2026-08-31T03:06:06,22056.3,49.968,45.093,49.968,47.281,1300500000,0
2026-08-31T03:06:11,22061.3,49.968,44.968,49.968,47.25,1300500000,0
2026-08-31T03:06:16,22066.3,49.906,45.343,49.906,47.312,1300500000,0
2026-08-31T03:06:21,22071.3,50.093,45.031,50.093,47.281,1300500000,0
2026-08-31T03:06:26,22076.3,50.0,45.281,50.0,47.343,1300500000,0
2026-08-31T03:06:31,22081.3,50.187,45.25,50.187,47.281,1300500000,0
2026-08-31T03:06:36,22086.3,50.218,45.093,50.218,47.312,1300500000,0
2026-08-31T03:06:41,22091.3,50.0,45.031,50.0,47.156,1300500000,0
2026-08-31T03:06:46,22096.3,49.968,45.343,49.968,47.25,1300500000,0
2026-08-31T03:06:51,22101.3,50.0,45.218,50.0,47.375,1300500000,0
2026-08-31T03:06:56,22106.3,50.0,45.093,50.0,47.25,1300500000,0
2026-08-31T03:07:01,22111.3,49.968,45.281,49.968,47.343,1300500000,0
2026-08-31T03:07:06,22116.4,50.218,45.093,50.218,47.218,1300500000,0
2026-08-31T03:07:11,22121.4,50.031,45.031,50.031,47.281,1300500000,0
2026-08-31T03:07:16,22126.4,49.937,45.281,49.937,47.25,1300500000,0
2026-08-31T03:07:22,22131.4,49.968,45.187,50.031,47.312,1300500000,0
2026-08-31T03:07:27,22136.4,50.062,45.0,50.062,47.187,1300500000,0
2026-08-31T03:07:32,22141.4,49.937,44.937,49.937,47.218,1300500000,0
2026-08-31T03:07:37,22146.4,50.125,45.25,50.125,47.25,1300500000,0
2026-08-31T03:07:42,22151.4,50.125,45.187,50.125,47.375,1300500000,0
2026-08-31T03:07:47,22156.4,50.031,45.062,50.031,47.437,1300500000,0
2026-08-31T03:07:52,22161.4,50.0,45.062,50.0,47.25,1300500000,0
2026-08-31T03:07:57,22166.4,50.0,45.343,50.0,47.281,1300500000,0
2026-08-31T03:08:02,22171.4,50.031,45.187,50.031,47.187,1300500000,0
2026-08-31T03:08:07,22176.4,50.0,45.093,50.0,47.25,1300500000,0
2026-08-31T03:08:12,22181.4,49.937,45.062,49.937,47.375,1300500000,0
2026-08-31T03:08:17,22186.4,50.25,45.125,50.25,47.156,1300500000,0
2026-08-31T03:08:22,22191.4,49.968,45.093,49.968,47.312,1300500000,0
2026-08-31T03:08:27,22196.4,49.968,44.937,49.968,47.156,1300500000,0
2026-08-31T03:08:32,22201.4,49.812,45.218,49.812,47.25,1300500000,0
2026-08-31T03:08:37,22206.5,50.062,45.218,50.062,47.218,1300500000,0
2026-08-31T03:08:42,22211.5,50.125,45.0,50.125,47.187,1300500000,0
2026-08-31T03:08:47,22216.5,50.093,44.906,50.093,47.343,1300500000,0
2026-08-31T03:08:52,22221.5,50.25,45.218,50.25,47.25,1300500000,0
2026-08-31T03:08:57,22226.5,49.968,45.125,49.968,47.281,1300500000,0
2026-08-31T03:09:02,22231.5,50.062,45.031,50.062,47.218,1300500000,0
2026-08-31T03:09:07,22236.5,49.906,44.968,49.906,47.281,1300500000,0
2026-08-31T03:09:12,22241.5,49.937,45.218,49.937,47.343,1300500000,0
2026-08-31T03:09:17,22246.5,50.125,45.0,50.125,47.25,1300500000,0
2026-08-31T03:09:22,22251.5,50.0,45.062,50.0,47.343,1300500000,0
2026-08-31T03:09:27,22256.5,50.218,44.937,50.218,47.25,1300500000,0
2026-08-31T03:09:32,22261.5,49.937,45.281,49.937,47.312,1300500000,0
2026-08-31T03:09:37,22266.5,50.0,45.093,50.0,47.25,1300500000,0
2026-08-31T03:09:42,22271.5,49.906,45.312,49.906,47.375,1300500000,0
2026-08-31T03:09:47,22276.5,50.125,45.156,50.125,47.25,1300500000,0
2026-08-31T03:09:52,22281.5,50.0,44.968,50.0,47.312,1300500000,0
2026-08-31T03:09:57,22286.5,50.156,44.906,50.156,47.25,1300500000,0
2026-08-31T03:10:02,22291.5,50.25,45.187,50.25,47.312,1300500000,0
2026-08-31T03:10:07,22296.6,50.062,45.093,50.062,47.437,1300500000,0
2026-08-31T03:10:12,22301.6,49.968,45.0,49.968,47.25,1300500000,0
2026-08-31T03:10:17,22306.6,50.062,45.156,50.062,47.375,1300500000,0
2026-08-31T03:10:22,22311.6,50.062,44.968,50.062,47.281,1300500000,0
2026-08-31T03:10:27,22316.6,50.0,44.968,50.0,47.343,1300500000,0
2026-08-31T03:10:32,22321.6,50.156,45.281,50.156,47.187,1300500000,0
2026-08-31T03:10:37,22326.6,50.0,45.156,50.0,47.375,1300500000,0
2026-08-31T03:10:42,22331.6,49.875,45.093,49.875,47.218,1300500000,0
2026-08-31T03:10:47,22336.6,49.906,44.937,49.906,47.312,1300500000,0
2026-08-31T03:10:52,22341.6,50.031,45.25,50.031,47.25,1300500000,0
2026-08-31T03:10:57,22346.6,49.937,45.0,49.937,47.281,1300500000,0
2026-08-31T03:11:02,22351.6,50.093,45.218,50.093,47.25,1300500000,0
2026-08-31T03:11:07,22356.6,49.937,45.062,49.937,47.281,1300500000,0
2026-08-31T03:11:12,22361.6,50.125,45.0,50.125,47.187,1300500000,0
2026-08-31T03:11:17,22366.6,49.968,44.937,49.968,47.25,1300500000,0
2026-08-31T03:11:22,22371.6,49.906,45.218,49.906,47.218,1300500000,0
2026-08-31T03:11:27,22376.7,50.062,45.0,50.062,47.375,1300500000,0
2026-08-31T03:11:32,22381.7,50.031,45.0,50.031,47.218,1300500000,0
2026-08-31T03:11:37,22386.7,50.125,44.937,50.125,47.343,1300500000,0
2026-08-31T03:11:42,22391.7,50.156,45.281,50.156,47.218,1300500000,0
2026-08-31T03:11:47,22396.7,50.031,45.125,50.031,47.312,1300500000,0
2026-08-31T03:11:52,22401.7,50.093,45.062,49.937,47.187,1300500000,0
2026-08-31T03:11:57,22406.7,49.875,45.156,49.875,47.281,1300500000,0
2026-08-31T03:12:02,22411.7,50.125,45.062,50.125,47.218,1300500000,0
2026-08-31T03:12:07,22416.7,49.968,44.937,49.968,47.375,1300500000,0
2026-08-31T03:12:12,22421.7,50.125,45.25,50.125,47.218,1300500000,0
2026-08-31T03:12:17,22426.7,50.25,45.093,50.25,47.25,1300500000,0
2026-08-31T03:12:22,22431.7,49.937,44.968,49.937,47.218,1300500000,0
2026-08-31T03:12:27,22436.7,49.906,44.968,49.906,47.312,1300500000,0
2026-08-31T03:12:32,22441.7,50.0,45.343,50.0,47.343,1300500000,0
2026-08-31T03:12:37,22446.7,49.968,44.968,49.968,47.218,1300500000,0
2026-08-31T03:12:42,22451.7,50.093,45.156,50.093,47.343,1300500000,0
2026-08-31T03:12:47,22456.7,50.156,45.062,50.156,47.343,1300500000,0
2026-08-31T03:12:52,22461.7,50.0,44.937,50.0,47.281,1300500000,0
2026-08-31T03:12:57,22466.8,50.281,44.968,50.281,47.312,1300500000,0
2026-08-31T03:13:02,22471.8,50.031,45.25,50.031,47.375,1300500000,0
2026-08-31T03:13:07,22476.8,50.031,45.125,50.031,47.156,1300500000,0
2026-08-31T03:13:12,22481.8,49.968,45.125,49.968,47.25,1300500000,0
2026-08-31T03:13:17,22486.8,50.093,45.156,50.093,47.218,1300500000,0
2026-08-31T03:13:22,22491.8,50.0,45.062,50.0,47.312,1300500000,0
2026-08-31T03:13:27,22496.8,50.218,44.937,50.218,47.25,1300500000,0
2026-08-31T03:13:32,22501.8,50.25,45.218,50.25,47.25,1300500000,0
2026-08-31T03:13:37,22506.8,50.0,45.093,50.0,47.406,1300500000,0
2026-08-31T03:13:42,22511.8,49.937,45.0,49.937,47.218,1300500000,0
2026-08-31T03:13:47,22516.8,50.156,45.031,50.156,47.375,1300500000,0
2026-08-31T03:13:52,22521.8,50.156,45.031,50.156,47.312,1300500000,0
2026-08-31T03:13:57,22526.8,50.0,44.937,50.0,47.437,1300500000,0
2026-08-31T03:14:02,22531.8,50.156,45.281,50.156,47.25,1300500000,0
2026-08-31T03:14:07,22536.8,50.0,45.093,50.0,47.25,1300500000,0
2026-08-31T03:14:12,22541.8,49.875,45.031,49.875,47.312,1300500000,0
2026-08-31T03:14:17,22546.8,49.937,45.062,49.937,47.343,1300500000,0
2026-08-31T03:14:22,22551.8,50.093,45.312,50.093,47.25,1300500000,0
2026-08-31T03:14:27,22556.9,49.937,45.125,49.937,47.343,1300500000,0
2026-08-31T03:14:32,22561.9,50.125,45.125,50.125,47.25,1300500000,0
2026-08-31T03:14:37,22566.9,50.156,44.968,50.156,47.25,1300500000,0
2026-08-31T03:14:42,22571.9,50.031,45.218,50.031,47.406,1300500000,0
2026-08-31T03:14:47,22576.9,50.0,45.093,50.0,47.218,1300500000,0
2026-08-31T03:14:52,22581.9,50.0,45.281,50.0,47.343,1300500000,0
2026-08-31T03:14:57,22586.9,50.0,45.187,50.0,47.25,1300500000,0
2026-08-31T03:15:02,22591.9,49.968,45.0,50.125,47.343,1300500000,0
2026-08-31T03:15:07,22596.9,50.125,45.093,50.125,47.25,1300500000,0
2026-08-31T03:15:12,22601.9,50.0,45.093,50.0,47.437,1300500000,0
2026-08-31T03:15:17,22606.9,50.343,44.937,50.343,47.281,1300500000,0
2026-08-31T03:15:22,22611.9,50.062,45.281,50.062,47.437,1300500000,0
2026-08-31T03:15:27,22616.9,50.0,45.0,50.0,47.281,1300500000,0
2026-08-31T03:15:32,22621.9,50.093,45.218,50.093,47.375,1300500000,0
2026-08-31T03:15:37,22626.9,49.937,45.218,49.937,47.281,1300500000,0
2026-08-31T03:15:42,22631.9,49.968,45.25,49.968,47.406,1300500000,0
2026-08-31T03:15:47,22636.9,50.156,45.093,50.156,47.25,1300500000,0
2026-08-31T03:15:52,22642.0,49.968,44.968,49.968,47.218,1300500000,0
2026-08-31T03:15:57,22647.0,49.937,45.031,49.937,47.25,1300500000,0
2026-08-31T03:16:02,22652.0,50.125,45.093,50.125,47.281,1300500000,0
2026-08-31T03:16:07,22657.0,49.906,45.0,49.906,47.25,1300500000,0
2026-08-31T03:16:12,22662.0,50.093,45.25,50.093,47.25,1300500000,0
2026-08-31T03:16:17,22667.0,49.875,44.937,49.875,47.312,1300500000,0
2026-08-31T03:16:22,22672.0,50.187,45.062,50.187,47.25,1300500000,0
2026-08-31T03:16:27,22677.0,50.031,45.031,50.031,47.343,1300500000,0
2026-08-31T03:16:32,22682.0,50.25,45.062,50.25,47.187,1300500000,0
2026-08-31T03:16:37,22687.0,50.031,45.375,50.031,47.312,1300500000,0
2026-08-31T03:16:42,22692.0,49.968,45.25,49.968,47.281,1300500000,0
2026-08-31T03:16:47,22697.0,50.062,45.125,50.062,47.281,1300500000,0
2026-08-31T03:16:52,22702.0,50.093,45.093,50.093,47.218,1300500000,0
2026-08-31T03:16:57,22707.0,49.968,45.375,49.968,47.343,1300500000,0
2026-08-31T03:17:02,22712.0,50.218,45.093,50.218,47.25,1300500000,0
2026-08-31T03:17:07,22717.0,50.0,45.343,50.0,47.281,1300500000,0
2026-08-31T03:17:12,22722.0,49.968,45.218,49.968,47.218,1300500000,0
2026-08-31T03:17:17,22727.1,49.937,45.125,49.937,47.312,1300500000,0
2026-08-31T03:17:22,22732.1,50.125,45.031,50.125,47.25,1300500000,0
2026-08-31T03:17:27,22737.1,49.937,45.375,49.937,47.281,1300500000,0
2026-08-31T03:17:32,22742.1,50.25,45.187,50.25,47.25,1300500000,0
2026-08-31T03:17:37,22747.1,50.156,45.312,50.156,47.312,1300500000,0
2026-08-31T03:17:42,22752.1,50.031,45.281,50.031,47.343,1300500000,0
2026-08-31T03:17:47,22757.1,50.0,45.187,50.0,47.218,1300500000,0
2026-08-31T03:17:52,22762.1,50.125,45.093,50.125,47.343,1300500000,0
2026-08-31T03:17:57,22767.1,50.125,45.375,50.062,47.218,1300500000,0
2026-08-31T03:18:02,22772.1,49.968,45.187,49.968,47.312,1300500000,0
2026-08-31T03:18:07,22777.1,50.125,45.187,50.125,47.25,1300500000,0
2026-08-31T03:18:12,22782.1,50.062,45.031,50.062,47.281,1300500000,0
2026-08-31T03:18:17,22787.1,50.375,45.125,50.375,47.25,1300500000,0
2026-08-31T03:18:22,22792.1,49.937,45.093,49.937,47.218,1300500000,0
2026-08-31T03:18:27,22797.1,50.093,45.375,50.093,47.218,1300500000,0
2026-08-31T03:18:32,22802.1,50.0,45.218,50.0,47.281,1300500000,0
2026-08-31T03:18:37,22807.1,50.093,45.125,50.093,47.187,1300500000,0
2026-08-31T03:18:42,22812.2,50.031,45.093,50.031,47.281,1300500000,0
2026-08-31T03:18:47,22817.2,50.062,45.0,50.062,47.25,1300500000,0
2026-08-31T03:18:52,22822.2,50.312,45.25,50.312,47.281,1300500000,0
2026-08-31T03:18:57,22827.2,50.093,45.375,50.093,47.218,1300500000,0
2026-08-31T03:19:02,22832.2,50.0,45.187,50.0,47.187,1300500000,0
2026-08-31T03:19:07,22837.2,50.0,45.125,50.062,47.343,1300500000,0
2026-08-31T03:19:12,22842.2,50.093,45.093,50.093,47.25,1300500000,0
2026-08-31T03:19:17,22847.2,50.0,45.062,50.0,47.281,1300500000,0
2026-08-31T03:19:22,22852.2,50.25,45.218,50.25,47.25,1300500000,0
2026-08-31T03:19:27,22857.2,50.093,45.187,50.093,47.406,1300500000,0
2026-08-31T03:19:32,22862.2,50.062,45.281,50.062,47.281,1300500000,0
2026-08-31T03:19:37,22867.2,49.937,45.093,49.937,47.25,1300500000,0
2026-08-31T03:19:42,22872.2,50.156,45.093,50.156,47.218,1300500000,0
2026-08-31T03:19:47,22877.2,49.968,44.968,49.968,47.343,1300500000,0
2026-08-31T03:19:52,22882.2,50.187,45.25,50.187,47.25,1300500000,0
2026-08-31T03:19:57,22887.2,50.312,45.031,50.312,47.218,1300500000,0
2026-08-31T03:20:02,22892.2,50.0,45.031,50.0,47.281,1300500000,0
2026-08-31T03:20:07,22897.2,50.0,45.093,50.0,47.281,1300500000,0
2026-08-31T03:20:12,22902.3,50.093,45.062,50.093,47.187,1300500000,0
2026-08-31T03:20:17,22907.3,49.906,45.0,49.906,47.25,1300500000,0
2026-08-31T03:20:22,22912.3,50.062,45.218,50.062,47.375,1300500000,0
2026-08-31T03:20:27,22917.3,50.156,45.125,50.156,47.281,1300500000,0
2026-08-31T03:20:32,22922.3,50.031,45.0,50.031,47.281,1300500000,0
2026-08-31T03:20:37,22927.3,50.312,44.937,50.312,47.25,1300500000,0
2026-08-31T03:20:42,22932.3,50.031,45.25,50.031,47.375,1300500000,0
2026-08-31T03:20:47,22937.3,50.125,45.0,50.125,47.25,1300500000,0
2026-08-31T03:20:52,22942.3,49.937,45.25,49.937,47.312,1300500000,0
2026-08-31T03:20:57,22947.3,50.125,45.187,50.125,47.312,1300500000,0
2026-08-31T03:21:02,22952.3,50.0,45.125,50.0,47.281,1300500000,0
2026-08-31T03:21:07,22957.3,50.0,44.937,50.0,47.187,1300500000,0
2026-08-31T03:21:12,22962.3,49.875,45.218,49.875,47.312,1300500000,0
2026-08-31T03:21:17,22967.3,49.937,45.406,49.937,47.281,1300500000,0
2026-08-31T03:21:22,22972.3,50.0,45.093,50.093,47.281,1300500000,0
2026-08-31T03:21:27,22977.3,50.093,45.375,50.093,47.281,1300500000,0
2026-08-31T03:21:32,22982.3,50.062,45.25,50.062,47.25,1300500000,0
2026-08-31T03:21:37,22987.4,50.093,45.125,50.093,47.218,1300500000,0
2026-08-31T03:21:42,22992.4,50.0,45.031,50.0,47.343,1300500000,0
2026-08-31T03:21:48,22997.4,50.062,45.343,50.062,47.281,1300500000,0
2026-08-31T03:21:53,23002.4,50.0,45.156,50.0,47.25,1300500000,0
2026-08-31T03:21:58,23007.4,50.062,45.125,50.062,47.281,1300500000,0
2026-08-31T03:22:03,23012.4,49.968,45.218,49.968,47.25,1300500000,0
2026-08-31T03:22:08,23017.4,50.093,45.093,50.093,47.187,1300500000,0
2026-08-31T03:22:13,23022.4,50.125,45.093,50.125,47.312,1300500000,0
2026-08-31T03:22:18,23027.4,50.0,45.375,50.0,47.343,1300500000,0
2026-08-31T03:22:23,23032.4,50.312,45.187,50.312,47.218,1300500000,0
2026-08-31T03:22:28,23037.4,50.093,45.187,50.093,47.312,1300500000,0
2026-08-31T03:22:33,23042.4,50.125,45.0,50.125,47.281,1300500000,0
2026-08-31T03:22:38,23047.4,50.0,45.062,50.0,47.375,1300500000,0
2026-08-31T03:22:43,23052.4,50.125,45.062,50.125,47.218,1300500000,0
2026-08-31T03:22:48,23057.4,49.937,45.468,49.937,47.25,1300500000,0
2026-08-31T03:22:53,23062.4,50.218,45.187,50.218,47.187,1300500000,0
2026-08-31T03:22:58,23067.4,49.968,45.031,49.968,47.25,1300500000,0
2026-08-31T03:23:03,23072.5,49.968,45.062,49.968,47.25,1300500000,0
2026-08-31T03:23:08,23077.5,49.968,45.0,49.968,47.281,1300500000,0
2026-08-31T03:23:13,23082.5,50.062,45.187,50.062,47.437,1300500000,0
2026-08-31T03:23:18,23087.5,50.0,45.375,50.0,47.281,1300500000,0
2026-08-31T03:23:23,23092.5,50.062,45.25,50.062,47.406,1300500000,0
2026-08-31T03:23:28,23097.5,50.218,45.093,50.218,47.25,1300500000,0
2026-08-31T03:23:33,23102.5,50.062,45.125,50.062,47.468,1300500000,0
2026-08-31T03:23:38,23107.5,49.968,45.062,49.968,47.312,1300500000,0
2026-08-31T03:23:43,23112.5,50.062,45.218,50.062,47.406,1300500000,0
2026-08-31T03:23:48,23117.5,50.031,45.125,50.031,47.25,1300500000,0
2026-08-31T03:23:53,23122.5,49.968,45.031,49.968,47.25,1300500000,0
2026-08-31T03:23:58,23127.5,50.125,45.031,50.125,47.156,1300500000,0
2026-08-31T03:24:03,23132.5,50.062,45.187,50.062,47.343,1300500000,0
2026-08-31T03:24:08,23137.5,50.125,44.937,50.125,47.218,1300500000,0
2026-08-31T03:24:13,23142.5,49.968,45.218,49.968,47.312,1300500000,0
2026-08-31T03:24:18,23147.5,50.156,45.156,50.156,47.281,1300500000,0
2026-08-31T03:24:23,23152.5,50.0,45.062,50.0,47.25,1300500000,0
2026-08-31T03:24:28,23157.6,50.031,44.968,50.156,47.375,1300500000,0
2026-08-31T03:24:33,23162.6,50.125,45.187,50.125,47.343,1300500000,0
2026-08-31T03:24:38,23167.6,49.968,45.0,49.968,47.312,1300500000,0
2026-08-31T03:24:43,23172.6,50.031,45.187,50.031,47.218,1300500000,0
2026-08-31T03:24:48,23177.6,50.031,45.125,50.031,47.312,1300500000,0
2026-08-31T03:24:53,23182.6,50.062,45.093,50.062,47.312,1300500000,0
2026-08-31T03:24:58,23187.6,50.0,44.968,50.0,47.437,1300500000,0
2026-08-31T03:25:03,23192.6,50.156,45.218,50.156,47.187,1300500000,0
2026-08-31T03:25:08,23197.6,50.0,45.093,50.0,47.281,1300500000,0
2026-08-31T03:25:13,23202.6,50.25,45.0,50.25,47.218,1300500000,0
2026-08-31T03:25:18,23207.6,49.937,44.968,49.937,47.281,1300500000,0
2026-08-31T03:25:23,23212.6,50.125,45.062,50.125,47.25,1300500000,0
2026-08-31T03:25:28,23217.6,49.906,45.031,49.906,47.312,1300500000,0
2026-08-31T03:25:33,23222.6,50.125,45.218,50.125,47.375,1300500000,0
2026-08-31T03:25:38,23227.6,50.125,45.156,50.062,47.281,1300500000,0
2026-08-31T03:25:43,23232.6,49.937,45.031,49.937,47.437,1300500000,0
2026-08-31T03:25:48,23237.6,50.25,44.968,50.25,47.281,1300500000,0
2026-08-31T03:25:53,23242.6,50.0,45.281,50.0,47.406,1300500000,0
2026-08-31T03:25:58,23247.7,49.937,45.125,49.937,47.281,1300500000,0
2026-08-31T03:26:03,23252.7,50.031,45.093,50.031,47.406,1300500000,0
2026-08-31T03:26:08,23257.7,50.093,45.062,50.093,47.218,1300500000,0
2026-08-31T03:26:13,23262.7,50.0,45.187,50.0,47.343,1300500000,0
2026-08-31T03:26:18,23267.7,50.218,44.968,50.218,47.218,1300500000,0
2026-08-31T03:26:23,23272.7,50.281,45.25,50.281,47.281,1300500000,0
2026-08-31T03:26:28,23277.7,50.031,45.187,50.031,47.406,1300500000,0
2026-08-31T03:26:33,23282.7,49.937,45.093,49.937,47.312,1300500000,0
2026-08-31T03:26:38,23287.7,50.093,44.968,50.093,47.375,1300500000,0
2026-08-31T03:26:43,23292.7,50.093,45.281,50.093,47.25,1300500000,0
2026-08-31T03:26:48,23297.7,50.062,45.187,50.062,47.375,1300500000,0
2026-08-31T03:26:53,23302.7,50.125,45.062,50.125,47.25,1300500000,0
2026-08-31T03:26:58,23307.7,49.968,44.968,49.968,47.312,1300500000,0
2026-08-31T03:27:03,23312.7,50.156,45.25,50.156,47.281,1300500000,0
2026-08-31T03:27:08,23317.7,50.031,45.156,50.031,47.218,1300500000,0
2026-08-31T03:27:13,23322.7,50.125,45.093,50.125,47.218,1300500000,0
2026-08-31T03:27:18,23327.7,50.062,45.0,50.062,47.312,1300500000,0
2026-08-31T03:27:23,23332.8,50.0,45.187,50.0,47.375,1300500000,0
2026-08-31T03:27:28,23337.8,50.25,45.062,50.25,47.218,1300500000,0
2026-08-31T03:27:33,23342.8,50.125,45.031,50.125,47.343,1300500000,0
2026-08-31T03:27:38,23347.8,49.906,45.031,49.906,47.25,1300500000,0
2026-08-31T03:27:43,23352.8,50.0,45.187,50.0,47.343,1300500000,0
2026-08-31T03:27:48,23357.8,50.093,45.031,50.093,47.25,1300500000,0
2026-08-31T03:27:53,23362.8,50.0,45.343,50.0,47.281,1300500000,0
2026-08-31T03:27:58,23367.8,50.156,45.125,50.156,47.25,1300500000,0
2026-08-31T03:28:03,23372.8,50.187,45.093,50.187,47.312,1300500000,0
2026-08-31T03:28:08,23377.8,50.031,45.062,50.031,47.406,1300500000,0
2026-08-31T03:28:13,23382.8,50.0,45.281,50.0,47.312,1300500000,0
2026-08-31T03:28:18,23387.8,50.093,45.125,50.093,47.406,1300500000,0
2026-08-31T03:28:23,23392.8,50.125,45.156,50.125,47.25,1300500000,0
2026-08-31T03:28:28,23397.8,50.031,45.031,50.031,47.312,1300500000,0
2026-08-31T03:28:33,23402.8,50.156,45.312,50.156,47.187,1300500000,0
2026-08-31T03:28:38,23407.8,50.062,45.156,50.062,47.312,1300500000,0
2026-08-31T03:28:43,23412.8,50.062,45.281,50.062,47.218,1300500000,0
2026-08-31T03:28:48,23417.9,49.937,45.156,49.937,47.25,1300500000,0
2026-08-31T03:28:53,23422.9,50.125,45.062,50.125,47.218,1300500000,0
2026-08-31T03:28:58,23427.9,49.968,45.0,49.968,47.281,1300500000,0
2026-08-31T03:29:03,23432.9,50.125,45.281,50.125,47.218,1300500000,0
2026-08-31T03:29:08,23437.9,50.156,45.218,50.156,47.218,1300500000,0
2026-08-31T03:29:13,23442.9,49.968,45.125,49.968,47.406,1300500000,0
2026-08-31T03:29:18,23447.9,50.281,44.937,50.281,47.281,1300500000,0
2026-08-31T03:29:23,23452.9,50.031,45.312,50.031,47.468,1300500000,0
2026-08-31T03:29:28,23457.9,50.093,45.187,50.093,47.218,1300500000,0
2026-08-31T03:29:33,23462.9,50.0,45.281,50.0,47.343,1300500000,0
2026-08-31T03:29:38,23467.9,50.125,45.156,50.125,47.25,1300500000,0
2026-08-31T03:29:43,23472.9,50.062,45.156,50.062,47.375,1300500000,0
2026-08-31T03:29:48,23477.9,50.187,45.062,50.187,47.187,1300500000,0
2026-08-31T03:29:53,23482.9,50.343,45.312,50.343,47.25,1300500000,0
2026-08-31T03:29:58,23487.9,50.031,45.187,50.031,47.25,1300500000,0
2026-08-31T03:30:03,23492.9,50.031,45.125,50.031,47.125,1300500000,0
2026-08-31T03:30:08,23497.9,50.093,45.031,50.093,47.343,1300500000,0
2026-08-31T03:30:13,23503.0,50.125,45.281,50.125,47.281,1300500000,0
2026-08-31T03:30:18,23508.0,50.0,45.218,50.0,47.375,1300500000,0
2026-08-31T03:30:23,23513.0,50.062,45.343,50.062,47.25,1300500000,0
2026-08-31T03:30:28,23518.0,50.031,45.25,50.031,47.25,1300500000,0
2026-08-31T03:30:33,23523.0,50.062,45.156,50.062,47.437,1300500000,0
2026-08-31T03:30:38,23528.0,50.062,45.093,50.062,47.281,1300500000,0
2026-08-31T03:30:43,23533.0,50.0,45.312,50.0,47.375,1300500000,0
2026-08-31T03:30:48,23538.0,50.281,45.218,50.281,47.25,1300500000,0
2026-08-31T03:30:53,23543.0,50.25,45.187,50.25,47.343,1300500000,0
2026-08-31T03:30:58,23548.0,50.125,45.031,50.125,47.437,1300500000,0
2026-08-31T03:31:03,23553.0,49.906,45.375,49.906,47.187,1300500000,0
2026-08-31T03:31:08,23558.0,50.031,45.218,50.031,47.343,1300500000,0
2026-08-31T03:31:13,23563.0,50.062,45.093,50.062,47.281,1300500000,0
2026-08-31T03:31:18,23568.0,50.031,45.218,50.031,47.25,1300500000,0
2026-08-31T03:31:23,23573.0,49.968,45.156,49.968,47.343,1300500000,0
2026-08-31T03:31:28,23578.0,50.187,45.062,50.187,47.25,1300500000,0
2026-08-31T03:31:33,23583.0,50.0,45.031,50.0,47.281,1300500000,0
2026-08-31T03:31:38,23588.0,50.093,45.218,50.093,47.281,1300500000,0
2026-08-31T03:31:43,23593.1,50.031,45.187,50.031,47.312,1300500000,0
2026-08-31T03:31:48,23598.1,50.125,45.218,50.125,47.25,1300500000,0
2026-08-31T03:31:53,23603.1,49.968,45.156,49.968,47.312,1300500000,0
2026-08-31T03:31:58,23608.1,50.031,45.062,50.031,47.468,1300500000,0
2026-08-31T03:32:03,23613.1,50.156,45.406,50.156,47.25,1300500000,0
2026-08-31T03:32:08,23618.1,50.093,45.187,50.093,47.343,1300500000,0
2026-08-31T03:32:13,23623.1,50.0,45.093,50.0,47.25,1300500000,0
2026-08-31T03:32:18,23628.1,50.125,44.968,50.125,47.375,1300500000,0
2026-08-31T03:32:23,23633.1,50.093,44.937,50.093,47.25,1300500000,0
2026-08-31T03:32:28,23638.1,50.0,45.218,50.0,47.312,1300500000,0
2026-08-31T03:32:33,23643.1,50.156,45.375,50.156,47.281,1300500000,0
2026-08-31T03:32:38,23648.1,50.0,45.281,50.0,47.312,1300500000,0
2026-08-31T03:32:43,23653.1,50.093,45.125,50.093,47.218,1300500000,0
2026-08-31T03:32:48,23658.1,50.0,45.125,50.0,47.312,1300500000,0
2026-08-31T03:32:53,23663.1,50.062,45.031,50.062,47.218,1300500000,0
2026-08-31T03:32:58,23668.1,50.062,45.187,50.062,47.281,1300500000,0
2026-08-31T03:33:03,23673.1,50.125,45.156,50.125,47.312,1300500000,0
2026-08-31T03:33:08,23678.2,50.218,45.062,50.218,47.343,1300500000,0
2026-08-31T03:33:13,23683.2,50.0,45.093,50.0,47.406,1300500000,0
2026-08-31T03:33:18,23688.2,50.0,45.093,50.0,47.281,1300500000,0
2026-08-31T03:33:23,23693.2,50.0,45.0,50.0,47.406,1300500000,0
2026-08-31T03:33:28,23698.2,50.093,45.312,50.093,47.187,1300500000,0
2026-08-31T03:33:33,23703.2,50.0,45.187,50.0,47.312,1300500000,0
2026-08-31T03:33:38,23708.2,50.156,45.0,50.156,47.25,1300500000,0
2026-08-31T03:33:43,23713.2,49.968,45.062,49.968,47.343,1300500000,0
2026-08-31T03:33:48,23718.2,50.0,45.218,50.0,47.25,1300500000,0
2026-08-31T03:33:53,23723.2,49.968,45.187,49.968,47.25,1300500000,0
2026-08-31T03:33:58,23728.2,50.031,45.031,50.031,47.125,1300500000,0
2026-08-31T03:34:03,23733.2,50.0,45.0,50.0,47.312,1300500000,0
2026-08-31T03:34:08,23738.2,49.968,45.25,50.062,47.468,1300500000,0
2026-08-31T03:34:13,23743.2,50.125,44.906,50.125,47.343,1300500000,0
2026-08-31T03:34:18,23748.2,50.031,45.281,50.031,47.312,1300500000,0
2026-08-31T03:34:23,23753.2,50.281,45.093,50.281,47.343,1300500000,0
2026-08-31T03:34:28,23758.2,50.0,45.093,50.0,47.312,1300500000,0
2026-08-31T03:34:33,23763.3,50.125,45.062,50.125,47.187,1300500000,0
2026-08-31T03:34:38,23768.3,50.0,45.281,50.0,47.281,1300500000,0
2026-08-31T03:34:43,23773.3,50.125,45.125,50.125,47.312,1300500000,0
2026-08-31T03:34:48,23778.3,50.031,45.125,50.031,47.281,1300500000,0
2026-08-31T03:34:53,23783.3,50.031,45.0,50.218,47.25,1300500000,0
2026-08-31T03:34:58,23788.3,50.281,45.218,50.281,47.218,1300500000,0
2026-08-31T03:35:03,23793.3,50.0,44.968,50.0,47.437,1300500000,0
2026-08-31T03:35:08,23798.3,49.937,45.343,49.937,47.312,1300500000,0
2026-08-31T03:35:13,23803.3,50.062,45.25,50.062,47.468,1300500000,0
2026-08-31T03:35:18,23808.3,50.187,45.031,50.187,47.25,1300500000,0
2026-08-31T03:35:23,23813.3,50.0,45.0,50.0,47.312,1300500000,0
2026-08-31T03:35:28,23818.3,50.281,45.312,50.281,47.281,1300500000,0
2026-08-31T03:35:33,23823.3,50.281,45.25,50.031,47.343,1300500000,0
2026-08-31T03:35:38,23828.3,50.031,45.218,50.031,47.218,1300500000,0
2026-08-31T03:35:43,23833.3,49.968,45.0,49.968,47.281,1300500000,0
2026-08-31T03:35:48,23838.3,50.125,45.343,50.125,47.437,1300500000,0
2026-08-31T03:35:53,23843.3,50.062,45.156,50.062,47.312,1300500000,0
2026-08-31T03:35:58,23848.3,50.062,45.093,50.062,47.406,1300500000,0
2026-08-31T03:36:03,23853.4,50.218,44.968,50.218,47.312,1300500000,0
2026-08-31T03:36:08,23858.4,50.031,45.031,50.031,47.406,1300500000,0
2026-08-31T03:36:13,23863.4,49.968,45.093,49.968,47.281,1300500000,0
2026-08-31T03:36:19,23868.4,50.062,45.281,50.062,47.468,1300500000,0
2026-08-31T03:36:24,23873.4,50.125,45.156,50.125,47.156,1300500000,0
2026-08-31T03:36:29,23878.4,50.0,45.093,50.0,47.312,1300500000,0
2026-08-31T03:36:34,23883.4,50.062,45.031,50.062,47.281,1300500000,0
2026-08-31T03:36:39,23888.4,50.187,45.281,50.0,47.25,1300500000,0
2026-08-31T03:36:44,23893.4,50.031,45.125,50.031,47.312,1300500000,0
2026-08-31T03:36:49,23898.4,50.031,45.125,50.031,47.281,1300500000,0
2026-08-31T03:36:54,23903.4,50.093,45.093,50.093,47.468,1300500000,0
2026-08-31T03:36:59,23908.4,50.062,45.093,50.062,47.281,1300500000,0
2026-08-31T03:37:04,23913.4,50.062,45.062,50.062,47.343,1300500000,0
2026-08-31T03:37:09,23918.4,50.218,45.343,50.218,47.312,1300500000,0
2026-08-31T03:37:14,23923.4,50.031,45.218,50.031,47.281,1300500000,0
2026-08-31T03:37:19,23928.4,50.281,45.156,50.281,47.281,1300500000,0
2026-08-31T03:37:24,23933.4,50.0,45.031,50.0,47.312,1300500000,0
2026-08-31T03:37:29,23938.5,50.062,45.343,50.062,47.281,1300500000,0
2026-08-31T03:37:34,23943.5,50.031,45.187,50.031,47.281,1300500000,0
2026-08-31T03:37:39,23948.5,50.125,45.125,50.125,47.187,1300500000,0
2026-08-31T03:37:44,23953.5,50.187,45.062,50.187,47.312,1300500000,0
2026-08-31T03:37:49,23958.5,50.031,45.375,50.031,47.5,1300500000,0
2026-08-31T03:37:54,23963.5,50.375,45.187,50.375,47.218,1300500000,0
2026-08-31T03:37:59,23968.5,50.125,45.062,50.125,47.375,1300500000,0
2026-08-31T03:38:04,23973.5,50.156,45.062,50.156,47.281,1300500000,0
2026-08-31T03:38:09,23978.5,50.0,45.125,50.0,47.281,1300500000,0
2026-08-31T03:38:14,23983.5,50.125,45.093,50.125,47.312,1300500000,0
2026-08-31T03:38:19,23988.5,50.093,45.343,50.093,47.312,1300500000,0
2026-08-31T03:38:24,23993.5,50.062,45.25,50.187,47.218,1300500000,0
2026-08-31T03:38:29,23998.5,50.343,45.093,50.343,47.406,1300500000,0
2026-08-31T03:38:34,24003.5,50.062,45.125,50.062,47.312,1300500000,0
2026-08-31T03:38:39,24008.5,50.093,45.375,50.093,47.312,1300500000,0
2026-08-31T03:38:44,24013.5,50.125,45.125,50.125,47.468,1300500000,0
2026-08-31T03:38:49,24018.5,50.187,45.156,50.187,47.343,1300500000,0
2026-08-31T03:38:54,24023.5,49.968,45.093,49.968,47.375,1300500000,0
2026-08-31T03:38:59,24028.6,50.281,45.343,50.281,47.218,1300500000,0
2026-08-31T03:39:04,24033.6,50.093,45.062,50.093,47.25,1300500000,0
2026-08-31T03:39:09,24038.6,50.0,45.281,50.0,47.312,1300500000,0
2026-08-31T03:39:14,24043.6,50.0,45.156,50.0,47.312,1300500000,0
2026-08-31T03:39:19,24048.6,50.125,45.375,50.125,47.312,1300500000,0
2026-08-31T03:39:24,24053.6,50.062,45.187,50.062,47.312,1300500000,0
2026-08-31T03:39:29,24058.6,50.218,45.093,50.218,47.312,1300500000,0
2026-08-31T03:39:34,24063.6,50.062,45.093,50.062,47.406,1300500000,0
2026-08-31T03:39:39,24068.6,50.312,45.062,50.312,47.375,1300500000,0
2026-08-31T03:39:44,24073.6,50.125,45.062,50.125,47.437,1300500000,0
2026-08-31T03:39:49,24078.6,50.093,45.343,50.093,47.375,1300500000,0
2026-08-31T03:39:54,24083.6,50.062,45.187,50.062,47.343,1300500000,0
2026-08-31T03:39:59,24088.6,50.156,45.312,50.156,47.25,1300500000,0
2026-08-31T03:40:04,24093.6,50.062,45.187,50.062,47.312,1300500000,0
2026-08-31T03:40:09,24098.6,50.156,45.125,50.156,47.281,1300500000,0
2026-08-31T03:40:14,24103.6,50.062,45.0,50.062,47.437,1300500000,0
2026-08-31T03:40:19,24108.6,49.875,45.093,49.875,47.281,1300500000,0
2026-08-31T03:40:24,24113.6,50.031,45.031,50.031,47.343,1300500000,0
2026-08-31T03:40:29,24118.7,50.156,45.25,50.156,47.281,1300500000,0
2026-08-31T03:40:34,24123.7,50.031,45.031,50.031,47.312,1300500000,0
2026-08-31T03:40:39,24128.7,50.125,45.281,50.125,47.25,1300500000,0
2026-08-31T03:40:44,24133.7,50.031,45.125,50.031,47.406,1300500000,0
2026-08-31T03:40:49,24138.7,49.968,45.093,50.187,47.25,1300500000,0
2026-08-31T03:40:54,24143.7,49.937,44.968,49.937,47.312,1300500000,0
2026-08-31T03:40:59,24148.7,50.093,45.25,50.093,47.187,1300500000,0
2026-08-31T03:41:04,24153.7,49.968,45.156,49.968,47.312,1300500000,0
2026-08-31T03:41:09,24158.7,50.218,45.093,50.218,47.187,1300500000,0
2026-08-31T03:41:14,24163.7,50.218,45.093,50.218,47.218,1300500000,0
2026-08-31T03:41:19,24168.7,50.031,45.218,50.031,47.375,1300500000,0
2026-08-31T03:41:24,24173.7,50.375,45.156,50.375,47.187,1300500000,0
2026-08-31T03:41:29,24178.7,50.125,45.093,50.125,47.281,1300500000,0
2026-08-31T03:41:34,24183.7,50.125,45.062,50.125,47.312,1300500000,0
2026-08-31T03:41:39,24188.7,49.968,45.0,49.968,47.312,1300500000,0
2026-08-31T03:41:44,24193.7,50.125,44.968,50.125,47.218,1300500000,0
2026-08-31T03:41:49,24198.7,49.968,45.218,49.968,47.343,1300500000,0
2026-08-31T03:41:54,24203.8,50.0,45.125,50.0,47.218,1300500000,0
2026-08-31T03:41:59,24208.8,50.25,45.125,50.25,47.281,1300500000,0
2026-08-31T03:42:04,24213.8,50.093,45.093,50.093,47.468,1300500000,0
2026-08-31T03:42:09,24218.8,50.0,45.312,50.0,47.25,1300500000,0
2026-08-31T03:42:14,24223.8,50.0,45.093,50.187,47.468,1300500000,0
2026-08-31T03:42:19,24228.8,50.156,45.031,50.156,47.25,1300500000,0
2026-08-31T03:42:24,24233.8,49.937,45.031,49.937,47.281,1300500000,0
2026-08-31T03:42:29,24238.8,50.218,45.25,50.218,47.218,1300500000,0
2026-08-31T03:42:34,24243.8,50.0,45.25,50.0,47.375,1300500000,0
2026-08-31T03:42:39,24248.8,50.031,45.281,50.031,47.218,1300500000,0
2026-08-31T03:42:44,24253.8,49.906,45.031,49.906,47.281,1300500000,0
2026-08-31T03:42:49,24258.8,50.218,45.312,50.218,47.406,1300500000,0
2026-08-31T03:42:54,24263.8,50.156,45.281,50.156,47.25,1300500000,0
2026-08-31T03:42:59,24268.8,50.031,45.156,50.031,47.375,1300500000,0
2026-08-31T03:43:04,24273.8,50.25,45.031,50.25,47.218,1300500000,0
2026-08-31T03:43:09,24278.8,50.093,45.125,50.093,47.281,1300500000,0
2026-08-31T03:43:14,24283.8,50.031,45.031,50.031,47.25,1300500000,0
2026-08-31T03:43:19,24288.8,49.937,45.312,49.937,47.312,1300500000,0
2026-08-31T03:43:24,24293.9,50.125,45.156,50.125,47.281,1300500000,0
2026-08-31T03:43:29,24298.9,50.093,45.125,50.093,47.312,1300500000,0
2026-08-31T03:43:34,24303.9,50.062,45.093,50.062,47.437,1300500000,0
2026-08-31T03:43:39,24308.9,50.218,45.312,50.218,47.343,1300500000,0
2026-08-31T03:43:44,24313.9,50.062,45.187,50.062,47.406,1300500000,0
2026-08-31T03:43:49,24318.9,49.937,45.062,49.937,47.312,1300500000,0
2026-08-31T03:43:54,24323.9,50.093,45.062,50.093,47.375,1300500000,0
2026-08-31T03:43:59,24328.9,50.156,45.156,50.156,47.281,1300500000,0
2026-08-31T03:44:04,24333.9,50.0,45.093,50.0,47.281,1300500000,0
2026-08-31T03:44:09,24338.9,50.25,45.343,50.25,47.281,1300500000,0
2026-08-31T03:44:14,24343.9,50.093,45.281,50.093,47.281,1300500000,0
2026-08-31T03:44:19,24348.9,50.031,45.031,50.031,47.187,1300500000,0
2026-08-31T03:44:24,24353.9,50.062,45.062,50.062,47.312,1300500000,0
2026-08-31T03:44:29,24358.9,50.062,45.375,50.062,47.25,1300500000,0
2026-08-31T03:44:34,24363.9,50.031,45.218,50.031,47.312,1300500000,0
2026-08-31T03:44:39,24368.9,50.031,45.093,50.031,47.437,1300500000,0
2026-08-31T03:44:44,24373.9,50.218,45.125,50.218,47.281,1300500000,0
2026-08-31T03:44:49,24378.9,50.0,45.343,50.0,47.375,1300500000,0
2026-08-31T03:44:54,24384.0,50.0,45.312,50.0,47.281,1300500000,0
2026-08-31T03:44:59,24389.0,50.031,45.343,50.031,47.375,1300500000,0
2026-08-31T03:45:04,24394.0,50.125,45.25,50.125,47.25,1300500000,0
2026-08-31T03:45:09,24399.0,50.031,45.125,50.031,47.312,1300500000,0
2026-08-31T03:45:14,24404.0,50.125,45.125,50.125,47.218,1300500000,0
2026-08-31T03:45:19,24409.0,50.093,45.375,50.093,47.281,1300500000,0
2026-08-31T03:45:24,24414.0,50.0,45.281,50.0,47.218,1300500000,0
2026-08-31T03:45:29,24419.0,50.093,45.093,50.093,47.25,1300500000,0
2026-08-31T03:45:34,24424.0,50.031,45.031,50.031,47.343,1300500000,0
2026-08-31T03:45:39,24429.0,49.906,45.343,49.906,47.312,1300500000,0
2026-08-31T03:45:44,24434.0,50.062,45.187,50.062,47.375,1300500000,0
2026-08-31T03:45:49,24439.0,50.187,45.062,50.187,47.281,1300500000,0
2026-08-31T03:45:54,24444.0,50.031,45.25,50.031,47.468,1300500000,0
2026-08-31T03:45:59,24449.0,50.343,45.0,50.343,47.25,1300500000,0
2026-08-31T03:46:04,24454.0,50.031,45.125,50.031,47.281,1300500000,0
2026-08-31T03:46:09,24459.0,50.062,45.343,50.062,47.312,1300500000,0
2026-08-31T03:46:14,24464.0,50.031,45.281,50.031,47.281,1300500000,0
2026-08-31T03:46:19,24469.1,50.125,45.187,50.125,47.25,1300500000,0
2026-08-31T03:46:24,24474.1,50.218,45.125,50.218,47.343,1300500000,0
2026-08-31T03:46:29,24479.1,50.093,45.343,50.093,47.218,1300500000,0
2026-08-31T03:46:34,24484.1,50.343,45.156,50.343,47.312,1300500000,0
2026-08-31T03:46:39,24489.1,50.093,45.031,50.093,47.312,1300500000,0
2026-08-31T03:46:44,24494.1,50.062,45.093,50.062,47.218,1300500000,0
2026-08-31T03:46:49,24499.1,50.031,45.406,50.031,47.406,1300500000,0
2026-08-31T03:46:54,24504.1,50.218,45.125,50.218,47.218,1300500000,0
2026-08-31T03:46:59,24509.1,49.968,45.375,49.968,47.25,1300500000,0
2026-08-31T03:47:04,24514.1,50.218,45.187,50.218,47.218,1300500000,0
2026-08-31T03:47:09,24519.1,50.281,45.156,50.281,47.312,1300500000,0
2026-08-31T03:47:14,24524.1,50.125,45.093,50.125,47.468,1300500000,0
2026-08-31T03:47:19,24529.1,50.031,45.406,50.031,47.25,1300500000,0
2026-08-31T03:47:24,24534.1,50.062,45.25,50.062,47.437,1300500000,0
2026-08-31T03:47:29,24539.1,50.125,45.156,50.125,47.25,1300500000,0
2026-08-31T03:47:34,24544.1,50.125,45.125,50.125,47.343,1300500000,0
2026-08-31T03:47:39,24549.1,50.218,45.375,50.218,47.312,1300500000,0
2026-08-31T03:47:44,24554.1,50.031,45.281,50.031,47.343,1300500000,0
2026-08-31T03:47:49,24559.2,50.031,45.093,50.031,47.187,1300500000,0
2026-08-31T03:47:54,24564.2,49.937,45.218,49.937,47.343,1300500000,0
2026-08-31T03:47:59,24569.2,50.125,45.062,50.125,47.25,1300500000,0
2026-08-31T03:48:04,24574.2,49.937,45.093,49.937,47.25,1300500000,0
2026-08-31T03:48:09,24579.2,50.0,45.375,50.0,47.468,1300500000,0
2026-08-31T03:48:14,24584.2,50.312,45.218,50.312,47.281,1300500000,0
2026-08-31T03:48:19,24589.2,50.062,45.031,50.062,47.312,1300500000,0
2026-08-31T03:48:24,24594.2,49.937,45.031,49.937,47.25,1300500000,0
2026-08-31T03:48:29,24599.2,50.031,45.062,50.031,47.343,1300500000,0
2026-08-31T03:48:34,24604.2,50.125,45.218,50.125,47.25,1300500000,0
2026-08-31T03:48:39,24609.2,50.0,45.062,50.0,47.343,1300500000,0
2026-08-31T03:48:44,24614.2,50.125,45.062,50.125,47.312,1300500000,0
2026-08-31T03:48:49,24619.2,50.031,45.0,50.031,47.312,1300500000,0
2026-08-31T03:48:54,24624.2,49.968,45.062,49.968,47.218,1300500000,0
2026-08-31T03:48:59,24629.2,50.093,45.031,50.093,47.281,1300500000,0
2026-08-31T03:49:04,24634.2,50.125,45.281,50.125,47.406,1300500000,0
2026-08-31T03:49:09,24639.2,50.093,45.187,50.093,47.312,1300500000,0
2026-08-31T03:49:14,24644.2,50.031,45.031,50.031,47.406,1300500000,0
2026-08-31T03:49:19,24649.3,50.218,44.968,50.218,47.25,1300500000,0
2026-08-31T03:49:24,24654.3,50.062,45.281,50.062,47.343,1300500000,0
2026-08-31T03:49:29,24659.3,50.0,45.125,50.0,47.281,1300500000,0
2026-08-31T03:49:34,24664.3,50.0,45.062,50.0,47.312,1300500000,0
2026-08-31T03:49:39,24669.3,50.093,45.093,50.093,47.281,1300500000,0
2026-08-31T03:49:44,24674.3,49.937,45.343,49.937,47.375,1300500000,0
2026-08-31T03:49:49,24679.3,50.125,45.093,50.125,47.25,1300500000,0
2026-08-31T03:49:54,24684.3,50.156,45.218,50.031,47.375,1300500000,0
2026-08-31T03:49:59,24689.3,50.031,45.25,50.031,47.187,1300500000,0
2026-08-31T03:50:04,24694.3,50.062,45.062,50.062,47.343,1300500000,0
2026-08-31T03:50:09,24699.3,50.031,45.0,50.031,47.312,1300500000,0
2026-08-31T03:50:14,24704.3,50.125,45.312,50.125,47.312,1300500000,0
2026-08-31T03:50:19,24709.3,50.062,45.125,50.062,47.437,1300500000,0
2026-08-31T03:50:24,24714.3,50.218,45.093,50.218,47.25,1300500000,0
2026-08-31T03:50:29,24719.3,50.062,45.031,50.062,47.312,1300500000,0
2026-08-31T03:50:34,24724.3,50.031,45.281,50.031,47.25,1300500000,0
2026-08-31T03:50:39,24729.3,50.031,45.218,50.031,47.375,1300500000,0
2026-08-31T03:50:44,24734.3,50.062,45.0,50.062,47.312,1300500000,0
2026-08-31T03:50:49,24739.4,50.093,45.0,50.093,47.281,1300500000,0
2026-08-31T03:50:54,24744.4,50.0,45.25,50.125,47.25,1300500000,0
2026-08-31T03:50:59,24749.4,50.125,45.156,50.125,47.281,1300500000,0
2026-08-31T03:51:05,24754.4,50.031,45.312,50.031,47.343,1300500000,0
2026-08-31T03:51:10,24759.4,50.312,45.093,50.312,47.25,1300500000,0
2026-08-31T03:51:15,24764.4,49.968,45.125,49.968,47.312,1300500000,0
2026-08-31T03:51:20,24769.4,50.031,44.906,50.031,47.218,1300500000,0
2026-08-31T03:51:25,24774.4,49.968,45.25,49.968,47.375,1300500000,0
2026-08-31T03:51:30,24779.4,50.125,45.187,50.125,47.312,1300500000,0
2026-08-31T03:51:35,24784.4,50.031,45.125,50.031,47.25,1300500000,0
2026-08-31T03:51:40,24789.4,50.031,45.031,50.031,47.281,1300500000,0
2026-08-31T03:51:45,24794.4,50.25,45.312,50.25,47.25,1300500000,0
2026-08-31T03:51:50,24799.4,50.125,45.125,50.125,47.406,1300500000,0
2026-08-31T03:51:55,24804.4,49.906,45.281,49.906,47.218,1300500000,0
2026-08-31T03:52:00,24809.4,50.0,45.156,50.125,47.406,1300500000,0
2026-08-31T03:52:05,24814.4,50.25,45.093,50.25,47.312,1300500000,0
2026-08-31T03:52:10,24819.4,50.062,45.093,50.062,47.343,1300500000,0
2026-08-31T03:52:15,24824.4,50.187,45.281,50.187,47.218,1300500000,0
2026-08-31T03:52:20,24829.5,50.343,45.187,50.062,47.343,1300500000,0
2026-08-31T03:52:25,24834.5,50.125,45.062,50.125,47.25,1300500000,0
2026-08-31T03:52:30,24839.5,50.062,45.062,50.062,47.312,1300500000,0
2026-08-31T03:52:35,24844.5,50.125,45.312,50.125,47.406,1300500000,0
2026-08-31T03:52:40,24849.5,50.031,45.062,50.031,47.218,1300500000,0
2026-08-31T03:52:45,24854.5,50.093,45.125,50.093,47.437,1300500000,0
2026-08-31T03:52:50,24859.5,50.156,45.062,50.156,47.281,1300500000,0
2026-08-31T03:52:55,24864.5,50.125,45.062,50.125,47.5,1300500000,0
2026-08-31T03:53:00,24869.5,49.937,45.031,49.937,47.218,1300500000,0
2026-08-31T03:53:05,24874.5,49.968,45.375,49.968,47.281,1300500000,0
2026-08-31T03:53:10,24879.5,50.125,45.187,50.125,47.187,1300500000,0
2026-08-31T03:53:15,24884.5,49.968,45.093,49.968,47.312,1300500000,0
2026-08-31T03:53:20,24889.5,50.218,45.062,50.218,47.218,1300500000,0
2026-08-31T03:53:25,24894.5,50.187,45.281,50.187,47.281,1300500000,0
2026-08-31T03:53:30,24899.5,50.062,45.156,50.062,47.25,1300500000,0
2026-08-31T03:53:35,24904.5,49.968,45.093,49.968,47.312,1300500000,0
2026-08-31T03:53:40,24909.5,50.093,45.031,50.093,47.343,1300500000,0
2026-08-31T03:53:45,24914.6,50.031,45.031,50.031,47.25,1300500000,0
2026-08-31T03:53:50,24919.6,49.906,45.031,49.906,47.437,1300500000,0
2026-08-31T03:53:55,24924.6,50.218,45.312,50.218,47.218,1300500000,0
2026-08-31T03:54:00,24929.6,50.031,45.093,50.031,47.406,1300500000,0
2026-08-31T03:54:05,24934.6,50.343,45.125,50.343,47.25,1300500000,0
2026-08-31T03:54:10,24939.6,50.062,45.062,50.062,47.312,1300500000,0
2026-08-31T03:54:15,24944.6,50.125,45.281,50.125,47.281,1300500000,0
2026-08-31T03:54:20,24949.6,50.031,45.187,50.031,47.406,1300500000,0
2026-08-31T03:54:25,24954.6,50.25,45.125,50.25,47.218,1300500000,0
2026-08-31T03:54:30,24959.6,50.031,44.937,50.031,47.343,1300500000,0
2026-08-31T03:54:35,24964.6,50.062,45.125,50.062,47.218,1300500000,0
2026-08-31T03:54:40,24969.6,50.312,45.093,50.312,47.25,1300500000,0
2026-08-31T03:54:45,24974.6,50.031,45.312,50.031,47.281,1300500000,0
2026-08-31T03:54:50,24979.6,49.968,45.187,49.968,47.25,1300500000,0
2026-08-31T03:54:55,24984.6,50.062,45.125,50.062,47.406,1300500000,0
2026-08-31T03:55:00,24989.6,50.156,45.031,50.156,47.375,1300500000,0
2026-08-31T03:55:05,24994.6,49.968,45.281,49.968,47.406,1300500000,0
2026-08-31T03:55:10,24999.6,50.218,45.218,50.218,47.218,1300500000,0
2026-08-31T03:55:15,25004.7,50.031,45.156,50.031,47.25,1300500000,0
2026-08-31T03:55:20,25009.7,50.093,45.25,50.093,47.25,1300500000,0
2026-08-31T03:55:25,25014.7,50.0,45.156,50.0,47.312,1300500000,0
2026-08-31T03:55:30,25019.7,50.125,45.062,50.125,47.281,1300500000,0
2026-08-31T03:55:35,25024.7,50.062,45.312,50.062,47.343,1300500000,0
2026-08-31T03:55:40,25029.7,50.218,45.187,50.218,47.187,1300500000,0
2026-08-31T03:55:45,25034.7,50.281,45.343,50.281,47.312,1300500000,0
2026-08-31T03:55:50,25039.7,50.062,45.218,50.062,47.281,1300500000,0
2026-08-31T03:55:55,25044.7,49.937,45.156,49.937,47.25,1300500000,0
2026-08-31T03:56:00,25049.7,50.031,45.062,50.031,47.281,1300500000,0
2026-08-31T03:56:05,25054.7,50.0,45.281,50.0,47.281,1300500000,0
2026-08-31T03:56:10,25059.7,49.968,45.281,49.968,47.437,1300500000,0
2026-08-31T03:56:15,25064.7,50.187,45.062,50.187,47.281,1300500000,0
2026-08-31T03:56:20,25069.7,50.125,45.187,50.125,47.406,1300500000,0
2026-08-31T03:56:25,25074.7,50.343,45.187,50.343,47.281,1300500000,0
2026-08-31T03:56:30,25079.7,50.062,45.062,50.062,47.375,1300500000,0
2026-08-31T03:56:35,25084.7,50.156,45.343,50.156,47.281,1300500000,0
2026-08-31T03:56:40,25089.8,50.0,45.156,50.0,47.437,1300500000,0
2026-08-31T03:56:45,25094.8,50.125,45.093,50.125,47.281,1300500000,0
2026-08-31T03:56:50,25099.8,50.031,45.0,50.031,47.218,1300500000,0
2026-08-31T03:56:55,25104.8,50.0,45.343,50.218,47.25,1300500000,0
2026-08-31T03:57:00,25109.8,49.937,45.0,49.937,47.312,1300500000,0
2026-08-31T03:57:05,25114.8,50.0,45.281,50.0,47.281,1300500000,0
2026-08-31T03:57:10,25119.8,50.031,45.125,50.031,47.312,1300500000,0
2026-08-31T03:57:15,25124.8,50.125,45.125,50.125,47.437,1300500000,0
2026-08-31T03:57:20,25129.8,50.187,45.093,50.187,47.25,1300500000,0
2026-08-31T03:57:25,25134.8,49.968,45.343,49.968,47.375,1300500000,0
2026-08-31T03:57:30,25139.8,50.281,45.187,50.281,47.25,1300500000,0
2026-08-31T03:57:35,25144.8,49.968,45.031,49.968,47.375,1300500000,0
2026-08-31T03:57:40,25149.8,50.062,45.062,50.062,47.25,1300500000,0
2026-08-31T03:57:45,25154.8,49.968,45.343,49.968,47.312,1300500000,0
2026-08-31T03:57:50,25159.8,50.093,45.0,50.093,47.25,1300500000,0
2026-08-31T03:57:55,25164.8,50.062,45.312,50.062,47.25,1300500000,0
2026-08-31T03:58:00,25169.8,50.187,45.218,50.187,47.25,1300500000,0
2026-08-31T03:58:05,25174.8,50.312,45.093,50.312,47.218,1300500000,0
2026-08-31T03:58:10,25179.9,50.031,45.093,50.031,47.25,1300500000,0
2026-08-31T03:58:15,25184.9,50.0,45.281,50.0,47.281,1300500000,0
2026-08-31T03:58:20,25189.9,50.125,45.218,50.125,47.468,1300500000,0
2026-08-31T03:58:25,25194.9,50.0,45.093,50.0,47.218,1300500000,0
2026-08-31T03:58:30,25199.9,50.093,45.218,50.093,47.437,1300500000,0
2026-08-31T03:58:35,25204.9,50.187,45.156,50.187,47.343,1300500000,0
2026-08-31T03:58:40,25209.9,50.093,45.031,50.093,47.375,1300500000,0
2026-08-31T03:58:45,25214.9,50.062,45.343,50.062,47.312,1300500000,0
2026-08-31T03:58:50,25219.9,50.062,45.218,50.062,47.312,1300500000,0
2026-08-31T03:58:55,25224.9,50.156,45.156,50.156,47.218,1300500000,0
2026-08-31T03:59:00,25229.9,50.0,45.062,50.0,47.25,1300500000,0
2026-08-31T03:59:05,25234.9,50.187,45.343,50.187,47.312,1300500000,0
2026-08-31T03:59:10,25239.9,50.062,45.187,50.062,47.343,1300500000,0
2026-08-31T03:59:15,25244.9,50.031,45.312,50.031,47.25,1300500000,0
2026-08-31T03:59:20,25249.9,50.031,45.25,50.031,47.343,1300500000,0
2026-08-31T03:59:25,25254.9,50.093,45.0,50.093,47.25,1300500000,0
2026-08-31T03:59:30,25259.9,50.0,45.031,50.0,47.281,1300500000,0
2026-08-31T03:59:35,25265.0,50.156,45.312,50.156,47.218,1300500000,0
2026-08-31T03:59:40,25270.0,50.218,45.281,50.218,47.281,1300500000,0
2026-08-31T03:59:45,25275.0,50.031,45.125,50.031,47.437,1300500000,0
2026-08-31T03:59:50,25280.0,50.343,45.187,50.343,47.343,1300500000,0
2026-08-31T03:59:55,25285.0,50.062,45.187,50.062,47.406,1300500000,0
2026-08-31T04:00:00,25290.0,50.062,45.062,50.062,47.281,1300500000,0
2026-08-31T04:00:05,25295.0,50.062,45.343,50.062,47.343,1300500000,0
2026-08-31T04:00:10,25300.0,50.125,45.218,50.125,47.218,1300500000,0
2026-08-31T04:00:15,25305.0,50.031,45.156,50.031,47.281,1300500000,0
2026-08-31T04:00:20,25310.0,50.25,45.062,50.25,47.312,1300500000,0
2026-08-31T04:00:25,25315.0,50.218,45.375,50.218,47.312,1300500000,0
2026-08-31T04:00:30,25320.0,50.093,45.25,50.093,47.375,1300500000,0
2026-08-31T04:00:35,25325.0,50.0,45.031,50.0,47.218,1300500000,0
2026-08-31T04:00:40,25330.0,50.031,45.25,50.031,47.375,1300500000,0
2026-08-31T04:00:45,25335.0,50.125,45.062,50.125,47.25,1300500000,0
2026-08-31T04:00:50,25340.0,50.125,45.218,50.125,47.281,1300500000,0
2026-08-31T04:00:55,25345.0,50.25,45.093,50.25,47.343,1300500000,0
2026-08-31T04:01:00,25350.1,50.093,45.062,50.093,47.218,1300500000,0
2026-08-31T04:01:05,25355.1,49.968,45.343,49.968,47.312,1300500000,0
2026-08-31T04:01:10,25360.1,50.093,45.25,50.093,47.281,1300500000,0
2026-08-31T04:01:15,25365.1,50.125,45.062,50.125,47.343,1300500000,0
2026-08-31T04:01:20,25370.1,49.968,45.0,49.968,47.406,1300500000,0
2026-08-31T04:01:25,25375.1,50.125,45.343,50.125,47.281,1300500000,0
2026-08-31T04:01:30,25380.1,50.093,45.218,50.093,47.343,1300500000,0
2026-08-31T04:01:35,25385.1,50.031,45.093,50.031,47.25,1300500000,0
2026-08-31T04:01:40,25390.1,49.968,45.062,49.968,47.218,1300500000,0
2026-08-31T04:01:45,25395.1,49.968,45.375,49.968,47.25,1300500000,0
2026-08-31T04:01:50,25400.1,50.062,45.031,50.062,47.25,1300500000,0
2026-08-31T04:01:55,25405.1,50.0,45.375,50.0,47.281,1300500000,0
2026-08-31T04:02:00,25410.1,50.062,45.218,50.062,47.437,1300500000,0
2026-08-31T04:02:05,25415.1,50.125,45.125,50.125,47.281,1300500000,0
2026-08-31T04:02:10,25420.1,50.0,45.125,50.0,47.375,1300500000,0
2026-08-31T04:02:15,25425.1,50.062,45.375,50.062,47.25,1300500000,0
2026-08-31T04:02:20,25430.2,49.968,45.093,49.968,47.281,1300500000,0
2026-08-31T04:02:25,25435.2,50.0,45.031,50.0,47.281,1300500000,0
2026-08-31T04:02:30,25440.2,50.156,45.218,50.156,47.312,1300500000,0
2026-08-31T04:02:35,25445.2,49.968,45.156,49.968,47.343,1300500000,0
2026-08-31T04:02:40,25450.2,50.031,45.062,50.031,47.25,1300500000,0
2026-08-31T04:02:45,25455.2,49.937,45.0,49.937,47.25,1300500000,0
2026-08-31T04:02:50,25460.2,50.093,45.281,50.093,47.375,1300500000,0
2026-08-31T04:02:55,25465.2,50.093,45.0,50.093,47.281,1300500000,0
2026-08-31T04:03:00,25470.2,50.0,45.25,50.0,47.343,1300500000,0
2026-08-31T04:03:05,25475.2,50.062,45.25,50.062,47.406,1300500000,0
2026-08-31T04:03:10,25480.2,50.187,45.093,50.187,47.218,1300500000,0
2026-08-31T04:03:15,25485.2,50.093,45.062,50.093,47.437,1300500000,0
2026-08-31T04:03:20,25490.2,49.937,45.312,49.937,47.343,1300500000,0
2026-08-31T04:03:25,25495.2,50.0,45.125,50.0,47.343,1300500000,0
2026-08-31T04:03:30,25500.2,50.125,45.125,50.125,47.375,1300500000,0
2026-08-31T04:03:35,25505.2,50.062,45.156,50.062,47.312,1300500000,0
2026-08-31T04:03:40,25510.2,50.187,45.281,50.187,47.218,1300500000,0
2026-08-31T04:03:45,25515.3,50.218,45.25,50.218,47.25,1300500000,0
2026-08-31T04:03:50,25520.3,50.062,45.156,50.062,47.468,1300500000,0
2026-08-31T04:03:55,25525.3,50.0,45.062,50.0,47.343,1300500000,0
2026-08-31T04:04:00,25530.3,50.125,45.062,50.125,47.437,1300500000,0
2026-08-31T04:04:05,25535.3,50.187,45.093,50.187,47.312,1300500000,0
2026-08-31T04:04:10,25540.3,50.062,45.312,50.062,47.343,1300500000,0
2026-08-31T04:04:15,25545.3,50.218,45.25,50.218,47.343,1300500000,0
2026-08-31T04:04:20,25550.3,50.093,45.031,50.093,47.312,1300500000,0
2026-08-31T04:04:25,25555.3,50.062,45.093,50.062,47.25,1300500000,0
2026-08-31T04:04:30,25560.3,50.031,45.312,50.031,47.406,1300500000,0
2026-08-31T04:04:35,25565.3,50.093,45.187,50.093,47.25,1300500000,0
2026-08-31T04:04:40,25570.3,50.062,45.187,50.062,47.312,1300500000,0
2026-08-31T04:04:45,25575.3,50.062,45.062,50.062,47.375,1300500000,0
2026-08-31T04:04:50,25580.3,50.187,45.343,50.187,47.312,1300500000,0
2026-08-31T04:04:55,25585.3,50.0,45.218,50.0,47.312,1300500000,0
2026-08-31T04:05:00,25590.3,50.312,45.156,50.312,47.218,1300500000,0
2026-08-31T04:05:05,25595.3,50.0,45.062,50.0,47.343,1300500000,0
2026-08-31T04:05:10,25600.4,50.125,45.156,50.125,47.281,1300500000,0
2026-08-31T04:05:15,25605.4,50.0,45.093,50.0,47.437,1300500000,0
2026-08-31T04:05:20,25610.4,50.156,45.281,50.156,47.25,1300500000,0
2026-08-31T04:05:26,25615.4,50.218,45.218,50.218,47.25,1300500000,0
2026-08-31T04:05:31,25620.4,50.062,45.093,50.062,47.25,1300500000,0
2026-08-31T04:05:36,25625.4,50.0,45.125,50.0,47.281,1300500000,0
2026-08-31T04:05:41,25630.4,50.093,45.343,50.093,47.343,1300500000,0
2026-08-31T04:05:46,25635.4,50.125,45.218,50.125,47.312,1300500000,0
2026-08-31T04:05:51,25640.4,50.125,45.375,50.125,47.312,1300500000,0
2026-08-31T04:05:56,25645.4,50.031,45.156,50.031,47.312,1300500000,0
2026-08-31T04:06:01,25650.4,50.031,45.093,50.031,47.468,1300500000,0
2026-08-31T04:06:06,25655.4,50.312,45.093,50.312,47.343,1300500000,0
2026-08-31T04:06:11,25660.4,50.125,45.281,50.125,47.437,1300500000,0
2026-08-31T04:06:16,25665.4,49.968,45.062,49.968,47.312,1300500000,0
2026-08-31T04:06:21,25670.4,50.031,45.343,50.031,47.343,1300500000,0
2026-08-31T04:06:26,25675.4,50.125,45.218,50.125,47.218,1300500000,0
2026-08-31T04:06:31,25680.5,50.093,45.156,50.093,47.375,1300500000,0
2026-08-31T04:06:36,25685.5,50.218,45.125,50.218,47.312,1300500000,0
2026-08-31T04:06:41,25690.5,50.25,45.312,50.25,47.343,1300500000,0
2026-08-31T04:06:46,25695.5,50.125,45.218,50.125,47.406,1300500000,0
2026-08-31T04:06:51,25700.5,50.031,45.093,50.031,47.343,1300500000,0
2026-08-31T04:06:56,25705.5,50.093,45.093,50.093,47.468,1300500000,0
2026-08-31T04:07:01,25710.5,50.093,45.187,50.093,47.343,1300500000,0
2026-08-31T04:07:06,25715.5,50.062,45.125,50.062,47.437,1300500000,0
2026-08-31T04:07:11,25720.5,50.218,45.312,50.218,47.343,1300500000,0
2026-08-31T04:07:16,25725.5,50.062,45.312,50.062,47.312,1300500000,0
2026-08-31T04:07:21,25730.5,50.093,45.312,50.093,47.312,1300500000,0
2026-08-31T04:07:26,25735.5,50.125,45.312,50.125,47.281,1300500000,0
2026-08-31T04:07:31,25740.5,50.031,45.218,50.031,47.343,1300500000,0
2026-08-31T04:07:36,25745.5,50.125,45.0,50.125,47.468,1300500000,0
2026-08-31T04:07:41,25750.5,50.187,45.156,50.187,47.281,1300500000,0
2026-08-31T04:07:46,25755.5,50.125,45.093,50.125,47.437,1300500000,0
2026-08-31T04:07:51,25760.5,50.25,45.343,50.25,47.312,1300500000,0
2026-08-31T04:07:56,25765.6,50.156,45.312,50.156,47.5,1300500000,0
2026-08-31T04:08:01,25770.6,50.062,45.312,50.062,47.281,1300500000,0
2026-08-31T04:08:06,25775.6,50.125,45.187,50.125,47.531,1300500000,0
2026-08-31T04:08:11,25780.6,50.0,45.218,50.0,47.281,1300500000,0
2026-08-31T04:08:16,25785.6,50.062,45.125,50.25,47.312,1300500000,0
2026-08-31T04:08:21,25790.6,50.187,45.218,50.187,47.281,1300500000,0
2026-08-31T04:08:26,25795.6,50.125,45.031,50.125,47.281,1300500000,0
2026-08-31T04:08:31,25800.6,50.437,45.312,50.437,47.343,1300500000,0
2026-08-31T04:08:36,25805.6,50.156,45.0,50.156,47.562,1300500000,0
2026-08-31T04:08:41,25810.6,50.062,45.312,50.062,47.25,1300500000,0
2026-08-31T04:08:46,25815.6,50.093,45.156,50.125,47.562,1300500000,0
2026-08-31T04:08:51,25820.6,50.187,45.156,50.187,47.343,1300500000,0
2026-08-31T04:08:56,25825.6,50.125,45.031,50.125,47.312,1300500000,0
2026-08-31T04:09:01,25830.6,50.281,45.375,50.281,47.375,1300500000,0
2026-08-31T04:09:06,25835.6,50.062,45.156,50.062,47.406,1300500000,0
2026-08-31T04:09:11,25840.6,50.125,45.093,50.125,47.281,1300500000,0
2026-08-31T04:09:16,25845.6,50.062,45.031,50.062,47.343,1300500000,0
2026-08-31T04:09:21,25850.7,50.156,45.375,50.156,47.312,1300500000,0
2026-08-31T04:09:26,25855.7,50.031,45.156,50.031,47.343,1300500000,0
2026-08-31T04:09:31,25860.7,50.093,45.062,50.093,47.5,1300500000,0
2026-08-31T04:09:36,25865.7,50.343,45.187,50.343,47.218,1300500000,0
2026-08-31T04:09:41,25870.7,50.156,45.093,50.156,47.562,1300500000,0
2026-08-31T04:09:46,25875.7,50.0,45.093,50.0,47.312,1300500000,0
2026-08-31T04:09:51,25880.7,50.125,45.281,50.125,47.406,1300500000,0
2026-08-31T04:09:56,25885.7,50.093,45.218,50.093,47.312,1300500000,0
2026-08-31T04:10:01,25890.7,50.125,45.156,50.125,47.375,1300500000,0
2026-08-31T04:10:06,25895.7,50.187,45.0,50.187,47.343,1300500000,0
2026-08-31T04:10:11,25900.7,50.093,45.375,50.093,47.343,1300500000,0
2026-08-31T04:10:16,25905.7,50.031,45.281,50.031,47.281,1300500000,0
2026-08-31T04:10:21,25910.7,50.031,45.125,50.031,47.343,1300500000,0
2026-08-31T04:10:26,25915.7,50.125,45.062,50.125,47.25,1300500000,0
2026-08-31T04:10:31,25920.7,50.0,45.156,50.0,47.312,1300500000,0
2026-08-31T04:10:36,25925.7,50.031,45.218,50.031,47.468,1300500000,0
2026-08-31T04:10:41,25930.7,50.218,45.343,50.218,47.375,1300500000,0
2026-08-31T04:10:46,25935.8,50.093,45.125,50.093,47.437,1300500000,0
2026-08-31T04:10:51,25940.8,50.375,45.062,50.375,47.312,1300500000,0
2026-08-31T04:10:56,25945.8,50.031,45.093,50.031,47.437,1300500000,0
2026-08-31T04:11:01,25950.8,50.093,45.343,50.093,47.281,1300500000,0
2026-08-31T04:11:06,25955.8,50.031,45.187,50.031,47.375,1300500000,0
2026-08-31T04:11:11,25960.8,50.187,45.187,50.187,47.218,1300500000,0
2026-08-31T04:11:16,25965.8,50.25,45.031,50.093,47.375,1300500000,0
2026-08-31T04:11:21,25970.8,50.0,45.406,50.0,47.312,1300500000,0
2026-08-31T04:11:26,25975.8,50.093,45.0,50.093,47.406,1300500000,0
2026-08-31T04:11:31,25980.8,50.031,45.406,50.031,47.312,1300500000,0
2026-08-31T04:11:36,25985.8,50.0,45.218,50.0,47.312,1300500000,0
2026-08-31T04:11:41,25990.8,50.031,45.093,50.031,47.375,1300500000,0
2026-08-31T04:11:46,25995.8,50.218,45.093,50.218,47.281,1300500000,0
2026-08-31T04:11:51,26000.8,50.031,45.343,50.031,47.406,1300500000,0
2026-08-31T04:11:56,26005.8,50.343,45.218,50.343,47.25,1300500000,0
2026-08-31T04:12:01,26010.8,50.062,45.125,50.062,47.406,1300500000,0
2026-08-31T04:12:06,26015.8,50.125,45.062,50.125,47.281,1300500000,0
2026-08-31T04:12:11,26020.8,50.062,45.437,50.062,47.343,1300500000,0
2026-08-31T04:12:16,26025.9,50.125,45.156,50.125,47.281,1300500000,0
2026-08-31T04:12:21,26030.9,50.187,45.375,49.968,47.312,1300500000,0
2026-08-31T04:12:26,26035.9,50.062,45.218,50.062,47.5,1300500000,0
2026-08-31T04:12:31,26040.9,50.312,45.093,50.312,47.375,1300500000,0
2026-08-31T04:12:36,26045.9,50.125,45.031,50.125,47.437,1300500000,0
2026-08-31T04:12:41,26050.9,50.0,45.406,50.0,47.343,1300500000,0
2026-08-31T04:12:46,26055.9,50.125,45.218,50.125,47.375,1300500000,0
2026-08-31T04:12:51,26060.9,50.156,45.125,50.156,47.375,1300500000,0
2026-08-31T04:12:56,26065.9,50.031,45.093,50.031,47.343,1300500000,0
2026-08-31T04:13:01,26070.9,50.25,45.375,50.25,47.406,1300500000,0
2026-08-31T04:13:06,26075.9,50.312,45.312,50.312,47.312,1300500000,0
2026-08-31T04:13:11,26080.9,50.125,45.218,50.125,47.468,1300500000,0
2026-08-31T04:13:16,26085.9,50.093,45.125,50.093,47.312,1300500000,0
2026-08-31T04:13:21,26090.9,50.125,45.156,50.125,47.437,1300500000,0
2026-08-31T04:13:26,26095.9,50.125,45.093,50.125,47.281,1300500000,0
2026-08-31T04:13:31,26100.9,50.062,45.375,50.062,47.375,1300500000,0
2026-08-31T04:13:36,26105.9,50.218,45.281,50.218,47.312,1300500000,0
2026-08-31T04:13:41,26111.0,50.093,45.156,50.093,47.406,1300500000,0
2026-08-31T04:13:46,26116.0,50.062,45.187,50.062,47.312,1300500000,0
2026-08-31T04:13:51,26121.0,49.968,45.375,49.968,47.375,1300500000,0
2026-08-31T04:13:56,26126.0,50.125,45.343,50.125,47.25,1300500000,0
2026-08-31T04:14:01,26131.0,50.031,45.281,50.031,47.281,1300500000,0
2026-08-31T04:14:06,26136.0,50.093,45.062,50.093,47.437,1300500000,0
2026-08-31T04:14:11,26141.0,50.281,45.406,50.281,47.343,1300500000,0
2026-08-31T04:14:16,26146.0,50.0,45.218,50.0,47.437,1300500000,0
2026-08-31T04:14:21,26151.0,50.062,45.218,50.062,47.218,1300500000,0
2026-08-31T04:14:26,26156.0,50.0,45.25,50.0,47.375,1300500000,0
2026-08-31T04:14:31,26161.0,50.156,45.187,50.156,47.312,1300500000,0
2026-08-31T04:14:36,26166.0,50.093,45.093,50.093,47.375,1300500000,0
2026-08-31T04:14:41,26171.0,50.25,45.406,50.25,47.281,1300500000,0
2026-08-31T04:14:46,26176.0,50.281,45.218,50.093,47.375,1300500000,0
2026-08-31T04:14:51,26181.0,50.093,45.218,50.093,47.25,1300500000,0
2026-08-31T04:14:56,26186.0,50.093,45.062,50.093,47.281,1300500000,0
2026-08-31T04:15:01,26191.0,50.125,45.406,50.125,47.468,1300500000,0
2026-08-31T04:15:06,26196.1,50.125,45.25,50.125,47.25,1300500000,0
2026-08-31T04:15:11,26201.1,50.062,45.093,50.062,47.343,1300500000,0
2026-08-31T04:15:16,26206.1,50.218,45.156,50.218,47.25,1300500000,0
2026-08-31T04:15:21,26211.1,50.093,45.125,50.093,47.437,1300500000,0
2026-08-31T04:15:26,26216.1,50.406,45.125,50.406,47.281,1300500000,0
2026-08-31T04:15:31,26221.1,50.0,45.437,50.0,47.437,1300500000,0
2026-08-31T04:15:36,26226.1,50.125,45.281,50.125,47.312,1300500000,0
2026-08-31T04:15:41,26231.1,50.187,45.375,50.187,47.437,1300500000,0
2026-08-31T04:15:46,26236.1,50.187,45.25,50.187,47.312,1300500000,0
2026-08-31T04:15:51,26241.1,50.093,45.218,50.093,47.468,1300500000,0
2026-08-31T04:15:56,26246.1,50.25,45.062,50.25,47.312,1300500000,0
2026-08-31T04:16:01,26251.1,50.062,45.406,50.062,47.406,1300500000,0
2026-08-31T04:16:06,26256.1,50.125,45.156,50.125,47.25,1300500000,0
2026-08-31T04:16:11,26261.1,50.0,45.375,50.0,47.312,1300500000,0
2026-08-31T04:16:16,26266.1,50.156,45.187,50.156,47.312,1300500000,0
2026-08-31T04:16:21,26271.1,50.093,45.187,50.093,47.375,1300500000,0
2026-08-31T04:16:26,26276.2,50.125,45.062,50.125,47.312,1300500000,0
2026-08-31T04:16:31,26281.2,50.375,45.437,50.375,47.281,1300500000,0
2026-08-31T04:16:36,26286.2,50.062,45.25,50.062,47.406,1300500000,0
2026-08-31T04:16:41,26291.2,50.0,45.218,50.0,47.281,1300500000,0
2026-08-31T04:16:46,26296.2,50.156,45.25,50.156,47.437,1300500000,0
2026-08-31T04:16:51,26301.2,50.125,45.156,50.125,47.281,1300500000,0
2026-08-31T04:16:56,26306.2,50.125,45.125,50.125,47.437,1300500000,0
2026-08-31T04:17:01,26311.2,50.187,45.437,50.187,47.343,1300500000,0
2026-08-31T04:17:06,26316.2,50.093,45.187,50.093,47.406,1300500000,0
2026-08-31T04:17:11,26321.2,50.406,45.187,50.406,47.281,1300500000,0
2026-08-31T04:17:16,26326.2,49.968,45.125,49.968,47.406,1300500000,0
2026-08-31T04:17:21,26331.2,50.125,45.437,50.125,47.218,1300500000,0
2026-08-31T04:17:26,26336.2,50.031,45.25,50.031,47.437,1300500000,0
2026-08-31T04:17:31,26341.2,50.187,45.375,50.187,47.281,1300500000,0
2026-08-31T04:17:36,26346.2,50.062,45.281,50.062,47.343,1300500000,0
2026-08-31T04:17:41,26351.2,50.125,45.218,50.125,47.25,1300500000,0
2026-08-31T04:17:46,26356.2,50.375,45.187,50.375,47.312,1300500000,0
2026-08-31T04:17:51,26361.3,50.125,45.437,50.125,47.468,1300500000,0
2026-08-31T04:17:56,26366.3,50.031,45.25,50.031,47.343,1300500000,0
2026-08-31T04:18:01,26371.3,50.062,45.093,50.062,47.437,1300500000,0
2026-08-31T04:18:06,26376.3,50.187,45.218,50.187,47.281,1300500000,0
2026-08-31T04:18:11,26381.3,50.031,45.031,50.031,47.375,1300500000,0
2026-08-31T04:18:16,26386.3,50.343,45.093,50.343,47.25,1300500000,0
2026-08-31T04:18:21,26391.3,50.093,45.406,50.093,47.406,1300500000,0
2026-08-31T04:18:26,26396.3,50.125,45.281,50.125,47.312,1300500000,0
2026-08-31T04:18:31,26401.3,50.093,45.218,50.093,47.375,1300500000,0
2026-08-31T04:18:36,26406.3,50.125,45.093,50.125,47.343,1300500000,0
2026-08-31T04:18:41,26411.3,50.125,45.062,50.125,47.312,1300500000,0
2026-08-31T04:18:46,26416.3,50.125,45.281,50.125,47.5,1300500000,0
2026-08-31T04:18:51,26421.3,50.312,45.125,50.312,47.312,1300500000,0
2026-08-31T04:18:56,26426.3,50.125,45.25,50.125,47.437,1300500000,0
2026-08-31T04:19:01,26431.3,50.031,45.218,50.031,47.406,1300500000,0
2026-08-31T04:19:06,26436.3,50.125,45.187,50.125,47.406,1300500000,0
2026-08-31T04:19:11,26441.3,50.156,45.125,50.156,47.281,1300500000,0
2026-08-31T04:19:16,26446.3,50.125,45.312,50.125,47.375,1300500000,0
2026-08-31T04:19:21,26451.4,50.312,45.281,50.312,47.281,1300500000,0
2026-08-31T04:19:26,26456.4,50.093,45.125,50.093,47.406,1300500000,0
2026-08-31T04:19:32,26461.4,50.125,45.031,50.125,47.281,1300500000,0
2026-08-31T04:19:37,26466.4,50.062,45.312,50.062,47.343,1300500000,0
2026-08-31T04:19:42,26471.4,50.187,45.25,50.187,47.25,1300500000,0
2026-08-31T04:19:47,26476.4,50.031,45.218,50.031,47.312,1300500000,0
2026-08-31T04:19:52,26481.4,50.218,45.187,50.218,47.25,1300500000,0
2026-08-31T04:19:57,26486.4,50.281,45.156,50.281,47.343,1300500000,0
2026-08-31T04:20:02,26491.4,50.125,45.125,50.125,47.406,1300500000,0
2026-08-31T04:20:07,26496.4,50.062,45.281,50.062,47.343,1300500000,0
2026-08-31T04:20:12,26501.4,50.156,45.125,50.156,47.343,1300500000,0
2026-08-31T04:20:17,26506.4,50.156,45.218,50.156,47.281,1300500000,0
2026-08-31T04:20:22,26511.4,50.062,45.093,50.062,47.343,1300500000,0
2026-08-31T04:20:27,26516.4,50.281,45.25,50.281,47.343,1300500000,0
2026-08-31T04:20:32,26521.4,50.093,45.156,50.093,47.281,1300500000,0
2026-08-31T04:20:37,26526.4,50.062,45.343,50.062,47.343,1300500000,0
2026-08-31T04:20:42,26531.4,50.062,45.187,50.062,47.406,1300500000,0
2026-08-31T04:20:47,26536.5,50.125,45.125,50.125,47.343,1300500000,0
2026-08-31T04:20:52,26541.5,50.062,45.093,50.062,47.343,1300500000,0
2026-08-31T04:20:57,26546.5,50.093,45.25,50.156,47.312,1300500000,0
2026-08-31T04:21:02,26551.5,50.187,45.25,50.187,47.375,1300500000,0
2026-08-31T04:21:07,26556.5,50.156,45.187,50.156,47.375,1300500000,0
2026-08-31T04:21:12,26561.5,50.312,45.125,50.312,47.312,1300500000,0
2026-08-31T04:21:17,26566.5,50.125,45.343,50.125,47.406,1300500000,0
2026-08-31T04:21:22,26571.5,50.125,45.156,50.125,47.312,1300500000,0
2026-08-31T04:21:27,26576.5,50.156,45.343,50.156,47.375,1300500000,0
2026-08-31T04:21:32,26581.5,50.218,45.25,50.218,47.312,1300500000,0
2026-08-31T04:21:37,26586.5,50.062,45.187,50.062,47.375,1300500000,0
2026-08-31T04:21:42,26591.5,50.125,45.062,50.125,47.5,1300500000,0
2026-08-31T04:21:47,26596.5,50.375,45.312,50.375,47.437,1300500000,0
2026-08-31T04:21:52,26601.5,50.156,45.25,50.156,47.5,1300500000,0
2026-08-31T04:21:57,26606.5,50.031,45.093,50.031,47.312,1300500000,0
2026-08-31T04:22:02,26611.5,50.125,45.031,50.125,47.437,1300500000,0
2026-08-31T04:22:07,26616.5,50.218,45.312,50.218,47.343,1300500000,0
2026-08-31T04:22:12,26621.6,50.062,45.25,50.062,47.343,1300500000,0
2026-08-31T04:22:17,26626.6,50.125,45.375,50.125,47.218,1300500000,0
2026-08-31T04:22:22,26631.6,50.468,45.25,50.468,47.437,1300500000,0
2026-08-31T04:22:27,26636.6,50.093,45.125,50.093,47.437,1300500000,0
2026-08-31T04:22:32,26641.6,50.156,45.093,50.156,47.375,1300500000,0
2026-08-31T04:22:37,26646.6,50.125,45.343,50.125,47.312,1300500000,0
2026-08-31T04:22:42,26651.6,50.281,45.25,50.281,47.343,1300500000,0
2026-08-31T04:22:47,26656.6,50.343,45.031,50.343,47.375,1300500000,0
2026-08-31T04:22:52,26661.6,50.093,45.093,50.093,47.406,1300500000,0
2026-08-31T04:22:57,26666.6,50.406,45.375,50.406,47.281,1300500000,0
2026-08-31T04:23:02,26671.6,50.062,45.281,50.062,47.375,1300500000,0
2026-08-31T04:23:07,26676.6,50.25,45.187,50.25,47.312,1300500000,0
2026-08-31T04:23:12,26681.6,50.062,45.125,50.062,47.375,1300500000,0
2026-08-31T04:23:17,26686.6,50.062,45.375,50.062,47.531,1300500000,0
2026-08-31T04:23:22,26691.6,50.281,45.281,50.281,47.375,1300500000,0
2026-08-31T04:23:27,26696.6,50.125,45.125,50.125,47.375,1300500000,0
2026-08-31T04:23:32,26701.6,50.125,45.281,50.125,47.343,1300500000,0
2026-08-31T04:23:37,26706.7,50.125,45.218,50.125,47.343,1300500000,0
2026-08-31T04:23:42,26711.7,50.187,45.156,50.187,47.531,1300500000,0
2026-08-31T04:23:47,26716.7,50.218,45.5,50.218,47.375,1300500000,0
2026-08-31T04:23:52,26721.7,50.062,45.281,50.062,47.375,1300500000,0
2026-08-31T04:23:57,26726.7,50.343,45.187,50.343,47.281,1300500000,0
2026-08-31T04:24:02,26731.7,50.062,45.281,50.062,47.468,1300500000,0
2026-08-31T04:24:07,26736.7,50.062,45.187,50.062,47.375,1300500000,0
2026-08-31T04:24:12,26741.7,50.218,45.125,50.218,47.5,1300500000,0
2026-08-31T04:24:17,26746.7,50.25,45.468,50.25,47.343,1300500000,0
2026-08-31T04:24:22,26751.7,50.125,45.187,50.125,47.468,1300500000,0
2026-08-31T04:24:27,26756.7,50.187,45.375,50.187,47.343,1300500000,0
2026-08-31T04:24:32,26761.7,50.125,45.312,50.125,47.437,1300500000,0
2026-08-31T04:24:37,26766.7,50.312,45.375,50.312,47.406,1300500000,0
2026-08-31T04:24:42,26771.7,50.156,45.281,50.156,47.375,1300500000,0
2026-08-31T04:24:47,26776.7,50.031,45.218,50.031,47.375,1300500000,0
2026-08-31T04:24:52,26781.7,50.062,45.156,50.062,47.437,1300500000,0
2026-08-31T04:24:57,26786.7,50.218,45.156,50.218,47.343,1300500000,0
2026-08-31T04:25:02,26791.8,50.125,45.093,50.125,47.5,1300500000,0
2026-08-31T04:25:07,26796.8,50.25,45.406,50.25,47.375,1300500000,0
2026-08-31T04:25:12,26801.8,50.218,45.25,50.218,47.437,1300500000,0
2026-08-31T04:25:17,26806.8,50.093,45.375,50.093,47.312,1300500000,0
2026-08-31T04:25:22,26811.8,50.125,45.156,50.125,47.468,1300500000,0
2026-08-31T04:25:27,26816.8,50.093,45.187,50.093,47.343,1300500000,0
2026-08-31T04:25:32,26821.8,50.187,45.062,50.187,47.375,1300500000,0
2026-08-31T04:25:37,26826.8,50.093,45.375,50.093,47.406,1300500000,0
2026-08-31T04:25:42,26831.8,50.312,45.281,50.312,47.343,1300500000,0
2026-08-31T04:25:47,26836.8,50.375,45.187,50.375,47.406,1300500000,0
2026-08-31T04:25:52,26841.8,50.156,45.093,50.156,47.468,1300500000,0
2026-08-31T04:25:57,26846.8,50.031,45.406,50.031,47.375,1300500000,0
2026-08-31T04:26:02,26851.8,50.218,45.312,50.218,47.5,1300500000,0
2026-08-31T04:26:07,26856.8,50.281,45.125,50.281,47.281,1300500000,0
2026-08-31T04:26:12,26861.8,50.093,45.125,50.093,47.5,1300500000,0
2026-08-31T04:26:17,26866.8,50.281,45.406,50.281,47.343,1300500000,0
2026-08-31T04:26:22,26871.8,50.125,45.093,50.125,47.406,1300500000,0
2026-08-31T04:26:27,26876.9,50.187,45.375,50.406,47.343,1300500000,0
2026-08-31T04:26:32,26881.9,50.156,45.312,50.156,47.437,1300500000,0
2026-08-31T04:26:37,26886.9,50.125,45.218,50.125,47.375,1300500000,0
2026-08-31T04:26:42,26891.9,50.156,45.187,50.156,47.406,1300500000,0
2026-08-31T04:26:47,26896.9,50.281,45.406,50.281,47.312,1300500000,0
2026-08-31T04:26:52,26901.9,50.281,45.25,50.281,47.375,1300500000,0
2026-08-31T04:26:57,26906.9,50.156,45.125,50.156,47.531,1300500000,0
2026-08-31T04:27:02,26911.9,50.375,45.125,50.375,47.312,1300500000,0
2026-08-31T04:27:07,26916.9,50.125,45.468,50.125,47.406,1300500000,0
2026-08-31T04:27:12,26921.9,50.218,45.312,50.218,47.437,1300500000,0
2026-08-31T04:27:17,26926.9,50.156,45.375,50.156,47.375,1300500000,0
2026-08-31T04:27:22,26931.9,50.281,45.281,50.281,47.343,1300500000,0
2026-08-31T04:27:27,26936.9,50.156,45.187,50.156,47.437,1300500000,0
2026-08-31T04:27:32,26941.9,50.343,45.187,50.343,47.375,1300500000,0
2026-08-31T04:27:37,26946.9,50.062,45.5,50.062,47.375,1300500000,0
2026-08-31T04:27:42,26951.9,50.25,45.281,50.25,47.375,1300500000,0
2026-08-31T04:27:47,26956.9,50.093,45.218,50.093,47.468,1300500000,0
2026-08-31T04:27:52,26962.0,50.218,45.093,50.218,47.5,1300500000,0
2026-08-31T04:27:57,26967.0,50.218,45.187,50.218,47.343,1300500000,0
2026-08-31T04:28:02,26972.0,50.156,45.156,50.156,47.531,1300500000,0
2026-08-31T04:28:07,26977.0,50.375,45.437,50.375,47.343,1300500000,0
2026-08-31T04:28:12,26982.0,50.125,45.25,50.125,47.468,1300500000,0
2026-08-31T04:28:17,26987.0,50.093,45.156,50.093,47.375,1300500000,0
2026-08-31T04:28:22,26992.0,50.062,45.187,50.062,47.437,1300500000,0
2026-08-31T04:28:27,26997.0,50.25,45.406,50.25,47.406,1300500000,0
2026-08-31T04:28:32,27002.0,50.156,45.343,50.156,47.437,1300500000,0
2026-08-31T04:28:37,27007.0,50.281,45.25,50.281,47.375,1300500000,0
2026-08-31T04:28:42,27012.0,50.437,45.156,50.437,47.406,1300500000,0
2026-08-31T04:28:47,27017.0,50.125,45.187,50.125,47.312,1300500000,0
2026-08-31T04:28:52,27022.0,50.062,45.062,50.062,47.468,1300500000,0
2026-08-31T04:28:57,27027.0,50.187,45.375,50.187,47.531,1300500000,0
2026-08-31T04:29:02,27032.0,50.156,45.312,50.125,47.406,1300500000,0
2026-08-31T04:29:07,27037.0,50.125,45.25,50.125,47.468,1300500000,0
2026-08-31T04:29:12,27042.0,50.312,45.156,50.312,47.343,1300500000,0
2026-08-31T04:29:17,27047.0,50.125,45.406,50.125,47.437,1300500000,0
2026-08-31T04:29:22,27052.1,50.25,45.375,49.937,47.343,1300500000,0
2026-08-31T04:29:27,27057.1,50.125,45.218,50.125,47.406,1300500000,0
2026-08-31T04:29:32,27062.1,50.25,45.218,50.25,47.375,1300500000,0
2026-08-31T04:29:37,27067.1,50.093,45.468,50.093,47.5,1300500000,0
2026-08-31T04:29:42,27072.1,50.187,45.156,50.187,47.375,1300500000,0
2026-08-31T04:29:47,27077.1,50.312,45.406,50.312,47.343,1300500000,0
2026-08-31T04:29:52,27082.1,50.156,45.312,50.156,47.406,1300500000,0
2026-08-31T04:29:57,27087.1,50.125,45.25,50.125,47.406,1300500000,0
2026-08-31T04:30:02,27092.1,50.218,45.187,50.218,47.562,1300500000,0
2026-08-31T04:30:07,27097.1,50.218,45.406,50.156,47.343,1300500000,0
2026-08-31T04:30:12,27102.1,50.125,45.281,50.125,47.437,1300500000,0
2026-08-31T04:30:17,27107.1,50.312,45.218,50.312,47.343,1300500000,0
2026-08-31T04:30:22,27112.1,50.187,45.312,50.187,47.437,1300500000,0
2026-08-31T04:30:27,27117.1,50.343,45.25,50.343,47.375,1300500000,0
2026-08-31T04:30:32,27122.1,50.125,45.187,50.125,47.437,1300500000,0
2026-08-31T04:30:37,27127.1,50.218,45.406,50.218,47.375,1300500000,0
2026-08-31T04:30:42,27132.1,50.093,45.343,50.093,47.375,1300500000,0
2026-08-31T04:30:47,27137.2,50.187,45.281,50.187,47.375,1300500000,0
2026-08-31T04:30:52,27142.2,50.343,45.187,50.187,47.406,1300500000,0
2026-08-31T04:30:57,27147.2,50.187,45.406,50.187,47.531,1300500000,0
2026-08-31T04:31:02,27152.2,50.5,45.281,50.5,47.375,1300500000,0
2026-08-31T04:31:07,27157.2,50.218,45.187,50.218,47.593,1300500000,0
2026-08-31T04:31:12,27162.2,50.125,45.343,50.125,47.375,1300500000,0
2026-08-31T04:31:17,27167.2,50.125,45.25,50.125,47.562,1300500000,0
2026-08-31T04:31:22,27172.2,50.218,45.218,50.218,47.406,1300500000,0
2026-08-31T04:31:27,27177.2,50.218,45.531,50.218,47.5,1300500000,0
2026-08-31T04:31:32,27182.2,50.343,45.375,50.343,47.406,1300500000,0
2026-08-31T04:31:37,27187.2,50.437,45.25,50.437,47.5,1300500000,0
2026-08-31T04:31:42,27192.2,50.25,45.187,50.25,47.343,1300500000,0
2026-08-31T04:31:47,27197.2,50.125,45.437,50.125,47.468,1300500000,0
2026-08-31T04:31:52,27202.2,50.218,45.281,50.218,47.562,1300500000,0
2026-08-31T04:31:57,27207.2,50.187,45.25,50.187,47.437,1300500000,0
2026-08-31T04:32:02,27212.2,50.125,45.25,50.125,47.562,1300500000,0
2026-08-31T04:32:07,27217.2,50.406,45.218,50.406,47.343,1300500000,0
2026-08-31T04:32:12,27222.3,50.218,45.187,50.218,47.468,1300500000,0
2026-08-31T04:32:17,27227.3,50.187,45.5,50.187,47.406,1300500000,0
2026-08-31T04:32:22,27232.3,50.125,45.312,50.125,47.468,1300500000,0
2026-08-31T04:32:27,27237.3,50.281,45.25,50.281,47.406,1300500000,0
2026-08-31T04:32:32,27242.3,50.187,45.093,50.187,47.468,1300500000,0
2026-08-31T04:32:37,27247.3,50.25,45.5,50.25,47.375,1300500000,0
2026-08-31T04:32:42,27252.3,50.156,45.375,50.156,47.375,1300500000,0
2026-08-31T04:32:47,27257.3,50.125,45.5,50.125,47.468,1300500000,0
2026-08-31T04:32:52,27262.3,50.062,45.343,50.062,47.343,1300500000,0
2026-08-31T04:32:57,27267.3,50.187,45.25,50.187,47.5,1300500000,0
2026-08-31T04:33:02,27272.3,50.25,45.156,50.125,47.406,1300500000,0
2026-08-31T04:33:07,27277.3,50.125,45.562,50.125,47.468,1300500000,0
2026-08-31T04:33:12,27282.3,50.312,45.343,50.312,47.375,1300500000,0
2026-08-31T04:33:17,27287.3,50.062,45.281,50.062,47.406,1300500000,0
2026-08-31T04:33:22,27292.3,50.468,45.156,50.468,47.375,1300500000,0
2026-08-31T04:33:27,27297.3,50.156,45.625,50.156,47.468,1300500000,0
2026-08-31T04:33:32,27302.3,50.25,45.25,50.25,47.406,1300500000,0
2026-08-31T04:33:37,27307.3,50.125,45.25,50.125,47.5,1300500000,0
2026-08-31T04:33:42,27312.4,50.25,45.218,50.25,47.375,1300500000,0
2026-08-31T04:33:47,27317.4,50.343,45.343,50.343,47.437,1300500000,0
2026-08-31T04:33:53,27322.4,50.187,45.218,50.187,47.312,1300500000,0
2026-08-31T04:33:58,27327.4,50.437,45.531,50.437,47.437,1300500000,0
2026-08-31T04:34:03,27332.4,50.125,45.25,50.125,47.437,1300500000,0
2026-08-31T04:34:08,27337.4,50.125,45.281,50.125,47.468,1300500000,0
2026-08-31T04:34:13,27342.4,50.125,45.187,50.125,47.437,1300500000,0
2026-08-31T04:34:18,27347.4,50.312,45.218,50.312,47.343,1300500000,0
2026-08-31T04:34:23,27352.4,50.187,45.375,50.187,47.531,1300500000,0
2026-08-31T04:34:28,27357.4,50.468,45.593,50.468,47.406,1300500000,0
2026-08-31T04:34:33,27362.4,50.093,45.375,50.281,47.406,1300500000,0
2026-08-31T04:34:38,27367.4,50.218,45.25,50.218,47.468,1300500000,0
2026-08-31T04:34:43,27372.4,50.156,45.218,50.156,47.437,1300500000,0
2026-08-31T04:34:48,27377.4,50.218,45.125,50.218,47.625,1300500000,0
2026-08-31T04:34:53,27382.4,50.343,45.281,50.156,47.437,1300500000,0
2026-08-31T04:34:58,27387.4,50.156,45.218,50.156,47.562,1300500000,0
2026-08-31T04:35:03,27392.4,50.343,45.25,50.343,47.5,1300500000,0
2026-08-31T04:35:08,27397.5,50.187,45.187,50.187,47.562,1300500000,0
2026-08-31T04:35:13,27402.5,50.125,45.343,50.125,47.468,1300500000,0
2026-08-31T04:35:18,27407.5,50.093,45.281,50.093,47.531,1300500000,0
2026-08-31T04:35:23,27412.5,50.312,45.187,50.312,47.406,1300500000,0
2026-08-31T04:35:28,27417.5,50.125,45.156,50.125,47.531,1300500000,0
2026-08-31T04:35:33,27422.5,50.312,45.281,50.312,47.406,1300500000,0
2026-08-31T04:35:38,27427.5,50.437,45.156,50.437,47.468,1300500000,0
2026-08-31T04:35:43,27432.5,50.187,45.375,50.187,47.531,1300500000,0
2026-08-31T04:35:48,27437.5,50.125,45.25,50.125,47.468,1300500000,0
2026-08-31T04:35:53,27442.5,50.187,45.218,50.187,47.562,1300500000,0
2026-08-31T04:35:58,27447.5,50.281,45.218,50.281,47.406,1300500000,0
2026-08-31T04:36:03,27452.5,50.156,45.406,50.156,47.468,1300500000,0
2026-08-31T04:36:08,27457.5,50.312,45.187,50.125,47.406,1300500000,0
2026-08-31T04:36:13,27462.5,50.125,45.375,50.125,47.343,1300500000,0
2026-08-31T04:36:18,27467.5,50.062,45.312,50.062,47.375,1300500000,0
2026-08-31T04:36:23,27472.5,50.187,45.125,50.187,47.593,1300500000,0
2026-08-31T04:36:28,27477.6,50.156,45.187,50.156,47.437,1300500000,0
2026-08-31T04:36:33,27482.6,50.125,45.218,50.125,47.5,1300500000,0
2026-08-31T04:36:38,27487.6,50.281,45.093,50.281,47.406,1300500000,0
2026-08-31T04:36:43,27492.6,50.093,45.343,50.093,47.468,1300500000,0
2026-08-31T04:36:48,27497.6,50.281,45.25,50.281,47.406,1300500000,0
2026-08-31T04:36:53,27502.6,50.125,45.156,50.125,47.468,1300500000,0
2026-08-31T04:36:58,27507.6,50.156,45.125,50.156,47.375,1300500000,0
2026-08-31T04:37:03,27512.6,50.125,45.187,50.125,47.468,1300500000,0
2026-08-31T04:37:08,27517.6,50.156,45.218,50.156,47.531,1300500000,0
2026-08-31T04:37:13,27522.6,50.343,45.406,50.343,47.343,1300500000,0
2026-08-31T04:37:18,27527.6,50.156,45.25,50.156,47.468,1300500000,0
2026-08-31T04:37:23,27532.6,50.125,45.218,50.125,47.375,1300500000,0
2026-08-31T04:37:28,27537.6,50.062,45.125,50.062,47.437,1300500000,0
2026-08-31T04:37:33,27542.6,50.125,45.343,50.125,47.531,1300500000,0
2026-08-31T04:37:38,27547.6,50.281,45.25,50.281,47.375,1300500000,0
2026-08-31T04:37:43,27552.6,50.125,45.25,50.125,47.468,1300500000,0
2026-08-31T04:37:48,27557.6,50.156,45.218,50.156,47.593,1300500000,0
2026-08-31T04:37:53,27562.7,50.343,45.187,50.343,47.406,1300500000,0
2026-08-31T04:37:58,27567.7,50.125,45.218,50.125,47.625,1300500000,0
2026-08-31T04:38:03,27572.7,50.093,45.375,50.093,47.406,1300500000,0
2026-08-31T04:38:08,27577.7,50.093,45.312,50.093,47.437,1300500000,0
2026-08-31T04:38:13,27582.7,50.312,45.218,50.312,47.625,1300500000,0
2026-08-31T04:38:18,27587.7,50.312,45.25,50.312,47.437,1300500000,0
2026-08-31T04:38:23,27592.7,50.25,45.437,50.25,47.531,1300500000,0
2026-08-31T04:38:28,27597.7,50.437,45.312,50.437,47.406,1300500000,0
2026-08-31T04:38:33,27602.7,50.125,45.187,50.125,47.437,1300500000,0
2026-08-31T04:38:38,27607.7,50.187,45.125,50.187,47.375,1300500000,0
2026-08-31T04:38:43,27612.7,50.125,45.468,50.125,47.468,1300500000,0
2026-08-31T04:38:48,27617.7,50.281,45.312,50.281,47.375,1300500000,0
2026-08-31T04:38:53,27622.7,50.281,45.281,50.281,47.343,1300500000,0
2026-08-31T04:38:58,27627.7,50.25,45.187,50.25,47.593,1300500000,0
2026-08-31T04:39:03,27632.7,50.375,45.437,50.375,47.343,1300500000,0
2026-08-31T04:39:08,27637.7,50.218,45.343,50.218,47.468,1300500000,0
2026-08-31T04:39:13,27642.7,50.25,45.281,50.156,47.406,1300500000,0
2026-08-31T04:39:18,27647.7,50.093,45.156,50.093,47.468,1300500000,0
2026-08-31T04:39:23,27652.8,50.187,45.281,50.187,47.375,1300500000,0
2026-08-31T04:39:28,27657.8,50.156,45.218,50.156,47.437,1300500000,0
2026-08-31T04:39:33,27662.8,50.343,45.437,50.343,47.375,1300500000,0
2026-08-31T04:39:38,27667.8,50.468,45.375,50.468,47.406,1300500000,0
2026-08-31T04:39:43,27672.8,50.281,45.25,50.281,47.531,1300500000,0
2026-08-31T04:39:48,27677.8,50.125,45.25,50.125,47.468,1300500000,0
2026-08-31T04:39:53,27682.8,50.218,45.531,50.218,47.562,1300500000,0
2026-08-31T04:39:58,27687.8,50.312,45.312,50.312,47.375,1300500000,0
2026-08-31T04:40:03,27692.8,50.156,45.156,50.156,47.437,1300500000,0
2026-08-31T04:40:08,27697.8,50.281,45.125,50.281,47.406,1300500000,0
2026-08-31T04:40:13,27702.8,50.156,45.437,50.156,47.375,1300500000,0
2026-08-31T04:40:18,27707.8,50.125,45.375,50.125,47.5,1300500000,0
2026-08-31T04:40:23,27712.8,50.218,45.281,50.218,47.437,1300500000,0
2026-08-31T04:40:28,27717.8,50.125,45.25,50.125,47.406,1300500000,0
2026-08-31T04:40:33,27722.8,50.125,45.437,50.125,47.531,1300500000,0
2026-08-31T04:40:38,27727.8,50.281,45.312,50.281,47.406,1300500000,0
2026-08-31T04:40:43,27732.9,50.093,45.25,50.093,47.5,1300500000,0
2026-08-31T04:40:48,27737.9,50.375,45.156,50.375,47.437,1300500000,0
2026-08-31T04:40:53,27742.9,50.156,45.437,50.156,47.375,1300500000,0
2026-08-31T04:40:58,27747.9,50.187,45.343,50.187,47.5,1300500000,0
2026-08-31T04:41:03,27752.9,50.125,45.25,50.125,47.468,1300500000,0
2026-08-31T04:41:08,27757.9,50.281,45.093,50.281,47.437,1300500000,0
2026-08-31T04:41:13,27762.9,50.312,45.5,50.312,47.437,1300500000,0
2026-08-31T04:41:18,27767.9,50.125,45.218,50.125,47.625,1300500000,0
2026-08-31T04:41:23,27772.9,50.343,45.437,50.343,47.343,1300500000,0
2026-08-31T04:41:28,27777.9,50.187,45.312,50.187,47.5,1300500000,0
2026-08-31T04:41:33,27782.9,50.125,45.312,50.125,47.375,1300500000,0
2026-08-31T04:41:38,27787.9,50.125,45.187,50.125,47.437,1300500000,0
2026-08-31T04:41:43,27792.9,50.25,45.437,50.25,47.375,1300500000,0
2026-08-31T04:41:48,27797.9,50.187,45.343,50.187,47.5,1300500000,0
2026-08-31T04:41:53,27802.9,50.406,45.187,50.406,47.406,1300500000,0
2026-08-31T04:41:58,27807.9,50.437,45.187,50.437,47.375,1300500000,0
2026-08-31T04:42:03,27812.9,50.156,45.281,50.156,47.312,1300500000,0
2026-08-31T04:42:08,27818.0,50.125,45.156,50.125,47.468,1300500000,0
2026-08-31T04:42:13,27823.0,50.187,45.437,50.187,47.5,1300500000,0
2026-08-31T04:42:18,27828.0,50.218,45.312,50.218,47.406,1300500000,0
2026-08-31T04:42:23,27833.0,50.187,45.156,50.187,47.562,1300500000,0
2026-08-31T04:42:28,27838.0,50.406,45.218,50.406,47.406,1300500000,0
2026-08-31T04:42:33,27843.0,50.156,45.468,50.156,47.5,1300500000,0
2026-08-31T04:42:38,27848.0,50.125,45.343,50.125,47.343,1300500000,0
2026-08-31T04:42:43,27853.0,50.093,45.562,50.093,47.375,1300500000,0
2026-08-31T04:42:48,27858.0,50.25,45.312,50.25,47.437,1300500000,0
2026-08-31T04:42:53,27863.0,50.125,45.312,50.125,47.5,1300500000,0
2026-08-31T04:42:58,27868.0,50.218,45.187,50.218,47.312,1300500000,0
2026-08-31T04:43:03,27873.0,50.218,45.406,50.218,47.468,1300500000,0
2026-08-31T04:43:08,27878.0,50.187,45.312,50.187,47.406,1300500000,0
2026-08-31T04:43:13,27883.0,50.125,45.281,50.125,47.468,1300500000,0
2026-08-31T04:43:18,27888.0,50.25,45.156,50.25,47.343,1300500000,0
2026-08-31T04:43:23,27893.0,50.125,45.5,50.125,47.406,1300500000,0
2026-08-31T04:43:28,27898.0,50.125,45.375,50.125,47.468,1300500000,0
2026-08-31T04:43:33,27903.1,50.281,45.437,50.281,47.437,1300500000,0
2026-08-31T04:43:38,27908.1,50.125,45.375,50.125,47.531,1300500000,0
2026-08-31T04:43:43,27913.1,50.468,45.312,50.468,47.375,1300500000,0
2026-08-31T04:43:48,27918.1,50.187,45.187,50.187,47.5,1300500000,0
2026-08-31T04:43:53,27923.1,50.25,45.593,50.25,47.406,1300500000,0
2026-08-31T04:43:58,27928.1,50.125,45.343,50.125,47.375,1300500000,0
2026-08-31T04:44:03,27933.1,50.25,45.218,50.25,47.406,1300500000,0
2026-08-31T04:44:08,27938.1,50.093,45.25,50.093,47.343,1300500000,0
2026-08-31T04:44:13,27943.1,50.125,45.406,50.125,47.437,1300500000,0
2026-08-31T04:44:18,27948.1,50.406,45.343,50.406,47.437,1300500000,0
2026-08-31T04:44:23,27953.1,50.187,45.25,50.187,47.5,1300500000,0
2026-08-31T04:44:28,27958.1,50.218,45.25,50.125,47.468,1300500000,0
2026-08-31T04:44:33,27963.1,50.25,45.468,50.25,47.437,1300500000,0
2026-08-31T04:44:38,27968.1,50.125,45.312,50.125,47.468,1300500000,0
2026-08-31T04:44:43,27973.1,50.156,45.25,50.25,47.375,1300500000,0
2026-08-31T04:44:48,27978.1,50.312,45.187,50.312,47.406,1300500000,0
2026-08-31T04:44:53,27983.2,50.093,45.656,50.093,47.562,1300500000,0
2026-08-31T04:44:58,27988.2,50.125,45.343,50.125,47.437,1300500000,0
2026-08-31T04:45:03,27993.2,50.25,45.281,50.25,47.5,1300500000,0
2026-08-31T04:45:08,27998.2,50.218,45.187,50.218,47.375,1300500000,0
2026-08-31T04:45:13,28003.2,50.125,45.5,50.125,47.562,1300500000,0
2026-08-31T04:45:18,28008.2,50.343,45.375,50.343,47.468,1300500000,0
2026-08-31T04:45:23,28013.2,50.187,45.468,50.187,47.468,1300500000,0
2026-08-31T04:45:28,28018.2,50.156,45.375,50.156,47.343,1300500000,0
2026-08-31T04:45:33,28023.2,50.156,45.25,50.156,47.5,1300500000,0
2026-08-31T04:45:38,28028.2,50.25,45.218,50.25,47.406,1300500000,0
2026-08-31T04:45:43,28033.2,50.093,45.562,50.093,47.406,1300500000,0
2026-08-31T04:45:48,28038.2,50.125,45.406,50.125,47.5,1300500000,0
2026-08-31T04:45:53,28043.2,50.343,45.312,50.343,47.468,1300500000,0
2026-08-31T04:45:58,28048.2,50.218,45.281,50.218,47.562,1300500000,0
2026-08-31T04:46:03,28053.2,50.468,45.125,50.468,47.437,1300500000,0
2026-08-31T04:46:08,28058.2,50.125,45.375,50.218,47.562,1300500000,0
2026-08-31T04:46:13,28063.2,50.187,45.531,50.187,47.406,1300500000,0
2026-08-31T04:46:18,28068.3,50.218,45.375,50.218,47.437,1300500000,0
2026-08-31T04:46:23,28073.3,50.218,45.281,50.218,47.343,1300500000,0
2026-08-31T04:46:28,28078.3,50.125,45.218,50.125,47.531,1300500000,0
2026-08-31T04:46:33,28083.3,50.187,45.187,50.187,47.406,1300500000,0
2026-08-31T04:46:38,28088.3,50.093,45.375,50.093,47.437,1300500000,0
2026-08-31T04:46:43,28093.3,50.125,45.25,50.125,47.343,1300500000,0
2026-08-31T04:46:48,28098.3,50.093,45.187,50.093,47.343,1300500000,0
2026-08-31T04:46:53,28103.3,50.125,45.281,50.25,47.468,1300500000,0
2026-08-31T04:46:58,28108.3,50.281,45.375,50.281,47.406,1300500000,0
2026-08-31T04:47:03,28113.3,50.125,45.156,50.125,47.562,1300500000,0
2026-08-31T04:47:08,28118.3,50.343,45.343,50.343,47.312,1300500000,0
2026-08-31T04:47:13,28123.3,50.187,45.187,50.187,47.531,1300500000,0
2026-08-31T04:47:18,28128.3,50.156,45.25,50.156,47.375,1300500000,0
2026-08-31T04:47:23,28133.3,50.156,45.187,50.156,47.406,1300500000,0
2026-08-31T04:47:28,28138.3,50.281,45.406,50.281,47.343,1300500000,0
2026-08-31T04:47:33,28143.3,50.187,45.281,50.187,47.468,1300500000,0
2026-08-31T04:47:38,28148.3,50.218,45.156,50.218,47.562,1300500000,0
2026-08-31T04:47:43,28153.4,50.468,45.187,50.468,47.437,1300500000,0
2026-08-31T04:47:48,28158.4,50.156,45.375,50.156,47.625,1300500000,0
2026-08-31T04:47:53,28163.4,50.156,45.187,50.156,47.437,1300500000,0
2026-08-31T04:47:59,28168.4,50.125,45.187,50.125,47.5,1300500000,0
2026-08-31T04:48:04,28173.4,50.218,45.125,50.218,47.406,1300500000,0
2026-08-31T04:48:09,28178.4,50.125,45.125,50.125,47.468,1300500000,0
2026-08-31T04:48:14,28183.4,50.312,45.156,50.312,47.343,1300500000,0
2026-08-31T04:48:19,28188.4,50.468,45.343,50.468,47.468,1300500000,0
2026-08-31T04:48:24,28193.4,50.187,45.281,50.187,47.375,1300500000,0
2026-08-31T04:48:29,28198.4,50.125,45.25,50.125,47.468,1300500000,0
2026-08-31T04:48:34,28203.4,50.218,45.125,50.218,47.625,1300500000,0
2026-08-31T04:48:39,28208.4,50.218,45.375,50.218,47.406,1300500000,0
2026-08-31T04:48:44,28213.4,50.156,45.312,50.156,47.531,1300500000,0
2026-08-31T04:48:49,28218.4,50.437,45.218,50.437,47.5,1300500000,0
2026-08-31T04:48:54,28223.4,50.218,45.187,50.218,47.531,1300500000,0
2026-08-31T04:48:59,28228.4,50.156,45.375,50.156,47.375,1300500000,0
2026-08-31T04:49:04,28233.4,50.125,45.25,50.125,47.5,1300500000,0
2026-08-31T04:49:09,28238.4,50.187,45.25,50.187,47.375,1300500000,0
2026-08-31T04:49:14,28243.5,50.156,45.218,50.156,47.437,1300500000,0
2026-08-31T04:49:19,28248.5,50.125,45.375,50.125,47.562,1300500000,0
2026-08-31T04:49:24,28253.5,50.375,45.25,50.375,47.437,1300500000,0
2026-08-31T04:49:29,28258.5,50.187,45.375,50.187,47.562,1300500000,0
2026-08-31T04:49:34,28263.5,50.031,45.312,50.031,47.468,1300500000,0
2026-08-31T04:49:39,28268.5,50.156,45.218,50.156,47.5,1300500000,0
2026-08-31T04:49:44,28273.5,50.25,45.125,50.25,47.437,1300500000,0
2026-08-31T04:49:49,28278.5,50.125,45.468,50.125,47.531,1300500000,0
2026-08-31T04:49:54,28283.5,50.281,45.312,50.281,47.531,1300500000,0
2026-08-31T04:49:59,28288.5,50.437,45.187,50.437,47.468,1300500000,0
2026-08-31T04:50:04,28293.5,50.468,45.312,50.468,47.437,1300500000,0
2026-08-31T04:50:09,28298.5,50.281,45.218,50.281,47.562,1300500000,0
2026-08-31T04:50:14,28303.5,50.187,45.187,50.187,47.437,1300500000,0
2026-08-31T04:50:19,28308.5,50.125,45.375,50.125,47.531,1300500000,0
2026-08-31T04:50:24,28313.5,50.312,45.312,50.312,47.5,1300500000,0
2026-08-31T04:50:29,28318.5,50.343,45.25,50.156,47.531,1300500000,0
2026-08-31T04:50:34,28323.6,50.25,45.156,50.25,47.656,1300500000,0
2026-08-31T04:50:39,28328.6,50.5,45.25,50.5,47.468,1300500000,0
2026-08-31T04:50:44,28333.6,50.312,45.156,50.312,47.531,1300500000,0
2026-08-31T04:50:49,28338.6,50.25,45.375,50.218,47.531,1300500000,0
2026-08-31T04:50:54,28343.6,50.093,45.312,50.093,47.562,1300500000,0
2026-08-31T04:50:59,28348.6,50.218,45.25,50.218,47.468,1300500000,0
2026-08-31T04:51:04,28353.6,50.156,45.281,50.156,47.5,1300500000,0
2026-08-31T04:51:09,28358.6,50.375,45.406,50.375,47.468,1300500000,0
2026-08-31T04:51:14,28363.6,50.468,45.312,50.468,47.531,1300500000,0
2026-08-31T04:51:19,28368.6,50.218,45.281,50.218,47.593,1300500000,0
2026-08-31T04:51:24,28373.6,50.125,45.156,50.125,47.437,1300500000,0
2026-08-31T04:51:29,28378.6,50.25,45.375,50.25,47.625,1300500000,0
2026-08-31T04:51:34,28383.6,50.375,45.343,50.375,47.468,1300500000,0
2026-08-31T04:51:39,28388.6,50.187,45.187,50.187,47.593,1300500000,0
2026-08-31T04:51:44,28393.6,50.468,45.187,50.468,47.5,1300500000,0
2026-08-31T04:51:49,28398.6,50.156,45.218,50.156,47.531,1300500000,0
2026-08-31T04:51:54,28403.6,50.125,45.281,50.125,47.468,1300500000,0
2026-08-31T04:51:59,28408.6,50.125,45.437,50.125,47.437,1300500000,0
2026-08-31T04:52:04,28413.7,50.187,45.281,50.187,47.437,1300500000,0
2026-08-31T04:52:09,28418.7,50.125,45.218,50.125,47.468,1300500000,0
2026-08-31T04:52:14,28423.7,50.187,45.218,50.187,47.562,1300500000,0
2026-08-31T04:52:19,28428.7,50.468,45.406,50.468,47.562,1300500000,0
2026-08-31T04:52:24,28433.7,50.125,45.375,50.125,47.531,1300500000,0
2026-08-31T04:52:29,28438.7,50.187,45.25,50.187,47.437,1300500000,0
2026-08-31T04:52:34,28443.7,50.218,45.25,50.218,47.562,1300500000,0
2026-08-31T04:52:39,28448.7,50.312,45.281,50.312,47.406,1300500000,0
2026-08-31T04:52:44,28453.7,50.187,45.156,50.187,47.531,1300500000,0
2026-08-31T04:52:49,28458.7,50.406,45.437,50.406,47.375,1300500000,0
2026-08-31T04:52:54,28463.7,50.187,45.343,50.187,47.593,1300500000,0
2026-08-31T04:52:59,28468.7,50.218,45.218,50.218,47.406,1300500000,0
2026-08-31T04:53:04,28473.7,50.156,45.187,50.156,47.562,1300500000,0
2026-08-31T04:53:09,28478.7,50.218,45.406,50.218,47.437,1300500000,0
2026-08-31T04:53:14,28483.7,50.156,45.375,50.156,47.375,1300500000,0
2026-08-31T04:53:19,28488.7,50.343,45.312,50.343,47.406,1300500000,0
2026-08-31T04:53:24,28493.7,50.312,45.375,50.312,47.468,1300500000,0
2026-08-31T04:53:29,28498.8,50.218,45.187,50.218,47.593,1300500000,0
2026-08-31T04:53:34,28503.8,50.468,45.218,50.468,47.5,1300500000,0
2026-08-31T04:53:39,28508.8,50.218,45.406,50.218,47.531,1300500000,0
2026-08-31T04:53:44,28513.8,50.218,45.375,50.218,47.406,1300500000,0
2026-08-31T04:53:49,28518.8,50.156,45.593,50.156,47.406,1300500000,0
2026-08-31T04:53:54,28523.8,50.093,45.312,50.093,47.531,1300500000,0
2026-08-31T04:53:59,28528.8,50.312,45.312,50.312,47.406,1300500000,0
2026-08-31T04:54:04,28533.8,50.156,45.281,50.156,47.468,1300500000,0
2026-08-31T04:54:09,28538.8,50.187,45.593,50.187,47.343,1300500000,0
2026-08-31T04:54:14,28543.8,50.125,45.25,50.125,47.437,1300500000,0
2026-08-31T04:54:19,28548.8,50.25,45.281,50.25,47.562,1300500000,0
2026-08-31T04:54:24,28553.8,50.281,45.218,50.281,47.406,1300500000,0
2026-08-31T04:54:29,28558.8,50.156,45.375,50.156,47.5,1300500000,0
2026-08-31T04:54:34,28563.8,50.375,45.156,50.375,47.343,1300500000,0
2026-08-31T04:54:39,28568.8,50.5,45.5,50.5,47.375,1300500000,0
2026-08-31T04:54:44,28573.8,50.093,45.343,50.093,47.562,1300500000,0
2026-08-31T04:54:49,28578.8,50.125,45.25,50.125,47.531,1300500000,0
2026-08-31T04:54:54,28583.9,50.125,45.218,50.125,47.531,1300500000,0
2026-08-31T04:54:59,28588.9,50.125,45.281,50.125,47.406,1300500000,0
2026-08-31T04:55:04,28593.9,50.125,45.218,50.125,47.593,1300500000,0
2026-08-31T04:55:09,28598.9,50.437,45.531,50.437,47.437,1300500000,0
2026-08-31T04:55:14,28603.9,50.187,45.406,50.187,47.468,1300500000,0
2026-08-31T04:55:19,28608.9,50.218,45.281,50.218,47.562,1300500000,0
2026-08-31T04:55:24,28613.9,50.156,45.187,50.156,47.437,1300500000,0
2026-08-31T04:55:29,28618.9,50.312,45.468,50.312,47.593,1300500000,0
2026-08-31T04:55:34,28623.9,50.375,45.468,50.375,47.5,1300500000,0
2026-08-31T04:55:39,28628.9,50.187,45.312,50.187,47.468,1300500000,0
2026-08-31T04:55:44,28633.9,50.343,45.25,50.343,47.375,1300500000,0
2026-08-31T04:55:49,28638.9,50.125,45.187,50.125,47.593,1300500000,0
2026-08-31T04:55:54,28643.9,50.125,45.375,50.125,47.406,1300500000,0
2026-08-31T04:55:59,28648.9,50.125,45.312,50.125,47.531,1300500000,0
2026-08-31T04:56:04,28653.9,50.312,45.281,50.312,47.468,1300500000,0
2026-08-31T04:56:09,28658.9,50.187,45.281,50.187,47.562,1300500000,0
2026-08-31T04:56:14,28663.9,50.343,45.218,50.343,47.437,1300500000,0
2026-08-31T04:56:19,28669.0,50.437,45.187,50.437,47.437,1300500000,0
2026-08-31T04:56:24,28674.0,50.187,45.375,50.187,47.406,1300500000,0
2026-08-31T04:56:29,28679.0,50.125,45.281,50.125,47.437,1300500000,0
2026-08-31T04:56:34,28684.0,50.218,45.312,50.218,47.593,1300500000,0
2026-08-31T04:56:39,28689.0,50.125,45.156,50.125,47.468,1300500000,0
2026-08-31T04:56:44,28694.0,50.125,45.343,50.125,47.531,1300500000,0
2026-08-31T04:56:49,28699.0,50.312,45.312,50.312,47.437,1300500000,0
2026-08-31T04:56:54,28704.0,50.218,45.375,50.218,47.625,1300500000,0
2026-08-31T04:56:59,28709.0,50.531,45.312,50.531,47.5,1300500000,0
2026-08-31T04:57:04,28714.0,50.156,45.218,50.156,47.593,1300500000,0
2026-08-31T04:57:09,28719.0,50.218,45.156,50.218,47.406,1300500000,0
2026-08-31T04:57:14,28724.0,50.156,45.375,50.156,47.5,1300500000,0
2026-08-31T04:57:19,28729.0,50.343,45.281,50.343,47.437,1300500000,0
2026-08-31T04:57:24,28734.0,50.437,45.25,50.437,47.437,1300500000,0
2026-08-31T04:57:29,28739.0,50.187,45.187,50.187,47.593,1300500000,0
2026-08-31T04:57:34,28744.0,50.125,45.375,50.125,47.531,1300500000,0
2026-08-31T04:57:39,28749.0,50.125,45.343,50.125,47.5,1300500000,0
2026-08-31T04:57:44,28754.1,50.312,45.187,50.312,47.5,1300500000,0
2026-08-31T04:57:49,28759.1,50.125,45.25,50.125,47.531,1300500000,0
2026-08-31T04:57:54,28764.1,50.125,45.25,50.125,47.625,1300500000,0
2026-08-31T04:57:59,28769.1,50.343,45.218,50.343,47.468,1300500000,0
2026-08-31T04:58:04,28774.1,50.187,45.468,50.187,47.531,1300500000,0
2026-08-31T04:58:09,28779.1,50.187,45.343,50.187,47.406,1300500000,0
2026-08-31T04:58:14,28784.1,50.125,45.312,50.125,47.5,1300500000,0
2026-08-31T04:58:19,28789.1,50.312,45.25,50.312,47.625,1300500000,0
2026-08-31T04:58:24,28794.1,50.281,45.437,50.281,47.437,1300500000,0
2026-08-31T04:58:29,28799.1,50.187,45.375,50.187,47.562,1300500000,0
2026-08-31T04:58:34,28804.1,50.375,45.281,50.375,47.437,1300500000,0
2026-08-31T04:58:39,28809.1,50.187,45.187,50.187,47.531,1300500000,0
2026-08-31T04:58:44,28814.1,50.281,45.312,50.281,47.468,1300500000,0
2026-08-31T04:58:49,28819.1,50.125,45.25,50.125,47.531,1300500000,0
2026-08-31T04:58:54,28824.1,50.156,45.437,50.156,47.5,1300500000,0
2026-08-31T04:58:59,28829.1,50.281,45.312,50.281,47.531,1300500000,0
2026-08-31T04:59:04,28834.1,50.218,45.281,50.218,47.531,1300500000,0
2026-08-31T04:59:09,28839.2,50.187,45.25,50.187,47.437,1300500000,0
2026-08-31T04:59:14,28844.2,50.156,45.437,50.156,47.5,1300500000,0
2026-08-31T04:59:19,28849.2,50.281,45.406,50.281,47.468,1300500000,0
2026-08-31T04:59:24,28854.2,50.125,45.281,50.125,47.437,1300500000,0
2026-08-31T04:59:29,28859.2,50.125,45.375,50.125,47.531,1300500000,0
2026-08-31T04:59:34,28864.2,50.312,45.281,50.312,47.437,1300500000,0
2026-08-31T04:59:39,28869.2,50.218,45.25,50.218,47.593,1300500000,0
2026-08-31T04:59:44,28874.2,50.5,45.5,50.5,47.437,1300500000,0
2026-08-31T04:59:49,28879.2,50.187,45.406,50.187,47.531,1300500000,0
2026-08-31T04:59:54,28884.2,50.25,45.312,50.25,47.437,1300500000,0
2026-08-31T04:59:59,28889.2,50.187,45.218,50.187,47.437,1300500000,0
2026-08-31T05:00:04,28894.2,50.312,45.437,50.312,47.5,1300500000,0
2026-08-31T05:00:09,28899.2,50.187,45.375,50.187,47.5,1300500000,0
2026-08-31T05:00:14,28904.2,50.218,45.562,50.218,47.593,1300500000,0
2026-08-31T05:00:19,28909.2,50.468,45.406,50.468,47.562,1300500000,0
2026-08-31T05:00:24,28914.2,50.218,45.312,50.218,47.656,1300500000,0
2026-08-31T05:00:29,28919.2,50.125,45.187,50.125,47.5,1300500000,0
2026-08-31T05:00:34,28924.2,50.281,45.593,50.281,47.593,1300500000,0
2026-08-31T05:00:39,28929.3,50.343,45.375,50.343,47.468,1300500000,0
2026-08-31T05:00:44,28934.3,50.156,45.281,50.156,47.562,1300500000,0
2026-08-31T05:00:49,28939.3,50.375,45.437,50.375,47.5,1300500000,0
2026-08-31T05:00:54,28944.3,50.218,45.5,50.218,47.406,1300500000,0
2026-08-31T05:00:59,28949.3,50.218,45.406,50.218,47.468,1300500000,0
2026-08-31T05:01:04,28954.3,50.25,45.312,50.25,47.468,1300500000,0
2026-08-31T05:01:09,28959.3,50.156,45.218,50.156,47.468,1300500000,0
2026-08-31T05:01:14,28964.3,50.125,45.468,50.125,47.593,1300500000,0
2026-08-31T05:01:19,28969.3,50.343,45.343,50.343,47.5,1300500000,0
2026-08-31T05:01:24,28974.3,50.187,45.312,50.187,47.625,1300500000,0
2026-08-31T05:01:29,28979.3,50.468,45.187,50.468,47.5,1300500000,0
2026-08-31T05:01:34,28984.3,50.156,45.312,50.156,47.5,1300500000,0
2026-08-31T05:01:39,28989.3,50.218,45.375,50.218,47.406,1300500000,0
2026-08-31T05:01:44,28994.3,50.156,45.5,50.156,47.437,1300500000,0
2026-08-31T05:01:49,28999.3,50.312,45.375,50.312,47.437,1300500000,0
2026-08-31T05:01:54,29004.3,50.156,45.312,50.156,47.562,1300500000,0
2026-08-31T05:01:59,29009.4,50.218,45.218,50.218,47.625,1300500000,0
2026-08-31T05:02:04,29014.4,50.531,45.562,50.531,47.562,1300500000,0
2026-08-31T05:02:09,29019.4,50.312,45.437,50.312,47.562,1300500000,0
2026-08-31T05:02:14,29024.4,50.125,45.343,50.125,47.406,1300500000,0
2026-08-31T05:02:20,29029.4,50.156,45.218,50.343,47.656,1300500000,0
2026-08-31T05:02:25,29034.4,50.343,45.281,50.343,47.437,1300500000,0
2026-08-31T05:02:30,29039.4,50.156,45.218,50.156,47.5,1300500000,0
2026-08-31T05:02:35,29044.4,50.468,45.5,50.468,47.531,1300500000,0
2026-08-31T05:02:40,29049.4,50.187,45.343,50.187,47.5,1300500000,0
2026-08-31T05:02:45,29054.4,50.156,45.312,50.156,47.437,1300500000,0
2026-08-31T05:02:50,29059.4,50.125,45.187,50.125,47.593,1300500000,0
2026-08-31T05:02:55,29064.4,50.25,45.5,50.25,47.5,1300500000,0
2026-08-31T05:03:00,29069.4,50.187,45.468,50.187,47.406,1300500000,0
2026-08-31T05:03:05,29074.4,50.312,45.312,50.312,47.406,1300500000,0
2026-08-31T05:03:10,29079.4,50.437,45.468,50.437,47.5,1300500000,0
2026-08-31T05:03:15,29084.4,50.281,45.281,50.281,47.656,1300500000,0
2026-08-31T05:03:20,29089.4,50.156,45.25,50.156,47.437,1300500000,0
2026-08-31T05:03:25,29094.4,50.281,45.5,50.281,47.625,1300500000,0
2026-08-31T05:03:30,29099.5,50.281,45.406,50.281,47.406,1300500000,0
2026-08-31T05:03:35,29104.5,50.187,45.312,50.187,47.593,1300500000,0
2026-08-31T05:03:40,29109.5,50.375,45.281,50.375,47.5,1300500000,0
2026-08-31T05:03:45,29114.5,50.218,45.531,50.218,47.468,1300500000,0
2026-08-31T05:03:50,29119.5,50.562,45.281,50.562,47.437,1300500000,0
2026-08-31T05:03:55,29124.5,50.156,45.593,50.156,47.5,1300500000,0
2026-08-31T05:04:00,29129.5,50.218,45.375,50.218,47.468,1300500000,0
2026-08-31T05:04:05,29134.5,50.125,45.343,50.125,47.531,1300500000,0
2026-08-31T05:04:10,29139.5,50.343,45.343,50.343,47.468,1300500000,0
2026-08-31T05:04:15,29144.5,50.218,45.562,50.218,47.468,1300500000,0
2026-08-31T05:04:20,29149.5,50.156,45.375,50.156,47.625,1300500000,0
2026-08-31T05:04:25,29154.5,50.531,45.375,50.531,47.5,1300500000,0
2026-08-31T05:04:30,29159.5,50.218,45.375,50.218,47.625,1300500000,0
2026-08-31T05:04:35,29164.5,50.156,45.281,50.156,47.531,1300500000,0
2026-08-31T05:04:40,29169.5,50.187,45.312,50.187,47.5,1300500000,0
2026-08-31T05:04:45,29174.5,50.343,45.562,50.343,47.5,1300500000,0
2026-08-31T05:04:50,29179.5,50.187,45.437,50.187,47.5,1300500000,0
2026-08-31T05:04:55,29184.6,50.5,45.531,50.5,47.531,1300500000,0
2026-08-31T05:05:00,29189.6,50.187,45.375,50.187,47.406,1300500000,0
2026-08-31T05:05:05,29194.6,50.125,45.343,50.125,47.5,1300500000,0
2026-08-31T05:05:10,29199.6,50.25,45.375,50.25,47.625,1300500000,0
2026-08-31T05:05:15,29204.6,50.375,45.281,50.187,47.5,1300500000,0
2026-08-31T05:05:20,29209.6,50.156,45.25,50.156,47.531,1300500000,0
2026-08-31T05:05:25,29214.6,50.406,45.531,50.406,47.437,1300500000,0
2026-08-31T05:05:30,29219.6,50.187,45.375,50.187,47.468,1300500000,0
2026-08-31T05:05:35,29224.6,50.5,45.375,50.5,47.531,1300500000,0
2026-08-31T05:05:40,29229.6,50.125,45.187,50.125,47.406,1300500000,0
2026-08-31T05:05:45,29234.6,50.156,45.531,50.156,47.5,1300500000,0
2026-08-31T05:05:50,29239.6,50.187,45.406,50.187,47.5,1300500000,0
2026-08-31T05:05:55,29244.6,50.281,45.437,50.281,47.562,1300500000,0
2026-08-31T05:06:00,29249.6,50.25,45.406,50.25,47.5,1300500000,0
2026-08-31T05:06:05,29254.6,50.281,45.343,50.281,47.625,1300500000,0
2026-08-31T05:06:10,29259.6,50.5,45.218,50.5,47.406,1300500000,0
2026-08-31T05:06:15,29264.7,50.218,45.593,50.218,47.656,1300500000,0
2026-08-31T05:06:20,29269.7,50.218,45.406,50.218,47.406,1300500000,0
2026-08-31T05:06:25,29274.7,50.25,45.25,50.25,47.593,1300500000,0
2026-08-31T05:06:30,29279.7,50.406,45.25,50.406,47.531,1300500000,0
2026-08-31T05:06:35,29284.7,50.25,45.5,50.25,47.562,1300500000,0
2026-08-31T05:06:40,29289.7,50.437,45.218,50.437,47.468,1300500000,0
2026-08-31T05:06:45,29294.7,50.187,45.531,50.187,47.5,1300500000,0
2026-08-31T05:06:50,29299.7,50.312,45.437,50.312,47.437,1300500000,0
2026-08-31T05:06:55,29304.7,50.156,45.375,50.156,47.5,1300500000,0
2026-08-31T05:07:00,29309.7,50.406,45.312,50.406,47.468,1300500000,0
2026-08-31T05:07:05,29314.7,50.156,45.593,50.156,47.5,1300500000,0
2026-08-31T05:07:10,29319.7,50.25,45.406,50.25,47.593,1300500000,0
2026-08-31T05:07:15,29324.7,50.406,45.312,50.406,47.5,1300500000,0
2026-08-31T05:07:20,29329.7,50.218,45.312,50.218,47.625,1300500000,0
2026-08-31T05:07:25,29334.7,50.187,45.593,50.187,47.5,1300500000,0
2026-08-31T05:07:30,29339.7,50.156,45.281,50.156,47.562,1300500000,0
2026-08-31T05:07:35,29344.7,50.312,45.593,50.312,47.468,1300500000,0
2026-08-31T05:07:40,29349.7,50.125,45.406,50.125,47.593,1300500000,0
2026-08-31T05:07:45,29354.8,50.375,45.375,50.375,47.531,1300500000,0
2026-08-31T05:07:50,29359.8,50.281,45.25,50.281,47.5,1300500000,0
2026-08-31T05:07:55,29364.8,50.218,45.687,50.218,47.406,1300500000,0
2026-08-31T05:08:00,29369.8,50.218,45.437,50.218,47.5,1300500000,0
2026-08-31T05:08:05,29374.8,50.312,45.343,50.312,47.437,1300500000,0
2026-08-31T05:08:10,29379.8,50.25,45.25,50.25,47.468,1300500000,0
2026-08-31T05:08:15,29384.8,50.218,45.343,50.218,47.593,1300500000,0
2026-08-31T05:08:20,29389.8,50.437,45.281,50.437,47.5,1300500000,0
2026-08-31T05:08:25,29394.8,50.281,45.593,50.281,47.625,1300500000,0
2026-08-31T05:08:30,29399.8,50.5,45.375,50.5,47.531,1300500000,0
2026-08-31T05:08:35,29404.8,50.25,45.375,50.25,47.593,1300500000,0
2026-08-31T05:08:40,29409.8,50.312,45.25,50.312,47.531,1300500000,0
2026-08-31T05:08:45,29414.8,50.156,45.625,50.156,47.531,1300500000,0
2026-08-31T05:08:50,29419.8,50.406,45.437,50.406,47.437,1300500000,0
2026-08-31T05:08:55,29424.8,50.187,45.656,50.187,47.625,1300500000,0
2026-08-31T05:09:00,29429.8,50.468,45.375,50.468,47.437,1300500000,0
2026-08-31T05:09:05,29434.8,50.5,45.343,50.5,47.5,1300500000,0
2026-08-31T05:09:10,29439.9,50.25,45.312,50.25,47.468,1300500000,0
2026-08-31T05:09:15,29444.9,50.187,45.562,50.187,47.562,1300500000,0
2026-08-31T05:09:20,29449.9,50.281,45.218,50.281,47.5,1300500000,0
2026-08-31T05:09:25,29454.9,50.218,45.656,50.218,47.531,1300500000,0
2026-08-31T05:09:30,29459.9,50.406,45.437,50.406,47.468,1300500000,0
2026-08-31T05:09:35,29464.9,50.375,45.312,50.375,47.531,1300500000,0
2026-08-31T05:09:40,29469.9,50.281,45.375,50.281,47.468,1300500000,0
2026-08-31T05:09:45,29474.9,50.218,45.343,50.218,47.593,1300500000,0
2026-08-31T05:09:50,29479.9,50.343,45.281,50.343,47.531,1300500000,0
2026-08-31T05:09:55,29484.9,50.187,45.562,50.187,47.531,1300500000,0
2026-08-31T05:10:00,29489.9,50.312,45.468,50.312,47.468,1300500000,0
2026-08-31T05:10:05,29494.9,50.281,45.562,50.187,47.531,1300500000,0
2026-08-31T05:10:10,29499.9,50.187,45.375,50.187,47.437,1300500000,0
2026-08-31T05:10:15,29504.9,50.25,45.562,50.25,47.562,1300500000,0
2026-08-31T05:10:20,29509.9,50.218,45.375,50.218,47.531,1300500000,0
2026-08-31T05:10:25,29514.9,50.187,45.375,50.187,47.593,1300500000,0
2026-08-31T05:10:30,29520.0,50.25,45.437,50.25,47.468,1300500000,0
2026-08-31T05:10:35,29525.0,50.125,45.343,50.125,47.562,1300500000,0
2026-08-31T05:10:40,29530.0,50.5,45.281,50.5,47.406,1300500000,0
2026-08-31T05:10:45,29535.0,50.187,45.625,50.187,47.593,1300500000,0
2026-08-31T05:10:50,29540.0,50.218,45.375,50.218,47.468,1300500000,0
2026-08-31T05:10:55,29545.0,50.218,45.531,50.218,47.562,1300500000,0
2026-08-31T05:11:00,29550.0,50.25,45.406,50.25,47.531,1300500000,0
2026-08-31T05:11:05,29555.0,50.281,45.281,50.281,47.531,1300500000,0
2026-08-31T05:11:10,29560.0,50.375,45.281,50.375,47.437,1300500000,0
2026-08-31T05:11:15,29565.0,50.218,45.562,50.218,47.5,1300500000,0
2026-08-31T05:11:20,29570.0,50.218,45.406,50.218,47.656,1300500000,0
2026-08-31T05:11:25,29575.0,50.5,45.468,50.5,47.593,1300500000,0
2026-08-31T05:11:30,29580.0,50.25,45.406,50.25,47.687,1300500000,0
2026-08-31T05:11:35,29585.0,50.281,45.312,50.281,47.531,1300500000,0
2026-08-31T05:11:40,29590.0,50.437,45.187,50.437,47.625,1300500000,0
2026-08-31T05:11:45,29595.0,50.25,45.656,50.25,47.5,1300500000,0
2026-08-31T05:11:50,29600.0,50.218,45.281,50.218,47.562,1300500000,0
2026-08-31T05:11:55,29605.0,50.437,45.468,50.437,47.468,1300500000,0
2026-08-31T05:12:00,29610.1,50.281,45.375,50.281,47.625,1300500000,0
2026-08-31T05:12:05,29615.1,50.218,45.312,50.218,47.593,1300500000,0
2026-08-31T05:12:10,29620.1,50.281,45.281,50.281,47.625,1300500000,0
2026-08-31T05:12:15,29625.1,50.218,45.312,50.218,47.468,1300500000,0
2026-08-31T05:12:20,29630.1,50.25,45.218,50.25,47.562,1300500000,0
2026-08-31T05:12:25,29635.1,50.375,45.468,50.375,47.437,1300500000,0
2026-08-31T05:12:30,29640.1,50.25,45.468,50.25,47.593,1300500000,0
2026-08-31T05:12:35,29645.1,50.5,45.281,50.5,47.468,1300500000,0
2026-08-31T05:12:40,29650.1,50.281,45.343,50.281,47.593,1300500000,0
2026-08-31T05:12:45,29655.1,50.25,45.312,50.125,47.562,1300500000,0
2026-08-31T05:12:50,29660.1,50.156,45.25,50.156,47.593,1300500000,0
2026-08-31T05:12:55,29665.1,50.25,45.531,50.25,47.468,1300500000,0
2026-08-31T05:13:00,29670.1,50.187,45.437,50.187,47.625,1300500000,0
2026-08-31T05:13:05,29675.1,50.437,45.656,50.437,47.437,1300500000,0
2026-08-31T05:13:10,29680.1,50.218,45.375,50.218,47.531,1300500000,0
2026-08-31T05:13:15,29685.1,50.25,45.281,50.25,47.531,1300500000,0
2026-08-31T05:13:20,29690.1,50.218,45.312,50.218,47.625,1300500000,0
2026-08-31T05:13:25,29695.2,50.343,45.531,50.343,47.5,1300500000,0
2026-08-31T05:13:30,29700.2,50.218,45.375,50.218,47.468,1300500000,0
2026-08-31T05:13:35,29705.2,50.343,45.5,50.343,47.531,1300500000,0
2026-08-31T05:13:40,29710.2,50.437,45.375,50.437,47.5,1300500000,0
2026-08-31T05:13:45,29715.2,50.218,45.343,50.218,47.406,1300500000,0
2026-08-31T05:13:50,29720.2,50.156,45.281,50.156,47.468,1300500000,0
2026-08-31T05:13:55,29725.2,50.281,45.5,50.281,47.562,1300500000,0
2026-08-31T05:14:00,29730.2,50.187,45.406,50.187,47.5,1300500000,0
2026-08-31T05:14:05,29735.2,50.187,45.5,50.187,47.531,1300500000,0
2026-08-31T05:14:10,29740.2,50.406,45.343,50.406,47.531,1300500000,0
2026-08-31T05:14:15,29745.2,50.125,45.281,50.125,47.562,1300500000,0
2026-08-31T05:14:20,29750.2,50.5,45.218,50.5,47.468,1300500000,0
2026-08-31T05:14:25,29755.2,50.281,45.437,50.281,47.562,1300500000,0
2026-08-31T05:14:30,29760.2,50.25,45.406,50.125,47.437,1300500000,0
2026-08-31T05:14:35,29765.2,50.25,45.531,50.25,47.562,1300500000,0
2026-08-31T05:14:40,29770.2,50.25,45.343,50.25,47.468,1300500000,0
2026-08-31T05:14:45,29775.2,50.218,45.343,50.218,47.562,1300500000,0
2026-08-31T05:14:50,29780.3,50.406,45.25,50.406,47.5,1300500000,0
2026-08-31T05:14:55,29785.3,50.468,45.406,50.156,47.5,1300500000,0
2026-08-31T05:15:00,29790.3,50.218,45.312,50.218,47.437,1300500000,0
2026-08-31T05:15:05,29795.3,50.218,45.25,50.218,47.468,1300500000,0
2026-08-31T05:15:10,29800.3,50.25,45.281,50.25,47.468,1300500000,0
2026-08-31T05:15:15,29805.3,50.187,45.343,50.187,47.5,1300500000,0
2026-08-31T05:15:20,29810.3,50.125,45.25,50.125,47.625,1300500000,0
2026-08-31T05:15:25,29815.3,50.343,45.5,50.343,47.406,1300500000,0
2026-08-31T05:15:30,29820.3,50.25,45.375,50.25,47.5,1300500000,0
2026-08-31T05:15:35,29825.3,50.562,45.25,50.562,47.468,1300500000,0
2026-08-31T05:15:40,29830.3,50.343,45.218,50.343,47.5,1300500000,0
2026-08-31T05:15:45,29835.3,50.125,45.343,50.125,47.406,1300500000,0
2026-08-31T05:15:50,29840.3,50.187,45.281,50.187,47.437,1300500000,0
2026-08-31T05:15:55,29845.3,50.312,45.5,50.312,47.437,1300500000,0
2026-08-31T05:16:00,29850.3,50.156,45.375,50.156,47.593,1300500000,0
2026-08-31T05:16:05,29855.3,50.468,45.5,50.468,47.437,1300500000,0
2026-08-31T05:16:10,29860.3,50.25,45.312,50.25,47.562,1300500000,0
2026-08-31T05:16:15,29865.3,50.187,45.406,50.187,47.5,1300500000,0
2026-08-31T05:16:20,29870.4,50.281,45.375,50.281,47.562,1300500000,0
2026-08-31T05:16:25,29875.4,50.25,45.281,50.25,47.468,1300500000,0
2026-08-31T05:16:31,29880.4,50.156,45.281,50.312,47.468,1300500000,0
2026-08-31T05:16:36,29885.4,50.343,45.218,50.343,47.5,1300500000,0
2026-08-31T05:16:41,29890.4,50.218,45.218,50.218,47.437,1300500000,0
2026-08-31T05:16:46,29895.4,50.531,45.562,50.531,47.406,1300500000,0
2026-08-31T05:16:51,29900.4,50.25,45.187,50.25,47.343,1300500000,0
2026-08-31T05:16:56,29905.4,50.218,45.343,50.218,47.468,1300500000,0
2026-08-31T05:17:01,29910.4,50.312,45.187,50.312,47.406,1300500000,0
2026-08-31T05:17:06,29915.4,50.093,45.531,50.093,47.562,1300500000,0
2026-08-31T05:17:11,29920.4,50.375,45.375,50.375,47.531,1300500000,0
2026-08-31T05:17:16,29925.4,50.093,45.218,50.093,47.531,1300500000,0
2026-08-31T05:17:21,29930.4,50.468,45.437,50.468,47.437,1300500000,0
2026-08-31T05:17:26,29935.4,50.125,45.218,50.218,47.531,1300500000,0
2026-08-31T05:17:31,29940.4,50.312,45.25,50.312,47.437,1300500000,0
2026-08-31T05:17:36,29945.4,50.187,45.312,50.187,47.562,1300500000,0
2026-08-31T05:17:41,29950.4,50.343,45.187,50.343,47.437,1300500000,0
2026-08-31T05:17:46,29955.5,50.218,45.5,50.218,47.5,1300500000,0
2026-08-31T05:17:51,29960.5,50.375,45.218,50.375,47.406,1300500000,0
2026-08-31T05:17:56,29965.5,50.156,45.468,50.156,47.5,1300500000,0
2026-08-31T05:18:01,29970.5,50.156,45.312,50.156,47.468,1300500000,0
2026-08-31T05:18:06,29975.5,50.187,45.25,50.187,47.5,1300500000,0
2026-08-31T05:18:11,29980.5,50.281,45.375,50.281,47.5,1300500000,0
2026-08-31T05:18:16,29985.5,50.218,45.281,50.218,47.593,1300500000,0
2026-08-31T05:18:21,29990.5,50.25,45.187,50.25,47.406,1300500000,0
2026-08-31T05:18:26,29995.5,50.218,45.375,50.218,47.437,1300500000,0
2026-08-31T05:18:31,30000.5,50.5,45.25,50.5,47.406,1300500000,0
2026-08-31T05:18:36,30005.5,50.218,45.375,50.218,47.562,1300500000,0
2026-08-31T05:18:41,30010.5,50.125,45.625,50.125,47.406,1300500000,0
2026-08-31T05:18:46,30015.5,50.218,45.375,50.218,47.531,1300500000,0
2026-08-31T05:18:51,30020.5,50.187,45.312,50.187,47.437,1300500000,0
2026-08-31T05:18:56,30025.5,50.218,45.375,50.281,47.5,1300500000,0
2026-08-31T05:19:01,30030.5,50.375,45.343,50.375,47.468,1300500000,0
2026-08-31T05:19:06,30035.5,50.187,45.218,50.187,47.406,1300500000,0
2026-08-31T05:19:11,30040.5,50.531,45.312,50.531,47.531,1300500000,0
2026-08-31T05:19:16,30045.6,50.281,45.218,50.281,47.562,1300500000,0
2026-08-31T05:19:21,30050.6,50.218,45.625,50.218,47.593,1300500000,0
2026-08-31T05:19:26,30055.6,50.281,45.187,50.281,47.375,1300500000,0
2026-08-31T05:19:31,30060.6,50.187,45.468,50.187,47.531,1300500000,0
2026-08-31T05:19:36,30065.6,50.406,45.375,50.406,47.5,1300500000,0
2026-08-31T05:19:41,30070.6,50.437,45.25,50.187,47.406,1300500000,0
2026-08-31T05:19:46,30075.6,50.156,45.281,50.156,47.375,1300500000,0
2026-08-31T05:19:51,30080.6,50.093,45.25,50.093,47.375,1300500000,0
2026-08-31T05:19:56,30085.6,50.218,45.25,50.218,47.437,1300500000,0
2026-08-31T05:20:01,30090.6,50.187,45.468,50.187,47.5,1300500000,0
2026-08-31T05:20:06,30095.6,50.187,45.375,50.312,47.343,1300500000,0
2026-08-31T05:20:11,30100.6,50.312,45.312,50.312,47.437,1300500000,0
2026-08-31T05:20:16,30105.6,50.062,45.25,50.062,47.625,1300500000,0
2026-08-31T05:20:21,30110.6,50.5,45.312,50.5,47.468,1300500000,0
2026-08-31T05:20:26,30115.6,50.281,45.218,50.281,47.562,1300500000,0
2026-08-31T05:20:31,30120.6,50.281,45.562,50.125,47.5,1300500000,0
2026-08-31T05:20:36,30125.6,50.125,45.375,50.125,47.593,1300500000,0
2026-08-31T05:20:41,30130.7,50.218,45.343,50.218,47.5,1300500000,0
2026-08-31T05:20:46,30135.7,50.156,45.25,50.156,47.468,1300500000,0
2026-08-31T05:20:51,30140.7,50.437,45.5,50.437,47.406,1300500000,0
2026-08-31T05:20:56,30145.7,50.375,45.375,50.375,47.437,1300500000,0
2026-08-31T05:21:01,30150.7,50.218,45.468,50.218,47.406,1300500000,0
2026-08-31T05:21:06,30155.7,50.125,45.375,50.125,47.468,1300500000,0
2026-08-31T05:21:11,30160.7,50.312,45.312,50.312,47.531,1300500000,0
2026-08-31T05:21:16,30165.7,50.125,45.187,50.125,47.406,1300500000,0
2026-08-31T05:21:21,30170.7,50.156,45.625,50.156,47.562,1300500000,0
2026-08-31T05:21:26,30175.7,50.437,45.375,50.437,47.468,1300500000,0
2026-08-31T05:21:31,30180.7,50.156,45.531,50.156,47.625,1300500000,0
2026-08-31T05:21:36,30185.7,50.187,45.343,50.187,47.375,1300500000,0
2026-08-31T05:21:41,30190.7,50.125,45.312,50.125,47.562,1300500000,0
2026-08-31T05:21:46,30195.7,50.25,45.281,50.25,47.375,1300500000,0
2026-08-31T05:21:51,30200.7,50.187,45.468,50.187,47.468,1300500000,0
2026-08-31T05:21:56,30205.7,50.343,45.312,50.343,47.406,1300500000,0
2026-08-31T05:22:01,30210.7,50.156,45.25,50.156,47.437,1300500000,0
2026-08-31T05:22:06,30215.7,50.156,45.281,50.156,47.406,1300500000,0
2026-08-31T05:22:11,30220.8,50.125,45.468,50.125,47.5,1300500000,0
2026-08-31T05:22:16,30225.8,50.218,45.312,50.218,47.468,1300500000,0
2026-08-31T05:22:21,30230.8,50.093,45.375,50.093,47.406,1300500000,0
2026-08-31T05:22:26,30235.8,50.156,45.281,50.156,47.562,1300500000,0
2026-08-31T05:22:31,30240.8,50.312,45.312,50.312,47.437,1300500000,0
2026-08-31T05:22:36,30245.8,50.187,45.281,50.187,47.562,1300500000,0
2026-08-31T05:22:41,30250.8,50.468,45.468,50.468,47.437,1300500000,0
2026-08-31T05:22:46,30255.8,50.125,45.375,50.218,47.593,1300500000,0
2026-08-31T05:22:51,30260.8,50.218,45.312,50.218,47.406,1300500000,0
2026-08-31T05:22:56,30265.8,50.125,45.25,50.125,47.5,1300500000,0
2026-08-31T05:23:01,30270.8,50.25,45.593,50.25,47.468,1300500000,0
2026-08-31T05:23:06,30275.8,50.125,45.375,50.125,47.5,1300500000,0
2026-08-31T05:23:11,30280.8,50.156,45.531,50.156,47.406,1300500000,0
2026-08-31T05:23:16,30285.8,50.531,45.375,50.531,47.5,1300500000,0
2026-08-31T05:23:21,30290.8,50.187,45.343,50.187,47.625,1300500000,0
2026-08-31T05:23:26,30295.8,50.093,45.125,50.093,47.468,1300500000,0
2026-08-31T05:23:31,30300.8,50.218,45.531,50.218,47.625,1300500000,0
2026-08-31T05:23:36,30305.9,50.281,45.437,50.281,47.375,1300500000,0
2026-08-31T05:23:41,30310.9,50.187,45.343,50.187,47.531,1300500000,0
2026-08-31T05:23:46,30315.9,50.437,45.156,50.437,47.343,1300500000,0
2026-08-31T05:23:51,30320.9,50.156,45.25,50.156,47.468,1300500000,0
2026-08-31T05:23:56,30325.9,50.125,45.25,50.125,47.468,1300500000,0
2026-08-31T05:24:01,30330.9,50.125,45.562,50.125,47.437,1300500000,0
2026-08-31T05:24:06,30335.9,50.187,45.375,50.187,47.406,1300500000,0
2026-08-31T05:24:11,30340.9,50.125,45.281,50.125,47.531,1300500000,0
2026-08-31T05:24:16,30345.9,50.343,45.218,50.343,47.437,1300500000,0
2026-08-31T05:24:21,30350.9,50.218,45.531,50.218,47.468,1300500000,0
2026-08-31T05:24:26,30355.9,50.187,45.25,50.187,47.375,1300500000,0
2026-08-31T05:24:31,30360.9,50.125,45.593,50.125,47.5,1300500000,0
2026-08-31T05:24:36,30365.9,50.218,45.343,50.218,47.468,1300500000,0
2026-08-31T05:24:41,30370.9,50.125,45.25,50.125,47.437,1300500000,0
2026-08-31T05:24:46,30375.9,50.25,45.218,50.25,47.562,1300500000,0
2026-08-31T05:24:51,30380.9,50.375,45.593,50.375,47.406,1300500000,0
2026-08-31T05:24:56,30385.9,50.187,45.343,50.187,47.562,1300500000,0
2026-08-31T05:25:01,30391.0,50.5,45.312,50.5,47.468,1300500000,0
2026-08-31T05:25:06,30396.0,50.25,45.375,50.25,47.562,1300500000,0
2026-08-31T05:25:11,30401.0,50.187,45.25,50.187,47.406,1300500000,0
2026-08-31T05:25:16,30406.0,50.125,45.25,50.125,47.562,1300500000,0
2026-08-31T05:25:21,30411.0,50.312,45.531,50.312,47.437,1300500000,0
2026-08-31T05:25:26,30416.0,50.218,45.343,50.218,47.5,1300500000,0
2026-08-31T05:25:31,30421.0,50.406,45.5,50.406,47.468,1300500000,0
2026-08-31T05:25:36,30426.0,50.187,45.312,50.187,47.625,1300500000,0
2026-08-31T05:25:41,30431.0,50.156,45.25,50.156,47.5,1300500000,0
2026-08-31T05:25:46,30436.0,50.281,45.375,50.281,47.625,1300500000,0
2026-08-31T05:25:51,30441.0,50.312,45.281,50.312,47.375,1300500000,0
2026-08-31T05:25:56,30446.0,50.125,45.187,50.125,47.625,1300500000,0
2026-08-31T05:26:01,30451.0,50.312,45.281,50.312,47.468,1300500000,0
2026-08-31T05:26:06,30456.0,50.25,45.25,50.25,47.593,1300500000,0
2026-08-31T05:26:11,30461.0,50.5,45.468,50.5,47.468,1300500000,0
2026-08-31T05:26:16,30466.0,50.281,45.218,50.281,47.562,1300500000,0
2026-08-31T05:26:21,30471.0,50.125,45.468,50.125,47.406,1300500000,0
2026-08-31T05:26:26,30476.0,50.218,45.343,50.218,47.656,1300500000,0
2026-08-31T05:26:31,30481.1,50.218,45.5,50.218,47.437,1300500000,0
2026-08-31T05:26:36,30486.1,50.25,45.375,50.375,47.625,1300500000,0
2026-08-31T05:26:41,30491.1,50.375,45.312,50.375,47.562,1300500000,0
2026-08-31T05:26:46,30496.1,50.218,45.281,50.218,47.437,1300500000,0
2026-08-31T05:26:51,30501.1,50.093,45.343,50.093,47.468,1300500000,0
2026-08-31T05:26:56,30506.1,50.25,45.25,50.25,47.312,1300500000,0
2026-08-31T05:27:01,30511.1,50.187,45.468,50.187,47.437,1300500000,0
2026-08-31T05:27:06,30516.1,50.187,45.437,50.187,47.531,1300500000,0
2026-08-31T05:27:11,30521.1,50.343,45.312,50.343,47.468,1300500000,0
2026-08-31T05:27:16,30526.1,50.25,45.25,50.25,47.562,1300500000,0
2026-08-31T05:27:21,30531.1,50.437,45.281,50.437,47.375,1300500000,0
2026-08-31T05:27:26,30536.1,50.187,45.25,50.187,47.562,1300500000,0
2026-08-31T05:27:31,30541.1,50.218,45.531,50.218,47.468,1300500000,0
2026-08-31T05:27:36,30546.1,50.125,45.375,50.125,47.468,1300500000,0
2026-08-31T05:27:41,30551.1,50.375,45.281,50.375,47.468,1300500000,0
2026-08-31T05:27:46,30556.1,50.218,45.125,50.218,47.468,1300500000,0
2026-08-31T05:27:51,30561.1,50.406,45.5,50.406,47.468,1300500000,0
2026-08-31T05:27:56,30566.2,50.5,45.375,50.5,47.468,1300500000,0
2026-08-31T05:28:01,30571.2,50.25,45.468,50.25,47.625,1300500000,0
2026-08-31T05:28:06,30576.2,50.125,45.406,50.125,47.437,1300500000,0
2026-08-31T05:28:11,30581.2,50.25,45.281,50.25,47.625,1300500000,0
2026-08-31T05:28:16,30586.2,50.125,45.312,50.125,47.5,1300500000,0
2026-08-31T05:28:21,30591.2,50.281,45.531,50.281,47.593,1300500000,0
2026-08-31T05:28:26,30596.2,50.437,45.343,50.437,47.468,1300500000,0
2026-08-31T05:28:31,30601.2,50.187,45.343,50.187,47.562,1300500000,0
2026-08-31T05:28:36,30606.2,50.156,45.343,50.156,47.437,1300500000,0
2026-08-31T05:28:41,30611.2,50.156,45.375,50.281,47.531,1300500000,0
2026-08-31T05:28:46,30616.2,50.281,45.187,50.281,47.437,1300500000,0
2026-08-31T05:28:51,30621.2,50.156,45.406,50.156,47.562,1300500000,0
2026-08-31T05:28:56,30626.2,50.343,45.375,50.343,47.406,1300500000,0
2026-08-31T05:29:01,30631.2,50.468,45.312,50.218,47.5,1300500000,0
2026-08-31T05:29:06,30636.2,50.312,45.281,50.312,47.625,1300500000,0
2026-08-31T05:29:11,30641.2,50.218,45.687,50.218,47.531,1300500000,0
2026-08-31T05:29:16,30646.2,50.281,45.375,50.281,47.593,1300500000,0
2026-08-31T05:29:21,30651.2,50.312,45.281,50.312,47.406,1300500000,0
2026-08-31T05:29:26,30656.3,50.156,45.281,50.156,47.562,1300500000,0
2026-08-31T05:29:31,30661.3,50.406,45.625,50.406,47.375,1300500000,0
2026-08-31T05:29:36,30666.3,50.406,45.218,50.406,47.5,1300500000,0
2026-08-31T05:29:41,30671.3,50.281,45.656,50.281,47.687,1300500000,0
2026-08-31T05:29:46,30676.3,50.187,45.5,50.187,47.468,1300500000,0
2026-08-31T05:29:51,30681.3,50.187,45.25,50.187,47.531,1300500000,0
2026-08-31T05:29:56,30686.3,50.281,45.25,50.281,47.437,1300500000,0
2026-08-31T05:30:01,30691.3,50.125,45.156,50.125,47.437,1300500000,0
2026-08-31T05:30:06,30696.3,50.156,45.5,50.156,47.625,1300500000,0
2026-08-31T05:30:11,30701.3,50.5,45.375,50.5,47.437,1300500000,0
2026-08-31T05:30:16,30706.3,50.218,45.25,50.218,47.5,1300500000,0
2026-08-31T05:30:21,30711.3,50.25,45.218,50.25,47.468,1300500000,0
2026-08-31T05:30:26,30716.3,50.125,45.437,50.125,47.468,1300500000,0
2026-08-31T05:30:31,30721.3,50.406,45.343,50.406,47.468,1300500000,0
2026-08-31T05:30:36,30726.3,50.343,45.25,50.343,47.468,1300500000,0
2026-08-31T05:30:41,30731.3,50.25,45.218,50.25,47.593,1300500000,0
2026-08-31T05:30:46,30736.3,50.406,45.468,50.406,47.406,1300500000,0
2026-08-31T05:30:51,30741.4,50.187,45.281,50.187,47.531,1300500000,0
2026-08-31T05:30:56,30746.4,50.281,45.281,50.281,47.5,1300500000,0
2026-08-31T05:31:01,30751.4,50.187,45.281,50.187,47.593,1300500000,0
2026-08-31T05:31:07,30756.4,50.281,45.281,50.281,47.406,1300500000,0
2026-08-31T05:31:12,30761.4,50.312,45.25,50.312,47.437,1300500000,0
2026-08-31T05:31:17,30766.4,50.187,45.531,50.187,47.593,1300500000,0
2026-08-31T05:31:22,30771.4,50.531,45.343,50.531,47.437,1300500000,0
2026-08-31T05:31:27,30776.4,50.156,45.25,50.156,47.562,1300500000,0
2026-08-31T05:31:32,30781.4,50.312,45.218,50.312,47.406,1300500000,0
2026-08-31T05:31:37,30786.4,50.156,45.5,50.156,47.531,1300500000,0
2026-08-31T05:31:42,30791.4,50.312,45.375,50.312,47.593,1300500000,0
2026-08-31T05:31:47,30796.4,50.375,45.375,50.375,47.437,1300500000,0
2026-08-31T05:31:52,30801.4,50.218,45.218,50.218,47.562,1300500000,0
2026-08-31T05:31:57,30806.4,50.312,45.406,50.312,47.468,1300500000,0
2026-08-31T05:32:02,30811.4,50.125,45.343,50.125,47.5,1300500000,0
2026-08-31T05:32:07,30816.4,50.343,45.25,50.343,47.625,1300500000,0
2026-08-31T05:32:12,30821.4,50.281,45.312,50.281,47.468,1300500000,0
2026-08-31T05:32:17,30826.5,50.25,45.468,50.25,47.593,1300500000,0
2026-08-31T05:32:22,30831.5,50.437,45.406,50.437,47.437,1300500000,0
2026-08-31T05:32:27,30836.5,50.531,45.281,50.531,47.468,1300500000,0
2026-08-31T05:32:32,30841.5,50.25,45.375,50.25,47.625,1300500000,0
2026-08-31T05:32:37,30846.5,50.187,45.343,50.187,47.437,1300500000,0
2026-08-31T05:32:42,30851.5,50.312,45.281,50.312,47.593,1300500000,0
2026-08-31T05:32:47,30856.5,50.343,45.25,50.343,47.468,1300500000,0
2026-08-31T05:32:52,30861.5,50.281,45.218,50.281,47.625,1300500000,0
2026-08-31T05:32:57,30866.5,50.375,45.531,50.375,47.437,1300500000,0
2026-08-31T05:33:02,30871.5,50.281,45.375,50.281,47.593,1300500000,0
2026-08-31T05:33:07,30876.5,50.156,45.468,50.156,47.562,1300500000,0
2026-08-31T05:33:12,30881.5,50.218,45.312,50.218,47.562,1300500000,0
2026-08-31T05:33:17,30886.5,50.156,45.343,50.156,47.562,1300500000,0
2026-08-31T05:33:22,30891.5,50.343,45.375,50.343,47.625,1300500000,0
2026-08-31T05:33:27,30896.5,50.437,45.312,50.437,47.468,1300500000,0
2026-08-31T05:33:32,30901.5,50.25,45.312,50.25,47.625,1300500000,0
2026-08-31T05:33:37,30906.5,50.406,45.281,50.406,47.468,1300500000,0
2026-08-31T05:33:42,30911.5,50.281,45.187,50.281,47.468,1300500000,0
2026-08-31T05:33:47,30916.6,50.187,45.468,50.187,47.437,1300500000,0
2026-08-31T05:33:52,30921.6,50.312,45.156,50.312,47.406,1300500000,0
2026-08-31T05:33:57,30926.6,50.25,45.437,50.25,47.468,1300500000,0
2026-08-31T05:34:02,30931.6,50.375,45.375,50.375,47.5,1300500000,0
2026-08-31T05:34:07,30936.6,50.218,45.562,50.218,47.531,1300500000,0
2026-08-31T05:34:12,30941.6,50.437,45.406,50.437,47.406,1300500000,0
2026-08-31T05:34:17,30946.6,50.531,45.312,50.187,47.531,1300500000,0
2026-08-31T05:34:22,30951.6,50.375,45.406,50.375,47.437,1300500000,0
2026-08-31T05:34:27,30956.6,50.187,45.343,50.187,47.562,1300500000,0
2026-08-31T05:34:32,30961.6,50.281,45.218,50.281,47.468,1300500000,0
2026-08-31T05:34:37,30966.6,50.187,45.437,50.187,47.468,1300500000,0
2026-08-31T05:34:42,30971.6,50.406,45.343,50.406,47.468,1300500000,0
2026-08-31T05:34:47,30976.6,50.406,45.437,50.406,47.468,1300500000,0
2026-08-31T05:34:52,30981.6,50.218,45.343,50.218,47.375,1300500000,0
2026-08-31T05:34:57,30986.6,50.156,45.25,50.156,47.531,1300500000,0
2026-08-31T05:35:02,30991.6,50.281,45.281,50.281,47.625,1300500000,0
2026-08-31T05:35:07,30996.6,50.187,45.375,50.187,47.437,1300500000,0
2026-08-31T05:35:12,31001.7,50.218,45.343,50.218,47.562,1300500000,0
2026-08-31T05:35:17,31006.7,50.375,45.187,50.375,47.437,1300500000,0
2026-08-31T05:35:22,31011.7,50.187,45.25,50.187,47.5,1300500000,0
2026-08-31T05:35:27,31016.7,50.5,45.531,50.5,47.468,1300500000,0
2026-08-31T05:35:32,31021.7,50.125,45.187,50.187,47.531,1300500000,0
2026-08-31T05:35:37,31026.7,50.312,45.5,50.312,47.437,1300500000,0
2026-08-31T05:35:42,31031.7,50.187,45.343,50.187,47.531,1300500000,0
2026-08-31T05:35:47,31036.7,50.312,45.312,50.312,47.406,1300500000,0
2026-08-31T05:35:52,31041.7,50.187,45.218,50.187,47.5,1300500000,0
2026-08-31T05:35:57,31046.7,50.187,45.468,50.187,47.468,1300500000,0
2026-08-31T05:36:02,31051.7,50.562,45.343,50.562,47.5,1300500000,0
2026-08-31T05:36:07,31056.7,50.218,45.281,50.218,47.593,1300500000,0
2026-08-31T05:36:12,31061.7,50.125,45.375,50.125,47.531,1300500000,0
2026-08-31T05:36:17,31066.7,50.281,45.187,50.281,47.625,1300500000,0
2026-08-31T05:36:22,31071.7,50.312,45.218,50.312,47.437,1300500000,0
2026-08-31T05:36:27,31076.7,50.25,45.5,50.25,47.531,1300500000,0
2026-08-31T05:36:32,31081.7,50.375,45.375,50.375,47.375,1300500000,0
2026-08-31T05:36:37,31086.7,50.281,45.281,50.281,47.5,1300500000,0
2026-08-31T05:36:42,31091.8,50.281,45.218,50.281,47.406,1300500000,0
2026-08-31T05:36:47,31096.8,50.218,45.531,50.218,47.5,1300500000,0
2026-08-31T05:36:52,31101.8,50.281,45.343,50.281,47.437,1300500000,0
2026-08-31T05:36:57,31106.8,50.218,45.25,50.218,47.531,1300500000,0
2026-08-31T05:37:02,31111.8,50.156,45.375,50.375,47.343,1300500000,0
2026-08-31T05:37:07,31116.8,50.468,45.312,50.468,47.468,1300500000,0
2026-08-31T05:37:12,31121.8,50.187,45.187,50.187,47.593,1300500000,0
2026-08-31T05:37:17,31126.8,50.25,45.468,50.25,47.531,1300500000,0
2026-08-31T05:37:22,31131.8,50.281,45.375,50.281,47.625,1300500000,0
2026-08-31T05:37:27,31136.8,50.281,45.281,50.281,47.5,1300500000,0
2026-08-31T05:37:32,31141.8,50.218,45.218,50.218,47.593,1300500000,0
2026-08-31T05:37:37,31146.8,50.343,45.218,50.343,47.468,1300500000,0
2026-08-31T05:37:42,31151.8,50.187,45.187,50.187,47.5,1300500000,0
2026-08-31T05:37:47,31156.8,50.5,45.406,50.5,47.468,1300500000,0
2026-08-31T05:37:52,31161.8,50.218,45.375,50.218,47.468,1300500000,0
2026-08-31T05:37:57,31166.8,50.25,45.156,50.25,47.468,1300500000,0
2026-08-31T05:38:02,31171.8,50.218,45.156,50.218,47.531,1300500000,0
2026-08-31T05:38:07,31176.9,50.281,45.562,50.281,47.437,1300500000,0
2026-08-31T05:38:12,31181.9,50.218,45.25,50.218,47.468,1300500000,0
2026-08-31T05:38:17,31186.9,50.218,45.562,50.218,47.5,1300500000,0
2026-08-31T05:38:22,31191.9,50.5,45.343,50.5,47.562,1300500000,0
2026-08-31T05:38:27,31196.9,50.218,45.25,50.218,47.343,1300500000,0
2026-08-31T05:38:32,31201.9,50.187,45.125,50.187,47.468,1300500000,0
2026-08-31T05:38:37,31206.9,50.25,45.5,50.25,47.625,1300500000,0
2026-08-31T05:38:42,31211.9,50.281,45.343,50.281,47.5,1300500000,0
2026-08-31T05:38:47,31216.9,50.125,45.5,50.125,47.625,1300500000,0
2026-08-31T05:38:52,31221.9,50.406,45.312,50.406,47.5,1300500000,0
2026-08-31T05:38:57,31226.9,50.218,45.25,50.218,47.531,1300500000,0
2026-08-31T05:39:02,31231.9,50.281,45.218,50.187,47.406,1300500000,0
2026-08-31T05:39:07,31236.9,50.218,45.468,50.218,47.5,1300500000,0
2026-08-31T05:39:12,31241.9,50.25,45.375,50.25,47.437,1300500000,0
2026-08-31T05:39:17,31246.9,50.125,45.218,50.125,47.531,1300500000,0
2026-08-31T05:39:22,31251.9,50.406,45.187,50.406,47.406,1300500000,0
2026-08-31T05:39:27,31256.9,50.437,45.312,50.437,47.5,1300500000,0
2026-08-31T05:39:32,31262.0,50.187,45.156,50.187,47.406,1300500000,0
2026-08-31T05:39:37,31267.0,50.125,45.5,50.125,47.406,1300500000,0
2026-08-31T05:39:42,31272.0,50.218,45.375,50.218,47.343,1300500000,0
2026-08-31T05:39:47,31277.0,50.125,45.281,50.125,47.468,1300500000,0
2026-08-31T05:39:52,31282.0,50.187,45.218,50.187,47.562,1300500000,0
2026-08-31T05:39:57,31287.0,50.375,45.468,50.375,47.406,1300500000,0
2026-08-31T05:40:02,31292.0,50.218,45.218,50.218,47.562,1300500000,0
2026-08-31T05:40:07,31297.0,50.343,45.5,50.343,47.406,1300500000,0
2026-08-31T05:40:12,31302.0,50.156,45.343,50.218,47.593,1300500000,0
2026-08-31T05:40:17,31307.0,50.281,45.312,50.281,47.406,1300500000,0
2026-08-31T05:40:22,31312.0,50.125,45.156,50.125,47.437,1300500000,0
2026-08-31T05:40:27,31317.0,50.281,45.25,50.281,47.406,1300500000,0
2026-08-31T05:40:32,31322.0,50.406,45.125,50.406,47.375,1300500000,0
2026-08-31T05:40:37,31327.0,50.25,45.5,50.25,47.562,1300500000,0
2026-08-31T05:40:42,31332.0,50.125,45.312,50.125,47.437,1300500000,0
2026-08-31T05:40:47,31337.0,50.062,45.218,50.062,47.531,1300500000,0
2026-08-31T05:40:52,31342.0,50.25,45.187,50.25,47.406,1300500000,0
2026-08-31T05:40:57,31347.1,50.093,45.562,50.093,47.468,1300500000,0
2026-08-31T05:41:02,31352.1,50.218,45.375,50.218,47.562,1300500000,0
2026-08-31T05:41:07,31357.1,50.312,45.281,50.312,47.375,1300500000,0
2026-08-31T05:41:12,31362.1,50.187,45.281,50.187,47.5,1300500000,0
2026-08-31T05:41:17,31367.1,50.218,45.562,50.218,47.343,1300500000,0
2026-08-31T05:41:22,31372.1,50.125,45.375,50.125,47.437,1300500000,0
2026-08-31T05:41:27,31377.1,50.281,45.375,50.281,47.562,1300500000,0
2026-08-31T05:41:32,31382.1,50.343,45.281,50.343,47.375,1300500000,0
2026-08-31T05:41:37,31387.1,50.156,45.5,50.156,47.437,1300500000,0
2026-08-31T05:41:42,31392.1,50.343,45.343,50.343,47.375,1300500000,0
2026-08-31T05:41:47,31397.1,50.187,45.125,50.187,47.437,1300500000,0
2026-08-31T05:41:52,31402.1,50.218,45.312,50.218,47.312,1300500000,0
2026-08-31T05:41:57,31407.1,50.156,45.562,50.156,47.406,1300500000,0
2026-08-31T05:42:02,31412.1,50.25,45.406,50.25,47.5,1300500000,0
2026-08-31T05:42:07,31417.1,50.281,45.343,50.281,47.437,1300500000,0
2026-08-31T05:42:12,31422.1,50.156,45.312,50.156,47.5,1300500000,0
2026-08-31T05:42:17,31427.1,50.406,45.312,50.406,47.375,1300500000,0
2026-08-31T05:42:22,31432.2,50.125,45.218,50.125,47.531,1300500000,0
2026-08-31T05:42:27,31437.2,50.187,45.218,50.187,47.312,1300500000,0
2026-08-31T05:42:32,31442.2,50.156,45.406,50.156,47.406,1300500000,0
2026-08-31T05:42:37,31447.2,50.156,45.25,50.156,47.531,1300500000,0
2026-08-31T05:42:42,31452.2,50.343,45.281,50.343,47.375,1300500000,0
2026-08-31T05:42:47,31457.2,50.156,45.156,50.156,47.531,1300500000,0
2026-08-31T05:42:52,31462.2,50.218,45.375,50.218,47.375,1300500000,0
2026-08-31T05:42:57,31467.2,50.062,45.312,50.062,47.437,1300500000,0
2026-08-31T05:43:02,31472.2,50.187,45.187,50.187,47.343,1300500000,0
2026-08-31T05:43:07,31477.2,50.187,45.25,50.187,47.406,1300500000,0
2026-08-31T05:43:12,31482.2,50.156,45.437,50.156,47.531,1300500000,0
2026-08-31T05:43:17,31487.2,50.312,45.312,50.312,47.406,1300500000,0
2026-08-31T05:43:22,31492.2,50.375,45.25,50.375,47.437,1300500000,0
2026-08-31T05:43:27,31497.2,50.125,45.375,50.125,47.531,1300500000,0
2026-08-31T05:43:32,31502.2,50.125,45.281,50.125,47.375,1300500000,0
2026-08-31T05:43:37,31507.2,50.125,45.093,50.125,47.468,1300500000,0
2026-08-31T05:43:42,31512.2,50.218,45.437,50.218,47.437,1300500000,0
2026-08-31T05:43:47,31517.3,50.187,45.343,50.187,47.468,1300500000,0
2026-08-31T05:43:52,31522.3,50.187,45.25,50.187,47.562,1300500000,0
2026-08-31T05:43:57,31527.3,50.375,45.187,50.375,47.468,1300500000,0
2026-08-31T05:44:02,31532.3,50.25,45.25,50.25,47.531,1300500000,0
2026-08-31T05:44:07,31537.3,50.25,45.187,50.25,47.437,1300500000,0
2026-08-31T05:44:12,31542.3,50.125,45.5,50.125,47.531,1300500000,0
2026-08-31T05:44:17,31547.3,50.156,45.343,50.156,47.468,1300500000,0
2026-08-31T05:44:22,31552.3,50.125,45.531,50.125,47.406,1300500000,0
2026-08-31T05:44:27,31557.3,50.187,45.375,50.187,47.531,1300500000,0
2026-08-31T05:44:32,31562.3,50.5,45.187,50.5,47.406,1300500000,0
2026-08-31T05:44:37,31567.3,50.187,45.187,50.187,47.468,1300500000,0
2026-08-31T05:44:42,31572.3,50.25,45.25,50.25,47.5,1300500000,0
2026-08-31T05:44:47,31577.3,50.156,45.125,50.156,47.406,1300500000,0
2026-08-31T05:44:52,31582.3,50.125,45.468,50.125,47.5,1300500000,0
2026-08-31T05:44:57,31587.3,50.281,45.281,50.281,47.312,1300500000,0
2026-08-31T05:45:02,31592.3,50.125,45.156,50.125,47.437,1300500000,0
2026-08-31T05:45:07,31597.4,50.125,45.218,50.125,47.375,1300500000,0
2026-08-31T05:45:12,31602.4,50.125,45.343,50.125,47.468,1300500000,0
2026-08-31T05:45:17,31607.4,50.218,45.218,50.218,47.531,1300500000,0
2026-08-31T05:45:22,31612.4,50.187,45.093,50.187,47.406,1300500000,0
2026-08-31T05:45:28,31617.4,50.156,45.437,50.156,47.437,1300500000,0
2026-08-31T05:45:33,31622.4,50.125,45.343,50.125,47.531,1300500000,0
2026-08-31T05:45:38,31627.4,50.468,45.281,50.468,47.343,1300500000,0
2026-08-31T05:45:43,31632.4,50.125,45.125,50.125,47.437,1300500000,0
2026-08-31T05:45:48,31637.4,50.125,45.375,50.125,47.468,1300500000,0
2026-08-31T05:45:53,31642.4,50.125,45.375,50.125,47.406,1300500000,0
2026-08-31T05:45:58,31647.4,50.25,45.187,50.25,47.375,1300500000,0
2026-08-31T05:46:03,31652.4,50.125,45.25,50.125,47.375,1300500000,0
2026-08-31T05:46:08,31657.4,50.156,45.375,50.156,47.562,1300500000,0
2026-08-31T05:46:13,31662.4,50.437,45.312,50.437,47.468,1300500000,0
2026-08-31T05:46:18,31667.4,50.25,45.187,50.25,47.562,1300500000,0
2026-08-31T05:46:23,31672.4,50.156,45.125,50.156,47.406,1300500000,0
2026-08-31T05:46:28,31677.4,50.125,45.375,50.125,47.468,1300500000,0
2026-08-31T05:46:33,31682.5,50.281,45.281,50.281,47.437,1300500000,0
2026-08-31T05:46:38,31687.5,50.156,45.125,50.156,47.5,1300500000,0
2026-08-31T05:46:43,31692.5,50.375,45.093,50.375,47.406,1300500000,0
2026-08-31T05:46:48,31697.5,50.437,45.437,50.437,47.5,1300500000,0
2026-08-31T05:46:53,31702.5,50.218,45.312,50.218,47.406,1300500000,0
2026-08-31T05:46:58,31707.5,50.187,45.281,50.187,47.406,1300500000,0
2026-08-31T05:47:03,31712.5,50.25,45.218,50.25,47.531,1300500000,0
2026-08-31T05:47:08,31717.5,50.187,45.25,50.187,47.406,1300500000,0
2026-08-31T05:47:13,31722.5,50.093,45.156,50.093,47.531,1300500000,0
2026-08-31T05:47:18,31727.5,50.343,45.437,50.343,47.531,1300500000,0
2026-08-31T05:47:23,31732.5,50.125,45.281,50.125,47.5,1300500000,0
2026-08-31T05:47:28,31737.5,50.218,45.25,50.093,47.5,1300500000,0
2026-08-31T05:47:33,31742.5,50.125,45.187,50.125,47.562,1300500000,0
2026-08-31T05:47:38,31747.5,50.281,45.406,50.281,47.437,1300500000,0
2026-08-31T05:47:43,31752.5,50.156,45.312,50.156,47.406,1300500000,0
2026-08-31T05:47:48,31757.5,50.093,45.25,50.093,47.531,1300500000,0
2026-08-31T05:47:53,31762.5,50.343,45.218,50.343,47.375,1300500000,0
2026-08-31T05:47:58,31767.6,50.187,45.468,50.187,47.593,1300500000,0
2026-08-31T05:48:03,31772.6,50.156,45.281,50.156,47.343,1300500000,0
2026-08-31T05:48:08,31777.6,50.093,45.25,50.093,47.437,1300500000,0
2026-08-31T05:48:13,31782.6,50.312,45.281,50.312,47.437,1300500000,0
2026-08-31T05:48:18,31787.6,50.125,45.375,50.125,47.5,1300500000,0
2026-08-31T05:48:23,31792.6,50.375,45.375,50.375,47.437,1300500000,0
2026-08-31T05:48:28,31797.6,50.375,45.375,50.375,47.375,1300500000,0
2026-08-31T05:48:33,31802.6,50.156,45.312,50.156,47.406,1300500000,0
2026-08-31T05:48:38,31807.6,50.156,45.218,50.156,47.437,1300500000,0
2026-08-31T05:48:43,31812.6,50.25,45.125,50.25,47.562,1300500000,0
2026-08-31T05:48:48,31817.6,50.343,45.437,50.218,47.437,1300500000,0
2026-08-31T05:48:53,31822.6,50.156,45.343,50.156,47.468,1300500000,0
2026-08-31T05:48:58,31827.6,50.406,45.281,50.406,47.5,1300500000,0
2026-08-31T05:49:03,31832.6,50.125,45.187,50.125,47.468,1300500000,0
2026-08-31T05:49:08,31837.6,50.187,45.406,50.406,47.406,1300500000,0
2026-08-31T05:49:13,31842.6,50.125,45.281,50.125,47.531,1300500000,0
2026-08-31T05:49:18,31847.6,50.187,45.281,50.187,47.437,1300500000,0
2026-08-31T05:49:23,31852.7,50.156,45.125,50.156,47.468,1300500000,0
2026-08-31T05:49:28,31857.7,50.093,45.437,50.25,47.343,1300500000,0
2026-08-31T05:49:33,31862.7,50.375,45.281,50.375,47.437,1300500000,0
2026-08-31T05:49:38,31867.7,50.156,45.218,50.156,47.593,1300500000,0
2026-08-31T05:49:43,31872.7,50.406,45.281,50.406,47.437,1300500000,0
2026-08-31T05:49:48,31877.7,50.093,45.437,50.093,47.437,1300500000,0
2026-08-31T05:49:53,31882.7,50.125,45.312,50.125,47.375,1300500000,0
2026-08-31T05:49:58,31887.7,50.125,45.281,50.125,47.406,1300500000,0
2026-08-31T05:50:03,31892.7,50.281,45.375,50.281,47.437,1300500000,0
2026-08-31T05:50:08,31897.7,50.281,45.218,50.281,47.5,1300500000,0
2026-08-31T05:50:13,31902.7,50.156,45.218,50.156,47.562,1300500000,0
2026-08-31T05:50:18,31907.7,50.062,45.406,50.062,47.437,1300500000,0
2026-08-31T05:50:23,31912.7,50.187,45.312,50.187,47.562,1300500000,0
2026-08-31T05:50:28,31917.7,50.25,45.25,50.25,47.343,1300500000,0
2026-08-31T05:50:33,31922.7,50.125,45.187,50.125,47.468,1300500000,0
2026-08-31T05:50:38,31927.7,50.218,45.437,50.218,47.312,1300500000,0
2026-08-31T05:50:43,31932.7,50.343,45.343,50.343,47.5,1300500000,0
2026-08-31T05:50:48,31937.7,50.218,45.25,50.218,47.531,1300500000,0
2026-08-31T05:50:53,31942.8,50.093,45.25,50.093,47.343,1300500000,0
2026-08-31T05:50:58,31947.8,50.187,45.437,50.187,47.625,1300500000,0
2026-08-31T05:51:03,31952.8,50.281,45.343,50.281,47.437,1300500000,0
2026-08-31T05:51:08,31957.8,50.187,45.25,50.187,47.468,1300500000,0
2026-08-31T05:51:13,31962.8,50.25,45.25,50.25,47.406,1300500000,0
2026-08-31T05:51:18,31967.8,50.156,45.437,50.156,47.437,1300500000,0
2026-08-31T05:51:23,31972.8,50.156,45.281,50.156,47.406,1300500000,0
2026-08-31T05:51:28,31977.8,50.125,45.312,50.125,47.406,1300500000,0
2026-08-31T05:51:33,31982.8,50.25,45.187,50.25,47.5,1300500000,0
2026-08-31T05:51:38,31987.8,50.281,45.437,50.281,47.375,1300500000,0
2026-08-31T05:51:43,31992.8,50.125,45.312,50.125,47.562,1300500000,0
2026-08-31T05:51:48,31997.8,50.343,45.25,50.343,47.437,1300500000,0
2026-08-31T05:51:53,32002.8,50.187,45.218,50.187,47.5,1300500000,0
2026-08-31T05:51:58,32007.8,50.218,45.531,50.218,47.375,1300500000,0
2026-08-31T05:52:03,32012.8,50.062,45.343,50.062,47.468,1300500000,0
2026-08-31T05:52:08,32017.8,50.156,45.281,50.156,47.406,1300500000,0
2026-08-31T05:52:13,32022.8,50.093,45.375,50.093,47.406,1300500000,0
2026-08-31T05:52:18,32027.9,50.187,45.281,50.343,47.375,1300500000,0
2026-08-31T05:52:23,32032.9,50.343,45.25,50.343,47.406,1300500000,0
2026-08-31T05:52:28,32037.9,50.187,45.593,50.187,47.5,1300500000,0
2026-08-31T05:52:33,32042.9,50.468,45.375,50.468,47.375,1300500000,0
2026-08-31T05:52:38,32047.9,50.218,45.312,50.218,47.531,1300500000,0
2026-08-31T05:52:43,32052.9,50.218,45.281,50.218,47.343,1300500000,0
2026-08-31T05:52:48,32057.9,50.062,45.562,50.062,47.468,1300500000,0
2026-08-31T05:52:53,32062.9,50.25,45.343,50.25,47.437,1300500000,0
2026-08-31T05:52:58,32067.9,50.375,45.218,50.125,47.375,1300500000,0
2026-08-31T05:53:03,32072.9,50.125,45.187,50.125,47.5,1300500000,0
2026-08-31T05:53:08,32077.9,50.437,45.218,50.437,47.437,1300500000,0
2026-08-31T05:53:13,32082.9,50.156,45.312,50.156,47.5,1300500000,0
2026-08-31T05:53:18,32087.9,50.156,45.281,50.156,47.343,1300500000,0
2026-08-31T05:53:23,32092.9,50.125,45.218,50.125,47.468,1300500000,0
2026-08-31T05:53:28,32097.9,50.218,45.156,50.218,47.343,1300500000,0
2026-08-31T05:53:33,32102.9,50.343,45.375,50.343,47.343,1300500000,0
2026-08-31T05:53:38,32107.9,50.156,45.281,50.156,47.531,1300500000,0
2026-08-31T05:53:43,32113.0,50.187,45.218,50.187,47.406,1300500000,0
2026-08-31T05:53:48,32118.0,50.062,45.25,50.062,47.5,1300500000,0
2026-08-31T05:53:53,32123.0,50.281,45.375,50.281,47.437,1300500000,0
2026-08-31T05:53:58,32128.0,50.156,45.125,50.156,47.406,1300500000,0
2026-08-31T05:54:03,32133.0,50.125,45.406,50.125,47.562,1300500000,0
2026-08-31T05:54:08,32138.0,50.375,45.281,50.375,47.437,1300500000,0
2026-08-31T05:54:13,32143.0,50.125,45.218,50.125,47.468,1300500000,0
2026-08-31T05:54:18,32148.0,50.156,45.187,50.156,47.406,1300500000,0
2026-08-31T05:54:23,32153.0,50.125,45.375,50.125,47.468,1300500000,0
2026-08-31T05:54:28,32158.0,50.187,45.312,50.187,47.593,1300500000,0
2026-08-31T05:54:33,32163.0,50.25,45.218,50.25,47.375,1300500000,0
2026-08-31T05:54:38,32168.0,50.156,45.281,50.156,47.468,1300500000,0
2026-08-31T05:54:43,32173.0,50.187,45.281,50.406,47.375,1300500000,0
2026-08-31T05:54:48,32178.0,50.125,45.25,50.125,47.437,1300500000,0
2026-08-31T05:54:53,32183.0,50.125,45.343,50.125,47.437,1300500000,0
2026-08-31T05:54:58,32188.0,50.156,45.343,50.156,47.437,1300500000,0
2026-08-31T05:55:03,32193.0,50.125,45.281,50.125,47.531,1300500000,0
2026-08-31T05:55:08,32198.0,50.25,45.218,50.25,47.406,1300500000,0
2026-08-31T05:55:13,32203.1,50.187,45.437,50.187,47.437,1300500000,0
2026-08-31T05:55:18,32208.1,50.187,45.375,50.187,47.437,1300500000,0
2026-08-31T05:55:23,32213.1,50.125,45.25,50.125,47.375,1300500000,0
2026-08-31T05:55:28,32218.1,50.156,45.156,50.156,47.593,1300500000,0
2026-08-31T05:55:33,32223.1,50.218,45.406,50.218,47.375,1300500000,0
2026-08-31T05:55:38,32228.1,50.156,45.312,50.156,47.437,1300500000,0
2026-08-31T05:55:43,32233.1,50.25,45.5,50.25,47.375,1300500000,0
2026-08-31T05:55:48,32238.1,50.312,45.375,50.312,47.406,1300500000,0
2026-08-31T05:55:53,32243.1,50.125,45.312,50.125,47.562,1300500000,0
2026-08-31T05:55:58,32248.1,50.093,45.281,50.093,47.468,1300500000,0
2026-08-31T05:56:03,32253.1,50.125,45.5,50.125,47.468,1300500000,0
2026-08-31T05:56:08,32258.1,50.218,45.343,50.218,47.406,1300500000,0
2026-08-31T05:56:13,32263.1,50.312,45.281,50.125,47.406,1300500000,0
2026-08-31T05:56:18,32268.1,50.125,45.218,50.125,47.593,1300500000,0
2026-08-31T05:56:23,32273.1,50.375,45.562,50.375,47.5,1300500000,0
2026-08-31T05:56:28,32278.1,50.062,45.343,50.062,47.406,1300500000,0
2026-08-31T05:56:33,32283.1,50.187,45.218,50.187,47.437,1300500000,0
2026-08-31T05:56:38,32288.2,50.125,45.343,50.125,47.406,1300500000,0
2026-08-31T05:56:43,32293.2,50.093,45.25,50.093,47.5,1300500000,0
2026-08-31T05:56:48,32298.2,50.281,45.281,50.281,47.375,1300500000,0
2026-08-31T05:56:53,32303.2,50.218,45.125,50.218,47.531,1300500000,0
2026-08-31T05:56:58,32308.2,50.125,45.375,50.406,47.375,1300500000,0
2026-08-31T05:57:03,32313.2,50.125,45.343,50.125,47.5,1300500000,0
2026-08-31T05:57:08,32318.2,50.187,45.218,50.187,47.375,1300500000,0
2026-08-31T05:57:13,32323.2,50.125,45.156,50.125,47.531,1300500000,0
2026-08-31T05:57:18,32328.2,50.187,45.406,50.25,47.375,1300500000,0
2026-08-31T05:57:23,32333.2,50.25,45.031,50.25,47.281,1300500000,0
2026-08-31T05:57:28,32338.2,50.125,45.375,50.125,47.468,1300500000,0
2026-08-31T05:57:33,32343.2,50.437,45.281,50.437,47.437,1300500000,0
2026-08-31T05:57:38,32348.2,50.156,45.187,50.156,47.5,1300500000,0
2026-08-31T05:57:43,32353.2,50.25,45.187,50.25,47.437,1300500000,0
2026-08-31T05:57:48,32358.2,50.125,45.375,50.125,47.406,1300500000,0
2026-08-31T05:57:53,32363.2,50.187,45.25,50.187,47.375,1300500000,0
2026-08-31T05:57:58,32368.2,50.125,45.218,50.125,47.437,1300500000,0
2026-08-31T05:58:03,32373.3,50.187,45.218,50.187,47.593,1300500000,0
2026-08-31T05:58:08,32378.3,50.406,45.437,50.406,47.406,1300500000,0
2026-08-31T05:58:13,32383.3,50.187,45.343,50.187,47.5,1300500000,0
2026-08-31T05:58:18,32388.3,50.062,45.375,50.062,47.312,1300500000,0
2026-08-31T05:58:23,32393.3,50.218,45.312,50.218,47.531,1300500000,0
2026-08-31T05:58:28,32398.3,50.218,45.187,50.218,47.375,1300500000,0
2026-08-31T05:58:33,32403.3,50.187,45.218,50.187,47.468,1300500000,0
2026-08-31T05:58:38,32408.3,50.312,45.375,50.312,47.468,1300500000,0
2026-08-31T05:58:43,32413.3,50.156,45.281,50.156,47.437,1300500000,0
2026-08-31T05:58:48,32418.3,50.187,45.25,50.187,47.343,1300500000,0
2026-08-31T05:58:53,32423.3,50.125,45.156,50.125,47.406,1300500000,0
2026-08-31T05:58:58,32428.3,50.218,45.406,50.218,47.312,1300500000,0
2026-08-31T05:59:03,32433.3,50.125,45.25,50.125,47.468,1300500000,0
2026-08-31T05:59:08,32438.3,50.125,45.187,50.125,47.593,1300500000,0
2026-08-31T05:59:13,32443.3,50.375,45.312,50.375,47.406,1300500000,0
2026-08-31T05:59:18,32448.3,50.218,45.218,50.218,47.562,1300500000,0
2026-08-31T05:59:23,32453.3,50.125,45.156,50.125,47.312,1300500000,0
2026-08-31T05:59:28,32458.4,50.125,45.375,50.156,47.468,1300500000,0
2026-08-31T05:59:33,32463.4,50.218,45.312,50.218,47.406,1300500000,0
2026-08-31T05:59:38,32468.4,50.125,45.25,50.125,47.468,1300500000,0
2026-08-31T05:59:44,32473.4,50.375,45.187,50.375,47.375,1300500000,0
2026-08-31T05:59:49,32478.4,50.125,45.406,50.125,47.406,1300500000,0
2026-08-31T05:59:54,32483.4,50.218,45.281,50.218,47.406,1300500000,0
2026-08-31T05:59:59,32488.4,50.156,45.281,50.156,47.437,1300500000,0
2026-08-31T06:00:04,32493.4,50.312,45.281,50.312,47.375,1300500000,0
2026-08-31T06:00:09,32498.4,50.218,45.281,50.218,47.468,1300500000,0
2026-08-31T06:00:14,32503.4,50.187,45.187,50.187,47.562,1300500000,0
2026-08-31T06:00:19,32508.4,50.312,45.437,50.312,47.437,1300500000,0
2026-08-31T06:00:24,32513.4,50.156,45.343,50.156,47.593,1300500000,0
2026-08-31T06:00:29,32518.4,50.468,45.25,50.468,47.5,1300500000,0
2026-08-31T06:00:34,32523.4,50.218,45.218,50.218,47.531,1300500000,0
2026-08-31T06:00:39,32528.4,50.218,45.375,50.218,47.375,1300500000,0
2026-08-31T06:00:44,32533.4,50.187,45.218,50.187,47.437,1300500000,0
2026-08-31T06:00:49,32538.4,50.281,45.281,50.281,47.375,1300500000,0
2026-08-31T06:00:54,32543.4,50.187,45.156,50.187,47.406,1300500000,0
2026-08-31T06:00:59,32548.5,50.156,45.5,50.156,47.406,1300500000,0
2026-08-31T06:01:04,32553.5,50.468,45.218,50.468,47.437,1300500000,0
2026-08-31T06:01:09,32558.5,50.312,45.468,50.312,47.593,1300500000,0
2026-08-31T06:01:14,32563.5,50.125,45.343,50.125,47.375,1300500000,0
2026-08-31T06:01:19,32568.5,50.156,45.312,50.156,47.468,1300500000,0
2026-08-31T06:01:24,32573.5,50.343,45.187,50.343,47.375,1300500000,0
2026-08-31T06:01:29,32578.5,50.156,45.406,50.156,47.531,1300500000,0
2026-08-31T06:01:34,32583.5,50.343,45.343,50.343,47.375,1300500000,0
2026-08-31T06:01:39,32588.5,50.125,45.281,50.125,47.406,1300500000,0
2026-08-31T06:01:44,32593.5,50.281,45.312,50.281,47.375,1300500000,0
2026-08-31T06:01:49,32598.5,50.156,45.531,50.156,47.437,1300500000,0
2026-08-31T06:01:54,32603.5,50.343,45.218,50.343,47.593,1300500000,0
2026-08-31T06:01:59,32608.5,50.125,45.531,50.125,47.468,1300500000,0
2026-08-31T06:02:04,32613.5,50.187,45.375,50.187,47.468,1300500000,0
2026-08-31T06:02:09,32618.5,50.437,45.343,50.437,47.437,1300500000,0
2026-08-31T06:02:14,32623.5,50.156,45.187,50.156,47.625,1300500000,0
2026-08-31T06:02:19,32628.5,50.156,45.5,50.156,47.5,1300500000,0
2026-08-31T06:02:24,32633.6,50.218,45.343,50.218,47.531,1300500000,0
2026-08-31T06:02:29,32638.6,50.25,45.281,50.25,47.406,1300500000,0
2026-08-31T06:02:34,32643.6,50.156,45.218,50.156,47.531,1300500000,0
2026-08-31T06:02:39,32648.6,50.187,45.5,50.343,47.437,1300500000,0
2026-08-31T06:02:44,32653.6,50.718,45.281,50.718,47.562,1300500000,0
2026-08-31T06:02:49,32658.6,50.281,45.281,50.281,47.656,1300500000,0
2026-08-31T06:02:54,32663.6,50.187,45.281,50.187,47.406,1300500000,0
2026-08-31T06:02:59,32668.6,50.156,45.5,50.156,47.531,1300500000,0
2026-08-31T06:03:04,32673.6,50.375,45.375,50.375,47.468,1300500000,0
2026-08-31T06:03:09,32678.6,50.156,45.25,50.156,47.468,1300500000,0
2026-08-31T06:03:14,32683.6,50.25,45.187,50.25,47.656,1300500000,0
2026-08-31T06:03:19,32688.6,50.468,45.468,50.468,47.437,1300500000,0
2026-08-31T06:03:24,32693.6,50.281,45.25,50.281,47.5,1300500000,0
2026-08-31T06:03:29,32698.6,50.218,45.343,50.218,47.343,1300500000,0
2026-08-31T06:03:34,32703.6,50.25,45.375,50.25,47.5,1300500000,0
2026-08-31T06:03:39,32708.6,50.281,45.25,50.281,47.406,1300500000,0
2026-08-31T06:03:44,32713.6,50.343,45.312,50.343,47.437,1300500000,0
2026-08-31T06:03:49,32718.7,50.187,45.562,50.187,47.468,1300500000,0
2026-08-31T06:03:54,32723.7,50.562,45.375,50.562,47.5,1300500000,0
2026-08-31T06:03:59,32728.7,50.156,45.312,50.156,47.5,1300500000,0
2026-08-31T06:04:04,32733.7,50.312,45.281,50.312,47.437,1300500000,0
2026-08-31T06:04:09,32738.7,50.187,45.25,50.187,47.468,1300500000,0
2026-08-31T06:04:14,32743.7,50.125,45.406,50.125,47.625,1300500000,0
2026-08-31T06:04:19,32748.7,50.406,45.375,50.406,47.468,1300500000,0
2026-08-31T06:04:24,32753.7,50.187,45.25,50.187,47.562,1300500000,0
2026-08-31T06:04:29,32758.7,50.468,45.187,50.468,47.468,1300500000,0
2026-08-31T06:04:34,32763.7,50.125,45.437,50.125,47.468,1300500000,0
2026-08-31T06:04:39,32768.7,50.343,45.281,50.343,47.437,1300500000,0
2026-08-31T06:04:44,32773.7,50.125,45.218,50.125,47.468,1300500000,0
2026-08-31T06:04:49,32778.7,50.343,45.25,50.343,47.375,1300500000,0
2026-08-31T06:04:54,32783.7,50.375,45.25,50.218,47.406,1300500000,0
2026-08-31T06:04:59,32788.7,50.25,45.187,50.25,47.437,1300500000,0
2026-08-31T06:05:04,32793.7,50.156,45.375,50.156,47.468,1300500000,0
2026-08-31T06:05:09,32798.7,50.187,45.375,50.187,47.593,1300500000,0
2026-08-31T06:05:14,32803.8,50.093,45.281,50.093,47.343,1300500000,0
2026-08-31T06:05:19,32808.8,50.156,45.156,50.156,47.593,1300500000,0
2026-08-31T06:05:24,32813.8,50.343,45.406,50.343,47.406,1300500000,0
2026-08-31T06:05:29,32818.8,50.218,45.281,50.218,47.562,1300500000,0
2026-08-31T06:05:34,32823.8,50.375,45.406,50.375,47.375,1300500000,0
2026-08-31T06:05:39,32828.8,50.156,45.375,50.156,47.5,1300500000,0
2026-08-31T06:05:44,32833.8,50.281,45.25,50.281,47.437,1300500000,0
2026-08-31T06:05:49,32838.8,50.156,45.218,50.156,47.406,1300500000,0
2026-08-31T06:05:54,32843.8,50.312,45.437,50.312,47.375,1300500000,0
2026-08-31T06:05:59,32848.8,50.187,45.343,50.187,47.531,1300500000,0
2026-08-31T06:06:04,32853.8,50.218,45.281,50.218,47.531,1300500000,0
2026-08-31T06:06:09,32858.8,50.5,45.218,50.5,47.593,1300500000,0
2026-08-31T06:06:14,32863.8,50.125,45.375,50.125,47.687,1300500000,0
2026-08-31T06:06:19,32868.8,50.218,45.281,50.218,47.437,1300500000,0
2026-08-31T06:06:24,32873.8,50.187,45.281,50.187,47.531,1300500000,0
2026-08-31T06:06:29,32878.8,50.375,45.218,50.375,47.437,1300500000,0
2026-08-31T06:06:34,32883.8,50.218,45.375,50.218,47.468,1300500000,0
2026-08-31T06:06:39,32888.8,50.218,45.312,50.218,47.625,1300500000,0
2026-08-31T06:06:44,32893.9,50.468,45.281,50.468,47.562,1300500000,0
2026-08-31T06:06:49,32898.9,50.218,45.218,50.218,47.5,1300500000,0
2026-08-31T06:06:54,32903.9,50.281,45.406,50.281,47.5,1300500000,0
2026-08-31T06:06:59,32908.9,50.187,45.343,50.187,47.531,1300500000,0
2026-08-31T06:07:04,32913.9,50.281,45.281,50.281,47.406,1300500000,0
2026-08-31T06:07:09,32918.9,50.375,45.25,50.375,47.468,1300500000,0
2026-08-31T06:07:14,32923.9,50.156,45.5,50.156,47.625,1300500000,0
2026-08-31T06:07:19,32928.9,50.468,45.375,50.468,47.468,1300500000,0
2026-08-31T06:07:24,32933.9,50.156,45.281,50.156,47.531,1300500000,0
2026-08-31T06:07:29,32938.9,50.218,45.406,50.218,47.437,1300500000,0
2026-08-31T06:07:34,32943.9,50.187,45.218,50.187,47.531,1300500000,0
2026-08-31T06:07:39,32948.9,50.218,45.25,50.218,47.625,1300500000,0
2026-08-31T06:07:44,32953.9,50.375,45.5,50.375,47.437,1300500000,0
2026-08-31T06:07:49,32958.9,50.25,45.343,50.25,47.562,1300500000,0
2026-08-31T06:07:54,32963.9,50.25,45.281,50.25,47.437,1300500000,0
2026-08-31T06:07:59,32968.9,50.156,45.25,50.156,47.5,1300500000,0
2026-08-31T06:08:04,32973.9,50.281,45.562,50.281,47.468,1300500000,0
2026-08-31T06:08:09,32979.0,50.25,45.343,50.25,47.5,1300500000,0
2026-08-31T06:08:14,32984.0,50.281,45.25,50.281,47.625,1300500000,0
2026-08-31T06:08:19,32989.0,50.468,45.25,50.468,47.437,1300500000,0
2026-08-31T06:08:24,32994.0,50.187,45.531,50.187,47.531,1300500000,0
2026-08-31T06:08:29,32999.0,50.312,45.375,50.312,47.375,1300500000,0
2026-08-31T06:08:34,33004.0,50.187,45.25,50.187,47.437,1300500000,0
2026-08-31T06:08:39,33009.0,50.281,45.25,50.281,47.562,1300500000,0
2026-08-31T06:08:44,33014.0,50.375,45.562,50.375,47.531,1300500000,0
2026-08-31T06:08:49,33019.0,50.187,45.375,50.187,47.593,1300500000,0
2026-08-31T06:08:54,33024.0,50.437,45.593,50.437,47.437,1300500000,0
2026-08-31T06:08:59,33029.0,50.468,45.375,50.468,47.468,1300500000,0
2026-08-31T06:09:04,33034.0,50.312,45.25,50.312,47.625,1300500000,0
2026-08-31T06:09:09,33039.0,50.218,45.281,50.218,47.468,1300500000,0
2026-08-31T06:09:14,33044.0,50.187,45.593,50.187,47.531,1300500000,0
2026-08-31T06:09:19,33049.0,50.312,45.375,50.312,47.5,1300500000,0
2026-08-31T06:09:24,33054.0,50.125,45.312,50.125,47.5,1300500000,0
2026-08-31T06:09:29,33059.0,50.218,45.281,50.218,47.437,1300500000,0
2026-08-31T06:09:34,33064.1,50.156,45.25,50.156,47.531,1300500000,0
2026-08-31T06:09:39,33069.1,50.218,45.375,50.218,47.625,1300500000,0
2026-08-31T06:09:44,33074.1,50.312,45.343,50.312,47.406,1300500000,0
2026-08-31T06:09:49,33079.1,50.125,45.25,50.125,47.5,1300500000,0
2026-08-31T06:09:54,33084.1,50.312,45.25,50.312,47.437,1300500000,0
2026-08-31T06:09:59,33089.1,50.187,45.343,50.187,47.531,1300500000,0
2026-08-31T06:10:04,33094.1,50.187,45.343,50.187,47.375,1300500000,0
2026-08-31T06:10:09,33099.1,50.125,45.218,50.125,47.531,1300500000,0
2026-08-31T06:10:14,33104.1,50.218,45.187,50.218,47.437,1300500000,0
2026-08-31T06:10:19,33109.1,50.125,45.343,50.125,47.468,1300500000,0
2026-08-31T06:10:24,33114.1,50.156,45.343,50.281,47.687,1300500000,0
2026-08-31T06:10:29,33119.1,50.281,45.312,50.281,47.468,1300500000,0
2026-08-31T06:10:34,33124.1,50.156,45.312,50.156,47.562,1300500000,0
2026-08-31T06:10:39,33129.1,50.468,45.25,50.468,47.468,1300500000,0
2026-08-31T06:10:44,33134.1,50.25,45.156,50.25,47.593,1300500000,0
2026-08-31T06:10:49,33139.1,50.312,45.375,50.312,47.375,1300500000,0
2026-08-31T06:10:54,33144.1,50.125,45.312,50.125,47.531,1300500000,0
2026-08-31T06:10:59,33149.1,50.343,45.218,50.343,47.5,1300500000,0
2026-08-31T06:11:04,33154.2,50.125,45.187,50.125,47.437,1300500000,0
2026-08-31T06:11:09,33159.2,50.25,45.437,50.468,47.468,1300500000,0
2026-08-31T06:11:14,33164.2,50.375,45.218,50.375,47.5,1300500000,0
2026-08-31T06:11:19,33169.2,50.187,45.406,50.187,47.656,1300500000,0
2026-08-31T06:11:24,33174.2,50.125,45.312,50.125,47.5,1300500000,0
2026-08-31T06:11:29,33179.2,50.312,45.25,50.312,47.625,1300500000,0
2026-08-31T06:11:34,33184.2,50.312,45.25,50.312,47.5,1300500000,0
2026-08-31T06:11:39,33189.2,50.187,45.375,50.187,47.625,1300500000,0
2026-08-31T06:11:44,33194.2,50.406,45.375,50.406,47.468,1300500000,0
2026-08-31T06:11:49,33199.2,50.218,45.343,50.218,47.468,1300500000,0
2026-08-31T06:11:54,33204.2,50.218,45.187,50.156,47.5,1300500000,0
2026-08-31T06:11:59,33209.2,50.156,45.406,50.156,47.562,1300500000,0
2026-08-31T06:12:04,33214.2,50.25,45.25,50.25,47.375,1300500000,0
2026-08-31T06:12:09,33219.2,50.125,45.375,50.125,47.562,1300500000,0
2026-08-31T06:12:14,33224.2,50.406,45.375,50.406,47.406,1300500000,0
2026-08-31T06:12:19,33229.2,50.437,45.25,50.437,47.437,1300500000,0
2026-08-31T06:12:24,33234.2,50.25,45.281,50.25,47.531,1300500000,0
2026-08-31T06:12:29,33239.3,50.218,45.437,50.218,47.437,1300500000,0
2026-08-31T06:12:34,33244.3,50.281,45.312,50.281,47.593,1300500000,0
2026-08-31T06:12:39,33249.3,50.281,45.312,50.156,47.468,1300500000,0
2026-08-31T06:12:44,33254.3,50.156,45.375,50.156,47.625,1300500000,0
2026-08-31T06:12:49,33259.3,50.312,45.218,50.312,47.562,1300500000,0
2026-08-31T06:12:54,33264.3,50.312,45.218,50.312,47.5,1300500000,0
2026-08-31T06:12:59,33269.3,50.437,45.406,50.437,47.468,1300500000,0
2026-08-31T06:13:04,33274.3,50.156,45.375,50.156,47.5,1300500000,0
2026-08-31T06:13:09,33279.3,50.281,45.312,50.281,47.437,1300500000,0
2026-08-31T06:13:14,33284.3,50.187,45.187,50.187,47.5,1300500000,0
2026-08-31T06:13:19,33289.3,50.312,45.468,50.312,47.437,1300500000,0
2026-08-31T06:13:24,33294.3,50.406,45.312,50.406,47.437,1300500000,0
2026-08-31T06:13:29,33299.3,50.187,45.312,50.187,47.656,1300500000,0
2026-08-31T06:13:34,33304.3,50.5,45.281,50.5,47.468,1300500000,0
2026-08-31T06:13:39,33309.3,50.218,45.281,50.218,47.562,1300500000,0
2026-08-31T06:13:44,33314.3,50.156,45.25,50.156,47.531,1300500000,0
2026-08-31T06:13:49,33319.3,50.218,45.468,50.218,47.593,1300500000,0
2026-08-31T06:13:54,33324.4,50.343,45.312,50.343,47.468,1300500000,0
2026-08-31T06:13:59,33329.4,50.281,45.343,50.281,47.593,1300500000,0
2026-08-31T06:14:05,33334.4,50.468,45.218,50.468,47.5,1300500000,0
2026-08-31T06:14:10,33339.4,50.406,45.406,50.406,47.468,1300500000,0
2026-08-31T06:14:15,33344.4,50.281,45.437,50.281,47.406,1300500000,0
2026-08-31T06:14:20,33349.4,50.156,45.218,50.156,47.437,1300500000,0
2026-08-31T06:14:25,33354.4,50.25,45.343,50.25,47.625,1300500000,0
2026-08-31T06:14:30,33359.4,50.312,45.312,50.187,47.531,1300500000,0
2026-08-31T06:14:35,33364.4,50.218,45.218,50.218,47.687,1300500000,0
2026-08-31T06:14:40,33369.4,50.437,45.468,50.437,47.5,1300500000,0
2026-08-31T06:14:45,33374.4,50.25,45.312,50.25,47.625,1300500000,0
2026-08-31T06:14:50,33379.4,50.125,45.281,50.125,47.531,1300500000,0
2026-08-31T06:14:55,33384.4,50.156,45.218,50.156,47.562,1300500000,0
2026-08-31T06:15:00,33389.4,50.312,45.468,50.312,47.437,1300500000,0
2026-08-31T06:15:05,33394.4,50.125,45.406,50.125,47.562,1300500000,0
2026-08-31T06:15:10,33399.4,50.343,45.312,50.343,47.468,1300500000,0
2026-08-31T06:15:15,33404.4,50.437,45.343,50.437,47.562,1300500000,0
2026-08-31T06:15:20,33409.5,50.281,45.218,50.281,47.468,1300500000,0
2026-08-31T06:15:25,33414.5,50.187,45.281,50.187,47.468,1300500000,0
2026-08-31T06:15:30,33419.5,50.187,45.531,50.187,47.625,1300500000,0
2026-08-31T06:15:35,33424.5,50.312,45.343,50.125,47.468,1300500000,0
2026-08-31T06:15:40,33429.5,50.187,45.281,50.187,47.625,1300500000,0
2026-08-31T06:15:45,33434.5,50.406,45.25,50.406,47.468,1300500000,0
2026-08-31T06:15:50,33439.5,50.187,45.468,50.187,47.562,1300500000,0
2026-08-31T06:15:55,33444.5,50.218,45.375,50.218,47.531,1300500000,0
2026-08-31T06:16:00,33449.5,50.281,45.312,50.281,47.593,1300500000,0
2026-08-31T06:16:05,33454.5,50.343,45.281,50.343,47.625,1300500000,0
2026-08-31T06:16:10,33459.5,50.281,45.5,50.281,47.468,1300500000,0
2026-08-31T06:16:15,33464.5,50.218,45.218,50.218,47.531,1300500000,0
2026-08-31T06:16:20,33469.5,50.406,45.531,50.406,47.468,1300500000,0
2026-08-31T06:16:25,33474.5,50.468,45.375,50.468,47.437,1300500000,0
2026-08-31T06:16:30,33479.5,50.218,45.312,50.218,47.625,1300500000,0
2026-08-31T06:16:35,33484.5,50.187,45.281,50.187,47.375,1300500000,0
2026-08-31T06:16:40,33489.5,50.25,45.5,50.25,47.593,1300500000,0
2026-08-31T06:16:45,33494.5,50.375,45.343,50.375,47.468,1300500000,0
2026-08-31T06:16:50,33499.6,50.218,45.343,50.218,47.5,1300500000,0
2026-08-31T06:16:55,33504.6,50.25,45.281,50.25,47.468,1300500000,0
2026-08-31T06:17:00,33509.6,50.5,45.5,50.5,47.562,1300500000,0
2026-08-31T06:17:05,33514.6,50.281,45.375,50.281,47.593,1300500000,0
2026-08-31T06:17:10,33519.6,50.281,45.281,50.281,47.406,1300500000,0
2026-08-31T06:17:15,33524.6,50.218,45.281,50.218,47.562,1300500000,0
2026-08-31T06:17:20,33529.6,50.375,45.562,50.375,47.468,1300500000,0
2026-08-31T06:17:25,33534.6,50.125,45.375,50.125,47.468,1300500000,0
2026-08-31T06:17:30,33539.6,50.281,45.312,50.281,47.468,1300500000,0
2026-08-31T06:17:35,33544.6,50.531,45.343,50.531,47.531,1300500000,0
2026-08-31T06:17:40,33549.6,50.281,45.343,50.281,47.625,1300500000,0
2026-08-31T06:17:45,33554.6,50.187,45.281,50.187,47.437,1300500000,0
2026-08-31T06:17:50,33559.6,50.343,45.562,50.343,47.5,1300500000,0
2026-08-31T06:17:55,33564.6,50.187,45.375,50.187,47.5,1300500000,0
2026-08-31T06:18:00,33569.6,50.218,45.343,50.343,47.437,1300500000,0
2026-08-31T06:18:05,33574.6,50.468,45.343,50.468,47.531,1300500000,0
2026-08-31T06:18:10,33579.6,50.218,45.375,50.218,47.437,1300500000,0
2026-08-31T06:18:15,33584.6,50.156,45.25,50.156,47.5,1300500000,0
2026-08-31T06:18:20,33589.7,50.25,45.562,50.25,47.5,1300500000,0
2026-08-31T06:18:25,33594.7,50.187,45.281,50.187,47.531,1300500000,0
2026-08-31T06:18:30,33599.7,50.312,45.5,50.312,47.468,1300500000,0
2026-08-31T06:18:35,33604.7,50.375,45.343,50.375,47.5,1300500000,0
2026-08-31T06:18:40,33609.7,50.187,45.375,50.187,47.656,1300500000,0
2026-08-31T06:18:45,33614.7,50.562,45.312,50.562,47.531,1300500000,0
2026-08-31T06:18:50,33619.7,50.25,45.343,50.25,47.625,1300500000,0
2026-08-31T06:18:55,33624.7,50.187,45.375,50.187,47.562,1300500000,0
2026-08-31T06:19:00,33629.7,50.281,45.343,50.281,47.562,1300500000,0
2026-08-31T06:19:05,33634.7,50.187,45.343,50.187,47.562,1300500000,0
2026-08-31T06:19:10,33639.7,50.375,45.531,50.375,47.5,1300500000,0
2026-08-31T06:19:15,33644.7,50.25,45.312,50.25,47.5,1300500000,0
2026-08-31T06:19:20,33649.7,50.25,45.468,50.437,47.406,1300500000,0
2026-08-31T06:19:25,33654.7,50.187,45.312,50.187,47.562,1300500000,0
2026-08-31T06:19:30,33659.7,50.312,45.312,50.312,47.406,1300500000,0
2026-08-31T06:19:35,33664.7,50.125,45.25,50.125,47.562,1300500000,0
2026-08-31T06:19:40,33669.7,50.25,45.312,50.25,47.437,1300500000,0
2026-08-31T06:19:45,33674.7,50.156,45.312,50.156,47.562,1300500000,0
2026-08-31T06:19:50,33679.8,50.187,45.5,50.187,47.718,1300500000,0
2026-08-31T06:19:55,33684.8,50.5,45.375,50.5,47.468,1300500000,0
2026-08-31T06:20:00,33689.8,50.312,45.343,50.312,47.625,1300500000,0
2026-08-31T06:20:05,33694.8,50.125,45.406,50.125,47.468,1300500000,0
2026-08-31T06:20:10,33699.8,50.25,45.312,50.25,47.625,1300500000,0
2026-08-31T06:20:15,33704.8,50.125,45.281,50.125,47.5,1300500000,0
2026-08-31T06:20:20,33709.8,50.156,45.437,50.156,47.625,1300500000,0
2026-08-31T06:20:25,33714.8,50.343,45.375,50.343,47.468,1300500000,0
2026-08-31T06:20:30,33719.8,50.25,45.25,50.25,47.593,1300500000,0
2026-08-31T06:20:35,33724.8,50.156,45.406,50.156,47.5,1300500000,0
2026-08-31T06:20:40,33729.8,50.25,45.281,50.25,47.656,1300500000,0
2026-08-31T06:20:45,33734.8,50.25,45.281,50.25,47.5,1300500000,0
2026-08-31T06:20:50,33739.8,50.156,45.437,50.156,47.5,1300500000,0
2026-08-31T06:20:55,33744.8,50.343,45.375,50.343,47.5,1300500000,0
2026-08-31T06:21:00,33749.8,50.281,45.375,50.281,47.593,1300500000,0
2026-08-31T06:21:05,33754.8,50.437,45.343,50.437,47.531,1300500000,0
2026-08-31T06:21:10,33759.8,50.187,45.562,50.187,47.562,1300500000,0
2026-08-31T06:21:15,33764.8,50.25,45.25,50.25,47.468,1300500000,0
2026-08-31T06:21:20,33769.8,50.125,45.5,50.125,47.5,1300500000,0
2026-08-31T06:21:25,33774.9,50.312,45.343,50.312,47.687,1300500000,0
2026-08-31T06:21:30,33779.9,50.406,45.375,50.406,47.468,1300500000,0
2026-08-31T06:21:35,33784.9,50.25,45.218,50.25,47.625,1300500000,0
2026-08-31T06:21:40,33789.9,50.437,45.5,50.437,47.531,1300500000,0
2026-08-31T06:21:45,33794.9,50.156,45.375,50.156,47.562,1300500000,0
2026-08-31T06:21:50,33799.9,50.281,45.343,50.281,47.531,1300500000,0
2026-08-31T06:21:55,33804.9,50.125,45.343,50.125,47.562,1300500000,0
2026-08-31T06:22:00,33809.9,50.281,45.312,50.281,47.406,1300500000,0
2026-08-31T06:22:05,33814.9,50.218,45.312,50.218,47.625,1300500000,0
2026-08-31T06:22:10,33819.9,50.375,45.625,50.375,47.406,1300500000,0
2026-08-31T06:22:15,33824.9,50.281,45.375,50.281,47.5,1300500000,0
2026-08-31T06:22:20,33829.9,50.25,45.375,50.25,47.5,1300500000,0
2026-08-31T06:22:25,33834.9,50.218,45.218,50.218,47.437,1300500000,0
2026-08-31T06:22:30,33839.9,50.281,45.312,50.281,47.406,1300500000,0
2026-08-31T06:22:35,33844.9,50.125,45.281,50.125,47.406,1300500000,0
2026-08-31T06:22:40,33849.9,50.343,45.562,50.343,47.5,1300500000,0
2026-08-31T06:22:45,33854.9,50.406,45.406,50.406,47.5,1300500000,0
2026-08-31T06:22:50,33859.9,50.218,45.5,50.218,47.437,1300500000,0
2026-08-31T06:22:55,33865.0,50.125,45.375,50.125,47.5,1300500000,0
2026-08-31T06:23:00,33870.0,50.218,45.281,50.218,47.437,1300500000,0
2026-08-31T06:23:05,33875.0,50.218,45.312,50.218,47.437,1300500000,0
2026-08-31T06:23:10,33880.0,50.312,45.531,50.312,47.656,1300500000,0
2026-08-31T06:23:15,33885.0,50.218,45.312,50.218,47.562,1300500000,0
2026-08-31T06:23:20,33890.0,50.218,45.468,50.218,47.625,1300500000,0
2026-08-31T06:23:25,33895.0,50.437,45.375,50.437,47.5,1300500000,0
2026-08-31T06:23:30,33900.0,50.281,45.312,50.281,47.625,1300500000,0
2026-08-31T06:23:35,33905.0,50.125,45.406,50.125,47.406,1300500000,0
2026-08-31T06:23:40,33910.0,50.281,45.343,50.281,47.593,1300500000,0
2026-08-31T06:23:45,33915.0,50.25,45.218,50.25,47.437,1300500000,0
2026-08-31T06:23:50,33920.0,50.25,45.5,50.25,47.562,1300500000,0
2026-08-31T06:23:55,33925.0,50.375,45.312,50.375,47.5,1300500000,0
2026-08-31T06:24:00,33930.0,50.218,45.625,50.218,47.656,1300500000,0
2026-08-31T06:24:05,33935.0,50.437,45.437,50.437,47.5,1300500000,0
2026-08-31T06:24:10,33940.0,50.25,45.312,50.25,47.531,1300500000,0
2026-08-31T06:24:15,33945.0,50.281,45.187,50.281,47.437,1300500000,0
2026-08-31T06:24:20,33950.0,50.156,45.281,50.343,47.593,1300500000,0
2026-08-31T06:24:25,33955.1,50.343,45.25,50.343,47.437,1300500000,0
2026-08-31T06:24:30,33960.1,50.218,45.437,50.218,47.593,1300500000,0
2026-08-31T06:24:35,33965.1,50.218,45.375,50.218,47.562,1300500000,0
2026-08-31T06:24:40,33970.1,50.406,45.468,50.406,47.468,1300500000,0
2026-08-31T06:24:45,33975.1,50.312,45.375,50.312,47.656,1300500000,0
2026-08-31T06:24:50,33980.1,50.25,45.281,50.25,47.5,1300500000,0
2026-08-31T06:24:55,33985.1,50.156,45.187,50.156,47.5,1300500000,0
2026-08-31T06:25:00,33990.1,50.343,45.468,50.343,47.5,1300500000,0
2026-08-31T06:25:05,33995.1,50.187,45.406,50.187,47.562,1300500000,0
2026-08-31T06:25:10,34000.1,50.375,45.343,50.375,47.562,1300500000,0
2026-08-31T06:25:15,34005.1,50.156,45.187,50.156,47.625,1300500000,0
2026-08-31T06:25:20,34010.1,50.156,45.5,50.156,47.593,1300500000,0
2026-08-31T06:25:25,34015.1,50.281,45.343,50.281,47.625,1300500000,0
2026-08-31T06:25:30,34020.1,50.156,45.468,50.156,47.531,1300500000,0
2026-08-31T06:25:35,34025.2,50.312,45.375,50.312,47.531,1300500000,0
2026-08-31T06:25:40,34030.2,50.375,45.312,50.375,47.5,1300500000,0
2026-08-31T06:25:45,34035.2,50.218,45.25,50.218,47.562,1300500000,0
2026-08-31T06:25:50,34040.2,50.437,45.437,50.437,47.5,1300500000,0
2026-08-31T06:25:55,34045.2,50.281,45.312,50.281,47.593,1300500000,0
2026-08-31T06:26:00,34050.2,50.312,45.281,50.312,47.531,1300500000,0
2026-08-31T06:26:05,34055.2,50.406,45.281,50.406,47.562,1300500000,0
2026-08-31T06:26:10,34060.2,50.562,45.5,50.562,47.531,1300500000,0
2026-08-31T06:26:15,34065.2,51.562,45.437,51.562,47.562,1300500000,0
2026-08-31T06:26:20,34070.2,50.406,45.437,50.406,47.718,1300500000,0
2026-08-31T06:26:25,34075.2,50.562,45.375,50.562,47.593,1300500000,0
2026-08-31T06:26:30,34080.2,50.375,45.531,50.375,47.75,1300500000,0
2026-08-31T06:26:35,34085.2,50.281,45.437,50.281,47.562,1300500000,0
2026-08-31T06:26:40,34090.2,50.281,45.531,50.281,47.687,1300500000,0
2026-08-31T06:26:45,34095.2,50.343,45.375,50.343,47.468,1300500000,0
2026-08-31T06:26:50,34100.2,50.187,45.375,50.187,47.593,1300500000,0
2026-08-31T06:26:55,34105.2,50.468,45.187,50.468,47.562,1300500000,0
2026-08-31T06:27:00,34110.3,50.25,45.468,50.25,47.562,1300500000,0
2026-08-31T06:27:05,34115.3,50.25,45.312,50.25,47.531,1300500000,0
2026-08-31T06:27:10,34120.3,50.312,45.437,50.312,47.625,1300500000,0
2026-08-31T06:27:15,34125.3,50.312,45.375,50.312,47.562,1300500000,0
2026-08-31T06:27:20,34130.3,50.218,45.375,50.218,47.625,1300500000,0
2026-08-31T06:27:25,34135.3,50.437,45.375,50.437,47.593,1300500000,0
2026-08-31T06:27:30,34140.3,50.343,45.343,50.343,47.687,1300500000,0
2026-08-31T06:27:35,34145.3,50.562,45.25,50.562,47.468,1300500000,0
2026-08-31T06:27:40,34150.3,50.312,45.468,50.312,47.562,1300500000,0
2026-08-31T06:27:45,34155.3,50.312,45.375,50.312,47.531,1300500000,0
2026-08-31T06:27:50,34160.3,50.25,45.468,50.25,47.593,1300500000,0
2026-08-31T06:27:55,34165.3,50.437,45.375,50.437,47.5,1300500000,0
2026-08-31T06:28:00,34170.3,50.25,45.312,50.25,47.593,1300500000,0
2026-08-31T06:28:05,34175.3,50.375,45.312,50.375,47.5,1300500000,0
2026-08-31T06:28:10,34180.3,50.25,45.375,50.25,47.531,1300500000,0
2026-08-31T06:28:15,34185.3,50.312,45.281,50.312,47.5,1300500000,0
2026-08-31T06:28:20,34190.3,50.156,45.5,50.156,47.687,1300500000,0
2026-08-31T06:28:25,34195.4,50.281,45.312,50.281,47.5,1300500000,0
2026-08-31T06:28:30,34200.4,50.218,45.281,50.218,47.625,1300500000,0
2026-08-31T06:28:35,34205.4,50.375,45.343,50.375,47.562,1300500000,0
2026-08-31T06:28:41,34210.4,50.25,45.343,50.25,47.562,1300500000,0
2026-08-31T06:28:46,34215.4,50.281,45.281,50.281,47.5,1300500000,0
2026-08-31T06:28:51,34220.4,50.125,45.562,50.125,47.562,1300500000,0
2026-08-31T06:28:56,34225.4,50.343,45.406,50.343,47.468,1300500000,0
2026-08-31T06:29:01,34230.4,50.125,45.437,50.125,47.593,1300500000,0
2026-08-31T06:29:06,34235.4,50.312,45.406,50.312,47.625,1300500000,0
2026-08-31T06:29:11,34240.4,50.218,45.312,50.218,47.531,1300500000,0
2026-08-31T06:29:16,34245.4,50.187,45.187,50.187,47.625,1300500000,0
2026-08-31T06:29:21,34250.4,50.562,45.468,50.562,47.562,1300500000,0
2026-08-31T06:29:26,34255.4,50.187,45.75,50.187,47.781,1300500000,0
2026-08-31T06:29:31,34260.4,50.218,45.437,50.218,47.562,1300500000,0
2026-08-31T06:29:36,34265.4,50.218,45.281,50.218,47.625,1300500000,0
2026-08-31T06:29:41,34270.4,50.343,45.312,50.218,47.468,1300500000,0
2026-08-31T06:29:46,34275.4,50.25,45.281,50.25,47.531,1300500000,0
2026-08-31T06:29:51,34280.4,50.5,45.281,50.5,47.531,1300500000,0
2026-08-31T06:29:56,34285.5,50.25,45.718,50.25,47.687,1300500000,0
2026-08-31T06:30:01,34290.5,50.593,45.531,50.593,47.5,1300500000,0
2026-08-31T06:30:06,34295.5,50.25,45.375,50.25,47.593,1300500000,0
2026-08-31T06:30:11,34300.5,50.343,45.281,50.187,47.562,1300500000,0
2026-08-31T06:30:16,34305.5,50.187,45.406,50.187,47.593,1300500000,0
2026-08-31T06:30:21,34310.5,50.343,45.312,50.343,47.593,1300500000,0
2026-08-31T06:30:26,34315.5,50.218,45.718,50.218,47.625,1300500000,0
2026-08-31T06:30:31,34320.5,50.406,45.375,50.406,47.562,1300500000,0
2026-08-31T06:30:36,34325.5,50.125,45.343,50.125,47.562,1300500000,0
2026-08-31T06:30:41,34330.5,50.312,45.312,50.312,47.531,1300500000,0
2026-08-31T06:30:46,34335.5,50.25,45.281,50.25,47.531,1300500000,0
2026-08-31T06:30:51,34340.5,50.343,45.5,50.343,47.593,1300500000,0
2026-08-31T06:30:56,34345.5,50.218,45.656,50.218,47.625,1300500000,0
2026-08-31T06:31:01,34350.5,50.218,45.468,50.218,47.656,1300500000,0
2026-08-31T06:31:06,34355.5,50.5,45.343,50.5,47.5,1300500000,0
2026-08-31T06:31:11,34360.5,50.25,45.281,50.25,47.656,1300500000,0
2026-08-31T06:31:16,34365.5,50.25,45.281,50.25,47.593,1300500000,0
2026-08-31T06:31:21,34370.6,50.25,45.437,50.25,47.625,1300500000,0
2026-08-31T06:31:26,34375.6,50.343,45.718,50.25,47.531,1300500000,0
2026-08-31T06:31:31,34380.6,50.281,45.468,50.281,47.625,1300500000,0
2026-08-31T06:31:36,34385.6,50.406,45.343,50.406,47.593,1300500000,0
2026-08-31T06:31:41,34390.6,50.312,45.312,50.312,47.593,1300500000,0
2026-08-31T06:31:46,34395.6,50.593,45.25,50.593,47.531,1300500000,0
2026-08-31T06:31:51,34400.6,50.218,45.406,50.218,47.625,1300500000,0
2026-08-31T06:31:56,34405.6,50.406,45.375,50.406,47.468,1300500000,0
2026-08-31T06:32:01,34410.6,50.281,45.375,50.281,47.625,1300500000,0
2026-08-31T06:32:06,34415.6,50.437,45.375,50.437,47.625,1300500000,0
2026-08-31T06:32:11,34420.6,50.281,45.312,50.281,47.656,1300500000,0
2026-08-31T06:32:16,34425.6,50.281,45.25,50.281,47.531,1300500000,0
2026-08-31T06:32:21,34430.6,50.156,45.437,50.156,47.531,1300500000,0
2026-08-31T06:32:26,34435.6,50.25,45.375,50.25,47.437,1300500000,0
2026-08-31T06:32:31,34440.6,50.25,45.375,50.25,47.468,1300500000,0
2026-08-31T06:32:36,34445.6,50.312,45.312,50.375,47.625,1300500000,0
2026-08-31T06:32:41,34450.6,50.5,45.343,50.5,47.625,1300500000,0
2026-08-31T06:32:46,34455.7,50.25,45.312,50.25,47.531,1300500000,0
2026-08-31T06:32:51,34460.7,50.5,45.531,50.5,47.468,1300500000,0
2026-08-31T06:32:56,34465.7,50.25,45.343,50.25,47.656,1300500000,0
2026-08-31T06:33:01,34470.7,50.25,45.25,50.125,47.5,1300500000,0
2026-08-31T06:33:06,34475.7,50.218,45.312,50.218,47.625,1300500000,0
2026-08-31T06:33:11,34480.7,50.375,45.5,50.375,47.531,1300500000,0
2026-08-31T06:33:16,34485.7,50.218,45.718,50.218,47.625,1300500000,0
2026-08-31T06:33:21,34490.7,50.468,45.406,50.468,47.5,1300500000,0
2026-08-31T06:33:26,34495.7,50.281,45.406,50.281,47.593,1300500000,0
2026-08-31T06:33:31,34500.7,50.281,45.375,50.281,47.562,1300500000,0
2026-08-31T06:33:36,34505.7,50.187,45.343,50.187,47.562,1300500000,0
2026-08-31T06:33:41,34510.7,50.343,45.406,50.343,47.5,1300500000,0
2026-08-31T06:33:46,34515.7,50.281,45.687,50.281,47.5,1300500000,0
2026-08-31T06:33:51,34520.7,50.437,45.468,50.437,47.468,1300500000,0
2026-08-31T06:33:56,34525.7,50.437,45.406,50.437,47.5,1300500000,0
2026-08-31T06:34:01,34530.7,50.343,45.375,50.343,47.656,1300500000,0
2026-08-31T06:34:06,34535.7,50.562,45.281,50.562,47.625,1300500000,0
2026-08-31T06:34:11,34540.7,50.343,45.5,50.343,47.687,1300500000,0
2026-08-31T06:34:16,34545.8,50.375,45.468,50.375,47.562,1300500000,0
2026-08-31T06:34:21,34550.8,50.312,45.312,50.312,47.625,1300500000,0
2026-08-31T06:34:26,34555.8,50.437,45.281,50.437,47.437,1300500000,0
2026-08-31T06:34:31,34560.8,50.187,45.343,50.187,47.625,1300500000,0
2026-08-31T06:34:36,34565.8,50.406,45.281,50.406,47.562,1300500000,0
2026-08-31T06:34:41,34570.8,50.281,45.5,50.281,47.531,1300500000,0
2026-08-31T06:34:46,34575.8,50.312,45.406,50.312,47.531,1300500000,0
2026-08-31T06:34:51,34580.8,50.218,45.312,50.218,47.625,1300500000,0
2026-08-31T06:34:56,34585.8,50.343,45.343,50.343,47.562,1300500000,0
2026-08-31T06:35:01,34590.8,50.218,45.312,50.218,47.562,1300500000,0
2026-08-31T06:35:06,34595.8,50.25,45.343,50.25,47.625,1300500000,0
2026-08-31T06:35:11,34600.8,50.593,45.468,50.593,47.593,1300500000,0
2026-08-31T06:35:16,34605.8,50.312,45.343,50.312,47.656,1300500000,0
2026-08-31T06:35:21,34610.8,50.281,45.281,50.281,47.468,1300500000,0
2026-08-31T06:35:26,34615.8,50.375,45.218,50.375,47.625,1300500000,0
2026-08-31T06:35:31,34620.8,50.343,45.406,50.343,47.531,1300500000,0
2026-08-31T06:35:36,34625.8,50.187,45.25,50.187,47.625,1300500000,0
2026-08-31T06:35:41,34630.9,50.5,45.406,50.5,47.531,1300500000,0
2026-08-31T06:35:46,34635.9,50.312,45.375,50.312,47.593,1300500000,0
2026-08-31T06:35:51,34640.9,50.593,45.343,50.593,47.5,1300500000,0
2026-08-31T06:35:56,34645.9,50.281,45.312,50.281,47.593,1300500000,0
2026-08-31T06:36:01,34650.9,50.375,45.406,50.375,47.562,1300500000,0
2026-08-31T06:36:06,34655.9,50.187,45.406,50.187,47.531,1300500000,0
2026-08-31T06:36:11,34660.9,50.406,45.281,50.406,47.625,1300500000,0
2026-08-31T06:36:16,34665.9,50.468,45.25,50.468,47.531,1300500000,0
2026-08-31T06:36:21,34670.9,50.281,45.375,50.281,47.531,1300500000,0
2026-08-31T06:36:26,34675.9,50.25,45.375,50.25,47.593,1300500000,0
2026-08-31T06:36:31,34680.9,50.406,45.437,50.406,47.625,1300500000,0
2026-08-31T06:36:36,34685.9,50.25,45.406,50.25,47.5,1300500000,0
2026-08-31T06:36:41,34690.9,50.25,45.343,50.25,47.625,1300500000,0
2026-08-31T06:36:46,34695.9,50.406,45.343,50.406,47.531,1300500000,0
2026-08-31T06:36:51,34700.9,50.25,45.343,50.25,47.625,1300500000,0
2026-08-31T06:36:56,34705.9,50.593,45.25,50.593,47.593,1300500000,0
2026-08-31T06:37:01,34710.9,50.25,45.5,50.25,47.656,1300500000,0
2026-08-31T06:37:06,34715.9,50.281,45.375,50.281,47.562,1300500000,0
2026-08-31T06:37:11,34721.0,50.281,45.343,50.281,47.625,1300500000,0
2026-08-31T06:37:16,34726.0,50.406,45.281,50.406,47.5,1300500000,0
2026-08-31T06:37:21,34731.0,50.218,45.406,50.218,47.625,1300500000,0
2026-08-31T06:37:26,34736.0,50.281,45.375,50.281,47.718,1300500000,0
2026-08-31T06:37:31,34741.0,50.593,45.343,50.593,47.593,1300500000,0
2026-08-31T06:37:36,34746.0,50.343,45.406,50.343,47.625,1300500000,0
2026-08-31T06:37:41,34751.0,50.25,45.281,50.25,47.593,1300500000,0
2026-08-31T06:37:46,34756.0,50.312,45.343,50.312,47.687,1300500000,0
2026-08-31T06:37:51,34761.0,50.375,45.531,50.218,47.562,1300500000,0
2026-08-31T06:37:56,34766.0,50.281,45.375,50.281,47.625,1300500000,0
2026-08-31T06:38:01,34771.0,50.5,45.437,50.5,47.625,1300500000,0
2026-08-31T06:38:06,34776.0,50.281,45.375,50.281,47.718,1300500000,0
2026-08-31T06:38:11,34781.0,50.187,45.281,50.187,47.625,1300500000,0
2026-08-31T06:38:16,34786.0,50.343,45.312,50.343,47.687,1300500000,0
2026-08-31T06:38:21,34791.0,50.343,45.468,50.218,47.625,1300500000,0
2026-08-31T06:38:26,34796.0,50.218,45.375,50.218,47.656,1300500000,0
2026-08-31T06:38:31,34801.0,50.437,45.531,50.437,47.562,1300500000,0
2026-08-31T06:38:36,34806.0,50.312,45.375,50.312,47.625,1300500000,0
2026-08-31T06:38:41,34811.1,50.468,45.5,50.468,47.531,1300500000,0
2026-08-31T06:38:46,34816.1,50.218,45.375,50.218,47.625,1300500000,0
2026-08-31T06:38:51,34821.1,50.218,45.375,50.218,47.593,1300500000,0
2026-08-31T06:38:56,34826.1,50.312,45.312,50.312,47.687,1300500000,0
2026-08-31T06:39:01,34831.1,50.343,45.343,50.218,47.625,1300500000,0
2026-08-31T06:39:06,34836.1,50.312,45.75,50.312,47.718,1300500000,0
2026-08-31T06:39:11,34841.1,50.437,45.5,50.437,47.531,1300500000,0
2026-08-31T06:39:16,34846.1,50.218,45.375,50.218,47.625,1300500000,0
2026-08-31T06:39:21,34851.1,50.531,45.343,50.531,47.593,1300500000,0
2026-08-31T06:39:26,34856.1,50.25,45.375,50.25,47.593,1300500000,0
2026-08-31T06:39:31,34861.1,50.281,45.468,50.281,47.625,1300500000,0
2026-08-31T06:39:36,34866.1,50.312,45.718,50.312,47.593,1300500000,0
2026-08-31T06:39:41,34871.1,50.406,45.593,50.406,47.562,1300500000,0
2026-08-31T06:39:46,34876.1,50.218,45.375,50.218,47.593,1300500000,0
2026-08-31T06:39:51,34881.1,50.312,45.312,50.312,47.593,1300500000,0
2026-08-31T06:39:56,34886.1,50.25,45.375,50.25,47.593,1300500000,0
2026-08-31T06:40:01,34891.2,50.25,45.375,50.25,47.468,1300500000,0
2026-08-31T06:40:06,34896.2,50.25,45.375,50.25,47.625,1300500000,0
2026-08-31T06:40:11,34901.2,50.343,45.375,50.343,47.781,1300500000,0
2026-08-31T06:40:16,34906.2,50.5,45.375,50.5,47.531,1300500000,0
2026-08-31T06:40:21,34911.2,50.281,45.343,50.281,47.625,1300500000,0
2026-08-31T06:40:26,34916.2,50.468,45.281,50.468,47.625,1300500000,0
2026-08-31T06:40:31,34921.2,50.281,45.437,50.281,47.656,1300500000,0
2026-08-31T06:40:36,34926.2,50.25,45.375,50.25,47.5,1300500000,0
2026-08-31T06:40:41,34931.2,50.218,45.343,50.218,47.656,1300500000,0
2026-08-31T06:40:46,34936.2,50.343,45.375,50.343,47.562,1300500000,0
2026-08-31T06:40:51,34941.2,50.375,45.375,50.375,47.562,1300500000,0
2026-08-31T06:40:56,34946.2,50.562,45.281,50.562,47.562,1300500000,0
2026-08-31T06:41:01,34951.2,50.406,45.468,50.406,47.656,1300500000,0
2026-08-31T06:41:06,34956.2,50.312,45.406,50.312,47.468,1300500000,0
2026-08-31T06:41:11,34961.2,50.25,45.343,50.25,47.625,1300500000,0
2026-08-31T06:41:16,34966.2,50.343,45.375,50.343,47.593,1300500000,0
2026-08-31T06:41:21,34971.2,50.281,45.343,50.281,47.656,1300500000,0
2026-08-31T06:41:26,34976.3,50.375,45.312,50.375,47.562,1300500000,0
2026-08-31T06:41:31,34981.3,50.312,45.343,50.312,47.625,1300500000,0
2026-08-31T06:41:36,34986.3,50.562,45.625,50.562,47.625,1300500000,0
2026-08-31T06:41:41,34991.3,50.406,45.375,50.406,47.687,1300500000,0
2026-08-31T06:41:46,34996.3,50.312,45.593,50.312,47.562,1300500000,0
2026-08-31T06:41:51,35001.3,50.312,45.406,50.312,47.562,1300500000,0
2026-08-31T06:41:56,35006.3,50.343,45.656,50.343,47.625,1300500000,0
2026-08-31T06:42:01,35011.3,50.375,45.5,50.375,47.593,1300500000,0
2026-08-31T06:42:06,35016.3,50.531,45.343,50.531,47.593,1300500000,0
2026-08-31T06:42:11,35021.3,50.375,45.468,50.375,47.781,1300500000,0
2026-08-31T06:42:16,35026.3,50.562,45.406,50.562,47.625,1300500000,0
2026-08-31T06:42:21,35031.3,50.312,45.281,50.312,47.687,1300500000,0
2026-08-31T06:42:26,35036.3,50.312,45.687,50.312,47.625,1300500000,0
2026-08-31T06:42:31,35041.3,50.281,45.437,50.281,47.625,1300500000,0
2026-08-31T06:42:36,35046.3,50.468,45.468,50.468,47.625,1300500000,0
2026-08-31T06:42:41,35051.3,50.25,45.437,50.25,47.687,1300500000,0
2026-08-31T06:42:46,35056.4,50.468,45.375,50.468,47.531,1300500000,0
2026-08-31T06:42:51,35061.4,50.343,45.343,50.343,47.625,1300500000,0
2026-08-31T06:42:56,35066.4,50.343,45.656,50.343,47.468,1300500000,0
2026-08-31T06:43:02,35071.4,50.281,45.406,50.281,47.625,1300500000,0
2026-08-31T06:43:07,35076.4,50.406,45.437,50.406,47.5,1300500000,0
2026-08-31T06:43:12,35081.4,50.281,45.437,50.281,47.625,1300500000,0
2026-08-31T06:43:17,35086.4,50.468,45.406,50.468,47.593,1300500000,0
2026-08-31T06:43:22,35091.4,50.593,45.375,50.281,47.593,1300500000,0
2026-08-31T06:43:27,35096.4,50.562,45.375,50.562,47.531,1300500000,0
2026-08-31T06:43:32,35101.4,50.312,45.343,50.312,47.593,1300500000,0
2026-08-31T06:43:37,35106.4,50.218,45.375,50.218,47.562,1300500000,0
2026-08-31T06:43:42,35111.4,50.312,45.312,50.312,47.687,1300500000,0
2026-08-31T06:43:47,35116.4,50.406,45.593,50.406,47.562,1300500000,0
2026-08-31T06:43:52,35121.4,50.187,45.375,50.187,47.593,1300500000,0
2026-08-31T06:43:57,35126.4,50.468,45.375,50.468,47.562,1300500000,0
2026-08-31T06:44:02,35131.4,50.531,45.375,50.343,47.625,1300500000,0
2026-08-31T06:44:07,35136.5,50.343,45.656,50.343,47.562,1300500000,0
2026-08-31T06:44:12,35141.5,50.187,45.375,50.187,47.593,1300500000,0
2026-08-31T06:44:17,35146.5,50.312,45.625,50.312,47.531,1300500000,0
2026-08-31T06:44:22,35151.5,50.218,45.406,50.218,47.593,1300500000,0
2026-08-31T06:44:27,35156.5,50.375,45.625,50.375,47.625,1300500000,0
2026-08-31T06:44:32,35161.5,50.218,45.406,50.218,47.656,1300500000,0
2026-08-31T06:44:37,35166.5,50.5,45.437,50.5,47.562,1300500000,0
2026-08-31T06:44:42,35171.5,50.312,45.281,50.312,47.593,1300500000,0
2026-08-31T06:44:47,35176.5,50.343,45.562,50.343,47.562,1300500000,0
2026-08-31T06:44:52,35181.5,50.25,45.406,50.25,47.593,1300500000,0
2026-08-31T06:44:57,35186.5,50.281,45.375,50.281,47.625,1300500000,0
2026-08-31T06:45:02,35191.5,50.437,45.312,50.437,47.562,1300500000,0
2026-08-31T06:45:07,35196.5,50.218,45.687,50.218,47.656,1300500000,0
2026-08-31T06:45:12,35201.5,50.531,45.312,50.531,47.625,1300500000,0
2026-08-31T06:45:17,35206.6,50.312,45.343,50.312,47.593,1300500000,0
2026-08-31T06:45:22,35211.6,50.218,45.343,50.218,47.531,1300500000,0
2026-08-31T06:45:27,35216.6,50.375,45.656,50.375,47.5,1300500000,0
2026-08-31T06:45:32,35221.6,50.25,45.406,50.25,47.562,1300500000,0
2026-08-31T06:45:37,35226.6,50.312,45.312,50.312,47.656,1300500000,0
2026-08-31T06:45:42,35231.6,50.468,45.375,50.468,47.531,1300500000,0
2026-08-31T06:45:47,35236.6,50.281,45.531,50.281,47.625,1300500000,0
2026-08-31T06:45:52,35241.6,50.343,45.593,50.343,47.593,1300500000,0
2026-08-31T06:45:57,35246.6,50.25,45.468,50.25,47.593,1300500000,0
2026-08-31T06:46:02,35251.6,50.312,45.375,50.312,47.656,1300500000,0
2026-08-31T06:46:07,35256.6,50.406,45.625,50.406,47.468,1300500000,0
2026-08-31T06:46:12,35261.6,50.218,45.468,50.218,47.656,1300500000,0
2026-08-31T06:46:17,35266.6,50.375,45.343,50.375,47.531,1300500000,0
2026-08-31T06:46:22,35271.6,50.218,45.375,50.218,47.625,1300500000,0
2026-08-31T06:46:27,35276.6,50.156,45.5,50.156,47.562,1300500000,0
2026-08-31T06:46:32,35281.6,50.312,45.468,50.312,47.5,1300500000,0
2026-08-31T06:46:37,35286.7,50.218,45.375,50.218,47.468,1300500000,0
2026-08-31T06:46:42,35291.7,50.312,45.343,50.312,47.718,1300500000,0
2026-08-31T06:46:47,35296.7,50.437,45.562,50.437,47.5,1300500000,0
2026-08-31T06:46:52,35301.7,50.25,45.406,50.25,47.656,1300500000,0
2026-08-31T06:46:57,35306.7,50.5,45.375,50.5,47.468,1300500000,0
2026-08-31T06:47:02,35311.7,50.156,45.312,50.156,47.593,1300500000,0
2026-08-31T06:47:07,35316.7,50.343,45.593,50.343,47.468,1300500000,0
2026-08-31T06:47:12,35321.7,50.156,45.312,50.156,47.437,1300500000,0
2026-08-31T06:47:17,35326.7,50.343,45.375,50.343,47.5,1300500000,0
2026-08-31T06:47:22,35331.7,50.375,45.312,50.375,47.531,1300500000,0
2026-08-31T06:47:27,35336.7,50.187,45.593,50.187,47.625,1300500000,0
2026-08-31T06:47:32,35341.7,50.531,45.375,50.531,47.625,1300500000,0
2026-08-31T06:47:37,35346.7,50.343,45.531,50.343,47.687,1300500000,0
2026-08-31T06:47:42,35351.7,50.218,45.406,50.218,47.468,1300500000,0
2026-08-31T06:47:47,35356.7,50.218,45.375,50.218,47.625,1300500000,0
2026-08-31T06:47:52,35361.7,50.406,45.343,50.406,47.5,1300500000,0
2026-08-31T06:47:57,35366.8,50.25,45.531,50.25,47.625,1300500000,0
2026-08-31T06:48:02,35371.8,50.437,45.468,50.437,47.531,1300500000,0
2026-08-31T06:48:07,35376.8,50.593,45.375,50.593,47.625,1300500000,0
2026-08-31T06:48:12,35381.8,50.281,45.343,50.281,47.781,1300500000,0
2026-08-31T06:48:17,35386.8,50.25,45.656,50.25,47.625,1300500000,0
2026-08-31T06:48:22,35391.8,50.281,45.468,50.281,47.625,1300500000,0
2026-08-31T06:48:27,35396.8,50.406,45.375,50.406,47.5,1300500000,0
2026-08-31T06:48:32,35401.8,50.218,45.375,50.218,47.625,1300500000,0
2026-08-31T06:48:37,35406.8,50.562,45.375,50.562,47.5,1300500000,0
2026-08-31T06:48:42,35411.8,50.281,45.375,50.281,47.625,1300500000,0
2026-08-31T06:48:47,35416.8,50.343,45.625,50.343,47.593,1300500000,0
2026-08-31T06:48:52,35421.8,50.125,45.437,50.125,47.625,1300500000,0
2026-08-31T06:48:57,35426.8,50.406,45.375,50.406,47.562,1300500000,0
2026-08-31T06:49:02,35431.8,50.281,45.312,50.281,47.531,1300500000,0
2026-08-31T06:49:07,35436.8,50.25,45.656,50.25,47.687,1300500000,0
2026-08-31T06:49:12,35441.8,50.5,45.593,50.5,47.531,1300500000,0
2026-08-31T06:49:17,35446.8,50.343,45.375,50.343,47.687,1300500000,0
2026-08-31T06:49:22,35451.9,50.375,45.343,50.375,47.562,1300500000,0
2026-08-31T06:49:27,35456.9,50.25,45.687,50.25,47.625,1300500000,0
2026-08-31T06:49:32,35461.9,50.375,45.375,50.375,47.5,1300500000,0
2026-08-31T06:49:37,35466.9,50.25,45.312,50.25,47.562,1300500000,0
2026-08-31T06:49:42,35471.9,50.25,45.562,50.25,47.687,1300500000,0
2026-08-31T06:49:47,35476.9,50.437,45.312,50.437,47.625,1300500000,0
2026-08-31T06:49:52,35481.9,50.312,45.375,50.312,47.625,1300500000,0
2026-08-31T06:49:57,35486.9,50.375,45.312,50.375,47.531,1300500000,0
2026-08-31T06:50:02,35491.9,50.312,45.5,50.312,47.625,1300500000,0
2026-08-31T06:50:07,35496.9,50.343,45.375,50.343,47.687,1300500000,0
2026-08-31T06:50:12,35501.9,50.437,45.343,50.437,47.593,1300500000,0
2026-08-31T06:50:17,35506.9,50.25,45.281,50.25,47.625,1300500000,0
2026-08-31T06:50:22,35511.9,50.531,45.468,50.531,47.562,1300500000,0
2026-08-31T06:50:27,35516.9,50.25,45.437,50.25,47.593,1300500000,0
2026-08-31T06:50:32,35521.9,50.343,45.375,50.343,47.593,1300500000,0
2026-08-31T06:50:37,35526.9,50.343,45.343,50.343,47.625,1300500000,0
2026-08-31T06:50:42,35531.9,50.281,45.5,50.281,47.687,1300500000,0
2026-08-31T06:50:47,35537.0,50.5,45.406,50.5,47.468,1300500000,0
2026-08-31T06:50:52,35542.0,50.312,45.375,50.312,47.687,1300500000,0
2026-08-31T06:50:57,35547.0,50.531,45.187,50.531,47.593,1300500000,0
2026-08-31T06:51:02,35552.0,50.281,45.562,50.281,47.687,1300500000,0
2026-08-31T06:51:07,35557.0,50.343,45.437,50.343,47.625,1300500000,0
2026-08-31T06:51:12,35562.0,50.25,45.312,50.25,47.625,1300500000,0
2026-08-31T06:51:17,35567.0,50.5,45.375,50.5,47.531,1300500000,0
2026-08-31T06:51:22,35572.0,50.312,45.312,50.312,47.593,1300500000,0
2026-08-31T06:51:27,35577.0,50.187,45.281,50.187,47.625,1300500000,0
2026-08-31T06:51:32,35582.0,50.625,45.531,50.625,47.562,1300500000,0
2026-08-31T06:51:37,35587.0,50.343,45.406,50.343,47.687,1300500000,0
2026-08-31T06:51:42,35592.0,50.281,45.312,50.281,47.562,1300500000,0
2026-08-31T06:51:47,35597.0,50.375,45.375,50.375,47.812,1300500000,0
2026-08-31T06:51:52,35602.0,50.406,45.375,50.406,47.593,1300500000,0
2026-08-31T06:51:57,35607.0,50.312,45.312,50.312,47.75,1300500000,0
2026-08-31T06:52:02,35612.0,50.531,45.5,50.531,47.5,1300500000,0
2026-08-31T06:52:07,35617.0,50.343,45.375,50.343,47.687,1300500000,0
2026-08-31T06:52:12,35622.1,50.312,45.343,50.312,47.5,1300500000,0
2026-08-31T06:52:17,35627.1,50.343,45.375,50.343,47.687,1300500000,0
2026-08-31T06:52:22,35632.1,50.343,45.343,50.343,47.625,1300500000,0
2026-08-31T06:52:27,35637.1,50.281,45.218,50.281,47.656,1300500000,0
2026-08-31T06:52:32,35642.1,50.437,45.468,50.437,47.625,1300500000,0
2026-08-31T06:52:37,35647.1,50.281,45.468,50.281,47.593,1300500000,0
2026-08-31T06:52:42,35652.1,50.562,45.312,50.562,47.562,1300500000,0
2026-08-31T06:52:47,35657.1,50.312,45.375,50.312,47.625,1300500000,0
2026-08-31T06:52:52,35662.1,50.406,45.343,50.406,47.531,1300500000,0
2026-08-31T06:52:57,35667.1,50.25,45.343,50.25,47.687,1300500000,0
2026-08-31T06:53:02,35672.1,50.406,45.593,50.406,47.5,1300500000,0
2026-08-31T06:53:07,35677.1,50.437,45.375,50.437,47.531,1300500000,0
2026-08-31T06:53:12,35682.1,50.312,45.375,50.312,47.687,1300500000,0
2026-08-31T06:53:17,35687.1,50.625,45.312,50.625,47.593,1300500000,0
2026-08-31T06:53:22,35692.1,50.343,45.5,50.343,47.687,1300500000,0
2026-08-31T06:53:27,35697.1,50.187,45.406,50.187,47.593,1300500000,0
2026-08-31T06:53:32,35702.1,50.312,45.437,50.468,47.625,1300500000,0
2026-08-31T06:53:37,35707.1,50.468,45.406,50.468,47.593,1300500000,0
2026-08-31T06:53:42,35712.2,50.312,45.375,50.312,47.625,1300500000,0
2026-08-31T06:53:47,35717.2,50.531,45.312,50.531,47.562,1300500000,0
2026-08-31T06:53:52,35722.2,50.343,45.437,50.343,47.625,1300500000,0
2026-08-31T06:53:57,35727.2,50.312,45.406,50.312,47.531,1300500000,0
2026-08-31T06:54:02,35732.2,50.281,45.406,50.281,47.562,1300500000,0
2026-08-31T06:54:07,35737.2,50.312,45.406,50.312,47.625,1300500000,0
2026-08-31T06:54:12,35742.2,50.25,45.375,50.25,47.687,1300500000,0
2026-08-31T06:54:17,35747.2,50.468,45.343,50.468,47.531,1300500000,0
2026-08-31T06:54:22,35752.2,50.531,45.562,50.531,47.562,1300500000,0
2026-08-31T06:54:27,35757.2,50.281,45.437,50.281,47.562,1300500000,0
2026-08-31T06:54:32,35762.2,50.218,45.343,50.218,47.593,1300500000,0
2026-08-31T06:54:37,35767.2,50.406,45.312,50.406,47.5,1300500000,0
2026-08-31T06:54:42,35772.2,50.25,45.343,50.25,47.593,1300500000,0
2026-08-31T06:54:47,35777.2,50.281,45.281,50.281,47.625,1300500000,0
2026-08-31T06:54:52,35782.2,50.468,45.5,50.468,47.531,1300500000,0
2026-08-31T06:54:57,35787.2,50.281,45.406,50.281,47.687,1300500000,0
2026-08-31T06:55:02,35792.2,50.375,45.406,50.562,47.562,1300500000,0
2026-08-31T06:55:07,35797.2,50.218,45.312,50.218,47.625,1300500000,0
2026-08-31T06:55:12,35802.3,50.406,45.562,50.406,47.593,1300500000,0
2026-08-31T06:55:17,35807.3,50.281,45.406,50.281,47.625,1300500000,0
2026-08-31T06:55:22,35812.3,50.281,45.406,50.281,47.656,1300500000,0
2026-08-31T06:55:27,35817.3,50.531,45.375,50.531,47.562,1300500000,0
2026-08-31T06:55:32,35822.3,50.281,45.593,50.281,47.656,1300500000,0
2026-08-31T06:55:37,35827.3,50.281,45.343,50.281,47.531,1300500000,0
2026-08-31T06:55:42,35832.3,50.25,45.656,50.25,47.562,1300500000,0
2026-08-31T06:55:47,35837.3,50.375,45.437,50.375,47.718,1300500000,0
2026-08-31T06:55:52,35842.3,50.406,45.375,50.218,47.5,1300500000,0
2026-08-31T06:55:57,35847.3,50.25,45.375,50.25,47.687,1300500000,0
2026-08-31T06:56:02,35852.3,50.406,45.625,50.406,47.562,1300500000,0
2026-08-31T06:56:07,35857.3,50.25,45.468,50.25,47.687,1300500000,0
2026-08-31T06:56:12,35862.3,50.312,45.343,50.312,47.468,1300500000,0
2026-08-31T06:56:17,35867.3,50.218,45.281,50.218,47.625,1300500000,0
2026-08-31T06:56:22,35872.3,50.375,45.562,50.375,47.718,1300500000,0
2026-08-31T06:56:27,35877.3,50.437,45.406,50.437,47.531,1300500000,0
2026-08-31T06:56:32,35882.3,50.406,45.437,50.406,47.656,1300500000,0
2026-08-31T06:56:37,35887.4,50.468,45.343,50.468,47.625,1300500000,0
2026-08-31T06:56:42,35892.4,50.343,45.437,50.343,47.656,1300500000,0
2026-08-31T06:56:47,35897.4,50.375,45.375,50.343,47.562,1300500000,0
2026-08-31T06:56:52,35902.4,50.187,45.687,50.187,47.562,1300500000,0
2026-08-31T06:56:58,35907.4,50.375,45.406,50.375,47.593,1300500000,0
2026-08-31T06:57:03,35912.4,50.343,45.468,50.343,47.625,1300500000,0
2026-08-31T06:57:08,35917.4,50.5,45.343,50.5,47.562,1300500000,0
2026-08-31T06:57:13,35922.4,50.437,45.75,50.437,47.593,1300500000,0
2026-08-31T06:57:18,35927.4,50.343,45.5,50.343,47.625,1300500000,0
2026-08-31T06:57:23,35932.4,50.281,45.687,50.281,47.593,1300500000,0
2026-08-31T06:57:28,35937.4,50.343,45.468,50.343,47.656,1300500000,0
2026-08-31T06:57:33,35942.4,50.218,45.437,50.218,47.625,1300500000,0
2026-08-31T06:57:38,35947.4,50.25,45.375,50.25,47.687,1300500000,0
2026-08-31T06:57:43,35952.4,50.468,45.718,50.468,47.562,1300500000,0
2026-08-31T06:57:48,35957.4,50.312,45.5,50.312,47.625,1300500000,0
2026-08-31T06:57:53,35962.4,50.593,45.375,50.593,47.593,1300500000,0
2026-08-31T06:57:58,35967.4,50.25,45.375,50.437,47.718,1300500000,0
2026-08-31T06:58:03,35972.4,50.375,45.718,50.375,47.562,1300500000,0
2026-08-31T06:58:08,35977.5,50.187,45.406,50.187,47.656,1300500000,0
2026-08-31T06:58:13,35982.5,50.468,45.718,50.468,47.5,1300500000,0
2026-08-31T06:58:18,35987.5,50.312,45.5,50.312,47.625,1300500000,0
2026-08-31T06:58:23,35992.5,50.531,45.625,50.531,47.625,1300500000,0
2026-08-31T06:58:28,35997.5,50.312,45.531,50.312,47.687,1300500000,0
2026-08-31T06:58:33,36002.5,50.218,45.437,50.218,47.625,1300500000,0
2026-08-31T06:58:38,36007.5,50.281,45.437,50.281,47.625,1300500000,0
2026-08-31T06:58:43,36012.5,50.375,45.718,50.375,47.531,1300500000,0
2026-08-31T06:58:48,36017.5,50.218,45.625,50.218,47.625,1300500000,0
2026-08-31T06:58:53,36022.5,50.406,45.375,50.406,47.718,1300500000,0
2026-08-31T06:58:58,36027.5,50.5,45.343,50.5,47.531,1300500000,0
2026-08-31T06:59:03,36032.5,50.375,45.625,50.375,47.687,1300500000,0
2026-08-31T06:59:08,36037.5,50.312,45.531,50.312,47.593,1300500000,0
2026-08-31T06:59:13,36042.5,50.281,45.437,50.281,47.656,1300500000,0
2026-08-31T06:59:18,36047.5,50.375,45.375,50.375,47.75,1300500000,0
2026-08-31T06:59:23,36052.5,50.5,45.437,50.5,47.562,1300500000,0
2026-08-31T06:59:28,36057.5,50.343,45.375,50.343,47.593,1300500000,0
2026-08-31T06:59:33,36062.6,50.593,45.843,50.593,47.625,1300500000,0
2026-08-31T06:59:38,36067.6,50.593,45.593,50.593,47.593,1300500000,0
2026-08-31T06:59:43,36072.6,50.343,45.468,50.343,47.656,1300500000,0
2026-08-31T06:59:48,36077.6,50.312,45.375,50.312,47.5,1300500000,0
2026-08-31T06:59:53,36082.6,50.218,45.281,50.218,47.687,1300500000,0
2026-08-31T06:59:58,36087.6,50.437,45.531,50.437,47.531,1300500000,0
2026-08-31T07:00:03,36092.6,50.5,45.437,50.281,47.625,1300500000,0
2026-08-31T07:00:08,36097.6,50.375,45.343,50.375,47.5,1300500000,0
2026-08-31T07:00:13,36102.6,50.218,45.406,50.218,47.593,1300500000,0
2026-08-31T07:00:18,36107.6,50.312,45.531,50.312,47.75,1300500000,0
2026-08-31T07:00:23,36112.6,50.437,45.375,50.437,47.593,1300500000,0
2026-08-31T07:00:28,36117.6,50.25,45.593,50.25,47.656,1300500000,0
2026-08-31T07:00:33,36122.6,50.437,45.375,50.437,47.562,1300500000,0
2026-08-31T07:00:38,36127.6,50.5,45.343,50.5,47.687,1300500000,0
2026-08-31T07:00:43,36132.6,50.281,45.343,50.281,47.718,1300500000,0
2026-08-31T07:00:48,36137.6,50.312,45.562,50.312,47.562,1300500000,0
2026-08-31T07:00:53,36142.6,50.25,45.406,50.25,47.656,1300500000,0
2026-08-31T07:00:58,36147.6,50.468,45.375,50.468,47.531,1300500000,0
2026-08-31T07:01:03,36152.6,50.312,45.375,50.312,47.562,1300500000,0
2026-08-31T07:01:08,36157.7,50.25,45.625,50.25,47.718,1300500000,0
2026-08-31T07:01:13,36162.7,50.562,45.468,50.562,47.625,1300500000,0
2026-08-31T07:01:18,36167.7,50.343,45.656,50.343,47.656,1300500000,0
2026-08-31T07:01:23,36172.7,50.375,45.5,50.375,47.531,1300500000,0
2026-08-31T07:01:28,36177.7,50.25,45.375,50.25,47.656,1300500000,0
2026-08-31T07:01:33,36182.7,50.406,45.281,50.406,47.718,1300500000,0
2026-08-31T07:01:38,36187.7,50.281,45.375,50.281,47.687,1300500000,0
2026-08-31T07:01:43,36192.7,50.437,45.343,50.437,47.593,1300500000,0
2026-08-31T07:01:48,36197.7,50.468,45.593,50.468,47.625,1300500000,0
2026-08-31T07:01:53,36202.7,50.343,45.562,50.343,47.656,1300500000,0
2026-08-31T07:01:58,36207.7,50.312,45.375,50.312,47.625,1300500000,0
2026-08-31T07:02:03,36212.7,50.25,45.375,50.25,47.625,1300500000,0
2026-08-31T07:02:08,36217.7,50.406,45.687,50.406,47.562,1300500000,0
2026-08-31T07:02:13,36222.7,50.281,45.437,50.281,47.625,1300500000,0
2026-08-31T07:02:18,36227.7,50.343,45.406,50.343,47.718,1300500000,0
2026-08-31T07:02:23,36232.7,50.593,45.312,50.593,47.562,1300500000,0
2026-08-31T07:02:28,36237.7,50.343,45.625,50.343,47.75,1300500000,0
2026-08-31T07:02:33,36242.8,50.281,45.562,50.281,47.531,1300500000,0
2026-08-31T07:02:38,36247.8,50.343,45.437,50.468,47.687,1300500000,0
2026-08-31T07:02:43,36252.8,50.406,45.375,50.406,47.593,1300500000,0
2026-08-31T07:02:48,36257.8,50.343,45.375,50.343,47.625,1300500000,0
2026-08-31T07:02:53,36262.8,50.5,45.406,50.5,47.593,1300500000,0
2026-08-31T07:02:58,36267.8,50.375,45.656,50.375,47.656,1300500000,0
2026-08-31T07:03:03,36272.8,50.343,45.5,50.343,47.593,1300500000,0
2026-08-31T07:03:08,36277.8,50.281,45.437,50.281,47.531,1300500000,0
2026-08-31T07:03:13,36282.8,50.343,45.312,50.343,47.5,1300500000,0
2026-08-31T07:03:18,36287.8,50.218,45.375,50.218,47.656,1300500000,0
2026-08-31T07:03:23,36292.8,50.437,45.468,50.437,47.562,1300500000,0
2026-08-31T07:03:28,36297.8,50.312,45.531,50.312,47.625,1300500000,0
2026-08-31T07:03:33,36302.8,50.5,45.312,50.5,47.593,1300500000,0
2026-08-31T07:03:38,36307.8,50.25,45.656,50.25,47.625,1300500000,0
2026-08-31T07:03:43,36312.8,50.343,45.375,50.343,47.5,1300500000,0
2026-08-31T07:03:48,36317.8,50.218,45.468,50.218,47.625,1300500000,0
2026-08-31T07:03:53,36322.8,50.375,45.343,50.375,47.75,1300500000,0
2026-08-31T07:03:58,36327.9,50.343,45.593,50.343,47.562,1300500000,0
2026-08-31T07:04:03,36332.9,50.218,45.531,50.218,47.625,1300500000,0
2026-08-31T07:04:08,36337.9,50.531,45.375,50.531,47.531,1300500000,0
2026-08-31T07:04:13,36342.9,50.312,45.281,50.312,47.625,1300500000,0
2026-08-31T07:04:18,36347.9,50.312,45.625,50.312,47.468,1300500000,0
2026-08-31T07:04:23,36352.9,50.187,45.437,50.187,47.593,1300500000,0
2026-08-31T07:04:28,36357.9,50.343,45.375,50.343,47.562,1300500000,0
2026-08-31T07:04:33,36362.9,50.25,45.375,50.25,47.562,1300500000,0
2026-08-31T07:04:38,36367.9,50.218,45.5,50.218,47.687,1300500000,0
2026-08-31T07:04:43,36372.9,50.593,45.375,50.593,47.593,1300500000,0
2026-08-31T07:04:48,36377.9,50.281,45.531,50.281,47.687,1300500000,0
2026-08-31T07:04:53,36382.9,50.218,45.406,50.218,47.5,1300500000,0
2026-08-31T07:04:58,36387.9,50.343,45.343,50.343,47.625,1300500000,0
2026-08-31T07:05:03,36392.9,50.343,45.343,50.343,47.5,1300500000,0
2026-08-31T07:05:08,36397.9,50.218,45.5,50.218,47.656,1300500000,0
2026-08-31T07:05:13,36402.9,50.437,45.437,50.437,47.593,1300500000,0
2026-08-31T07:05:18,36407.9,50.281,45.437,50.281,47.625,1300500000,0
2026-08-31T07:05:23,36412.9,50.25,45.312,50.25,47.531,1300500000,0
2026-08-31T07:05:28,36418.0,50.156,45.312,50.156,47.593,1300500000,0
2026-08-31T07:05:33,36423.0,50.25,45.312,50.25,47.375,1300500000,0
2026-08-31T07:05:38,36428.0,50.125,45.625,50.125,47.406,1300500000,0
2026-08-31T07:05:43,36433.0,50.125,45.375,50.312,47.468,1300500000,0
2026-08-31T07:05:48,36438.0,50.375,45.343,50.375,47.531,1300500000,0
2026-08-31T07:05:53,36443.0,50.125,45.187,50.125,47.531,1300500000,0
2026-08-31T07:05:58,36448.0,50.156,45.593,50.156,47.437,1300500000,0
2026-08-31T07:06:03,36453.0,50.187,45.375,50.187,47.593,1300500000,0
2026-08-31T07:06:08,36458.0,50.312,45.281,50.312,47.406,1300500000,0
2026-08-31T07:06:13,36463.0,50.125,45.218,50.125,47.468,1300500000,0
2026-08-31T07:06:18,36468.0,50.25,45.562,50.25,47.375,1300500000,0
2026-08-31T07:06:23,36473.0,50.093,45.25,50.093,47.437,1300500000,0
2026-08-31T07:06:28,36478.0,50.25,45.5,50.25,47.312,1300500000,0
2026-08-31T07:06:33,36483.0,50.062,45.375,50.062,47.406,1300500000,0
2026-08-31T07:06:38,36488.0,50.218,45.281,50.218,47.281,1300500000,0
2026-08-31T07:06:43,36493.0,50.0,45.156,50.0,47.375,1300500000,0
2026-08-31T07:06:48,36498.0,50.062,45.531,50.062,47.5,1300500000,0
2026-08-31T07:06:53,36503.0,50.218,45.281,50.218,47.281,1300500000,0
2026-08-31T07:06:58,36508.1,50.125,45.125,50.125,47.437,1300500000,0
2026-08-31T07:07:03,36513.1,50.343,45.125,50.343,47.281,1300500000,0
2026-08-31T07:07:08,36518.1,50.031,45.375,50.031,47.312,1300500000,0
2026-08-31T07:07:13,36523.1,50.093,45.218,50.093,47.281,1300500000,0
2026-08-31T07:07:18,36528.1,50.062,45.187,50.062,47.281,1300500000,0
2026-08-31T07:07:23,36533.1,50.093,45.312,50.093,47.187,1300500000,0
2026-08-31T07:07:28,36538.1,50.031,45.125,50.031,47.281,1300500000,0
2026-08-31T07:07:33,36543.1,49.937,45.031,49.937,47.125,1300500000,0
2026-08-31T07:07:38,36548.1,50.156,45.375,50.156,47.187,1300500000,0
2026-08-31T07:07:43,36553.1,50.0,45.156,50.0,47.343,1300500000,0
2026-08-31T07:07:48,36558.1,49.875,45.156,49.875,47.156,1300500000,0
2026-08-31T07:07:53,36563.1,49.843,44.906,49.843,47.218,1300500000,0
2026-08-31T07:07:58,36568.1,49.968,45.218,49.968,47.125,1300500000,0
2026-08-31T07:08:03,36573.1,49.781,45.125,49.781,47.156,1300500000,0
2026-08-31T07:08:08,36578.1,49.843,45.031,49.843,47.093,1300500000,0
2026-08-31T07:08:13,36583.1,50.125,44.906,50.125,47.125,1300500000,0
2026-08-31T07:08:18,36588.1,49.812,44.906,49.812,47.187,1300500000,0
2026-08-31T07:08:23,36593.1,49.906,44.875,49.906,47.031,1300500000,0
2026-08-31T07:08:28,36598.2,49.687,44.75,49.687,47.062,1300500000,0
2026-08-31T07:08:33,36603.2,49.781,45.0,49.781,47.125,1300500000,0
2026-08-31T07:08:38,36608.2,49.906,44.906,49.906,46.968,1300500000,0
2026-08-31T07:08:43,36613.2,49.718,44.718,49.718,47.031,1300500000,0
2026-08-31T07:08:48,36618.2,49.625,44.75,49.625,46.906,1300500000,0
2026-08-31T07:08:53,36623.2,49.656,44.968,49.656,46.968,1300500000,0
2026-08-31T07:08:58,36628.2,49.781,44.718,49.781,47.0,1300500000,0
2026-08-31T07:09:03,36633.2,49.718,44.906,49.718,46.937,1300500000,0
2026-08-31T07:09:08,36638.2,49.687,44.781,49.687,46.937,1300500000,0
2026-08-31T07:09:13,36643.2,49.812,44.656,49.812,46.875,1300500000,0
2026-08-31T07:09:18,36648.2,49.875,44.562,49.875,46.843,1300500000,0
2026-08-31T07:09:23,36653.2,49.625,44.812,49.625,46.937,1300500000,0
2026-08-31T07:09:28,36658.2,49.468,44.75,49.468,46.781,1300500000,0
2026-08-31T07:09:33,36663.2,49.531,44.531,49.531,46.843,1300500000,0
2026-08-31T07:09:38,36668.2,49.593,44.531,49.593,46.781,1300500000,0
2026-08-31T07:09:43,36673.2,49.468,44.75,49.468,46.781,1300500000,0
2026-08-31T07:09:48,36678.2,49.375,44.625,49.375,46.687,1300500000,0
2026-08-31T07:09:53,36683.2,49.656,44.5,49.656,46.687,1300500000,0
2026-08-31T07:09:58,36688.3,49.406,44.468,49.406,46.625,1300500000,0
2026-08-31T07:10:03,36693.3,49.406,44.718,49.406,46.656,1300500000,0
2026-08-31T07:10:08,36698.3,49.343,44.531,49.343,46.718,1300500000,0
2026-08-31T07:10:13,36703.3,49.5,44.437,49.5,46.593,1300500000,0
2026-08-31T07:10:18,36708.3,49.343,44.406,49.343,46.687,1300500000,0
2026-08-31T07:10:23,36713.3,49.531,44.625,49.531,46.531,1300500000,0
2026-08-31T07:10:28,36718.3,49.25,44.5,49.343,46.625,1300500000,0
2026-08-31T07:10:33,36723.3,49.312,44.406,49.312,46.468,1300500000,0
2026-08-31T07:10:38,36728.3,49.218,44.468,49.218,46.656,1300500000,0
2026-08-31T07:10:43,36733.3,49.406,44.375,49.406,46.687,1300500000,0
2026-08-31T07:10:48,36738.3,49.156,44.281,49.156,46.5,1300500000,0
2026-08-31T07:10:53,36743.3,49.218,44.531,49.218,46.562,1300500000,0
2026-08-31T07:10:58,36748.3,49.5,44.406,49.5,46.437,1300500000,0
2026-08-31T07:11:03,36753.3,49.187,44.281,49.187,46.593,1300500000,0
2026-08-31T07:11:08,36758.3,49.125,44.25,49.125,46.437,1300500000,0
2026-08-31T07:11:13,36763.3,49.093,44.406,49.093,46.5,1300500000,0
2026-08-31T07:11:18,36768.3,49.25,44.312,49.25,46.281,1300500000,0
2026-08-31T07:11:23,36773.3,49.0,44.218,49.0,46.406,1300500000,0
2026-08-31T07:11:28,36778.4,49.187,44.125,49.187,46.375,1300500000,0
2026-08-31T07:11:33,36783.4,49.343,44.406,49.343,46.312,1300500000,0
2026-08-31T07:11:38,36788.4,49.031,44.125,49.031,46.25,1300500000,0
2026-08-31T07:11:44,36793.4,48.937,44.406,48.937,46.281,1300500000,0
2026-08-31T07:11:49,36798.4,49.093,44.187,49.093,46.437,1300500000,0
2026-08-31T07:11:54,36803.4,49.093,44.125,49.093,46.187,1300500000,0
2026-08-31T07:11:59,36808.4,49.0,44.062,49.0,46.343,1300500000,0
2026-08-31T07:12:04,36813.4,49.156,44.343,49.156,46.218,1300500000,0
2026-08-31T07:12:09,36818.4,48.937,44.156,48.937,46.156,1300500000,0
2026-08-31T07:12:14,36823.4,48.875,44.031,48.875,46.062,1300500000,0
2026-08-31T07:12:19,36828.4,48.812,43.937,48.812,46.156,1300500000,0
2026-08-31T07:12:24,36833.4,49.0,44.187,49.0,46.062,1300500000,0
2026-08-31T07:12:29,36838.4,48.781,44.031,48.781,46.125,1300500000,0
2026-08-31T07:12:34,36843.4,49.0,43.906,49.0,46.031,1300500000,0
2026-08-31T07:12:39,36848.4,49.031,44.062,49.031,46.093,1300500000,0
2026-08-31T07:12:44,36853.4,48.843,43.843,48.843,46.156,1300500000,0
2026-08-31T07:12:49,36858.4,48.781,43.937,48.781,46.062,1300500000,0
2026-08-31T07:12:54,36863.4,48.812,44.218,48.812,46.125,1300500000,0
2026-08-31T07:12:59,36868.4,48.875,44.093,48.875,46.062,1300500000,0
2026-08-31T07:13:04,36873.5,48.812,43.937,48.812,46.187,1300500000,0
2026-08-31T07:13:09,36878.5,48.937,44.062,48.781,46.156,1300500000,0
2026-08-31T07:13:14,36883.5,48.781,43.937,48.781,46.156,1300500000,0
2026-08-31T07:13:19,36888.5,49.093,43.843,49.093,46.093,1300500000,0
2026-08-31T07:13:24,36893.5,48.843,44.25,48.843,46.187,1300500000,0
2026-08-31T07:13:29,36898.5,48.687,43.906,48.687,46.093,1300500000,0
2026-08-31T07:13:34,36903.5,48.812,44.125,48.812,46.156,1300500000,0
2026-08-31T07:13:39,36908.5,48.843,44.0,48.843,46.031,1300500000,0
2026-08-31T07:13:44,36913.5,48.781,43.937,48.781,46.125,1300500000,0
2026-08-31T07:13:49,36918.5,49.0,43.875,49.0,46.062,1300500000,0
2026-08-31T07:13:54,36923.5,49.156,44.281,49.156,46.156,1300500000,0
2026-08-31T07:13:59,36928.5,48.781,44.093,48.781,46.218,1300500000,0
2026-08-31T07:14:04,36933.5,48.656,43.875,48.656,46.031,1300500000,0
2026-08-31T07:14:09,36938.5,48.906,43.843,48.906,46.125,1300500000,0
2026-08-31T07:14:14,36943.5,48.812,44.25,48.812,46.156,1300500000,0
2026-08-31T07:14:19,36948.5,48.781,44.062,48.781,46.218,1300500000,0
2026-08-31T07:14:24,36953.5,49.0,43.937,49.0,46.062,1300500000,0
2026-08-31T07:14:29,36958.6,48.906,43.843,48.906,46.093,1300500000,0
2026-08-31T07:14:34,36963.6,48.875,43.968,48.875,46.125,1300500000,0
2026-08-31T07:14:39,36968.6,48.75,43.875,48.75,46.156,1300500000,0
2026-08-31T07:14:44,36973.6,48.875,44.187,48.875,46.031,1300500000,0
2026-08-31T07:14:49,36978.6,48.718,44.093,48.718,46.031,1300500000,0
2026-08-31T07:14:54,36983.6,48.875,43.843,48.875,46.156,1300500000,0
2026-08-31T07:14:59,36988.6,48.968,43.812,48.968,46.062,1300500000,0
2026-08-31T07:15:04,36993.6,48.812,44.187,48.812,46.156,1300500000,0
2026-08-31T07:15:09,36998.6,48.718,44.031,48.718,46.062,1300500000,0
2026-08-31T07:15:14,37003.6,48.781,43.937,48.781,46.218,1300500000,0
2026-08-31T07:15:19,37008.6,48.875,43.75,48.875,46.062,1300500000,0
2026-08-31T07:15:24,37013.6,48.718,44.281,48.718,46.156,1300500000,0
2026-08-31T07:15:29,37018.6,49.0,43.906,49.0,46.031,1300500000,0
2026-08-31T07:15:34,37023.6,48.812,44.156,48.812,46.125,1300500000,0
2026-08-31T07:15:39,37028.6,48.875,44.0,48.875,46.031,1300500000,0
2026-08-31T07:15:44,37033.6,48.718,43.843,48.718,46.093,1300500000,0
2026-08-31T07:15:49,37038.6,48.75,43.812,48.75,46.031,1300500000,0
2026-08-31T07:15:54,37043.6,48.687,44.156,48.687,46.093,1300500000,0
2026-08-31T07:15:59,37048.7,48.687,43.968,48.843,45.906,1300500000,0
2026-08-31T07:16:04,37053.7,48.937,43.906,48.937,45.968,1300500000,0
2026-08-31T07:16:09,37058.7,48.843,43.781,48.843,46.125,1300500000,0
2026-08-31T07:16:14,37063.7,48.968,44.187,48.968,46.0,1300500000,0
2026-08-31T07:16:19,37068.7,48.781,43.937,48.781,46.093,1300500000,0
2026-08-31T07:16:24,37073.7,48.718,44.093,48.718,46.0,1300500000,0
2026-08-31T07:16:29,37078.7,48.718,43.937,48.718,46.0,1300500000,0
2026-08-31T07:16:34,37083.7,48.906,43.843,48.906,45.968,1300500000,0
2026-08-31T07:16:39,37088.7,48.718,43.843,48.718,45.968,1300500000,0
2026-08-31T07:16:44,37093.7,48.718,44.093,48.718,45.968,1300500000,0
2026-08-31T07:16:49,37098.7,49.031,43.968,49.031,45.906,1300500000,0
2026-08-31T07:16:54,37103.7,48.718,43.75,48.718,46.093,1300500000,0
2026-08-31T07:16:59,37108.7,48.656,43.687,48.656,46.031,1300500000,0
2026-08-31T07:17:04,37113.7,48.656,43.781,48.656,45.968,1300500000,0
2026-08-31T07:17:09,37118.7,48.843,43.937,48.843,45.968,1300500000,0
2026-08-31T07:17:14,37123.7,48.687,44.125,48.687,46.031,1300500000,0
2026-08-31T07:17:19,37128.7,48.875,43.781,48.875,45.843,1300500000,0
2026-08-31T07:17:24,37133.7,48.718,43.812,48.718,45.937,1300500000,0
2026-08-31T07:17:29,37138.8,48.75,43.75,48.75,45.937,1300500000,0
2026-08-31T07:17:34,37143.8,48.656,43.625,48.656,45.937,1300500000,0
2026-08-31T07:17:39,37148.8,48.781,43.781,48.781,45.843,1300500000,0
2026-08-31T07:17:44,37153.8,48.593,43.812,48.593,46.0,1300500000,0
2026-08-31T07:17:49,37158.8,48.656,43.75,48.656,46.031,1300500000,0
2026-08-31T07:17:54,37163.8,48.843,43.718,48.843,45.906,1300500000,0
2026-08-31T07:17:59,37168.8,48.656,43.843,48.656,46.0,1300500000,0
2026-08-31T07:18:04,37173.8,48.625,43.718,48.625,45.968,1300500000,0
2026-08-31T07:18:09,37178.8,48.718,43.718,48.718,45.843,1300500000,0
2026-08-31T07:18:14,37183.8,48.593,44.125,48.593,45.875,1300500000,0
2026-08-31T07:18:19,37188.8,48.781,43.75,48.781,45.843,1300500000,0
2026-08-31T07:18:24,37193.8,48.812,43.687,48.593,45.906,1300500000,0
2026-08-31T07:18:29,37198.8,48.656,43.718,48.656,45.781,1300500000,0
2026-08-31T07:18:34,37203.8,48.968,44.125,48.968,45.906,1300500000,0
2026-08-31T07:18:39,37208.8,48.656,43.687,48.656,45.968,1300500000,0
2026-08-31T07:18:44,37213.8,48.531,43.968,48.531,45.843,1300500000,0
2026-08-31T07:18:49,37218.8,48.593,43.843,48.593,45.843,1300500000,0
2026-08-31T07:18:54,37223.9,48.687,43.687,48.687,45.781,1300500000,0
2026-08-31T07:18:59,37228.9,48.593,43.718,48.593,45.906,1300500000,0
2026-08-31T07:19:04,37233.9,48.843,43.937,48.843,45.875,1300500000,0
2026-08-31T07:19:09,37238.9,48.625,43.75,48.625,45.875,1300500000,0
2026-08-31T07:19:14,37243.9,48.656,43.625,48.656,45.843,1300500000,0
2026-08-31T07:19:19,37248.9,48.625,43.781,48.625,45.875,1300500000,0
2026-08-31T07:19:24,37253.9,48.687,43.625,48.687,45.781,1300500000,0
2026-08-31T07:19:29,37258.9,48.625,43.625,48.625,45.812,1300500000,0
2026-08-31T07:19:34,37263.9,48.593,44.062,48.718,45.937,1300500000,0
2026-08-31T07:19:39,37268.9,48.812,43.781,48.812,45.875,1300500000,0
2026-08-31T07:19:44,37273.9,48.531,43.656,48.531,45.875,1300500000,0
2026-08-31T07:19:49,37278.9,48.531,43.687,48.531,45.781,1300500000,0
2026-08-31T07:19:54,37283.9,48.562,43.531,48.562,45.843,1300500000,0
2026-08-31T07:19:59,37288.9,48.656,43.656,48.656,45.75,1300500000,0
2026-08-31T07:20:04,37293.9,48.5,43.968,48.5,45.906,1300500000,0
2026-08-31T07:20:09,37298.9,48.625,43.718,48.625,45.718,1300500000,0
2026-08-31T07:20:14,37303.9,48.5,43.718,48.5,45.843,1300500000,0
2026-08-31T07:20:19,37309.0,48.718,43.531,48.718,45.781,1300500000,0
2026-08-31T07:20:24,37314.0,48.562,43.593,48.562,45.781,1300500000,0
2026-08-31T07:20:29,37319.0,48.593,43.843,48.593,45.656,1300500000,0
2026-08-31T07:20:34,37324.0,48.468,43.625,48.468,45.781,1300500000,0
2026-08-31T07:20:39,37329.0,48.593,43.687,48.593,45.718,1300500000,0
2026-08-31T07:20:44,37334.0,48.656,43.656,48.5,45.687,1300500000,0
2026-08-31T07:20:49,37339.0,48.468,43.562,48.468,45.718,1300500000,0
2026-08-31T07:20:54,37344.0,48.437,43.531,48.437,45.687,1300500000,0
2026-08-31T07:20:59,37349.0,48.531,43.812,48.531,45.875,1300500000,0
2026-08-31T07:21:04,37354.0,48.531,43.625,48.531,45.656,1300500000,0
2026-08-31T07:21:09,37359.0,48.437,43.625,48.437,45.781,1300500000,0
2026-08-31T07:21:14,37364.0,48.656,43.5,48.656,45.687,1300500000,0
2026-08-31T07:21:19,37369.0,48.625,43.593,48.625,45.687,1300500000,0
2026-08-31T07:21:24,37374.0,48.5,43.531,48.5,45.75,1300500000,0
2026-08-31T07:21:29,37379.0,48.406,43.781,48.406,45.625,1300500000,0
2026-08-31T07:21:34,37384.0,48.437,43.531,48.437,45.718,1300500000,0
2026-08-31T07:21:39,37389.0,48.531,43.562,48.531,45.75,1300500000,0
2026-08-31T07:21:44,37394.0,48.437,43.437,48.437,45.718,1300500000,0
2026-08-31T07:21:49,37399.1,48.437,43.75,48.437,45.75,1300500000,0
2026-08-31T07:21:54,37404.1,48.656,43.593,48.656,45.687,1300500000,0
2026-08-31T07:21:59,37409.1,48.468,43.5,48.468,45.75,1300500000,0
2026-08-31T07:22:04,37414.1,48.468,43.5,48.468,45.718,1300500000,0
2026-08-31T07:22:09,37419.1,48.375,43.656,48.375,45.718,1300500000,0
2026-08-31T07:22:14,37424.1,48.5,43.437,48.5,45.843,1300500000,0
2026-08-31T07:22:19,37429.1,48.562,43.812,48.562,45.718,1300500000,0
2026-08-31T07:22:24,37434.1,48.437,43.656,48.437,45.718,1300500000,0
2026-08-31T07:22:29,37439.1,48.593,43.468,48.593,45.687,1300500000,0
2026-08-31T07:22:34,37444.1,48.437,43.468,48.437,45.593,1300500000,0
2026-08-31T07:22:39,37449.1,48.437,43.75,48.437,45.625,1300500000,0
2026-08-31T07:22:44,37454.1,48.343,43.625,48.343,45.656,1300500000,0
2026-08-31T07:22:49,37459.1,48.437,43.468,48.437,45.875,1300500000,0
2026-08-31T07:22:54,37464.1,48.468,43.437,48.468,45.625,1300500000,0
2026-08-31T07:22:59,37469.1,48.437,43.718,48.437,45.687,1300500000,0
2026-08-31T07:23:04,37474.1,48.593,43.468,48.593,45.625,1300500000,0
2026-08-31T07:23:09,37479.1,48.406,43.687,48.406,45.75,1300500000,0
2026-08-31T07:23:14,37484.1,48.468,43.562,48.375,45.562,1300500000,0
2026-08-31T07:23:19,37489.2,48.343,43.437,48.343,45.687,1300500000,0
2026-08-31T07:23:24,37494.2,48.468,43.406,48.468,45.593,1300500000,0
2026-08-31T07:23:29,37499.2,48.343,43.656,48.343,45.687,1300500000,0
2026-08-31T07:23:34,37504.2,48.5,43.531,48.5,45.562,1300500000,0
2026-08-31T07:23:39,37509.2,48.625,43.562,48.625,45.687,1300500000,0
2026-08-31T07:23:44,37514.2,48.468,43.437,48.468,45.75,1300500000,0
2026-08-31T07:23:49,37519.2,48.406,43.437,48.406,45.593,1300500000,0
2026-08-31T07:23:54,37524.2,48.375,43.406,48.375,45.687,1300500000,0
2026-08-31T07:23:59,37529.2,48.531,43.718,48.531,45.625,1300500000,0
2026-08-31T07:24:04,37534.2,48.312,43.562,48.312,45.718,1300500000,0
2026-08-31T07:24:09,37539.2,48.468,43.531,48.468,45.625,1300500000,0
2026-08-31T07:24:14,37544.2,48.343,43.375,48.343,45.687,1300500000,0
2026-08-31T07:24:19,37549.2,48.25,43.718,48.25,45.531,1300500000,0
2026-08-31T07:24:24,37554.2,48.343,43.468,48.343,45.687,1300500000,0
2026-08-31T07:24:29,37559.2,48.437,43.375,48.437,45.593,1300500000,0
2026-08-31T07:24:34,37564.2,48.281,43.562,48.281,45.625,1300500000,0
2026-08-31T07:24:39,37569.2,48.468,43.437,48.468,45.562,1300500000,0
2026-08-31T07:24:44,37574.3,48.562,43.375,48.562,45.531,1300500000,0
2026-08-31T07:24:49,37579.3,48.343,43.437,48.343,45.687,1300500000,0
2026-08-31T07:24:54,37584.3,48.312,43.406,48.312,45.625,1300500000,0
2026-08-31T07:24:59,37589.3,48.281,43.625,48.281,45.687,1300500000,0
2026-08-31T07:25:04,37594.3,48.468,43.468,48.468,45.531,1300500000,0
2026-08-31T07:25:09,37599.3,48.312,43.468,48.312,45.593,1300500000,0
2026-08-31T07:25:14,37604.3,48.281,43.375,48.281,45.687,1300500000,0
2026-08-31T07:25:19,37609.3,48.531,43.656,48.531,45.562,1300500000,0
2026-08-31T07:25:24,37614.3,48.312,43.468,48.312,45.687,1300500000,0
2026-08-31T07:25:29,37619.3,48.375,43.5,48.375,45.562,1300500000,0
2026-08-31T07:25:34,37624.3,48.25,43.312,48.25,45.562,1300500000,0
2026-08-31T07:25:39,37629.3,48.406,43.75,48.406,45.75,1300500000,0
2026-08-31T07:25:44,37634.3,48.468,43.531,48.468,45.562,1300500000,0
2026-08-31T07:25:49,37639.3,48.281,43.406,48.281,45.656,1300500000,0
2026-08-31T07:25:54,37644.3,48.593,43.406,48.593,45.5,1300500000,0
2026-08-31T07:25:59,37649.3,48.281,43.687,48.281,45.562,1300500000,0
2026-08-31T07:26:04,37654.3,48.375,43.5,48.375,45.531,1300500000,0
2026-08-31T07:26:09,37659.3,48.187,43.437,48.187,45.531,1300500000,0
2026-08-31T07:26:14,37664.4,48.312,43.562,48.312,45.625,1300500000,0
2026-08-31T07:26:19,37669.4,48.406,43.437,48.406,45.531,1300500000,0
2026-08-31T07:26:25,37674.4,48.312,43.625,48.312,45.562,1300500000,0
2026-08-31T07:26:30,37679.4,48.531,43.343,48.531,45.5,1300500000,0
2026-08-31T07:26:35,37684.4,48.343,43.375,48.343,45.593,1300500000,0
2026-08-31T07:26:40,37689.4,48.375,43.312,48.375,45.531,1300500000,0
2026-08-31T07:26:45,37694.4,48.187,43.5,48.187,45.687,1300500000,0
2026-08-31T07:26:50,37699.4,48.406,43.406,48.406,45.437,1300500000,0
2026-08-31T07:26:55,37704.4,48.25,43.375,48.25,45.468,1300500000,0
2026-08-31T07:27:00,37709.4,48.562,43.343,48.562,45.531,1300500000,0
2026-08-31T07:27:05,37714.4,48.5,43.281,48.5,45.562,1300500000,0
2026-08-31T07:27:10,37719.4,48.25,43.312,48.25,45.687,1300500000,0
2026-08-31T07:27:15,37724.4,48.156,43.5,48.156,45.593,1300500000,0
2026-08-31T07:27:20,37729.4,48.312,43.437,48.312,45.593,1300500000,0
2026-08-31T07:27:25,37734.4,48.218,43.375,48.218,45.468,1300500000,0
2026-08-31T07:27:30,37739.4,48.187,43.25,48.187,45.531,1300500000,0
2026-08-31T07:27:35,37744.4,48.406,43.593,48.406,45.468,1300500000,0
2026-08-31T07:27:40,37749.4,48.218,43.218,48.218,45.593,1300500000,0
2026-08-31T07:27:45,37754.5,48.187,43.5,48.187,45.468,1300500000,0
2026-08-31T07:27:50,37759.5,48.218,43.375,48.281,45.562,1300500000,0
2026-08-31T07:27:55,37764.5,48.156,43.5,48.156,45.531,1300500000,0
2026-08-31T07:28:00,37769.5,48.343,43.375,48.343,45.687,1300500000,0
2026-08-31T07:28:05,37774.5,48.187,43.25,48.187,45.437,1300500000,0
2026-08-31T07:28:10,37779.5,48.218,43.406,48.218,45.656,1300500000,0
2026-08-31T07:28:15,37784.5,48.468,43.25,48.468,45.468,1300500000,0
2026-08-31T07:28:20,37789.5,48.25,43.25,48.25,45.625,1300500000,0
2026-08-31T07:28:25,37794.5,48.187,43.531,48.187,45.531,1300500000,0
2026-08-31T07:28:30,37799.5,48.156,43.343,48.156,45.531,1300500000,0
2026-08-31T07:28:35,37804.5,48.312,43.343,48.312,45.343,1300500000,0
2026-08-31T07:28:40,37809.5,48.218,43.343,48.218,45.468,1300500000,0
2026-08-31T07:28:45,37814.5,48.187,43.468,48.187,45.593,1300500000,0
2026-08-31T07:28:50,37819.5,48.468,43.281,48.468,45.375,1300500000,0
2026-08-31T07:28:55,37824.5,48.187,43.468,48.187,45.437,1300500000,0
2026-08-31T07:29:00,37829.5,48.218,43.343,48.218,45.437,1300500000,0
2026-08-31T07:29:05,37834.5,48.125,43.312,48.125,45.468,1300500000,0
2026-08-31T07:29:10,37839.6,48.187,43.156,48.187,45.312,1300500000,0
2026-08-31T07:29:15,37844.6,48.281,43.468,48.281,45.343,1300500000,0
2026-08-31T07:29:20,37849.6,48.156,43.375,48.156,45.562,1300500000,0
2026-08-31T07:29:25,37854.6,48.406,43.375,48.406,45.406,1300500000,0
2026-08-31T07:29:30,37859.6,48.187,43.25,48.187,45.5,1300500000,0
2026-08-31T07:29:35,37864.6,48.187,43.468,48.187,45.375,1300500000,0
2026-08-31T07:29:40,37869.6,48.187,43.375,48.187,45.437,1300500000,0
2026-08-31T07:29:45,37874.6,48.156,43.25,48.156,45.468,1300500000,0
2026-08-31T07:29:50,37879.6,48.312,43.218,48.312,45.406,1300500000,0
2026-08-31T07:29:55,37884.6,48.187,43.531,48.187,45.406,1300500000,0
2026-08-31T07:30:00,37889.6,48.218,43.25,48.218,45.406,1300500000,0
2026-08-31T07:30:05,37894.6,48.156,43.5,48.156,45.437,1300500000,0
2026-08-31T07:30:10,37899.6,48.187,43.281,48.187,45.375,1300500000,0
2026-08-31T07:30:15,37904.6,48.187,43.531,48.187,45.468,1300500000,0
2026-08-31T07:30:20,37909.6,48.156,43.375,48.281,45.375,1300500000,0
2026-08-31T07:30:25,37914.6,48.312,43.281,48.312,45.468,1300500000,0
2026-08-31T07:30:30,37919.6,48.125,43.25,48.125,45.5,1300500000,0
2026-08-31T07:30:35,37924.7,48.468,43.531,48.468,45.437,1300500000,0
2026-08-31T07:30:40,37929.7,48.218,43.406,48.218,45.468,1300500000,0
2026-08-31T07:30:45,37934.7,48.218,43.343,48.218,45.375,1300500000,0
2026-08-31T07:30:50,37939.7,48.125,43.312,48.125,45.468,1300500000,0
2026-08-31T07:30:55,37944.7,48.281,43.343,48.281,45.437,1300500000,0
2026-08-31T07:31:00,37949.7,48.187,43.187,48.187,45.437,1300500000,0
2026-08-31T07:31:05,37954.7,48.218,43.468,48.312,45.343,1300500000,0
2026-08-31T07:31:10,37959.7,48.093,43.375,48.093,45.375,1300500000,0
2026-08-31T07:31:15,37964.7,48.156,43.218,48.156,45.312,1300500000,0
2026-08-31T07:31:20,37969.7,48.187,43.156,48.187,45.468,1300500000,0
2026-08-31T07:31:25,37974.7,48.156,43.406,48.156,45.562,1300500000,0
2026-08-31T07:31:30,37979.7,48.343,43.218,48.343,45.406,1300500000,0
2026-08-31T07:31:35,37984.7,48.062,43.406,48.062,45.531,1300500000,0
2026-08-31T07:31:40,37989.7,48.406,43.343,48.406,45.437,1300500000,0
2026-08-31T07:31:45,37994.7,48.125,43.218,48.125,45.406,1300500000,0
2026-08-31T07:31:50,37999.7,48.125,43.093,48.125,45.406,1300500000,0
2026-08-31T07:31:55,38004.7,48.062,43.468,48.062,45.406,1300500000,0
2026-08-31T07:32:00,38009.7,48.187,43.093,48.187,45.375,1300500000,0
2026-08-31T07:32:05,38014.8,48.093,43.406,48.093,45.437,1300500000,0
2026-08-31T07:32:10,38019.8,48.281,43.312,48.281,45.343,1300500000,0
2026-08-31T07:32:15,38024.8,48.062,43.187,48.062,45.5,1300500000,0
2026-08-31T07:32:20,38029.8,48.093,43.187,48.093,45.25,1300500000,0
2026-08-31T07:32:25,38034.8,48.062,43.468,48.062,45.375,1300500000,0
2026-08-31T07:32:30,38039.8,48.187,43.406,48.187,45.437,1300500000,0
2026-08-31T07:32:35,38044.8,48.187,43.156,48.187,45.281,1300500000,0
2026-08-31T07:32:40,38049.8,48.125,43.093,48.125,45.437,1300500000,0
2026-08-31T07:32:45,38054.8,48.187,43.468,48.187,45.312,1300500000,0
2026-08-31T07:32:50,38059.8,48.156,43.093,48.156,45.25,1300500000,0
2026-08-31T07:32:55,38064.8,48.062,43.375,48.062,45.187,1300500000,0
2026-08-31T07:33:00,38069.8,48.093,43.25,48.093,45.437,1300500000,0
2026-08-31T07:33:05,38074.8,48.156,43.156,48.156,45.343,1300500000,0
2026-08-31T07:33:10,38079.8,48.031,43.093,48.031,45.375,1300500000,0
2026-08-31T07:33:15,38084.8,48.125,43.437,48.125,45.312,1300500000,0
2026-08-31T07:33:20,38089.8,48.25,43.25,48.031,45.281,1300500000,0
2026-08-31T07:33:25,38094.8,48.093,43.218,48.093,45.25,1300500000,0
2026-08-31T07:33:30,38099.9,48.0,43.218,48.0,45.281,1300500000,0
2026-08-31T07:33:35,38104.9,48.093,43.437,48.093,45.375,1300500000,0
2026-08-31T07:33:40,38109.9,48.062,43.312,48.062,45.25,1300500000,0
2026-08-31T07:33:45,38114.9,47.968,43.218,47.968,45.343,1300500000,0
2026-08-31T07:33:50,38119.9,48.187,43.093,48.187,45.218,1300500000,0
2026-08-31T07:33:55,38124.9,48.187,43.437,48.187,45.25,1300500000,0
2026-08-31T07:34:00,38129.9,48.125,43.25,48.125,45.375,1300500000,0
2026-08-31T07:34:05,38134.9,48.0,43.156,48.0,45.281,1300500000,0
2026-08-31T07:34:10,38139.9,48.093,43.187,48.093,45.375,1300500000,0
2026-08-31T07:34:15,38144.9,48.093,43.375,48.062,45.281,1300500000,0
2026-08-31T07:34:20,38149.9,48.031,43.312,48.031,45.437,1300500000,0
2026-08-31T07:34:25,38154.9,48.187,43.218,48.187,45.25,1300500000,0
2026-08-31T07:34:30,38159.9,48.093,43.156,48.093,45.312,1300500000,0
2026-08-31T07:34:35,38164.9,48.218,43.125,48.218,45.218,1300500000,0
2026-08-31T07:34:40,38169.9,47.937,43.125,47.937,45.281,1300500000,0
2026-08-31T07:34:45,38174.9,48.031,43.406,48.031,45.25,1300500000,0
2026-08-31T07:34:50,38179.9,47.937,43.25,47.937,45.312,1300500000,0
2026-08-31T07:34:55,38184.9,48.093,43.156,48.093,45.218,1300500000,0
2026-08-31T07:35:00,38190.0,47.937,43.093,47.937,45.281,1300500000,0
2026-08-31T07:35:05,38195.0,48.0,43.437,48.0,45.187,1300500000,0
2026-08-31T07:35:10,38200.0,48.281,43.312,48.281,45.218,1300500000,0
2026-08-31T07:35:15,38205.0,48.0,43.406,48.0,45.375,1300500000,0
2026-08-31T07:35:20,38210.0,47.906,43.218,47.906,45.281,1300500000,0
2026-08-31T07:35:25,38215.0,47.906,43.093,48.093,45.281,1300500000,0
2026-08-31T07:35:30,38220.0,48.156,43.062,48.156,45.25,1300500000,0
2026-08-31T07:35:35,38225.0,48.031,43.437,48.031,45.281,1300500000,0
2026-08-31T07:35:40,38230.0,48.093,43.25,48.093,45.187,1300500000,0
2026-08-31T07:35:45,38235.0,47.968,43.125,47.968,45.25,1300500000,0
2026-08-31T07:35:50,38240.0,48.062,43.062,48.062,45.187,1300500000,0
2026-08-31T07:35:55,38245.0,47.968,43.437,47.968,45.218,1300500000,0
2026-08-31T07:36:00,38250.0,48.062,43.281,48.062,45.406,1300500000,0
2026-08-31T07:36:05,38255.0,48.187,43.062,48.187,45.218,1300500000,0
2026-08-31T07:36:10,38260.0,48.0,43.031,48.0,45.281,1300500000,0
2026-08-31T07:36:15,38265.0,48.187,43.406,48.187,45.187,1300500000,0
2026-08-31T07:36:20,38270.0,47.937,43.25,47.937,45.25,1300500000,0
2026-08-31T07:36:25,38275.1,48.0,43.156,48.0,45.187,1300500000,0
2026-08-31T07:36:30,38280.1,47.968,43.031,47.968,45.187,1300500000,0
2026-08-31T07:36:35,38285.1,47.906,42.968,47.906,45.187,1300500000,0
2026-08-31T07:36:40,38290.1,48.093,43.281,48.093,45.218,1300500000,0
2026-08-31T07:36:45,38295.1,47.906,43.093,47.906,45.25,1300500000,0
2026-08-31T07:36:50,38300.1,47.968,43.062,47.968,45.218,1300500000,0
2026-08-31T07:36:55,38305.1,47.906,43.156,47.906,45.281,1300500000,0
2026-08-31T07:37:00,38310.1,48.0,43.031,48.0,45.25,1300500000,0
2026-08-31T07:37:05,38315.1,48.062,43.031,48.062,45.218,1300500000,0
2026-08-31T07:37:10,38320.1,48.0,43.281,48.0,45.218,1300500000,0
2026-08-31T07:37:15,38325.1,48.125,43.218,48.125,45.125,1300500000,0
2026-08-31T07:37:20,38330.1,48.187,43.031,48.187,45.187,1300500000,0
2026-08-31T07:37:25,38335.1,47.937,42.968,47.937,45.281,1300500000,0
2026-08-31T07:37:30,38340.1,47.875,43.25,47.875,45.187,1300500000,0
2026-08-31T07:37:35,38345.1,47.968,43.125,47.968,45.281,1300500000,0
2026-08-31T07:37:40,38350.1,48.062,43.062,48.062,45.187,1300500000,0
2026-08-31T07:37:45,38355.1,47.906,43.031,47.906,45.25,1300500000,0
2026-08-31T07:37:50,38360.1,48.093,43.218,48.093,45.218,1300500000,0
2026-08-31T07:37:55,38365.2,47.968,42.937,47.968,45.218,1300500000,0
2026-08-31T07:38:00,38370.2,48.187,43.156,48.187,45.125,1300500000,0
2026-08-31T07:38:05,38375.2,47.843,43.125,47.843,45.187,1300500000,0
2026-08-31T07:38:10,38380.2,47.937,43.031,47.937,45.187,1300500000,0
2026-08-31T07:38:15,38385.2,47.968,43.0,47.968,45.218,1300500000,0
2026-08-31T07:38:20,38390.2,48.0,43.218,48.0,45.156,1300500000,0
2026-08-31T07:38:25,38395.2,48.093,43.125,48.093,45.125,1300500000,0
2026-08-31T07:38:30,38400.2,47.875,43.0,47.875,45.125,1300500000,0
2026-08-31T07:38:35,38405.2,48.187,42.968,48.187,45.218,1300500000,0
2026-08-31T07:38:40,38410.2,47.968,42.968,47.968,45.25,1300500000,0
2026-08-31T07:38:45,38415.2,47.843,42.968,47.843,45.187,1300500000,0
2026-08-31T07:38:50,38420.2,47.875,43.281,47.875,45.187,1300500000,0
2026-08-31T07:38:55,38425.2,48.031,43.062,48.031,45.156,1300500000,0
2026-08-31T07:39:00,38430.2,47.875,42.968,47.875,45.187,1300500000,0
2026-08-31T07:39:05,38435.2,48.187,42.968,48.187,45.062,1300500000,0
2026-08-31T07:39:10,38440.2,48.187,43.25,48.187,45.25,1300500000,0
2026-08-31T07:39:15,38445.2,47.968,43.125,47.968,45.156,1300500000,0
2026-08-31T07:39:20,38450.2,47.937,43.0,47.937,45.218,1300500000,0
2026-08-31T07:39:25,38455.3,48.062,43.187,48.062,45.343,1300500000,0
2026-08-31T07:39:30,38460.3,47.906,42.968,47.906,45.156,1300500000,0
2026-08-31T07:39:35,38465.3,47.843,42.968,47.843,45.25,1300500000,0
2026-08-31T07:39:40,38470.3,48.187,43.312,48.187,45.187,1300500000,0
2026-08-31T07:39:45,38475.3,47.812,43.031,47.812,45.281,1300500000,0
2026-08-31T07:39:50,38480.3,47.875,43.031,47.875,45.187,1300500000,0
2026-08-31T07:39:55,38485.3,47.937,42.906,47.937,45.281,1300500000,0
2026-08-31T07:40:00,38490.3,48.0,43.031,48.0,45.187,1300500000,0
2026-08-31T07:40:05,38495.3,47.843,42.968,47.843,45.187,1300500000,0
2026-08-31T07:40:10,38500.3,48.062,43.281,48.062,45.125,1300500000,0
2026-08-31T07:40:15,38505.3,47.843,43.031,47.843,45.187,1300500000,0
2026-08-31T07:40:20,38510.3,47.875,42.968,48.093,45.093,1300500000,0
2026-08-31T07:40:25,38515.3,47.812,42.937,47.812,45.187,1300500000,0
2026-08-31T07:40:30,38520.3,47.937,43.218,47.937,45.156,1300500000,0
2026-08-31T07:40:35,38525.3,47.812,43.125,47.812,45.125,1300500000,0
2026-08-31T07:40:40,38530.3,47.968,43.031,47.968,45.156,1300500000,0
2026-08-31T07:40:45,38535.3,48.062,43.062,48.062,45.156,1300500000,0
2026-08-31T07:40:50,38540.3,47.937,43.0,47.937,45.218,1300500000,0
2026-08-31T07:40:55,38545.4,48.125,42.906,48.125,45.218,1300500000,0
2026-08-31T07:41:00,38550.4,47.875,43.25,47.875,45.187,1300500000,0
2026-08-31T07:41:06,38555.4,47.937,43.0,47.937,45.156,1300500000,0
2026-08-31T07:41:11,38560.4,47.812,42.968,47.812,45.218,1300500000,0
2026-08-31T07:41:16,38565.4,47.968,42.968,47.968,45.125,1300500000,0
2026-08-31T07:41:21,38570.4,47.906,43.25,47.906,45.125,1300500000,0
2026-08-31T07:41:26,38575.4,48.031,42.937,48.031,45.093,1300500000,0
2026-08-31T07:41:31,38580.4,47.75,43.281,47.75,45.156,1300500000,0
2026-08-31T07:41:36,38585.4,47.843,43.093,47.843,45.062,1300500000,0
2026-08-31T07:41:41,38590.4,47.781,42.906,47.781,45.093,1300500000,0
2026-08-31T07:41:46,38595.4,47.968,42.937,47.968,45.218,1300500000,0
2026-08-31T07:41:51,38600.4,48.0,43.218,48.0,45.125,1300500000,0
2026-08-31T07:41:56,38605.4,47.906,43.125,47.906,45.187,1300500000,0
2026-08-31T07:42:01,38610.4,48.062,42.968,48.062,45.125,1300500000,0
2026-08-31T07:42:06,38615.4,47.812,42.906,47.812,45.187,1300500000,0
2026-08-31T07:42:11,38620.4,47.75,42.968,47.75,45.093,1300500000,0
2026-08-31T07:42:16,38625.4,47.781,42.937,47.781,45.187,1300500000,0
2026-08-31T07:42:21,38630.5,47.843,43.218,47.843,45.093,1300500000,0
2026-08-31T07:42:26,38635.5,47.812,42.968,47.812,45.187,1300500000,0
2026-08-31T07:42:31,38640.5,48.031,42.968,48.031,45.0,1300500000,0
2026-08-31T07:42:36,38645.5,47.812,42.937,47.812,45.187,1300500000,0
2026-08-31T07:42:41,38650.5,47.812,43.218,47.812,45.093,1300500000,0
2026-08-31T07:42:46,38655.5,47.718,43.062,47.718,45.156,1300500000,0
2026-08-31T07:42:51,38660.5,47.906,43.218,47.906,45.093,1300500000,0
2026-08-31T07:42:56,38665.5,47.75,43.062,47.75,45.093,1300500000,0
2026-08-31T07:43:01,38670.5,47.75,42.906,47.75,45.125,1300500000,0
2026-08-31T07:43:06,38675.5,48.0,42.937,48.0,45.125,1300500000,0
2026-08-31T07:43:11,38680.5,47.781,43.25,47.781,45.156,1300500000,0
2026-08-31T07:43:16,38685.5,48.031,43.062,48.031,45.062,1300500000,0
2026-08-31T07:43:21,38690.5,47.812,42.968,47.812,45.187,1300500000,0
2026-08-31T07:43:26,38695.5,47.937,42.968,47.937,45.062,1300500000,0
2026-08-31T07:43:31,38700.5,47.75,42.937,47.75,45.156,1300500000,0
2026-08-31T07:43:36,38705.5,47.937,42.875,47.937,45.062,1300500000,0
2026-08-31T07:43:41,38710.5,47.718,43.218,47.718,45.062,1300500000,0
2026-08-31T07:43:46,38715.5,47.718,43.062,48.0,45.062,1300500000,0
2026-08-31T07:43:51,38720.6,47.75,43.031,47.75,45.093,1300500000,0
2026-08-31T07:43:56,38725.6,47.781,42.906,47.781,45.062,1300500000,0
2026-08-31T07:44:01,38730.6,47.687,43.187,47.687,45.031,1300500000,0
2026-08-31T07:44:06,38735.6,47.906,43.062,47.906,45.156,1300500000,0
2026-08-31T07:44:11,38740.6,47.875,43.187,47.875,45.0,1300500000,0
2026-08-31T07:44:16,38745.6,47.875,43.031,47.875,45.156,1300500000,0
2026-08-31T07:44:21,38750.6,48.062,42.906,48.062,45.0,1300500000,0
2026-08-31T07:44:26,38755.6,47.781,42.906,47.781,45.093,1300500000,0
2026-08-31T07:44:31,38760.6,47.75,43.218,47.75,45.062,1300500000,0
2026-08-31T07:44:36,38765.6,47.687,42.968,47.687,45.062,1300500000,0
2026-08-31T07:44:41,38770.6,47.812,42.937,47.812,45.062,1300500000,0
2026-08-31T07:44:46,38775.6,47.812,42.843,47.812,45.125,1300500000,0
2026-08-31T07:44:51,38780.6,47.968,43.187,47.968,45.031,1300500000,0
2026-08-31T07:44:56,38785.6,48.0,42.968,48.0,45.093,1300500000,0
2026-08-31T07:45:01,38790.6,47.75,42.937,47.75,45.125,1300500000,0
2026-08-31T07:45:06,38795.6,47.687,43.031,47.687,45.093,1300500000,0
2026-08-31T07:45:11,38800.6,47.781,42.843,47.781,45.187,1300500000,0
2026-08-31T07:45:16,38805.6,47.875,42.875,47.781,45.0,1300500000,0
2026-08-31T07:45:21,38810.7,47.718,43.312,47.718,45.093,1300500000,0
2026-08-31T07:45:26,38815.7,47.937,42.968,47.937,44.968,1300500000,0
2026-08-31T07:45:31,38820.7,47.843,42.937,47.843,45.125,1300500000,0
2026-08-31T07:45:36,38825.7,47.718,42.937,47.718,44.968,1300500000,0
2026-08-31T07:45:41,38830.7,47.687,43.25,47.687,45.031,1300500000,0
2026-08-31T07:45:46,38835.7,47.812,42.812,47.812,45.0,1300500000,0
2026-08-31T07:45:51,38840.7,47.75,43.125,47.75,45.0,1300500000,0
2026-08-31T07:45:56,38845.7,47.906,42.968,47.906,45.031,1300500000,0
2026-08-31T07:46:01,38850.7,47.875,42.875,47.718,45.062,1300500000,0
2026-08-31T07:46:06,38855.7,47.812,42.906,47.812,44.968,1300500000,0
2026-08-31T07:46:11,38860.7,47.718,43.187,47.718,45.031,1300500000,0
2026-08-31T07:46:16,38865.7,47.781,43.031,47.781,45.031,1300500000,0
2026-08-31T07:46:21,38870.7,47.812,42.875,47.812,45.062,1300500000,0
2026-08-31T07:46:26,38875.7,47.75,42.906,47.75,45.125,1300500000,0
2026-08-31T07:46:31,38880.7,47.875,42.937,47.875,45.093,1300500000,0
2026-08-31T07:46:36,38885.7,47.781,42.875,47.781,45.093,1300500000,0
2026-08-31T07:46:41,38890.7,48.062,43.218,48.062,45.0,1300500000,0
2026-08-31T07:46:46,38895.8,47.75,43.031,47.843,45.156,1300500000,0
2026-08-31T07:46:51,38900.8,47.812,42.937,47.812,44.968,1300500000,0
2026-08-31T07:46:56,38905.8,47.75,42.781,47.75,45.093,1300500000,0
2026-08-31T07:47:01,38910.8,47.906,43.125,47.906,45.0,1300500000,0
2026-08-31T07:47:06,38915.8,47.718,42.906,47.718,45.031,1300500000,0
2026-08-31T07:47:11,38920.8,47.718,42.875,47.718,45.156,1300500000,0
2026-08-31T07:47:16,38925.8,47.968,42.937,47.968,44.968,1300500000,0
2026-08-31T07:47:21,38930.8,47.781,42.843,47.781,45.125,1300500000,0
2026-08-31T07:47:26,38935.8,47.687,42.781,47.687,44.906,1300500000,0
2026-08-31T07:47:31,38940.8,47.75,43.187,47.75,45.093,1300500000,0
2026-08-31T07:47:36,38945.8,47.937,43.0,47.937,45.031,1300500000,0
2026-08-31T07:47:41,38950.8,47.906,43.093,47.906,44.875,1300500000,0
2026-08-31T07:47:46,38955.8,47.875,43.0,47.625,45.062,1300500000,0
2026-08-31T07:47:51,38960.8,47.718,43.125,47.718,44.875,1300500000,0
2026-08-31T07:47:56,38965.8,47.718,43.031,47.718,44.937,1300500000,0
2026-08-31T07:48:01,38970.8,47.718,42.875,47.718,44.968,1300500000,0
2026-08-31T07:48:06,38975.8,47.687,42.812,47.687,44.875,1300500000,0
2026-08-31T07:48:11,38980.9,47.718,43.031,47.718,45.093,1300500000,0
2026-08-31T07:48:16,38985.9,47.781,42.968,47.781,44.906,1300500000,0
2026-08-31T07:48:21,38990.9,47.718,42.875,47.718,45.031,1300500000,0
2026-08-31T07:48:26,38995.9,48.0,42.812,48.0,44.968,1300500000,0
2026-08-31T07:48:31,39000.9,47.687,43.062,47.687,45.0,1300500000,0
2026-08-31T07:48:36,39005.9,47.75,42.812,47.75,44.875,1300500000,0
2026-08-31T07:48:41,39010.9,47.687,43.093,47.687,44.937,1300500000,0
2026-08-31T07:48:46,39015.9,47.812,42.906,47.812,44.937,1300500000,0
2026-08-31T07:48:51,39020.9,47.687,42.843,47.687,44.937,1300500000,0
2026-08-31T07:48:56,39025.9,47.656,42.812,47.656,45.062,1300500000,0
2026-08-31T07:49:01,39030.9,47.906,43.156,47.906,45.031,1300500000,0
2026-08-31T07:49:06,39035.9,47.75,42.906,47.75,45.031,1300500000,0
2026-08-31T07:49:11,39040.9,47.656,42.968,47.656,44.875,1300500000,0
2026-08-31T07:49:16,39045.9,47.687,42.812,47.781,44.968,1300500000,0
2026-08-31T07:49:21,39050.9,47.687,43.0,47.687,44.875,1300500000,0
2026-08-31T07:49:26,39055.9,47.75,42.781,47.75,45.031,1300500000,0
2026-08-31T07:49:31,39060.9,47.906,43.093,47.906,44.906,1300500000,0
2026-08-31T07:49:36,39065.9,47.687,42.968,47.687,44.906,1300500000,0
2026-08-31T07:49:41,39071.0,47.687,42.812,47.687,44.843,1300500000,0
2026-08-31T07:49:46,39076.0,47.656,42.812,47.656,44.937,1300500000,0
2026-08-31T07:49:51,39081.0,47.718,43.093,47.718,44.937,1300500000,0
2026-08-31T07:49:56,39086.0,47.656,42.937,47.656,44.968,1300500000,0
2026-08-31T07:50:01,39091.0,47.75,42.812,47.75,45.0,1300500000,0
2026-08-31T07:50:06,39096.0,47.843,42.718,47.843,44.906,1300500000,0
2026-08-31T07:50:11,39101.0,47.687,43.187,47.687,45.093,1300500000,0
2026-08-31T07:50:16,39106.0,47.656,42.75,47.656,44.812,1300500000,0
2026-08-31T07:50:21,39111.0,47.656,43.093,47.687,45.031,1300500000,0
2026-08-31T07:50:26,39116.0,47.718,42.937,47.718,44.906,1300500000,0
2026-08-31T07:50:31,39121.0,47.687,42.843,47.687,44.968,1300500000,0
2026-08-31T07:50:36,39126.0,47.812,42.687,47.812,44.906,1300500000,0
2026-08-31T07:50:41,39131.0,47.875,43.093,47.875,45.0,1300500000,0
2026-08-31T07:50:46,39136.0,47.687,42.906,47.687,44.937,1300500000,0
2026-08-31T07:50:51,39141.0,47.593,42.75,47.593,44.968,1300500000,0
2026-08-31T07:50:56,39146.0,47.687,42.781,47.687,45.062,1300500000,0
2026-08-31T07:51:01,39151.0,47.812,43.062,47.812,44.906,1300500000,0
2026-08-31T07:51:06,39156.0,47.781,42.968,47.781,44.968,1300500000,0
2026-08-31T07:51:11,39161.1,47.843,42.781,47.843,44.843,1300500000,0
2026-08-31T07:51:16,39166.1,47.656,42.968,47.656,45.062,1300500000,0
2026-08-31T07:51:21,39171.1,48.0,42.812,48.0,44.906,1300500000,0
2026-08-31T07:51:26,39176.1,47.625,42.812,47.625,44.875,1300500000,0
2026-08-31T07:51:31,39181.1,47.875,43.125,47.875,44.906,1300500000,0
2026-08-31T07:51:36,39186.1,47.656,42.875,47.656,44.968,1300500000,0
2026-08-31T07:51:41,39191.1,47.781,42.843,47.781,44.968,1300500000,0
2026-08-31T07:51:46,39196.1,47.656,42.75,47.656,45.093,1300500000,0
2026-08-31T07:51:51,39201.1,47.687,42.812,47.687,44.906,1300500000,0
2026-08-31T07:51:56,39206.1,48.0,42.812,48.0,44.968,1300500000,0
2026-08-31T07:52:01,39211.1,47.687,43.031,47.687,45.062,1300500000,0
2026-08-31T07:52:06,39216.1,47.625,42.968,47.625,44.937,1300500000,0
2026-08-31T07:52:11,39221.1,47.781,42.812,47.781,45.093,1300500000,0
2026-08-31T07:52:16,39226.1,47.781,42.687,47.781,45.0,1300500000,0
2026-08-31T07:52:21,39231.1,47.687,43.187,47.687,45.031,1300500000,0
2026-08-31T07:52:26,39236.1,47.875,42.968,47.875,44.968,1300500000,0
2026-08-31T07:52:31,39241.1,47.75,42.906,47.75,44.937,1300500000,0
2026-08-31T07:52:36,39246.2,47.718,42.843,47.718,44.937,1300500000,0
2026-08-31T07:52:41,39251.2,47.625,42.75,47.625,45.0,1300500000,0
2026-08-31T07:52:46,39256.2,47.75,42.812,47.75,44.875,1300500000,0
2026-08-31T07:52:51,39261.2,47.625,43.062,47.625,44.968,1300500000,0
2026-08-31T07:52:56,39266.2,47.718,42.968,47.718,44.968,1300500000,0
2026-08-31T07:53:01,39271.2,48.218,42.968,48.125,45.093,1300500000,0
2026-08-31T07:53:06,39276.2,47.718,43.0,47.718,44.906,1300500000,0
2026-08-31T07:53:11,39281.2,47.718,42.937,47.718,44.968,1300500000,0
2026-08-31T07:53:16,39286.2,47.781,42.875,47.781,44.875,1300500000,0
2026-08-31T07:53:21,39291.2,47.718,43.218,47.718,44.937,1300500000,0
2026-08-31T07:53:26,39296.2,47.843,42.812,47.843,44.968,1300500000,0
2026-08-31T07:53:31,39301.2,47.781,43.187,47.781,45.0,1300500000,0
2026-08-31T07:53:36,39306.2,47.968,42.968,47.968,45.0,1300500000,0
2026-08-31T07:53:41,39311.2,48.031,43.156,48.031,45.031,1300500000,0
2026-08-31T07:53:46,39316.2,47.843,43.031,47.843,44.875,1300500000,0
2026-08-31T07:53:51,39321.2,47.718,42.906,47.718,45.031,1300500000,0
2026-08-31T07:53:56,39326.2,47.906,42.781,47.906,44.968,1300500000,0
2026-08-31T07:54:01,39331.3,47.687,42.781,47.687,45.062,1300500000,0
2026-08-31T07:54:06,39336.3,47.906,42.812,47.906,45.0,1300500000,0
2026-08-31T07:54:11,39341.3,47.75,43.187,47.75,45.031,1300500000,0
2026-08-31T07:54:16,39346.3,47.75,43.0,47.968,44.968,1300500000,0
2026-08-31T07:54:21,39351.3,47.687,43.25,47.687,45.0,1300500000,0
2026-08-31T07:54:26,39356.3,47.875,42.937,47.875,44.968,1300500000,0
2026-08-31T07:54:31,39361.3,47.75,42.906,47.75,45.156,1300500000,0
2026-08-31T07:54:36,39366.3,48.437,42.906,48.437,44.968,1300500000,0
2026-08-31T07:54:41,39371.3,48.375,43.187,48.062,45.093,1300500000,0
2026-08-31T07:54:46,39376.3,48.031,43.093,48.031,45.187,1300500000,0
2026-08-31T07:54:51,39381.3,48.687,43.125,48.687,45.156,1300500000,0
2026-08-31T07:54:56,39386.3,48.343,43.187,48.343,45.281,1300500000,0
2026-08-31T07:55:01,39391.3,48.375,43.437,48.312,45.25,1300500000,0
2026-08-31T07:55:06,39396.3,48.375,43.312,48.375,45.312,1300500000,0
2026-08-31T07:55:11,39401.3,48.468,43.437,48.468,45.281,1300500000,0
2026-08-31T07:55:16,39406.4,49.437,43.406,49.437,45.343,1300500000,0
2026-08-31T07:55:21,39411.4,48.531,43.343,48.531,45.312,1300500000,0
2026-08-31T07:55:26,39416.4,48.812,43.281,48.812,45.5,1300500000,0
2026-08-31T07:55:36,39425.7,48.5,43.281,48.5,45.562,1300500000,0
2026-08-31T07:55:41,39430.7,48.875,43.406,48.875,45.5,1300500000,0
2026-08-31T07:55:46,39435.7,48.656,43.375,48.656,45.562,1300500000,0
2026-08-31T07:55:52,39441.5,48.968,43.406,48.968,45.531,1300500000,0
2026-08-31T07:55:57,39446.5,49.343,43.562,49.343,45.625,1300500000,0
2026-08-31T07:56:02,39451.5,48.843,43.625,48.843,45.562,1300500000,0
2026-08-31T07:56:07,39456.8,48.906,43.562,48.906,45.687,1300500000,0
2026-08-31T07:56:12,39461.8,48.937,43.562,48.937,45.687,1300500000,0
2026-08-31T07:56:17,39466.8,49.031,43.5,48.812,45.687,1300500000,0
2026-08-31T07:56:22,39471.8,48.968,43.812,48.968,45.687,1300500000,0
2026-08-31T07:56:28,39477.9,48.937,43.687,48.937,45.718,1300500000,0
2026-08-31T07:56:35,39485.0,48.781,43.5,48.781,45.687,1300500000,0
2026-08-31T07:56:40,39490.0,48.531,43.437,48.531,45.875,1300500000,0
2026-08-31T07:56:45,39495.0,48.437,43.656,48.437,45.687,1300500000,0
2026-08-31T07:56:50,39500.0,48.562,43.625,48.562,45.781,1300500000,0
2026-08-31T07:56:56,39506.0,48.281,43.656,48.281,45.687,1300500000,0
2026-08-31T07:57:01,39511.0,48.437,43.437,48.437,45.718,1300500000,0
2026-08-31T07:57:06,39516.0,48.593,43.468,48.593,45.562,1300500000,0
2026-08-31T07:57:11,39521.0,48.437,43.406,48.437,45.718,1300500000,0
2026-08-31T07:57:18,39527.4,48.468,43.406,48.468,45.75,1300500000,0
2026-08-31T07:57:24,39534.3,48.312,43.406,48.312,45.656,1300500000,0
2026-08-31T07:57:32,39541.9,48.281,43.375,48.281,45.656,1300500000,0
2026-08-31T07:57:37,39546.9,48.437,43.468,48.437,45.562,1300500000,0
2026-08-31T07:57:42,39552.0,48.375,43.437,48.375,45.687,1300500000,0
2026-08-31T07:57:47,39557.0,48.312,43.343,48.593,45.562,1300500000,0
2026-08-31T07:57:53,39563.1,48.25,43.468,48.25,45.687,1300500000,0
2026-08-31T07:57:58,39568.1,48.406,43.437,48.406,45.625,1300500000,0
2026-08-31T07:58:03,39573.2,48.343,43.5,48.343,45.531,1300500000,0
2026-08-31T07:58:08,39578.2,48.5,43.375,48.5,45.468,1300500000,0
2026-08-31T07:58:15,39584.9,48.281,43.375,48.281,45.687,1300500000,0
2026-08-31T07:58:22,39592.0,48.562,43.562,48.562,45.468,1300500000,0
2026-08-31T07:58:27,39597.0,48.281,43.437,48.281,45.687,1300500000,0
2026-08-31T07:58:32,39602.0,48.187,43.5,48.187,45.562,1300500000,0
2026-08-31T07:58:37,39607.0,48.375,43.437,48.375,45.5,1300500000,0
2026-08-31T07:58:43,39613.0,48.25,43.5,48.25,45.437,1300500000,0
2026-08-31T07:58:48,39618.0,48.187,43.406,48.187,45.562,1300500000,0
2026-08-31T07:58:53,39623.1,48.25,43.437,48.25,45.437,1300500000,0
2026-08-31T07:58:58,39628.1,48.187,43.312,48.187,45.5,1300500000,0
2026-08-31T07:59:04,39634.2,48.437,43.312,48.437,45.437,1300500000,0
2026-08-31T07:59:09,39639.2,48.187,43.375,48.187,45.5,1300500000,0
2026-08-31T07:59:14,39644.2,48.125,43.375,48.125,45.468,1300500000,0
2026-08-31T07:59:19,39649.2,48.312,43.281,48.312,45.656,1300500000,0
2026-08-31T07:59:27,39656.5,48.343,43.25,48.343,45.406,1300500000,0
2026-08-31T07:59:32,39661.5,48.281,43.281,48.281,45.531,1300500000,0
2026-08-31T07:59:41,39671.2,48.125,43.437,48.125,45.562,1300500000,0
2026-08-31T07:59:46,39676.2,48.187,43.343,48.187,45.5,1300500000,0
2026-08-31T07:59:51,39681.2,48.093,43.375,48.093,45.437,1300500000,0
2026-08-31T07:59:57,39686.4,48.125,43.281,48.125,45.5,1300500000,0
2026-08-31T08:00:02,39691.4,48.468,43.312,48.468,45.406,1300500000,0
2026-08-31T08:00:07,39696.4,48.187,43.281,48.187,45.5,1300500000,0
2026-08-31T08:00:12,39701.4,48.218,43.437,48.218,45.406,1300500000,0
2026-08-31T08:00:18,39707.6,48.281,43.531,48.281,45.343,1300500000,0
2026-08-31T08:00:25,39714.9,48.125,43.375,48.125,45.375,1300500000,0
2026-08-31T08:00:32,39722.1,48.218,43.312,48.218,45.312,1300500000,0
2026-08-31T08:00:37,39727.1,48.281,43.281,48.281,45.468,1300500000,0
2026-08-31T08:00:42,39732.1,48.281,43.281,48.281,45.406,1300500000,0
2026-08-31T08:00:47,39737.1,48.593,43.343,48.593,45.531,1300500000,0
2026-08-31T08:00:53,39743.2,48.25,43.468,48.25,45.437,1300500000,0
2026-08-31T08:00:58,39748.2,48.125,43.406,48.125,45.468,1300500000,0
2026-08-31T08:01:03,39753.3,48.343,43.343,48.343,45.375,1300500000,0
2026-08-31T08:01:08,39758.3,48.312,43.156,48.312,45.406,1300500000,0
2026-08-31T08:01:14,39764.3,48.25,43.187,48.25,45.406,1300500000,0
2026-08-31T08:01:19,39769.3,48.125,43.187,48.125,45.437,1300500000,0
2026-08-31T08:01:24,39774.3,48.312,43.406,48.312,45.437,1300500000,0
2026-08-31T08:01:29,39779.3,48.156,43.281,48.156,45.468,1300500000,0
2026-08-31T08:01:36,39785.9,48.156,43.437,48.156,45.5,1300500000,0
2026-08-31T08:01:41,39790.9,48.187,43.187,48.062,45.375,1300500000,0
2026-08-31T08:01:46,39795.9,48.187,43.281,48.187,45.5,1300500000,0
2026-08-31T08:01:51,39800.9,48.218,43.25,48.218,45.375,1300500000,0
2026-08-31T08:01:58,39807.9,48.218,43.25,48.218,45.437,1300500000,0
2026-08-31T08:02:03,39812.9,48.125,43.343,48.125,45.531,1300500000,0
2026-08-31T08:02:08,39817.9,48.312,43.281,48.312,45.406,1300500000,0
2026-08-31T08:02:13,39822.9,48.218,43.281,48.218,45.5,1300500000,0
2026-08-31T08:02:18,39827.9,48.125,43.218,48.125,45.375,1300500000,0
2026-08-31T08:02:23,39832.9,48.375,43.25,48.375,45.437,1300500000,0
2026-08-31T08:02:28,39837.9,48.593,43.218,48.375,45.437,1300500000,0
2026-08-31T08:02:33,39842.9,48.093,43.343,48.093,45.468,1300500000,0
2026-08-31T08:02:41,39850.8,48.062,43.406,48.062,45.468,1300500000,0
2026-08-31T08:02:48,39858.0,48.25,43.218,48.25,45.468,1300500000,0
2026-08-31T08:02:53,39863.0,48.125,43.187,48.125,45.343,1300500000,0
2026-08-31T08:02:58,39868.0,48.437,43.156,48.437,45.343,1300500000,0
2026-08-31T08:03:03,39873.0,48.125,43.156,48.125,45.468,1300500000,0
2026-08-31T08:03:09,39878.9,48.093,43.156,48.093,45.343,1300500000,0
2026-08-31T08:03:14,39884.3,48.031,43.062,48.031,45.375,1300500000,0
2026-08-31T08:03:19,39889.3,48.093,43.375,48.093,45.312,1300500000,0
2026-08-31T08:03:24,39894.3,48.281,43.281,48.281,45.343,1300500000,0
2026-08-31T08:03:30,39899.7,48.312,43.25,48.312,45.343,1300500000,0
2026-08-31T08:03:37,39906.8,48.25,43.406,48.25,45.25,1300500000,0
2026-08-31T08:03:44,39913.6,48.031,43.125,48.031,45.437,1300500000,0
2026-08-31T08:03:49,39918.6,48.281,43.437,48.281,45.25,1300500000,0
2026-08-31T08:03:54,39923.6,48.062,43.281,48.062,45.343,1300500000,0
2026-08-31T08:03:59,39928.6,48.187,43.218,48.187,45.437,1300500000,0
2026-08-31T08:04:05,39934.6,48.062,43.156,48.125,45.25,1300500000,0
2026-08-31T08:04:10,39939.6,48.187,43.406,48.187,45.25,1300500000,0
2026-08-31T08:04:15,39944.6,48.093,43.25,48.093,45.312,1300500000,0
2026-08-31T08:04:20,39949.6,48.312,43.187,48.312,45.281,1300500000,0
2026-08-31T08:04:26,39955.8,48.031,43.343,48.031,45.343,1300500000,0
2026-08-31T08:04:33,39962.9,48.312,43.156,48.062,45.25,1300500000,0
2026-08-31T08:04:40,39969.7,48.093,43.343,48.093,45.375,1300500000,0
2026-08-31T08:04:45,39974.7,47.937,43.218,47.937,45.312,1300500000,0
2026-08-31T08:04:50,39979.7,48.0,43.125,48.0,45.375,1300500000,0
2026-08-31T08:04:55,39984.7,48.093,43.125,48.093,45.312,1300500000,0
2026-08-31T08:05:01,39990.7,48.062,43.093,48.062,45.375,1300500000,0
2026-08-31T08:05:08,39997.8,48.093,43.031,48.093,45.375,1300500000,0
2026-08-31T08:05:13,40002.8,48.187,43.375,48.187,45.218,1300500000,0
2026-08-31T08:05:18,40007.8,48.0,43.125,48.0,45.437,1300500000,0
2026-08-31T08:05:23,40012.8,48.187,43.156,48.187,45.25,1300500000,0
2026-08-31T08:05:29,40019.0,47.968,43.125,47.968,45.281,1300500000,0
2026-08-31T08:05:36,40026.2,47.937,43.093,47.937,45.343,1300500000,0
2026-08-31T08:05:41,40031.2,48.0,43.343,48.0,45.218,1300500000,0
2026-08-31T08:05:46,40036.2,48.0,43.062,48.0,45.406,1300500000,0
2026-08-31T08:05:51,40041.2,47.968,43.25,47.968,45.25,1300500000,0
2026-08-31T08:05:58,40048.1,48.156,43.031,48.156,45.187,1300500000,0
2026-08-31T08:06:03,40053.1,48.031,43.281,48.031,45.375,1300500000,0
2026-08-31T08:06:08,40058.1,48.125,43.031,48.125,45.281,1300500000,0
2026-08-31T08:06:20,40069.4,48.187,43.125,48.187,45.25,1300500000,0
2026-08-31T08:06:25,40074.4,48.031,43.093,48.031,45.375,1300500000,0
2026-08-31T08:06:31,40080.9,48.0,43.312,48.0,45.343,1300500000,0
2026-08-31T08:06:41,40091.3,47.968,43.062,47.968,45.281,1300500000,0
2026-08-31T08:06:49,40098.5,48.25,43.406,48.25,45.25,1300500000,0
2026-08-31T08:06:54,40103.5,48.0,43.25,48.0,45.343,1300500000,0
2026-08-31T08:06:59,40108.5,47.937,43.125,47.937,45.25,1300500000,0
2026-08-31T08:07:04,40113.5,48.062,43.093,48.062,45.375,1300500000,0
2026-08-31T08:07:11,40120.4,48.093,43.0,48.093,45.25,1300500000,0
2026-08-31T08:07:16,40125.4,47.968,43.281,47.968,45.281,1300500000,0
2026-08-31T08:07:21,40130.4,48.156,43.093,48.156,45.218,1300500000,0
2026-08-31T08:07:26,40135.4,47.906,43.343,47.906,45.25,1300500000,0
2026-08-31T08:07:32,40142.2,47.843,43.125,47.843,45.187,1300500000,0
2026-08-31T08:07:40,40149.7,47.906,43.062,47.906,45.156,1300500000,0
2026-08-31T08:07:45,40154.7,47.937,42.968,47.937,45.187,1300500000,0
2026-08-31T08:07:50,40159.7,48.093,42.968,48.093,45.093,1300500000,0
2026-08-31T08:07:55,40164.7,47.937,43.343,47.937,45.218,1300500000,0
2026-08-31T08:08:00,40169.7,48.062,43.187,48.062,45.187,1300500000,0
2026-08-31T08:08:07,40176.6,47.906,43.031,47.906,45.218,1300500000,0
2026-08-31T08:08:12,40181.6,48.156,43.062,48.156,45.187,1300500000,0
2026-08-31T08:08:17,40186.6,47.968,43.0,47.968,45.218,1300500000,0
2026-08-31T08:08:23,40193.2,48.031,43.062,48.031,45.187,1300500000,0
2026-08-31T08:08:31,40200.5,47.937,43.093,47.937,45.343,1300500000,0
2026-08-31T08:08:36,40205.5,48.125,42.968,48.125,45.187,1300500000,0
2026-08-31T08:08:41,40210.5,47.906,43.0,47.906,45.25,1300500000,0
2026-08-31T08:08:46,40215.5,47.875,43.187,47.875,45.25,1300500000,0
2026-08-31T08:08:52,40222.1,47.906,42.968,47.906,45.187,1300500000,0
2026-08-31T08:08:59,40229.2,48.062,43.25,48.062,45.125,1300500000,0
2026-08-31T08:09:04,40234.2,47.906,43.062,47.906,45.25,1300500000,0
2026-08-31T08:09:09,40239.2,48.125,43.281,48.125,45.156,1300500000,0
2026-08-31T08:09:14,40244.2,47.906,43.093,47.906,45.218,1300500000,0
2026-08-31T08:09:21,40251.0,48.062,43.156,48.062,45.218,1300500000,0
2026-08-31T08:09:32,40262.2,47.843,43.0,47.843,45.218,1300500000,0
2026-08-31T08:09:37,40267.2,48.093,42.937,48.093,45.125,1300500000,0
2026-08-31T08:09:42,40272.2,47.843,43.281,47.843,45.187,1300500000,0
2026-08-31T08:09:47,40277.2,47.937,43.093,47.937,45.187,1300500000,0
2026-08-31T08:09:52,40282.2,47.75,43.187,47.75,45.187,1300500000,0
2026-08-31T08:09:58,40287.6,47.843,42.968,47.843,45.281,1300500000,0
2026-08-31T08:10:05,40294.9,47.843,43.093,47.843,45.25,1300500000,0
2026-08-31T08:10:10,40299.9,48.125,42.937,48.125,45.187,1300500000,0
2026-08-31T08:10:15,40304.9,47.875,42.906,47.875,45.281,1300500000,0
2026-08-31T08:10:20,40309.9,47.875,43.093,47.875,45.093,1300500000,0
2026-08-31T08:10:27,40316.6,48.0,43.031,48.0,45.187,1300500000,0
2026-08-31T08:10:32,40321.6,47.812,42.968,47.812,45.218,1300500000,0
2026-08-31T08:10:37,40326.6,48.187,43.25,48.187,45.031,1300500000,0
2026-08-31T08:10:42,40331.6,47.906,43.031,47.906,45.187,1300500000,0
2026-08-31T08:10:48,40338.1,47.875,42.937,47.875,45.187,1300500000,0
2026-08-31T08:10:53,40343.1,47.843,42.968,47.843,45.125,1300500000,0
2026-08-31T08:10:58,40348.1,47.875,42.937,47.875,45.187,1300500000,0
2026-08-31T08:11:03,40353.1,48.031,42.937,48.031,45.156,1300500000,0
2026-08-31T08:11:10,40359.8,48.031,42.968,48.031,45.125,1300500000,0
2026-08-31T08:11:17,40367.1,47.781,43.25,47.781,45.187,1300500000,0
2026-08-31T08:11:23,40373.2,47.843,43.218,47.843,45.218,1300500000,0
2026-08-31T08:11:28,40378.2,47.781,43.031,47.781,45.031,1300500000,0
2026-08-31T08:11:33,40383.2,47.781,42.968,47.781,45.187,1300500000,0
2026-08-31T08:11:39,40389.1,47.75,43.062,47.75,45.187,1300500000,0
2026-08-31T08:11:46,40396.2,47.812,42.937,47.812,45.156,1300500000,0
2026-08-31T08:11:53,40403.3,47.843,42.968,47.843,45.125,1300500000,0
2026-08-31T08:11:58,40408.3,47.906,42.968,47.906,45.093,1300500000,0
2026-08-31T08:12:06,40416.1,47.906,43.125,47.906,45.062,1300500000,0
2026-08-31T08:12:11,40421.2,47.75,43.0,47.75,45.187,1300500000,0
2026-08-31T08:12:16,40426.2,47.843,42.968,47.843,45.218,1300500000,0
2026-08-31T08:12:22,40432.1,47.781,43.156,47.781,45.125,1300500000,0
2026-08-31T08:12:28,40438.1,47.843,43.125,47.843,45.125,1300500000,0
2026-08-31T08:12:33,40443.1,47.812,43.031,47.812,45.125,1300500000,0
2026-08-31T08:12:38,40448.1,47.937,42.937,47.937,45.156,1300500000,0
2026-08-31T08:12:43,40453.1,48.0,42.875,48.0,45.062,1300500000,0
2026-08-31T08:12:48,40458.1,47.812,43.093,47.812,45.156,1300500000,0
2026-08-31T08:12:53,40463.2,48.062,43.031,48.062,45.125,1300500000,0
2026-08-31T08:12:59,40468.6,47.906,42.968,47.906,45.25,1300500000,0
2026-08-31T08:13:06,40475.8,48.187,43.093,48.187,45.187,1300500000,0
2026-08-31T08:13:11,40480.8,47.906,43.062,47.906,45.187,1300500000,0
2026-08-31T08:13:16,40485.8,47.906,42.968,47.906,45.125,1300500000,0
2026-08-31T08:13:21,40490.8,47.812,43.312,47.812,45.156,1300500000,0
2026-08-31T08:13:26,40495.8,47.968,43.125,47.968,45.093,1300500000,0
2026-08-31T08:13:31,40500.8,47.843,42.937,47.843,45.031,1300500000,0
2026-08-31T08:13:36,40505.8,47.906,42.968,47.906,45.093,1300500000,0
2026-08-31T08:13:42,40512.3,47.875,42.968,47.875,45.218,1300500000,0
2026-08-31T08:13:50,40519.6,47.781,42.937,47.781,45.062,1300500000,0
2026-08-31T08:13:57,40526.7,47.812,42.968,47.781,45.156,1300500000,0
2026-08-31T08:14:02,40531.7,47.906,42.937,47.906,45.093,1300500000,0
2026-08-31T08:14:07,40536.7,47.843,43.25,47.843,45.156,1300500000,0
2026-08-31T08:14:12,40541.7,48.0,43.093,48.0,45.0,1300500000,0
2026-08-31T08:14:19,40548.7,47.75,42.968,47.75,45.125,1300500000,0
2026-08-31T08:14:26,40555.7,47.875,42.968,47.875,45.125,1300500000,0
2026-08-31T08:14:40,40570.1,47.812,43.187,47.812,45.093,1300500000,0
2026-08-31T08:14:48,40577.5,47.906,42.968,47.906,45.156,1300500000,0
2026-08-31T08:14:53,40582.6,48.812,43.437,48.812,45.187,1300500000,0
2026-08-31T08:14:58,40587.6,49.5,48.656,49.5,46.656,1300500000,0
2026-08-31T08:15:03,40592.6,51.656,51.656,50.812,47.937,1300500000,0
2026-08-31T08:15:08,40597.6,52.531,52.531,51.968,48.781,1300500000,0
2026-08-31T08:15:13,40602.6,53.031,53.187,52.531,49.312,1300500000,0
2026-08-31T08:15:18,40607.6,53.625,53.625,53.375,50.031,1300500000,0
2026-08-31T08:15:23,40612.6,54.125,54.125,53.843,50.468,1300500000,0
2026-08-31T08:15:28,40617.6,54.281,54.281,54.0,50.906,1300500000,0
2026-08-31T08:15:33,40622.6,54.75,54.468,54.75,51.5,1300500000,0
2026-08-31T08:15:38,40627.6,54.968,54.937,54.968,52.0,1300500000,0
2026-08-31T08:15:43,40632.6,55.343,55.312,55.343,52.187,1300500000,0
2026-08-31T08:15:48,40637.6,56.031,53.593,56.031,52.687,1300500000,0
2026-08-31T08:15:53,40642.6,56.406,54.125,56.312,53.0,1300500000,0
2026-08-31T08:15:58,40647.6,56.687,55.156,56.687,53.562,1300500000,0
2026-08-31T08:16:03,40652.6,57.25,55.75,57.25,53.875,1300500000,0
2026-08-31T08:16:08,40657.6,57.343,56.531,57.343,54.406,1300500000,0
2026-08-31T08:16:13,40662.7,58.531,58.531,57.562,54.937,1300500000,0
2026-08-31T08:16:18,40667.7,58.75,58.75,57.968,55.156,1300500000,0
2026-08-31T08:16:23,40672.7,59.437,59.437,58.156,55.625,1300500000,0
2026-08-31T08:16:28,40677.7,59.375,59.281,58.656,55.875,1300500000,0
2026-08-31T08:16:33,40682.7,59.75,59.75,58.937,56.187,1300500000,0
2026-08-31T08:16:38,40687.7,57.031,52.25,57.031,54.281,1300500000,0
2026-08-31T08:16:43,40692.7,57.093,51.343,57.093,53.5,1300500000,0
2026-08-31T08:16:48,40697.7,55.937,50.812,55.937,53.093,1300500000,0
2026-08-31T08:16:53,40702.7,55.468,50.375,55.468,52.562,1300500000,0
2026-08-31T08:16:58,40707.7,55.125,50.031,55.218,52.468,1300500000,0
2026-08-31T08:17:03,40712.7,55.062,50.062,55.062,51.968,1300500000,0
2026-08-31T08:17:08,40717.7,54.968,49.531,54.968,51.75,1300500000,0
2026-08-31T08:17:17,40727.1,54.437,49.156,54.437,51.343,1300500000,0
2026-08-31T08:17:24,40734.3,54.093,48.781,54.093,51.062,1300500000,0
2026-08-31T08:17:29,40739.3,53.718,48.875,53.718,50.968,1300500000,0
2026-08-31T08:17:34,40744.3,53.687,48.562,53.687,50.656,1300500000,0
2026-08-31T08:17:39,40749.3,53.718,48.312,53.718,50.531,1300500000,0
2026-08-31T08:17:46,40755.7,53.593,48.062,53.593,50.375,1300500000,0
2026-08-31T08:17:51,40760.7,53.281,47.906,53.281,50.312,1300500000,0
2026-08-31T08:17:56,40765.7,53.062,48.125,53.031,50.093,1300500000,0
2026-08-31T08:18:01,40770.7,52.781,47.781,52.781,50.031,1300500000,0
2026-08-31T08:18:08,40777.6,53.187,48.062,53.187,49.812,1300500000,0
2026-08-31T08:18:15,40784.7,52.562,47.593,52.562,49.718,1300500000,0
2026-08-31T08:18:20,40789.7,52.937,47.312,52.937,49.562,1300500000,0
2026-08-31T08:18:25,40794.7,52.437,47.218,52.437,49.437,1300500000,0
2026-08-31T08:18:30,40799.7,51.968,47.312,51.968,49.281,1300500000,0
2026-08-31T08:18:36,40806.2,52.093,46.843,52.093,49.125,1300500000,0
2026-08-31T08:18:41,40811.3,51.687,46.687,51.687,49.093,1300500000,0
2026-08-31T08:18:46,40816.3,51.562,46.843,51.562,48.843,1300500000,0
2026-08-31T08:18:51,40821.3,51.531,46.437,51.531,48.718,1300500000,0
2026-08-31T08:18:56,40826.3,51.281,46.562,51.281,48.687,1300500000,0
2026-08-31T08:19:01,40831.3,51.468,46.343,51.468,48.468,1300500000,0
2026-08-31T08:19:06,40836.3,51.406,46.25,51.406,48.437,1300500000,0
2026-08-31T08:19:13,40842.5,51.281,46.281,51.281,48.343,1300500000,0
2026-08-31T08:19:20,40849.8,51.25,45.968,51.25,48.25,1300500000,0
2026-08-31T08:19:25,40854.8,51.031,46.218,51.031,48.187,1300500000,0
2026-08-31T08:19:30,40859.9,50.75,46.281,50.75,48.125,1300500000,0
2026-08-31T08:19:35,40864.9,50.75,46.0,50.75,48.093,1300500000,0
2026-08-31T08:19:42,40871.4,50.625,45.875,50.625,47.875,1300500000,0
2026-08-31T08:19:47,40876.5,50.562,45.625,50.562,47.906,1300500000,0
2026-08-31T08:19:52,40881.5,50.593,45.468,50.593,47.75,1300500000,0
2026-08-31T08:19:57,40886.5,50.5,45.5,50.5,47.875,1300500000,0
2026-08-31T08:20:03,40893.2,50.375,45.343,50.375,47.625,1300500000,0
2026-08-31T08:20:08,40898.2,50.468,45.406,50.468,47.531,1300500000,0
2026-08-31T08:20:13,40903.2,50.468,45.281,50.468,47.562,1300500000,0
2026-08-31T08:20:18,40908.2,50.156,45.375,50.156,47.375,1300500000,0
2026-08-31T08:20:25,40915.1,50.156,45.281,50.156,47.593,1300500000,0
2026-08-31T08:20:30,40920.1,50.187,45.125,50.187,47.25,1300500000,0
2026-08-31T08:20:35,40925.1,50.0,45.125,50.0,47.312,1300500000,0
2026-08-31T08:20:40,40930.1,49.843,45.406,49.843,47.187,1300500000,0
2026-08-31T08:20:47,40936.6,49.781,44.843,49.781,47.156,1300500000,0
2026-08-31T08:20:54,40943.9,49.937,44.906,49.937,47.062,1300500000,0
2026-08-31T08:20:59,40948.9,49.781,45.125,49.781,47.093,1300500000,0
2026-08-31T08:21:04,40953.9,50.062,44.906,50.062,46.968,1300500000,0
2026-08-31T08:21:09,40958.9,49.625,44.781,49.625,47.0,1300500000,0
2026-08-31T08:21:16,40965.4,49.875,44.718,49.875,46.968,1300500000,0
2026-08-31T08:21:21,40970.4,49.687,44.812,49.687,47.0,1300500000,0
2026-08-31T08:21:26,40975.4,49.75,44.687,49.75,46.781,1300500000,0
2026-08-31T08:21:31,40980.4,49.625,44.625,49.625,46.937,1300500000,0
2026-08-31T08:21:37,40987.3,49.531,44.625,49.531,46.687,1300500000,0
2026-08-31T08:21:45,40994.5,49.812,44.593,49.812,46.718,1300500000,0
2026-08-31T08:21:50,40999.5,49.531,44.531,49.531,46.843,1300500000,0
2026-08-31T08:21:55,41004.5,49.406,44.468,49.406,46.656,1300500000,0
2026-08-31T08:22:00,41009.5,49.375,44.625,49.375,46.656,1300500000,0
2026-08-31T08:22:06,41016.4,49.437,44.562,49.437,46.593,1300500000,0
2026-08-31T08:22:11,41021.4,49.312,44.5,49.312,46.625,1300500000,0
2026-08-31T08:22:21,41030.9,49.281,44.5,49.281,46.5,1300500000,0
2026-08-31T08:22:26,41035.9,49.281,44.375,49.281,46.718,1300500000,0
2026-08-31T08:22:36,41045.4,49.343,44.312,49.343,46.437,1300500000,0
2026-08-31T08:22:41,41050.4,49.218,44.25,49.218,46.531,1300500000,0
2026-08-31T08:22:46,41055.4,49.437,44.531,49.437,46.468,1300500000,0
2026-08-31T08:22:57,41067.3,49.375,44.281,49.375,46.437,1300500000,0
2026-08-31T08:23:02,41072.3,49.125,44.218,49.125,46.406,1300500000,0
2026-08-31T08:23:07,41077.4,49.187,44.406,49.187,46.312,1300500000,0
2026-08-31T08:23:12,41082.4,49.031,44.312,49.031,46.281,1300500000,0
2026-08-31T08:23:19,41089.0,49.437,44.218,49.437,46.343,1300500000,0
2026-08-31T08:23:24,41094.0,49.25,44.468,49.25,46.468,1300500000,0
2026-08-31T08:23:29,41099.0,49.187,44.343,49.187,46.281,1300500000,0
2026-08-31T08:23:34,41104.0,49.0,44.406,49.0,46.343,1300500000,0
2026-08-31T08:23:41,41110.5,49.25,44.062,49.25,46.218,1300500000,0
2026-08-31T08:23:46,41115.5,49.062,44.281,49.062,46.187,1300500000,0
2026-08-31T08:23:51,41120.5,48.906,44.187,48.906,46.218,1300500000,0
2026-08-31T08:23:56,41125.5,49.031,44.062,49.031,46.187,1300500000,0
2026-08-31T08:24:02,41132.4,49.0,44.0,49.0,46.093,1300500000,0
2026-08-31T08:24:10,41139.6,48.875,44.062,48.875,46.187,1300500000,0
2026-08-31T08:24:15,41144.6,49.062,44.187,49.062,46.156,1300500000,0
2026-08-31T08:24:20,41149.6,49.156,44.062,49.156,46.218,1300500000,0
2026-08-31T08:24:32,41161.4,48.843,43.812,48.843,46.031,1300500000,0
2026-08-31T08:24:37,41166.4,48.906,44.125,48.906,46.125,1300500000,0
2026-08-31T08:24:46,41175.5,48.906,44.062,48.906,46.062,1300500000,0
2026-08-31T08:24:53,41182.6,48.781,43.812,48.781,46.0,1300500000,0
2026-08-31T08:24:58,41187.6,48.906,43.937,48.906,45.937,1300500000,0
2026-08-31T08:25:03,41192.6,48.718,43.843,48.718,46.031,1300500000,0
2026-08-31T08:25:08,41197.7,48.875,43.906,48.875,45.906,1300500000,0
2026-08-31T08:25:15,41204.9,48.875,43.625,48.75,45.968,1300500000,0
2026-08-31T08:25:22,41211.8,48.75,43.718,48.75,45.937,1300500000,0
2026-08-31T08:25:29,41219.0,48.625,43.937,48.625,45.812,1300500000,0
2026-08-31T08:25:34,41224.0,48.625,43.593,48.625,45.906,1300500000,0
2026-08-31T08:25:39,41229.0,48.656,43.875,48.656,45.75,1300500000,0
2026-08-31T08:25:44,41234.0,48.593,43.625,48.593,45.75,1300500000,0
2026-08-31T08:25:51,41240.5,48.656,43.656,48.656,45.781,1300500000,0
2026-08-31T08:25:56,41245.5,48.5,43.531,48.5,45.843,1300500000,0
2026-08-31T08:26:01,41250.5,48.812,43.562,48.812,45.781,1300500000,0
2026-08-31T08:26:06,41255.5,48.781,43.562,48.781,45.75,1300500000,0
2026-08-31T08:26:12,41262.3,48.593,43.531,48.593,45.687,1300500000,0
2026-08-31T08:26:17,41267.3,48.406,43.468,48.406,45.75,1300500000,0
2026-08-31T08:26:22,41272.3,48.593,43.906,48.593,45.656,1300500000,0
2026-08-31T08:26:27,41277.3,48.656,43.656,48.656,45.687,1300500000,0
2026-08-31T08:26:34,41283.9,48.468,43.468,48.468,45.625,1300500000,0
2026-08-31T08:26:39,41288.9,48.312,43.75,48.312,45.625,1300500000,0
2026-08-31T08:26:48,41298.3,48.406,43.437,48.406,45.656,1300500000,0
2026-08-31T08:26:56,41305.5,48.218,43.687,48.218,45.562,1300500000,0
2026-08-31T08:27:01,41310.5,48.343,43.437,48.343,45.593,1300500000,0
2026-08-31T08:27:06,41315.5,48.437,43.437,48.437,45.593,1300500000,0
2026-08-31T08:27:11,41320.5,48.281,43.375,48.281,45.562,1300500000,0
2026-08-31T08:27:17,41327.1,48.375,43.406,48.375,45.531,1300500000,0
2026-08-31T08:27:22,41332.1,48.218,43.312,48.25,45.593,1300500000,0
2026-08-31T08:27:27,41337.1,48.25,43.531,48.25,45.5,1300500000,0
2026-08-31T08:27:32,41342.1,48.218,43.343,48.218,45.468,1300500000,0
2026-08-31T08:27:39,41348.6,48.375,43.375,48.375,45.437,1300500000,0
2026-08-31T08:27:44,41353.6,48.25,43.343,48.25,45.5,1300500000,0
2026-08-31T08:27:49,41358.7,48.187,43.218,48.187,45.375,1300500000,0
2026-08-31T08:27:54,41363.7,48.531,43.437,48.531,45.468,1300500000,0
2026-08-31T08:28:01,41370.4,48.281,43.5,48.281,45.406,1300500000,0
2026-08-31T08:28:08,41377.7,48.375,43.25,48.375,45.437,1300500000,0
2026-08-31T08:28:13,41382.7,48.187,43.218,48.187,45.437,1300500000,0
2026-08-31T08:28:18,41387.7,48.125,43.156,48.125,45.437,1300500000,0
2026-08-31T08:28:23,41392.7,48.093,43.218,48.093,45.406,1300500000,0
2026-08-31T08:28:28,41397.7,48.25,43.156,48.25,45.406,1300500000,0
2026-08-31T08:28:33,41402.7,48.125,43.375,48.125,45.437,1300500000,0
2026-08-31T08:28:38,41407.7,48.312,43.25,48.312,45.312,1300500000,0
2026-08-31T08:28:44,41413.9,48.062,43.343,48.062,45.343,1300500000,0
2026-08-31T08:28:51,41421.1,47.937,43.062,47.937,45.406,1300500000,0
2026-08-31T08:28:56,41426.1,48.187,43.343,48.187,45.375,1300500000,0
2026-08-31T08:29:01,41431.1,48.031,43.093,48.031,45.406,1300500000,0
2026-08-31T08:29:06,41436.1,48.187,43.343,48.187,45.312,1300500000,0
2026-08-31T08:29:11,41441.1,48.0,43.125,48.0,45.281,1300500000,0
2026-08-31T08:29:16,41446.1,48.031,43.156,48.031,45.281,1300500000,0
2026-08-31T08:29:21,41451.1,47.937,43.187,47.937,45.281,1300500000,0
2026-08-31T08:29:27,41457.3,48.062,43.0,48.062,45.343,1300500000,0
2026-08-31T08:29:35,41464.5,48.312,42.968,48.312,45.187,1300500000,0
2026-08-31T08:29:40,41469.5,47.875,43.031,47.875,45.25,1300500000,0
2026-08-31T08:29:45,41474.5,48.062,42.968,48.062,45.156,1300500000,0
2026-08-31T08:29:50,41479.5,47.937,43.187,47.937,45.125,1300500000,0
2026-08-31T08:29:56,41485.6,47.875,43.218,47.875,45.156,1300500000,0
2026-08-31T08:30:01,41490.6,47.812,43.0,47.812,45.25,1300500000,0
2026-08-31T08:30:06,41495.6,47.906,43.093,47.906,45.156,1300500000,0
2026-08-31T08:30:11,41500.8,48.031,43.0,48.031,45.125,1300500000,0
2026-08-31T08:30:18,41508.0,47.781,43.093,47.781,45.187,1300500000,0
2026-08-31T08:30:23,41513.0,47.875,43.031,47.875,45.062,1300500000,0
2026-08-31T08:30:28,41518.0,47.843,43.0,47.843,45.187,1300500000,0
2026-08-31T08:30:33,41523.0,47.968,42.937,47.968,45.125,1300500000,0
2026-08-31T08:30:40,41529.7,47.843,43.187,47.843,45.062,1300500000,0
2026-08-31T08:30:47,41537.0,47.781,43.062,47.968,45.156,1300500000,0
2026-08-31T08:30:55,41544.5,47.906,43.093,47.906,45.093,1300500000,0
2026-08-31T08:31:02,41551.5,47.906,42.968,47.906,45.218,1300500000,0
2026-08-31T08:31:07,41556.5,47.875,43.062,47.875,45.281,1300500000,0
2026-08-31T08:31:12,41561.5,48.125,43.281,48.125,45.187,1300500000,0
2026-08-31T08:31:17,41566.5,48.0,43.0,48.0,45.187,1300500000,0
2026-08-31T08:31:23,41573.4,48.218,43.093,48.218,45.218,1300500000,0
2026-08-31T08:31:31,41580.4,47.843,43.062,47.843,45.187,1300500000,0
2026-08-31T08:31:38,41587.9,47.875,43.031,47.875,45.25,1300500000,0
2026-08-31T08:31:43,41592.9,48.062,42.968,48.062,45.187,1300500000,0
2026-08-31T08:31:48,41598.0,47.937,43.281,47.937,45.25,1300500000,0
2026-08-31T08:31:53,41603.0,47.968,43.187,47.937,45.187,1300500000,0
2026-08-31T08:31:58,41608.0,47.812,43.062,47.812,45.312,1300500000,0
2026-08-31T08:32:07,41616.9,47.906,43.125,47.906,45.281,1300500000,0
2026-08-31T08:32:12,41621.9,48.125,43.062,48.125,45.187,1300500000,0
2026-08-31T08:32:17,41626.9,47.937,43.312,47.937,45.312,1300500000,0
2026-08-31T08:32:22,41631.9,48.187,43.093,48.187,45.25,1300500000,0
2026-08-31T08:32:29,41638.9,47.937,43.125,47.937,45.281,1300500000,0
2026-08-31T08:32:34,41643.9,48.125,43.156,48.125,45.187,1300500000,0
2026-08-31T08:32:39,41648.9,47.937,43.031,47.937,45.281,1300500000,0
2026-08-31T08:32:44,41653.9,48.156,43.062,48.156,45.218,1300500000,0
2026-08-31T08:32:51,41660.5,47.968,43.031,47.968,45.375,1300500000,0
2026-08-31T08:32:57,41667.1,48.125,43.125,48.125,45.25,1300500000,0
2026-08-31T08:33:02,41672.1,47.968,43.0,47.968,45.343,1300500000,0
2026-08-31T08:33:07,41677.1,48.25,43.218,48.25,45.25,1300500000,0
2026-08-31T08:33:12,41682.4,48.031,43.156,48.031,45.218,1300500000,0
2026-08-31T08:33:20,41689.7,48.156,43.031,48.156,45.187,1300500000,0
2026-08-31T08:33:27,41696.8,47.968,43.281,47.968,45.218,1300500000,0
2026-08-31T08:33:32,41701.8,48.125,43.187,48.125,45.218,1300500000,0
2026-08-31T08:33:37,41706.8,47.968,43.343,47.968,45.25,1300500000,0
2026-08-31T08:33:42,41711.8,48.0,43.156,48.0,45.187,1300500000,0
2026-08-31T08:33:48,41718.2,47.968,43.218,47.968,45.281,1300500000,0
2026-08-31T08:33:55,41725.4,48.156,43.156,48.156,45.187,1300500000,0
2026-08-31T08:34:00,41730.4,47.875,43.25,47.875,45.25,1300500000,0
2026-08-31T08:34:06,41735.4,48.0,43.187,48.0,45.218,1300500000,0
2026-08-31T08:34:11,41740.4,47.906,43.062,47.906,45.25,1300500000,0
2026-08-31T08:34:17,41747.2,48.0,43.187,48.0,45.25,1300500000,0
2026-08-31T08:34:22,41752.2,48.25,43.093,48.25,45.25,1300500000,0
2026-08-31T08:34:27,41757.2,47.968,43.093,47.968,45.343,1300500000,0
2026-08-31T08:34:32,41762.2,47.968,43.406,47.968,45.25,1300500000,0
2026-08-31T08:34:37,41767.3,48.031,43.343,48.031,45.343,1300500000,0
2026-08-31T08:34:42,41772.3,47.937,43.406,47.937,45.25,1300500000,0
2026-08-31T08:34:47,41777.3,47.968,43.156,47.968,45.406,1300500000,0
2026-08-31T08:34:54,41783.6,48.0,43.25,48.0,45.343,1300500000,0
2026-08-31T08:34:59,41788.6,48.062,43.125,48.062,45.218,1300500000,0
2026-08-31T08:35:04,41793.6,48.093,43.062,48.093,45.312,1300500000,0
2026-08-31T08:35:09,41798.6,48.031,43.375,48.031,45.218,1300500000,0
2026-08-31T08:35:15,41805.2,47.875,43.125,47.875,45.312,1300500000,0
2026-08-31T08:35:20,41810.3,48.125,43.093,48.125,45.312,1300500000,0
2026-08-31T08:35:30,41819.6,48.187,43.375,48.187,45.343,1300500000,0
2026-08-31T08:35:37,41826.6,47.968,43.062,47.968,45.312,1300500000,0
2026-08-31T08:35:44,41834.0,47.968,43.218,47.968,45.187,1300500000,0
2026-08-31T08:35:51,41841.2,48.062,43.281,48.062,45.218,1300500000,0
2026-08-31T08:35:56,41846.2,48.031,43.125,48.031,45.312,1300500000,0
2026-08-31T08:36:06,41855.7,48.062,43.25,48.062,45.281,1300500000,0
2026-08-31T08:36:11,41860.7,47.968,43.156,47.968,45.312,1300500000,0
2026-08-31T08:36:16,41865.8,48.093,43.031,48.093,45.25,1300500000,0
2026-08-31T08:36:21,41870.8,48.0,43.343,48.0,45.343,1300500000,0
2026-08-31T08:36:28,41877.5,48.062,43.25,48.062,45.25,1300500000,0
2026-08-31T08:36:33,41882.5,48.187,43.093,48.187,45.25,1300500000,0
2026-08-31T08:36:42,41892.1,48.031,43.093,48.031,45.312,1300500000,0
2026-08-31T08:36:47,41897.1,48.187,43.093,48.187,45.312,1300500000,0
2026-08-31T08:36:52,41902.1,48.125,43.156,48.125,45.406,1300500000,0
2026-08-31T08:36:57,41907.1,48.406,43.312,48.406,45.312,1300500000,0
2026-08-31T08:37:02,41912.1,48.312,43.187,48.312,45.218,1300500000,0
2026-08-31T08:37:07,41917.1,47.968,43.125,47.968,45.343,1300500000,0
2026-08-31T08:37:12,41922.1,48.031,43.187,48.031,45.312,1300500000,0
2026-08-31T08:37:18,41928.3,47.968,43.281,47.968,45.312,1300500000,0
2026-08-31T08:37:26,41935.6,48.062,43.156,48.062,45.281,1300500000,0
2026-08-31T08:37:31,41940.6,48.25,43.375,48.25,45.343,1300500000,0
2026-08-31T08:37:36,41945.6,48.031,43.156,48.031,45.343,1300500000,0
2026-08-31T08:37:41,41950.6,48.156,43.156,48.156,45.187,1300500000,0
2026-08-31T08:37:46,41955.6,48.062,43.125,48.062,45.406,1300500000,0
2026-08-31T08:37:51,41960.7,48.125,43.093,48.125,45.25,1300500000,0
2026-08-31T08:37:56,41965.7,48.031,43.218,48.031,45.343,1300500000,0
2026-08-31T08:38:02,41971.6,48.125,43.25,48.125,45.281,1300500000,0
2026-08-31T08:38:09,41978.9,48.062,43.125,48.062,45.281,1300500000,0
2026-08-31T08:38:14,41983.9,48.031,43.156,48.031,45.375,1300500000,0
2026-08-31T08:38:19,41988.9,48.187,43.187,48.187,45.281,1300500000,0
2026-08-31T08:38:24,41993.9,48.125,43.125,48.125,45.437,1300500000,0
2026-08-31T08:38:31,42000.5,48.031,43.156,48.343,45.281,1300500000,0
2026-08-31T08:38:36,42005.5,48.0,43.125,48.0,45.343,1300500000,0
2026-08-31T08:38:41,42010.5,48.156,43.437,48.156,45.187,1300500000,0
2026-08-31T08:38:46,42015.5,48.125,43.375,48.125,45.343,1300500000,0
2026-08-31T08:38:54,42024.1,48.5,43.312,48.5,45.531,1300500000,0
2026-08-31T08:38:59,42029.1,48.843,45.125,48.843,45.843,1300500000,0
2026-08-31T08:39:04,42034.1,50.281,47.531,50.281,47.0,1300500000,0
2026-08-31T08:39:09,42039.1,51.125,48.562,51.125,47.437,1300500000,0
2026-08-31T08:39:14,42044.1,51.531,48.75,51.531,48.0,1300500000,0
2026-08-31T08:39:19,42049.1,52.281,52.281,51.718,48.687,1300500000,0
2026-08-31T08:39:24,42054.1,52.187,49.843,52.187,48.781,1300500000,0
2026-08-31T08:39:29,42059.1,52.562,49.968,52.562,49.0,1300500000,0
2026-08-31T08:39:34,42064.1,52.906,50.281,52.906,49.562,1300500000,0
2026-08-31T08:39:39,42069.1,53.468,50.718,53.468,49.687,1300500000,0
2026-08-31T08:39:44,42074.1,53.718,51.031,53.718,50.375,1300500000,0
2026-08-31T08:39:49,42079.1,54.093,51.656,54.093,50.375,1300500000,0
2026-08-31T08:39:54,42084.2,54.312,52.156,54.312,51.031,1300500000,0
2026-08-31T08:39:59,42089.2,54.281,52.25,54.281,51.0,1300500000,0
2026-08-31T08:40:04,42094.2,54.468,53.625,54.468,51.375,1300500000,0
2026-08-31T08:40:09,42099.2,54.937,52.625,54.937,51.531,1300500000,0
2026-08-31T08:40:14,42104.2,55.031,52.843,55.031,51.843,1300500000,0
2026-08-31T08:40:19,42109.2,55.593,53.125,55.593,52.093,1300500000,0
2026-08-31T08:40:24,42114.2,55.625,53.25,55.625,52.406,1300500000,0
2026-08-31T08:40:29,42119.2,55.625,53.625,55.625,52.437,1300500000,0
2026-08-31T08:40:34,42124.2,55.937,53.625,55.937,52.718,1300500000,0
2026-08-31T08:40:39,42129.2,56.125,54.125,56.125,52.781,1300500000,0
2026-08-31T08:40:44,42134.2,56.25,54.187,56.25,53.062,1300500000,0
2026-08-31T08:40:49,42139.2,56.625,54.312,56.625,53.343,1300500000,0
2026-08-31T08:40:54,42144.2,56.562,54.531,56.562,53.562,1300500000,0
2026-08-31T08:40:59,42149.2,57.093,54.718,57.093,53.625,1300500000,0
2026-08-31T08:41:04,42154.2,57.031,54.781,57.031,53.937,1300500000,0
2026-08-31T08:41:09,42159.2,57.25,55.343,57.25,53.906,1300500000,0
2026-08-31T08:41:14,42164.3,57.562,55.343,57.562,54.25,1300500000,0
2026-08-31T08:41:19,42169.3,58.062,55.281,58.062,54.281,1300500000,0
2026-08-31T08:41:24,42174.3,57.687,55.593,57.687,54.593,1300500000,0
2026-08-31T08:41:29,42179.3,57.968,55.687,57.968,54.625,1300500000,0
2026-08-31T08:41:34,42184.3,58.0,55.906,58.0,54.906,1300500000,0
2026-08-31T08:41:39,42189.3,58.125,56.125,58.125,54.906,1300500000,0
2026-08-31T08:41:44,42194.3,58.125,56.125,58.125,55.218,1300500000,0
2026-08-31T08:41:49,42199.3,58.375,56.5,58.375,55.125,1300500000,0
2026-08-31T08:41:54,42204.3,58.5,56.406,58.5,55.406,1300500000,0
2026-08-31T08:41:59,42209.3,58.781,56.312,58.781,55.406,1300500000,0
2026-08-31T08:42:04,42214.3,58.718,56.375,58.718,55.625,1300500000,0
2026-08-31T08:42:09,42219.3,59.062,56.843,59.062,55.718,1300500000,0
2026-08-31T08:42:14,42224.3,59.0,56.562,59.0,55.906,1300500000,0
2026-08-31T08:42:19,42229.3,59.093,57.125,59.093,55.875,1300500000,0
2026-08-31T08:42:24,42234.3,59.125,58.25,59.125,56.125,1300500000,0
2026-08-31T08:42:29,42239.3,59.5,57.0,59.5,56.25,1300500000,0
2026-08-31T08:42:34,42244.4,59.562,57.187,59.562,56.312,1300500000,0
2026-08-31T08:42:39,42249.4,59.593,57.281,59.593,56.375,1300500000,0
2026-08-31T08:42:45,42254.4,59.875,57.093,59.875,56.531,1300500000,0
2026-08-31T08:42:50,42259.4,59.781,57.531,59.781,56.5,1300500000,0
2026-08-31T08:42:55,42264.4,59.718,57.406,59.718,56.687,1300500000,0
2026-08-31T08:43:00,42269.4,59.937,57.718,59.937,56.718,1300500000,0
2026-08-31T08:43:05,42274.4,59.875,57.687,59.875,56.812,1300500000,0
2026-08-31T08:43:10,42279.4,60.031,57.781,60.031,57.0,1300500000,0
2026-08-31T08:43:15,42284.4,60.25,57.687,60.25,56.906,1300500000,0
2026-08-31T08:43:20,42289.4,60.062,58.125,60.062,57.062,1300500000,0
2026-08-31T08:43:25,42294.4,60.156,58.125,60.062,57.0,1300500000,0
2026-08-31T08:43:30,42299.4,60.156,57.875,60.156,57.125,1300500000,0
2026-08-31T08:43:35,42304.4,60.437,58.0,60.437,57.25,1300500000,0
2026-08-31T08:43:40,42309.4,60.375,58.343,60.375,57.312,1300500000,0
2026-08-31T08:43:45,42314.4,60.406,58.281,60.406,57.593,1300500000,0
2026-08-31T08:43:50,42319.4,60.75,58.312,60.75,57.5,1300500000,0
2026-08-31T08:43:55,42324.5,60.656,58.375,60.656,57.625,1300500000,0
2026-08-31T08:44:00,42329.5,60.5,58.531,60.5,57.656,1300500000,0
2026-08-31T08:44:05,42334.5,60.718,58.593,60.718,57.687,1300500000,0
2026-08-31T08:44:10,42339.5,60.906,58.562,60.906,57.656,1300500000,0
2026-08-31T08:44:15,42344.5,60.937,58.562,60.937,57.812,1300500000,0
2026-08-31T08:44:20,42349.5,61.093,58.968,61.187,57.812,1300500000,0
2026-08-31T08:44:25,42354.5,61.343,58.937,61.343,57.906,1300500000,0
2026-08-31T08:44:30,42359.5,61.0,58.875,61.0,58.093,1300500000,0
2026-08-31T08:44:35,42364.5,61.062,58.906,61.062,58.062,1300500000,0
2026-08-31T08:44:40,42369.5,60.968,59.343,60.968,58.218,1300500000,0
2026-08-31T08:44:45,42374.5,61.125,59.062,61.125,58.218,1300500000,0
2026-08-31T08:44:50,42379.5,61.281,59.343,61.281,58.375,1300500000,0
2026-08-31T08:44:55,42384.5,61.531,59.25,61.531,58.312,1300500000,0
2026-08-31T08:45:00,42389.5,61.406,59.062,61.406,58.406,1300500000,0
2026-08-31T08:45:05,42394.5,61.343,59.25,61.343,58.406,1300500000,0
2026-08-31T08:45:10,42399.5,61.343,59.625,61.343,58.468,1300500000,0
2026-08-31T08:45:15,42404.6,61.593,59.593,61.593,58.781,1300500000,0
2026-08-31T08:45:20,42409.6,61.468,59.437,61.468,58.593,1300500000,0
2026-08-31T08:45:25,42414.6,61.562,59.5,61.562,58.812,1300500000,0
2026-08-31T08:45:30,42419.6,61.718,59.468,61.718,58.718,1300500000,0
2026-08-31T08:45:35,42424.6,61.593,59.625,61.593,58.781,1300500000,0
2026-08-31T08:45:40,42429.6,61.75,59.531,61.75,58.781,1300500000,0
2026-08-31T08:45:45,42434.6,61.687,59.593,61.687,58.781,1300500000,0
2026-08-31T08:45:50,42439.6,61.781,60.0,61.781,58.781,1300500000,0
2026-08-31T08:45:55,42444.6,61.75,59.781,61.75,58.937,1300500000,0
2026-08-31T08:46:00,42449.6,61.937,60.093,61.937,58.812,1300500000,0
2026-08-31T08:46:05,42454.6,62.062,60.031,62.062,59.0,1300500000,0
2026-08-31T08:46:10,42459.6,61.875,59.875,61.875,59.125,1300500000,0
2026-08-31T08:46:15,42464.6,61.875,59.75,61.875,59.0,1300500000,0
2026-08-31T08:46:20,42469.6,61.937,60.156,61.937,59.187,1300500000,0
2026-08-31T08:46:25,42474.6,62.062,60.062,62.062,59.062,1300500000,0
2026-08-31T08:46:30,42479.6,61.937,60.125,61.937,59.218,1300500000,0
2026-08-31T08:46:35,42484.7,62.218,60.093,62.218,59.125,1300500000,0
2026-08-31T08:46:40,42489.7,62.093,60.375,62.093,59.281,1300500000,0
2026-08-31T08:46:45,42494.7,62.343,60.062,62.343,59.25,1300500000,0
2026-08-31T08:46:50,42499.7,62.25,60.531,62.25,59.281,1300500000,0
2026-08-31T08:46:55,42504.7,62.718,60.406,62.718,59.312,1300500000,0
2026-08-31T08:47:00,42509.7,62.125,60.343,62.125,59.406,1300500000,0
2026-08-31T08:47:05,42514.7,62.343,60.406,62.343,59.375,1300500000,0
2026-08-31T08:47:10,42519.7,62.281,60.25,62.281,59.531,1300500000,0
2026-08-31T08:47:15,42524.7,62.531,60.375,62.531,59.468,1300500000,0
2026-08-31T08:47:20,42529.7,62.406,60.625,62.406,59.562,1300500000,0
2026-08-31T08:47:25,42534.7,62.406,60.468,62.406,59.5,1300500000,0
2026-08-31T08:47:30,42539.7,62.406,60.781,62.406,59.656,1300500000,0
2026-08-31T08:47:35,42544.7,62.562,60.625,62.562,59.593,1300500000,0
2026-08-31T08:47:40,42549.7,62.468,60.468,62.468,59.656,1300500000,0
2026-08-31T08:47:45,42554.7,63.593,60.468,63.593,59.718,1300500000,0
2026-08-31T08:47:50,42559.7,63.375,60.531,63.375,59.718,1300500000,0
2026-08-31T08:47:55,42564.8,63.656,60.5,63.906,59.687,1300500000,0
2026-08-31T08:48:00,42569.8,63.437,60.812,63.437,59.843,1300500000,0
2026-08-31T08:48:05,42574.8,63.75,60.718,63.75,59.687,1300500000,0
2026-08-31T08:48:10,42579.8,63.687,60.937,63.687,59.843,1300500000,0
2026-08-31T08:48:15,42584.8,63.968,60.968,63.968,59.75,1300500000,0
2026-08-31T08:48:20,42589.8,63.843,60.843,63.843,59.906,1300500000,0
2026-08-31T08:48:25,42594.8,64.0,60.812,64.0,59.875,1300500000,0
2026-08-31T08:48:30,42599.8,64.093,60.843,63.781,60.0,1300500000,0
2026-08-31T08:48:35,42604.8,63.906,60.718,63.906,59.937,1300500000,0
2026-08-31T08:48:40,42609.8,63.781,61.125,63.781,59.968,1300500000,0
2026-08-31T08:48:45,42614.8,63.562,60.656,63.562,60.0,1300500000,0
2026-08-31T08:48:50,42619.8,62.843,61.156,62.843,60.062,1300500000,0
2026-08-31T08:48:55,42624.8,63.0,61.031,63.0,60.093,1300500000,0
2026-08-31T08:49:00,42629.8,62.906,61.0,62.906,60.218,1300500000,0
2026-08-31T08:49:05,42634.8,63.218,61.156,63.218,60.093,1300500000,0
2026-08-31T08:49:10,42639.8,63.312,61.0,63.312,60.187,1300500000,0
2026-08-31T08:49:15,42644.9,63.156,61.125,63.156,60.156,1300500000,0
2026-08-31T08:49:20,42649.9,63.125,61.187,63.125,60.281,1300500000,0
2026-08-31T08:49:25,42654.9,63.281,61.187,63.281,60.218,1300500000,0
2026-08-31T08:49:30,42659.9,63.093,61.375,63.093,60.218,1300500000,0
2026-08-31T08:49:35,42664.9,63.281,61.281,63.281,60.218,1300500000,0
2026-08-31T08:49:40,42669.9,63.375,61.312,63.218,60.375,1300500000,0
2026-08-31T08:49:45,42674.9,63.281,61.062,63.281,60.25,1300500000,0
2026-08-31T08:49:50,42679.9,63.187,61.187,63.187,60.375,1300500000,0
2026-08-31T08:49:55,42684.9,63.281,61.218,63.281,60.312,1300500000,0
2026-08-31T08:50:00,42689.9,63.218,61.468,63.218,60.406,1300500000,0
2026-08-31T08:50:05,42694.9,63.375,61.406,63.375,60.375,1300500000,0
2026-08-31T08:50:10,42699.9,63.25,61.531,63.25,60.531,1300500000,0
2026-08-31T08:50:15,42704.9,63.375,61.5,63.375,60.468,1300500000,0
2026-08-31T08:50:20,42709.9,63.656,61.375,63.656,60.593,1300500000,0
2026-08-31T08:50:25,42714.9,63.437,61.281,63.437,60.562,1300500000,0
2026-08-31T08:50:30,42719.9,63.312,61.312,63.312,60.531,1300500000,0
2026-08-31T08:50:35,42725.0,63.468,61.343,63.468,60.437,1300500000,0
2026-08-31T08:50:40,42730.0,63.312,61.656,63.312,60.562,1300500000,0
2026-08-31T08:50:45,42735.0,63.531,61.468,63.531,60.593,1300500000,0
2026-08-31T08:50:50,42740.0,63.593,61.25,63.593,60.593,1300500000,0
2026-08-31T08:50:55,42745.0,63.468,61.5,63.468,60.468,1300500000,0
2026-08-31T08:51:00,42750.0,63.343,61.312,63.343,60.531,1300500000,0
2026-08-31T08:51:05,42755.0,63.625,61.375,63.625,60.5,1300500000,0
2026-08-31T08:51:10,42760.0,64.312,61.593,64.312,60.5,1300500000,0
2026-08-31T08:51:15,42765.0,64.562,61.312,64.562,60.343,1300500000,0
2026-08-31T08:51:20,42770.0,64.187,61.437,64.187,60.468,1300500000,0
2026-08-31T08:51:25,42775.0,64.343,61.531,64.343,60.687,1300500000,0
2026-08-31T08:51:30,42780.0,64.656,61.593,64.656,60.562,1300500000,0
2026-08-31T08:51:35,42785.0,64.125,61.375,64.125,60.5,1300500000,0
2026-08-31T08:51:40,42790.0,64.406,61.437,64.406,60.562,1300500000,0
2026-08-31T08:51:45,42795.0,64.593,61.375,64.593,60.468,1300500000,0
2026-08-31T08:51:50,42800.0,64.406,61.437,64.406,60.437,1300500000,0
2026-08-31T08:51:55,42805.1,64.531,61.343,64.531,60.468,1300500000,0
2026-08-31T08:52:00,42810.1,64.437,61.656,64.437,60.593,1300500000,0
2026-08-31T08:52:05,42815.1,64.375,61.375,64.375,60.5,1300500000,0
2026-08-31T08:52:10,42820.1,63.875,61.75,63.875,60.562,1300500000,0
2026-08-31T08:52:15,42825.1,63.875,61.406,63.875,60.5,1300500000,0
2026-08-31T08:52:20,42830.1,63.781,61.468,63.781,60.562,1300500000,0
2026-08-31T08:52:25,42835.1,64.093,61.375,64.093,60.687,1300500000,0
2026-08-31T08:52:30,42840.1,63.875,61.375,63.875,60.656,1300500000,0
2026-08-31T08:52:35,42845.1,63.906,61.25,63.906,60.5,1300500000,0
2026-08-31T08:52:40,42850.1,64.125,61.781,64.125,60.625,1300500000,0
2026-08-31T08:52:45,42855.1,63.937,61.812,63.937,60.593,1300500000,0
2026-08-31T08:52:50,42860.1,63.718,61.468,63.718,60.625,1300500000,0
2026-08-31T08:52:55,42865.1,64.062,61.625,64.062,60.593,1300500000,0
2026-08-31T08:53:00,42870.1,63.843,61.593,63.843,60.687,1300500000,0
2026-08-31T08:53:05,42875.1,64.125,61.593,64.125,60.531,1300500000,0
2026-08-31T08:53:10,42880.1,64.0,61.5,64.0,60.625,1300500000,0
2026-08-31T08:53:15,42885.2,64.187,61.906,64.187,60.687,1300500000,0
2026-08-31T08:53:20,42890.2,64.031,61.562,64.031,60.656,1300500000,0
2026-08-31T08:53:25,42895.2,64.062,62.0,64.062,60.625,1300500000,0
2026-08-31T08:53:30,42900.2,63.937,61.687,63.937,60.625,1300500000,0
2026-08-31T08:53:35,42905.2,63.781,61.531,63.781,60.562,1300500000,0
2026-08-31T08:53:40,42910.2,63.906,61.843,63.906,60.718,1300500000,0
2026-08-31T08:53:45,42915.2,64.062,61.593,64.062,60.656,1300500000,0
2026-08-31T08:53:50,42920.2,63.625,61.625,63.625,60.75,1300500000,0
2026-08-31T08:53:55,42925.2,63.468,61.968,63.468,60.531,1300500000,0
2026-08-31T08:54:00,42930.2,63.468,61.843,63.468,60.687,1300500000,0
2026-08-31T08:54:05,42935.2,63.656,61.781,63.656,60.812,1300500000,0
2026-08-31T08:54:10,42940.2,63.75,61.625,63.812,60.687,1300500000,0
2026-08-31T08:54:15,42945.2,63.562,61.875,63.562,60.781,1300500000,0
2026-08-31T08:54:20,42950.2,64.718,61.843,64.718,60.718,1300500000,0
2026-08-31T08:54:25,42955.2,64.656,61.593,64.656,60.718,1300500000,0
2026-08-31T08:54:30,42960.2,64.531,61.656,64.531,60.656,1300500000,0
2026-08-31T08:54:35,42965.2,63.687,61.562,63.687,60.843,1300500000,0
2026-08-31T08:54:40,42970.3,64.656,61.843,64.656,60.75,1300500000,0
2026-08-31T08:54:45,42975.3,64.593,61.875,64.593,60.75,1300500000,0
2026-08-31T08:54:50,42980.3,64.312,61.625,64.312,60.875,1300500000,0
2026-08-31T08:54:55,42985.3,64.718,61.906,64.718,60.75,1300500000,0
2026-08-31T08:55:00,42990.3,64.656,61.625,64.656,60.812,1300500000,0
2026-08-31T08:55:05,42995.3,64.375,62.25,64.375,60.718,1300500000,0
2026-08-31T08:55:10,43000.3,64.625,61.875,64.625,60.906,1300500000,0
2026-08-31T08:55:15,43005.3,64.687,61.781,64.687,60.687,1300500000,0
2026-08-31T08:55:20,43010.3,64.562,61.75,64.562,60.812,1300500000,0
2026-08-31T08:55:25,43015.3,64.812,61.781,64.812,60.812,1300500000,0
2026-08-31T08:55:30,43020.3,64.156,61.906,64.156,60.812,1300500000,0
2026-08-31T08:55:35,43025.3,64.656,61.812,64.656,60.718,1300500000,0
2026-08-31T08:55:40,43030.3,64.656,61.875,64.656,60.843,1300500000,0
2026-08-31T08:55:45,43035.3,64.812,61.781,64.812,60.937,1300500000,0
2026-08-31T08:55:50,43040.3,64.0,61.968,63.781,60.843,1300500000,0
2026-08-31T08:55:55,43045.4,64.5,61.687,64.5,60.906,1300500000,0
2026-08-31T08:56:00,43050.4,64.75,62.0,64.75,60.812,1300500000,0
2026-08-31T08:56:05,43055.4,64.687,61.875,64.687,60.968,1300500000,0
2026-08-31T08:56:11,43060.4,64.906,62.0,64.906,60.843,1300500000,0
2026-08-31T08:56:16,43065.4,64.718,61.937,64.718,60.937,1300500000,0
2026-08-31T08:56:21,43070.4,64.718,61.781,64.718,60.812,1300500000,0
2026-08-31T08:56:26,43075.4,64.781,61.75,64.781,61.0,1300500000,0
2026-08-31T08:56:31,43080.4,64.656,61.687,64.656,60.875,1300500000,0
2026-08-31T08:56:36,43085.4,64.593,62.156,64.593,61.0,1300500000,0
2026-08-31T08:56:41,43090.4,64.281,62.093,64.281,60.937,1300500000,0
2026-08-31T08:56:46,43095.4,64.812,62.125,64.812,60.968,1300500000,0
2026-08-31T08:56:51,43100.4,65.125,62.0,65.125,60.937,1300500000,0
2026-08-31T08:56:56,43105.4,64.75,61.875,64.75,61.093,1300500000,0
2026-08-31T08:57:01,43110.4,64.218,61.875,64.218,60.937,1300500000,0
2026-08-31T08:57:06,43115.4,64.937,62.093,64.937,61.187,1300500000,0
2026-08-31T08:57:11,43120.4,63.875,61.812,63.875,60.968,1300500000,0
2026-08-31T08:57:16,43125.5,63.968,62.187,63.968,61.125,1300500000,0
2026-08-31T08:57:21,43130.5,64.187,61.843,64.187,60.968,1300500000,0
2026-08-31T08:57:26,43135.5,63.906,62.25,63.906,60.906,1300500000,0
2026-08-31T08:57:31,43140.5,63.781,62.0,63.781,60.968,1300500000,0
2026-08-31T08:57:36,43145.5,63.968,62.093,63.968,61.0,1300500000,0
2026-08-31T08:57:41,43150.5,63.937,62.062,63.937,60.937,1300500000,0
2026-08-31T08:57:46,43155.5,63.968,61.875,63.968,60.906,1300500000,0
2026-08-31T08:57:51,43160.5,64.031,61.875,64.031,61.093,1300500000,0
2026-08-31T08:57:56,43165.5,63.937,62.25,63.937,61.187,1300500000,0
2026-08-31T08:58:01,43170.5,64.187,62.312,64.187,61.031,1300500000,0
2026-08-31T08:58:06,43175.5,63.906,61.75,63.906,61.062,1300500000,0
2026-08-31T08:58:11,43180.5,64.0,64.0,63.718,61.312,1300500000,0
2026-08-31T08:58:16,43185.5,63.875,61.343,63.875,60.906,1300500000,0
2026-08-31T08:58:21,43190.5,63.906,61.25,63.906,60.781,1300500000,0
2026-08-31T08:58:26,43195.5,63.593,61.25,63.593,60.968,1300500000,0
2026-08-31T08:58:31,43200.5,64.187,64.187,63.937,61.468,1300500000,0
2026-08-31T08:58:36,43205.6,63.562,61.656,63.562,60.812,1300500000,0
2026-08-31T08:58:41,43210.6,63.593,61.625,63.593,60.875,1300500000,0
2026-08-31T08:58:46,43215.6,63.625,61.656,63.625,60.562,1300500000,0
2026-08-31T08:58:51,43220.6,63.437,61.375,63.437,60.593,1300500000,0
2026-08-31T08:58:56,43225.6,63.562,61.25,63.562,60.593,1300500000,0
2026-08-31T08:59:01,43230.6,63.687,61.312,63.468,60.625,1300500000,0
2026-08-31T08:59:06,43235.6,63.375,61.062,63.375,60.718,1300500000,0
2026-08-31T08:59:11,43240.6,63.625,60.937,63.625,60.468,1300500000,0
2026-08-31T08:59:16,43245.6,63.312,61.031,63.312,60.531,1300500000,0
2026-08-31T08:59:21,43250.6,63.25,60.968,63.25,60.531,1300500000,0
2026-08-31T08:59:26,43255.6,63.375,61.406,63.375,60.5,1300500000,0
2026-08-31T08:59:31,43260.6,63.312,61.156,63.312,60.406,1300500000,0
2026-08-31T08:59:36,43265.6,63.437,61.062,63.437,60.343,1300500000,0
2026-08-31T08:59:41,43270.6,63.406,61.031,63.406,60.312,1300500000,0
2026-08-31T08:59:46,43275.6,63.218,61.0,63.218,60.562,1300500000,0
2026-08-31T08:59:51,43280.6,63.093,60.843,63.093,60.343,1300500000,0
2026-08-31T08:59:56,43285.7,63.218,61.125,63.218,60.5,1300500000,0
2026-08-31T09:00:01,43290.7,63.25,61.0,63.25,60.312,1300500000,0
2026-08-31T09:00:06,43295.7,63.218,60.937,63.218,60.375,1300500000,0
2026-08-31T09:00:11,43300.7,63.312,60.906,63.312,60.281,1300500000,0
2026-08-31T09:00:16,43305.7,63.062,61.218,63.062,60.343,1300500000,0
2026-08-31T09:00:21,43310.7,63.093,61.093,63.093,60.25,1300500000,0
2026-08-31T09:00:26,43315.7,63.093,60.906,63.093,60.281,1300500000,0
2026-08-31T09:00:31,43320.7,63.156,60.906,63.156,60.406,1300500000,0
2026-08-31T09:00:36,43325.7,63.218,61.218,63.218,60.312,1300500000,0
2026-08-31T09:00:41,43330.7,63.093,61.062,63.093,60.312,1300500000,0
2026-08-31T09:00:46,43335.7,63.218,60.968,63.218,60.25,1300500000,0
2026-08-31T09:00:51,43340.7,63.375,60.906,63.375,60.343,1300500000,0
2026-08-31T09:00:56,43345.7,63.062,61.343,63.062,60.218,1300500000,0
2026-08-31T09:01:01,43350.7,63.062,61.0,63.062,60.312,1300500000,0
2026-08-31T09:01:06,43355.7,63.218,61.0,63.218,60.218,1300500000,0
2026-08-31T09:01:11,43360.7,63.156,60.906,63.156,60.25,1300500000,0
2026-08-31T09:01:16,43365.8,63.125,61.343,63.125,60.437,1300500000,0
2026-08-31T09:01:21,43370.8,63.218,61.093,63.218,60.281,1300500000,0
2026-08-31T09:01:26,43375.8,63.093,61.218,63.093,60.343,1300500000,0
2026-08-31T09:01:31,43380.8,63.562,61.125,63.562,60.25,1300500000,0
2026-08-31T09:01:36,43385.8,63.5,61.125,63.5,60.375,1300500000,0
2026-08-31T09:01:41,43390.8,63.25,60.906,63.25,60.25,1300500000,0
2026-08-31T09:01:46,43395.8,63.125,61.343,63.125,60.406,1300500000,0
2026-08-31T09:01:51,43400.8,63.281,60.906,63.281,60.218,1300500000,0
2026-08-31T09:01:56,43405.8,63.187,61.343,63.187,60.375,1300500000,0
2026-08-31T09:02:01,43410.8,63.312,61.25,63.312,60.25,1300500000,0
2026-08-31T09:02:06,43415.8,63.187,61.093,63.187,60.437,1300500000,0
2026-08-31T09:02:11,43420.8,63.187,61.281,63.187,60.218,1300500000,0
2026-08-31T09:02:16,43425.8,63.156,61.0,63.156,60.375,1300500000,0
2026-08-31T09:02:21,43430.8,63.281,60.968,63.281,60.375,1300500000,0
2026-08-31T09:02:26,43435.8,63.156,61.156,63.156,60.312,1300500000,0
2026-08-31T09:02:31,43440.8,63.312,61.187,63.312,60.343,1300500000,0
2026-08-31T09:02:36,43445.9,63.156,61.375,63.156,60.375,1300500000,0
2026-08-31T09:02:41,43450.9,63.406,61.312,63.406,60.343,1300500000,0
2026-08-31T09:02:46,43455.9,63.25,61.187,63.25,60.343,1300500000,0
2026-08-31T09:02:51,43460.9,63.218,61.281,63.218,60.312,1300500000,0
2026-08-31T09:02:56,43465.9,63.156,61.125,63.156,60.343,1300500000,0
2026-08-31T09:03:01,43470.9,63.343,61.062,63.343,60.312,1300500000,0
2026-08-31T09:03:06,43475.9,63.343,61.312,63.343,60.343,1300500000,0
2026-08-31T09:03:11,43480.9,63.281,61.093,63.281,60.25,1300500000,0
2026-08-31T09:03:16,43485.9,63.281,61.5,63.281,60.343,1300500000,0
2026-08-31T09:03:21,43490.9,63.25,61.25,63.25,60.312,1300500000,0
2026-08-31T09:03:26,43495.9,63.218,61.062,63.218,60.437,1300500000,0
2026-08-31T09:03:31,43500.9,63.312,61.187,63.312,60.437,1300500000,0
2026-08-31T09:03:36,43505.9,63.156,61.156,63.156,60.406,1300500000,0
2026-08-31T09:03:41,43510.9,63.375,61.031,63.375,60.406,1300500000,0
2026-08-31T09:03:46,43515.9,63.218,61.406,63.218,60.468,1300500000,0
2026-08-31T09:03:51,43520.9,64.375,61.281,64.375,60.312,1300500000,0
2026-08-31T09:03:56,43526.0,64.5,61.437,64.5,60.437,1300500000,0
2026-08-31T09:04:01,43531.0,64.468,61.312,64.343,60.375,1300500000,0
2026-08-31T09:04:06,43536.0,64.281,61.406,64.281,60.531,1300500000,0
2026-08-31T09:04:11,43541.0,63.937,61.343,63.937,60.437,1300500000,0
2026-08-31T09:04:16,43546.0,64.25,61.437,64.25,60.593,1300500000,0
2026-08-31T09:04:21,43551.0,64.281,61.375,64.281,60.375,1300500000,0
2026-08-31T09:04:26,43556.0,64.343,61.218,64.343,60.375,1300500000,0
2026-08-31T09:04:31,43561.0,64.468,61.25,64.468,60.375,1300500000,0
2026-08-31T09:04:36,43566.0,64.375,61.343,64.375,60.531,1300500000,0
2026-08-31T09:04:41,43571.0,63.937,61.187,63.937,60.406,1300500000,0
2026-08-31T09:04:46,43576.0,64.406,61.468,64.406,60.593,1300500000,0
2026-08-31T09:04:51,43581.0,64.343,61.093,64.343,60.375,1300500000,0
2026-08-31T09:04:56,43586.0,63.312,61.406,63.312,60.5,1300500000,0
2026-08-31T09:05:01,43591.0,63.531,61.468,63.531,60.406,1300500000,0
2026-08-31T09:05:06,43596.0,63.218,61.406,63.218,60.437,1300500000,0
2026-08-31T09:05:11,43601.1,63.281,61.25,63.281,60.5,1300500000,0
2026-08-31T09:05:16,43606.1,63.312,61.312,63.312,60.406,1300500000,0
2026-08-31T09:05:21,43611.1,63.156,61.093,63.156,60.531,1300500000,0
2026-08-31T09:05:26,43616.1,63.406,61.156,63.406,60.437,1300500000,0
2026-08-31T09:05:31,43621.1,63.531,61.093,63.531,60.468,1300500000,0
2026-08-31T09:05:36,43626.1,63.375,61.5,63.375,60.593,1300500000,0
2026-08-31T09:05:41,43631.1,63.562,61.406,63.562,60.406,1300500000,0
2026-08-31T09:05:46,43636.1,63.343,61.406,63.343,60.687,1300500000,0
2026-08-31T09:05:51,43641.1,63.25,61.406,63.25,60.5,1300500000,0
2026-08-31T09:05:56,43646.1,63.468,61.343,63.468,60.531,1300500000,0
2026-08-31T09:06:01,43651.1,63.312,61.25,63.312,60.562,1300500000,0
2026-08-31T09:06:06,43656.1,63.343,61.312,63.531,60.468,1300500000,0
2026-08-31T09:06:11,43661.1,63.625,61.281,63.625,60.468,1300500000,0
2026-08-31T09:06:16,43666.1,63.375,61.562,63.375,60.468,1300500000,0
2026-08-31T09:06:21,43671.1,63.343,61.5,63.343,60.531,1300500000,0
2026-08-31T09:06:26,43676.1,63.531,61.593,63.531,60.5,1300500000,0
2026-08-31T09:06:31,43681.2,63.281,61.343,63.281,60.531,1300500000,0
2026-08-31T09:06:36,43686.2,63.5,61.406,63.5,60.625,1300500000,0
2026-08-31T09:06:41,43691.2,63.281,61.375,63.281,60.562,1300500000,0
2026-08-31T09:06:46,43696.2,63.375,61.5,63.375,60.687,1300500000,0
2026-08-31T09:06:51,43701.2,63.656,61.312,63.656,60.562,1300500000,0
2026-08-31T09:06:56,43706.2,63.343,61.687,63.343,60.687,1300500000,0
2026-08-31T09:07:01,43711.2,63.343,61.437,63.343,60.625,1300500000,0
2026-08-31T09:07:06,43716.2,63.593,61.531,63.593,60.625,1300500000,0
2026-08-31T09:07:11,43721.2,63.5,61.375,63.5,60.531,1300500000,0
2026-08-31T09:07:16,43726.2,63.468,61.406,63.468,60.687,1300500000,0
2026-08-31T09:07:21,43731.2,63.687,61.375,63.687,60.562,1300500000,0
2026-08-31T09:07:26,43736.2,63.468,61.562,63.468,60.687,1300500000,0
2026-08-31T09:07:31,43741.2,63.687,61.468,63.687,60.437,1300500000,0
2026-08-31T09:07:36,43746.2,63.468,61.656,63.468,60.656,1300500000,0
2026-08-31T09:07:41,43751.2,63.406,61.468,63.406,60.5,1300500000,0
2026-08-31T09:07:46,43756.2,63.437,61.375,63.437,60.687,1300500000,0
2026-08-31T09:07:51,43761.3,63.593,61.468,63.593,60.531,1300500000,0
2026-08-31T09:07:56,43766.3,63.468,61.5,63.468,60.75,1300500000,0
2026-08-31T09:08:01,43771.3,63.656,61.843,63.656,60.562,1300500000,0
2026-08-31T09:08:06,43776.3,63.531,61.593,63.531,60.718,1300500000,0
2026-08-31T09:08:11,43781.3,63.343,61.843,63.343,60.687,1300500000,0
2026-08-31T09:08:16,43786.3,63.468,61.656,63.468,60.718,1300500000,0
2026-08-31T09:08:21,43791.3,63.5,61.625,63.375,60.656,1300500000,0
2026-08-31T09:08:26,43796.3,63.406,61.593,63.406,60.781,1300500000,0
2026-08-31T09:08:31,43801.3,63.718,61.531,63.718,60.625,1300500000,0
2026-08-31T09:08:36,43806.3,63.531,61.343,63.531,60.718,1300500000,0
2026-08-31T09:08:41,43811.3,63.781,61.75,63.781,60.593,1300500000,0
2026-08-31T09:08:46,43816.3,63.812,61.687,63.812,60.718,1300500000,0
2026-08-31T09:08:51,43821.3,63.5,61.812,63.5,60.718,1300500000,0
2026-08-31T09:08:56,43826.3,63.531,61.625,63.531,60.718,1300500000,0
2026-08-31T09:09:01,43831.3,63.656,61.562,63.656,60.718,1300500000,0
2026-08-31T09:09:06,43836.3,63.5,61.468,63.5,60.812,1300500000,0
2026-08-31T09:09:11,43841.4,63.687,61.906,63.687,60.656,1300500000,0
2026-08-31T09:09:16,43846.4,63.531,61.781,63.531,60.75,1300500000,0
2026-08-31T09:09:21,43851.4,63.562,61.625,63.562,60.593,1300500000,0
2026-08-31T09:09:27,43856.4,63.562,61.687,63.562,60.75,1300500000,0
2026-08-31T09:09:32,43861.4,63.625,61.968,63.625,60.687,1300500000,0
2026-08-31T09:09:37,43866.4,63.593,61.531,63.593,60.718,1300500000,0
2026-08-31T09:09:42,43871.4,63.593,61.937,63.593,60.906,1300500000,0
2026-08-31T09:09:47,43876.4,63.781,61.875,63.781,60.718,1300500000,0
2026-08-31T09:09:52,43881.4,63.5,61.687,63.5,60.75,1300500000,0
2026-08-31T09:09:57,43886.4,63.562,61.625,63.562,60.718,1300500000,0
2026-08-31T09:10:02,43891.4,63.468,61.968,63.468,60.843,1300500000,0
2026-08-31T09:10:07,43896.4,63.718,61.875,63.718,60.718,1300500000,0
2026-08-31T09:10:12,43901.4,63.562,61.718,63.562,60.812,1300500000,0
2026-08-31T09:10:17,43906.4,63.687,61.625,63.687,60.718,1300500000,0
2026-08-31T09:10:22,43911.4,63.812,61.875,63.812,60.781,1300500000,0
2026-08-31T09:10:27,43916.4,63.656,61.812,63.656,60.937,1300500000,0
2026-08-31T09:10:32,43921.5,63.531,61.656,63.531,60.75,1300500000,0
2026-08-31T09:10:37,43926.5,63.687,61.812,63.687,60.875,1300500000,0
2026-08-31T09:10:42,43931.5,63.75,61.562,63.75,60.75,1300500000,0
2026-08-31T09:10:47,43936.5,63.593,61.593,63.593,60.968,1300500000,0
2026-08-31T09:10:52,43941.5,63.906,62.0,63.906,60.812,1300500000,0
2026-08-31T09:10:57,43946.5,63.625,61.875,63.625,61.0,1300500000,0
2026-08-31T09:11:02,43951.5,63.906,61.718,63.906,60.812,1300500000,0
2026-08-31T09:11:07,43956.5,63.5,61.75,63.5,60.781,1300500000,0
2026-08-31T09:11:12,43961.5,63.687,61.5,63.687,60.843,1300500000,0
2026-08-31T09:11:17,43966.5,63.656,61.687,63.656,60.875,1300500000,0
2026-08-31T09:11:22,43971.5,63.687,62.062,63.687,60.781,1300500000,0
2026-08-31T09:11:27,43976.5,63.625,61.968,63.625,60.906,1300500000,0
2026-08-31T09:11:32,43981.5,63.656,61.875,63.656,60.812,1300500000,0
2026-08-31T09:11:37,43986.5,63.593,61.656,63.593,60.937,1300500000,0
2026-08-31T09:11:42,43991.5,63.781,61.718,63.781,60.843,1300500000,0
2026-08-31T09:11:47,43996.5,64.093,62.031,64.093,60.906,1300500000,0
2026-08-31T09:11:52,44001.6,63.625,61.906,63.625,60.937,1300500000,0
2026-08-31T09:11:57,44006.6,63.75,61.812,63.75,60.843,1300500000,0
2026-08-31T09:12:02,44011.6,63.593,61.687,63.593,60.843,1300500000,0
2026-08-31T09:12:07,44016.6,64.375,62.031,64.375,60.843,1300500000,0
2026-08-31T09:12:12,44021.6,64.156,61.843,64.187,60.906,1300500000,0
2026-08-31T09:12:17,44026.6,64.25,62.0,64.25,60.906,1300500000,0
2026-08-31T09:12:22,44031.6,63.906,61.843,63.906,60.906,1300500000,0
2026-08-31T09:12:27,44036.6,64.187,61.812,64.187,61.0,1300500000,0
2026-08-31T09:12:32,44041.6,64.281,61.906,64.281,60.906,1300500000,0
2026-08-31T09:12:37,44046.6,64.0,62.0,64.0,61.093,1300500000,0
2026-08-31T09:12:42,44051.6,64.312,61.968,64.312,60.968,1300500000,0
2026-08-31T09:12:47,44056.6,64.218,61.968,64.218,61.125,1300500000,0
2026-08-31T09:12:52,44061.6,64.218,61.906,64.218,60.937,1300500000,0
2026-08-31T09:12:57,44066.6,64.312,61.968,64.312,61.125,1300500000,0
2026-08-31T09:13:02,44071.6,63.687,61.875,63.687,60.937,1300500000,0
2026-08-31T09:13:07,44076.6,63.687,61.875,63.687,61.062,1300500000,0
2026-08-31T09:13:12,44081.7,63.937,61.875,63.937,60.937,1300500000,0
2026-08-31T09:13:17,44086.7,63.687,62.125,63.687,60.968,1300500000,0
2026-08-31T09:13:22,44091.7,65.093,61.906,65.093,61.0,1300500000,0
2026-08-31T09:13:27,44096.7,64.906,62.0,64.906,61.031,1300500000,0
2026-08-31T09:13:32,44101.7,64.687,61.906,64.687,61.0,1300500000,0
2026-08-31T09:13:37,44106.7,64.875,61.937,64.875,61.156,1300500000,0
2026-08-31T09:13:42,44111.7,64.031,61.906,64.031,61.0,1300500000,0
2026-08-31T09:13:47,44116.7,64.843,62.0,65.031,61.062,1300500000,0
2026-08-31T09:13:52,44121.7,65.031,62.312,65.031,61.062,1300500000,0
2026-08-31T09:13:57,44126.7,64.593,62.156,64.593,61.062,1300500000,0
2026-08-31T09:14:02,44131.7,64.937,62.343,64.937,61.062,1300500000,0
2026-08-31T09:14:07,44136.7,63.968,62.218,63.968,61.0,1300500000,0
2026-08-31T09:14:12,44141.7,63.968,62.062,63.968,61.062,1300500000,0
2026-08-31T09:14:17,44146.7,64.281,62.093,64.281,61.031,1300500000,0
2026-08-31T09:14:22,44151.7,63.937,62.093,63.937,61.125,1300500000,0
2026-08-31T09:14:27,44156.7,63.875,62.0,63.968,61.062,1300500000,0
2026-08-31T09:14:32,44161.8,64.125,62.468,64.125,61.125,1300500000,0
2026-08-31T09:14:37,44166.8,64.0,61.968,64.0,61.031,1300500000,0
2026-08-31T09:14:42,44171.8,63.781,62.375,63.781,61.156,1300500000,0
2026-08-31T09:14:47,44176.8,64.062,62.25,64.062,61.031,1300500000,0
2026-08-31T09:14:52,44181.8,63.937,62.062,63.937,61.156,1300500000,0
2026-08-31T09:14:57,44186.8,64.093,61.968,64.093,61.093,1300500000,0
2026-08-31T09:15:02,44191.8,63.718,61.468,63.718,60.937,1300500000,0
2026-08-31T09:15:07,44196.8,63.781,61.531,63.781,60.906,1300500000,0
2026-08-31T09:15:12,44201.8,63.593,61.75,63.593,60.781,1300500000,0
2026-08-31T09:15:17,44206.8,63.718,61.375,63.718,60.718,1300500000,0
2026-08-31T09:15:22,44211.8,63.5,61.687,63.5,60.781,1300500000,0
2026-08-31T09:15:27,44216.8,64.375,64.375,63.812,61.375,1300500000,0
2026-08-31T09:15:32,44221.8,63.562,61.593,63.562,60.75,1300500000,0
2026-08-31T09:15:37,44226.8,63.687,61.375,63.687,60.656,1300500000,0
2026-08-31T09:15:42,44231.8,63.75,61.312,63.75,60.781,1300500000,0
2026-08-31T09:15:47,44236.8,63.437,61.093,63.437,60.593,1300500000,0
2026-08-31T09:15:52,44241.9,63.5,61.156,63.5,60.687,1300500000,0
2026-08-31T09:15:57,44246.9,63.687,61.125,63.687,60.531,1300500000,0
2026-08-31T09:16:02,44251.9,63.656,61.562,63.656,60.781,1300500000,0
2026-08-31T09:16:07,44256.9,63.687,61.125,63.687,60.562,1300500000,0
2026-08-31T09:16:12,44261.9,64.093,64.093,63.625,61.187,1300500000,0
2026-08-31T09:16:17,44266.9,63.75,61.281,63.75,60.593,1300500000,0
2026-08-31T09:16:22,44271.9,63.625,61.312,63.625,60.687,1300500000,0
2026-08-31T09:16:27,44276.9,63.531,61.25,63.531,60.5,1300500000,0
2026-08-31T09:16:32,44281.9,63.406,61.0,63.406,60.531,1300500000,0
2026-08-31T09:16:37,44286.9,63.593,60.937,63.593,60.437,1300500000,0
2026-08-31T09:16:42,44291.9,63.562,61.093,63.562,60.5,1300500000,0
2026-08-31T09:16:47,44296.9,63.562,61.031,63.562,60.406,1300500000,0
2026-08-31T09:16:52,44301.9,63.25,61.281,63.25,60.406,1300500000,0
2026-08-31T09:16:57,44306.9,63.312,61.093,63.312,60.281,1300500000,0
2026-08-31T09:17:02,44311.9,63.281,61.031,63.281,60.343,1300500000,0
2026-08-31T09:17:07,44316.9,63.312,60.906,63.312,60.218,1300500000,0
2026-08-31T09:17:12,44322.0,63.218,60.906,63.218,60.343,1300500000,0
2026-08-31T09:17:17,44327.0,63.281,61.0,63.281,60.218,1300500000,0
2026-08-31T09:17:22,44332.0,63.218,61.125,63.218,60.375,1300500000,0
2026-08-31T09:17:27,44337.0,63.218,60.968,63.218,60.218,1300500000,0
2026-08-31T09:17:32,44342.0,63.5,60.906,63.5,60.25,1300500000,0
2026-08-31T09:17:37,44347.0,63.375,61.0,63.375,60.312,1300500000,0
2026-08-31T09:17:42,44352.0,63.156,60.812,63.156,60.25,1300500000,0
2026-08-31T09:17:47,44357.0,63.312,60.75,63.312,60.375,1300500000,0
2026-08-31T09:17:52,44362.0,63.187,61.0,63.187,60.218,1300500000,0
2026-08-31T09:17:57,44367.0,63.125,60.781,63.125,60.343,1300500000,0
2026-08-31T09:18:02,44372.0,63.406,61.093,63.406,60.281,1300500000,0
2026-08-31T09:18:07,44377.0,63.125,60.812,63.125,60.281,1300500000,0
2026-08-31T09:18:12,44382.0,63.062,60.75,63.062,60.218,1300500000,0
2026-08-31T09:18:17,44387.0,63.156,60.718,63.156,60.218,1300500000,0
2026-08-31T09:18:22,44392.0,63.218,60.906,63.031,60.187,1300500000,0
2026-08-31T09:18:27,44397.0,62.937,60.593,62.937,60.156,1300500000,0
2026-08-31T09:18:32,44402.0,63.218,60.937,63.218,60.031,1300500000,0
2026-08-31T09:18:37,44407.1,63.031,60.843,63.031,60.156,1300500000,0
2026-08-31T09:18:42,44412.1,63.25,60.718,63.25,60.0,1300500000,0
2026-08-31T09:18:47,44417.1,63.031,60.625,63.031,60.156,1300500000,0
2026-08-31T09:18:52,44422.1,63.031,60.687,62.968,60.062,1300500000,0
2026-08-31T09:18:57,44427.1,62.968,60.562,62.968,60.125,1300500000,0
2026-08-31T09:19:02,44432.1,63.125,60.843,63.125,59.906,1300500000,0
2026-08-31T09:19:07,44437.1,62.968,60.843,62.968,60.031,1300500000,0
2026-08-31T09:19:12,44442.1,63.312,60.812,63.312,60.031,1300500000,0
2026-08-31T09:19:17,44447.1,63.187,60.656,63.187,60.156,1300500000,0
2026-08-31T09:19:22,44452.1,63.187,60.718,63.187,60.0,1300500000,0
2026-08-31T09:19:27,44457.1,63.218,60.687,63.218,60.093,1300500000,0
2026-08-31T09:19:32,44462.1,63.25,60.968,63.25,59.968,1300500000,0
2026-08-31T09:19:37,44467.1,63.156,60.843,63.156,60.093,1300500000,0
2026-08-31T09:19:42,44472.1,63.406,60.875,63.406,60.0,1300500000,0
2026-08-31T09:19:47,44477.1,63.218,60.843,63.218,60.031,1300500000,0
2026-08-31T09:19:52,44482.1,63.312,60.875,63.531,60.0,1300500000,0
2026-08-31T09:19:57,44487.2,63.187,60.656,63.187,60.156,1300500000,0
2026-08-31T09:20:02,44492.2,63.343,61.031,63.343,59.937,1300500000,0
2026-08-31T09:20:07,44497.2,63.281,60.781,63.281,60.125,1300500000,0
2026-08-31T09:20:12,44502.2,63.5,61.062,63.5,60.093,1300500000,0
2026-08-31T09:20:17,44507.2,63.218,60.781,63.218,60.187,1300500000,0
2026-08-31T09:20:22,44512.2,63.375,60.781,63.375,60.093,1300500000,0
2026-08-31T09:20:27,44517.2,63.781,60.562,63.781,60.093,1300500000,0
2026-08-31T09:20:32,44522.2,62.843,60.5,62.843,59.968,1300500000,0
2026-08-31T09:20:37,44527.2,62.843,60.562,62.843,60.093,1300500000,0
2026-08-31T09:20:42,44532.2,62.875,60.843,62.875,60.0,1300500000,0
2026-08-31T09:20:47,44537.2,62.718,60.593,62.718,60.0,1300500000,0
2026-08-31T09:20:52,44542.2,62.968,60.812,62.968,59.906,1300500000,0
2026-08-31T09:20:57,44547.2,62.968,60.687,62.968,59.875,1300500000,0
2026-08-31T09:21:02,44552.2,62.875,60.593,62.875,59.968,1300500000,0
2026-08-31T09:21:07,44557.2,62.843,60.593,62.843,59.843,1300500000,0
2026-08-31T09:21:12,44562.2,63.312,60.562,63.312,59.906,1300500000,0
2026-08-31T09:21:17,44567.3,63.375,60.656,63.375,59.906,1300500000,0
2026-08-31T09:21:22,44572.3,63.437,60.625,63.437,59.875,1300500000,0
2026-08-31T09:21:27,44577.3,63.218,60.593,63.218,60.0,1300500000,0
2026-08-31T09:21:32,44582.3,63.218,60.781,63.406,60.156,1300500000,0
2026-08-31T09:21:37,44587.3,63.656,60.718,63.656,59.968,1300500000,0
2026-08-31T09:21:42,44592.3,63.375,60.718,63.375,59.937,1300500000,0
2026-08-31T09:21:47,44597.3,63.218,60.656,63.218,59.937,1300500000,0
2026-08-31T09:21:52,44602.3,63.312,60.75,63.312,59.843,1300500000,0
2026-08-31T09:21:57,44607.3,63.218,60.468,63.218,60.062,1300500000,0
2026-08-31T09:22:02,44612.3,63.343,60.875,63.343,60.156,1300500000,0
2026-08-31T09:22:07,44617.3,63.531,60.656,63.531,60.062,1300500000,0
2026-08-31T09:22:12,44622.3,63.406,60.781,63.406,60.125,1300500000,0
2026-08-31T09:22:17,44627.3,63.25,60.593,63.25,60.0,1300500000,0
2026-08-31T09:22:22,44632.3,63.406,60.718,63.406,60.125,1300500000,0
2026-08-31T09:22:27,44637.3,63.375,60.687,63.375,60.031,1300500000,0
2026-08-31T09:22:32,44642.3,63.343,60.906,63.343,60.031,1300500000,0
2026-08-31T09:22:37,44647.4,63.468,60.75,63.468,60.031,1300500000,0
2026-08-31T09:22:42,44652.4,63.25,60.75,63.25,59.968,1300500000,0
2026-08-31T09:22:47,44657.4,63.468,60.656,63.468,59.968,1300500000,0
2026-08-31T09:22:53,44662.4,63.343,60.968,63.343,60.031,1300500000,0
2026-08-31T09:22:58,44667.4,63.125,60.812,63.125,59.968,1300500000,0
2026-08-31T09:23:03,44672.4,62.968,60.812,62.968,59.937,1300500000,0
2026-08-31T09:23:08,44677.4,63.031,60.718,63.031,60.187,1300500000,0
2026-08-31T09:23:13,44682.4,63.062,60.937,63.062,59.968,1300500000,0
2026-08-31T09:23:18,44687.4,62.906,60.906,62.906,60.218,1300500000,0
2026-08-31T09:23:23,44692.4,63.156,60.781,63.156,60.093,1300500000,0
2026-08-31T09:23:28,44697.4,62.937,60.843,62.937,60.093,1300500000,0
2026-08-31T09:23:33,44702.4,63.031,60.875,63.031,59.937,1300500000,0
2026-08-31T09:23:38,44707.4,62.875,60.812,62.875,60.125,1300500000,0
2026-08-31T09:23:43,44712.4,63.031,61.031,63.031,59.968,1300500000,0
2026-08-31T09:23:48,44717.4,63.125,60.875,63.125,60.031,1300500000,0
2026-08-31T09:23:53,44722.4,62.906,60.812,62.906,60.218,1300500000,0
2026-08-31T09:23:58,44727.5,63.218,60.656,63.218,60.156,1300500000,0
2026-08-31T09:24:03,44732.5,63.093,60.937,63.093,60.218,1300500000,0
2026-08-31T09:24:08,44737.5,63.187,60.812,63.187,60.031,1300500000,0
2026-08-31T09:24:13,44742.5,63.0,61.031,63.0,60.187,1300500000,0
2026-08-31T09:24:18,44747.5,63.093,60.968,63.093,60.031,1300500000,0
2026-08-31T09:24:23,44752.5,62.812,60.75,62.812,60.218,1300500000,0
2026-08-31T09:24:28,44757.5,64.031,60.906,64.031,60.062,1300500000,0
2026-08-31T09:24:33,44762.5,63.968,60.812,63.968,60.156,1300500000,0
2026-08-31T09:24:38,44767.5,63.906,60.75,63.906,60.031,1300500000,0
2026-08-31T09:24:43,44772.5,63.531,61.125,63.531,60.218,1300500000,0
2026-08-31T09:24:48,44777.5,63.937,60.718,63.937,60.031,1300500000,0
2026-08-31T09:24:53,44782.5,64.187,61.031,64.187,60.062,1300500000,0
2026-08-31T09:24:58,44787.5,64.125,60.906,64.125,60.031,1300500000,0
2026-08-31T09:25:03,44792.5,63.875,60.781,63.875,60.218,1300500000,0
2026-08-31T09:25:08,44797.5,64.25,61.0,64.25,60.031,1300500000,0
2026-08-31T09:25:13,44802.5,64.0,60.906,64.0,60.156,1300500000,0
2026-08-31T09:25:18,44807.6,63.437,60.843,63.437,60.031,1300500000,0
2026-08-31T09:25:23,44812.6,64.062,60.812,64.062,60.187,1300500000,0
2026-08-31T09:25:28,44817.6,63.687,60.906,63.687,60.125,1300500000,0
2026-08-31T09:25:33,44822.6,63.968,61.062,64.062,60.093,1300500000,0
2026-08-31T09:25:38,44827.6,63.593,61.25,63.593,60.093,1300500000,0
2026-08-31T09:25:43,44832.6,63.218,61.062,63.218,60.187,1300500000,0
2026-08-31T09:25:48,44837.6,63.437,60.937,63.437,60.125,1300500000,0
2026-08-31T09:25:53,44842.6,63.562,61.125,63.562,60.125,1300500000,0
2026-08-31T09:25:58,44847.6,63.437,61.062,63.437,60.156,1300500000,0
2026-08-31T09:26:03,44852.6,63.625,60.968,63.625,60.156,1300500000,0
2026-08-31T09:26:08,44857.6,63.562,61.375,63.562,60.218,1300500000,0
2026-08-31T09:26:13,44862.6,63.687,61.031,63.687,60.125,1300500000,0
2026-08-31T09:26:18,44867.6,63.343,61.437,63.343,60.218,1300500000,0
2026-08-31T09:26:23,44872.6,63.093,61.031,63.093,60.093,1300500000,0
2026-08-31T09:26:28,44877.6,63.062,61.156,63.062,60.25,1300500000,0
2026-08-31T09:26:33,44882.6,63.218,61.218,63.218,60.218,1300500000,0
2026-08-31T09:26:38,44887.7,63.093,61.125,63.093,60.312,1300500000,0
2026-08-31T09:26:43,44892.7,63.218,61.031,63.218,60.218,1300500000,0
2026-08-31T09:26:48,44897.7,63.031,61.406,63.031,60.218,1300500000,0
2026-08-31T09:26:53,44902.7,63.125,61.187,63.125,60.187,1300500000,0
2026-08-31T09:26:58,44907.7,63.375,61.406,63.375,60.218,1300500000,0
2026-08-31T09:27:03,44912.7,63.125,61.218,63.125,60.375,1300500000,0
2026-08-31T09:27:08,44917.7,63.062,61.187,63.062,60.25,1300500000,0
2026-08-31T09:27:13,44922.7,63.125,60.937,63.125,60.281,1300500000,0
2026-08-31T09:27:18,44927.7,63.062,61.187,63.062,60.218,1300500000,0
2026-08-31T09:27:23,44932.7,63.093,61.0,63.093,60.343,1300500000,0
2026-08-31T09:27:28,44937.7,63.312,61.437,63.312,60.25,1300500000,0
2026-08-31T09:27:33,44942.7,63.093,61.25,63.093,60.406,1300500000,0
2026-08-31T09:27:38,44947.7,63.0,60.968,63.0,60.343,1300500000,0
2026-08-31T09:27:43,44952.7,63.187,61.125,63.187,60.281,1300500000,0
2026-08-31T09:27:48,44957.7,63.281,61.468,63.281,60.281,1300500000,0
2026-08-31T09:27:53,44962.7,63.125,61.312,63.125,60.343,1300500000,0
2026-08-31T09:27:58,44967.7,63.312,61.281,63.312,60.312,1300500000,0
2026-08-31T09:28:03,44972.8,63.375,61.156,63.156,60.375,1300500000,0
2026-08-31T09:28:08,44977.8,63.218,61.5,63.218,60.156,1300500000,0
2026-08-31T09:28:13,44982.8,63.187,61.281,63.187,60.312,1300500000,0
2026-08-31T09:28:18,44987.8,63.156,61.156,63.156,60.375,1300500000,0
2026-08-31T09:28:23,44992.8,63.218,61.156,63.218,60.343,1300500000,0
2026-08-31T09:28:28,44997.8,63.156,61.156,63.156,60.437,1300500000,0
2026-08-31T09:28:33,45002.8,63.312,61.218,63.312,60.218,1300500000,0
2026-08-31T09:28:38,45007.8,63.156,61.593,63.156,60.343,1300500000,0
2026-08-31T09:28:43,45012.8,63.218,61.406,63.218,60.25,1300500000,0
2026-08-31T09:28:48,45017.8,63.187,61.375,63.187,60.375,1300500000,0
2026-08-31T09:28:53,45022.8,63.406,61.218,63.406,60.468,1300500000,0
2026-08-31T09:28:58,45027.8,63.406,61.281,63.25,60.375,1300500000,0
2026-08-31T09:29:03,45032.8,63.312,61.343,63.312,60.468,1300500000,0
2026-08-31T09:29:08,45037.8,63.375,61.343,63.375,60.406,1300500000,0
2026-08-31T09:29:13,45042.8,64.343,61.25,64.343,60.468,1300500000,0
2026-08-31T09:29:18,45047.8,63.656,61.062,63.656,60.375,1300500000,0
2026-08-31T09:29:23,45052.9,64.187,61.468,64.187,60.531,1300500000,0
2026-08-31T09:29:28,45057.9,64.5,61.375,64.5,60.437,1300500000,0
2026-08-31T09:29:33,45062.9,64.25,61.593,64.25,60.468,1300500000,0
2026-08-31T09:29:38,45067.9,63.875,61.406,63.875,60.437,1300500000,0
2026-08-31T09:29:43,45072.9,64.0,61.156,64.0,60.531,1300500000,0
2026-08-31T09:29:48,45077.9,64.468,61.281,64.468,60.406,1300500000,0
2026-08-31T09:29:53,45082.9,64.187,61.281,64.281,60.562,1300500000,0
2026-08-31T09:29:58,45087.9,64.25,61.687,64.25,60.5,1300500000,0
2026-08-31T09:30:03,45092.9,64.062,61.5,64.062,60.562,1300500000,0
2026-08-31T09:30:08,45097.9,63.937,61.343,63.937,60.5,1300500000,0
2026-08-31T09:30:13,45102.9,63.906,61.625,63.906,60.562,1300500000,0
2026-08-31T09:30:18,45107.9,64.593,61.468,64.593,60.5,1300500000,0
2026-08-31T09:30:23,45112.9,64.531,61.5,64.531,60.593,1300500000,0
2026-08-31T09:30:28,45117.9,64.656,61.437,64.656,60.531,1300500000,0
2026-08-31T09:30:33,45122.9,63.781,61.468,63.687,60.562,1300500000,0
2026-08-31T09:30:38,45127.9,64.5,61.781,64.5,60.562,1300500000,0
2026-08-31T09:30:43,45133.0,64.343,61.5,64.343,60.625,1300500000,0
2026-08-31T09:30:48,45138.0,64.687,61.781,64.687,60.593,1300500000,0
2026-08-31T09:30:53,45143.0,64.375,61.531,64.375,60.593,1300500000,0
2026-08-31T09:30:58,45148.0,64.125,61.5,64.125,60.562,1300500000,0
2026-08-31T09:31:03,45153.0,64.562,61.687,64.562,60.656,1300500000,0
2026-08-31T09:31:08,45158.0,64.5,61.437,64.5,60.531,1300500000,0
2026-08-31T09:31:13,45163.0,64.187,61.375,64.406,60.656,1300500000,0
2026-08-31T09:31:18,45168.0,64.625,61.937,64.625,60.625,1300500000,0
2026-08-31T09:31:23,45173.0,64.625,61.687,64.625,60.718,1300500000,0
2026-08-31T09:31:28,45178.0,63.875,61.625,63.875,60.656,1300500000,0
2026-08-31T09:31:33,45183.0,64.468,61.656,64.468,60.718,1300500000,0
2026-08-31T09:31:38,45188.0,63.656,61.656,63.656,60.656,1300500000,0
2026-08-31T09:31:43,45193.0,63.593,61.593,63.593,60.718,1300500000,0
2026-08-31T09:31:48,45198.0,63.687,61.937,63.687,60.687,1300500000,0
2026-08-31T09:31:53,45203.0,63.593,61.812,63.593,60.718,1300500000,0
2026-08-31T09:31:58,45208.0,63.656,61.718,63.656,60.875,1300500000,0
2026-08-31T09:32:03,45213.1,63.718,61.687,63.718,60.75,1300500000,0
2026-08-31T09:32:08,45218.1,63.593,62.0,63.593,60.812,1300500000,0
2026-08-31T09:32:13,45223.1,63.75,61.812,63.75,60.718,1300500000,0
2026-08-31T09:32:18,45228.1,63.531,61.718,63.531,60.812,1300500000,0
2026-08-31T09:32:23,45233.1,63.656,61.718,63.656,60.75,1300500000,0
2026-08-31T09:32:28,45238.1,63.5,62.062,63.5,60.718,1300500000,0
2026-08-31T09:32:33,45243.1,63.687,61.75,63.687,60.718,1300500000,0
2026-08-31T09:32:38,45248.1,63.75,61.531,63.75,60.812,1300500000,0
2026-08-31T09:32:43,45253.1,63.625,61.781,63.625,60.875,1300500000,0
2026-08-31T09:32:48,45258.1,63.843,61.781,63.843,60.781,1300500000,0
2026-08-31T09:32:53,45263.1,63.75,61.687,63.75,60.968,1300500000,0
2026-08-31T09:32:58,45268.1,63.656,62.187,63.656,60.718,1300500000,0
2026-08-31T09:33:03,45273.1,63.625,61.906,63.625,60.875,1300500000,0
2026-08-31T09:33:08,45278.1,63.781,61.687,63.781,60.781,1300500000,0
2026-08-31T09:33:13,45283.1,63.625,61.906,63.625,60.843,1300500000,0
2026-08-31T09:33:18,45288.1,63.843,61.593,63.843,60.843,1300500000,0
2026-08-31T09:33:23,45293.2,63.625,61.875,63.625,60.875,1300500000,0
2026-08-31T09:33:28,45298.2,63.656,61.718,63.656,60.812,1300500000,0
2026-08-31T09:33:33,45303.2,63.593,61.781,63.593,60.781,1300500000,0
2026-08-31T09:33:38,45308.2,63.625,61.656,63.625,61.0,1300500000,0
2026-08-31T09:33:43,45313.2,63.812,62.125,63.812,60.812,1300500000,0
2026-08-31T09:33:48,45318.2,63.906,61.906,63.906,60.968,1300500000,0
2026-08-31T09:33:53,45323.2,64.093,61.812,64.093,60.875,1300500000,0
2026-08-31T09:33:58,45328.2,63.656,61.906,63.656,60.937,1300500000,0
2026-08-31T09:34:03,45333.2,63.843,61.843,63.843,60.875,1300500000,0
2026-08-31T09:34:08,45338.2,64.843,61.875,64.843,61.031,1300500000,0
2026-08-31T09:34:13,45343.2,64.968,62.031,64.968,61.156,1300500000,0
2026-08-31T09:34:18,45348.2,64.687,61.875,64.687,61.0,1300500000,0
2026-08-31T09:34:23,45353.2,63.781,61.812,63.781,61.031,1300500000,0
2026-08-31T09:34:28,45358.2,63.968,61.875,63.968,60.906,1300500000,0
2026-08-31T09:34:33,45363.2,63.812,62.156,63.812,60.968,1300500000,0
2026-08-31T09:34:38,45368.2,63.687,62.031,63.687,60.937,1300500000,0
2026-08-31T09:34:43,45373.3,63.718,61.875,63.718,61.156,1300500000,0
2026-08-31T09:34:48,45378.3,63.968,61.875,63.968,60.906,1300500000,0
2026-08-31T09:34:53,45383.3,63.843,62.031,63.843,61.093,1300500000,0
2026-08-31T09:34:58,45388.3,63.968,61.875,63.968,60.968,1300500000,0
2026-08-31T09:35:03,45393.3,64.093,61.968,64.093,61.062,1300500000,0
2026-08-31T09:35:08,45398.3,64.0,62.187,64.0,60.937,1300500000,0
2026-08-31T09:35:13,45403.3,63.812,61.75,63.812,61.093,1300500000,0
2026-08-31T09:35:18,45408.3,64.0,61.968,64.0,61.093,1300500000,0
2026-08-31T09:35:23,45413.3,64.031,62.156,63.781,61.031,1300500000,0
2026-08-31T09:35:28,45418.3,63.875,62.125,63.875,61.187,1300500000,0
2026-08-31T09:35:33,45423.3,64.125,62.0,64.125,61.093,1300500000,0
2026-08-31T09:35:38,45428.3,64.031,62.031,64.031,61.062,1300500000,0
2026-08-31T09:35:43,45433.3,64.031,62.125,63.906,61.062,1300500000,0
2026-08-31T09:35:48,45438.3,64.781,62.093,64.781,61.062,1300500000,0
2026-08-31T09:35:53,45443.3,64.312,61.593,64.312,60.875,1300500000,0
2026-08-31T09:35:58,45448.3,64.0,61.5,64.0,60.812,1300500000,0
2026-08-31T09:36:03,45453.4,64.125,61.531,64.281,60.906,1300500000,0
2026-08-31T09:36:08,45458.4,64.187,61.5,64.187,60.875,1300500000,0
2026-08-31T09:36:14,45463.4,64.062,61.437,64.062,60.875,1300500000,0
2026-08-31T09:36:19,45468.4,64.187,61.625,64.187,60.843,1300500000,0
2026-08-31T09:36:24,45473.4,63.875,61.312,63.875,60.875,1300500000,0
2026-08-31T09:36:29,45478.4,64.031,61.218,64.031,60.656,1300500000,0
2026-08-31T09:36:34,45483.4,63.812,61.437,63.812,60.687,1300500000,0
2026-08-31T09:36:39,45488.4,63.875,61.281,63.875,60.625,1300500000,0
2026-08-31T09:36:44,45493.4,63.718,61.156,63.718,60.656,1300500000,0
2026-08-31T09:36:49,45498.4,64.062,61.437,64.062,60.718,1300500000,0
2026-08-31T09:36:54,45503.4,63.718,61.25,63.718,60.562,1300500000,0
2026-08-31T09:36:59,45508.4,63.843,61.031,63.843,60.5,1300500000,0
2026-08-31T09:37:04,45513.4,63.593,61.343,63.593,60.468,1300500000,0
2026-08-31T09:37:09,45518.4,63.781,61.156,63.781,60.437,1300500000,0
2026-08-31T09:37:14,45523.4,63.593,61.281,63.593,60.375,1300500000,0
2026-08-31T09:37:19,45528.4,63.656,61.062,63.656,60.593,1300500000,0
2026-08-31T09:37:24,45533.5,63.843,61.093,63.843,60.375,1300500000,0
2026-08-31T09:37:29,45538.5,63.531,61.062,63.531,60.218,1300500000,0
2026-08-31T09:37:34,45543.5,63.531,61.062,63.531,60.343,1300500000,0
2026-08-31T09:37:39,45548.5,63.406,62.562,63.406,60.5,1300500000,0
2026-08-31T09:37:44,45553.5,63.5,61.281,63.5,60.343,1300500000,0
2026-08-31T09:37:49,45558.5,63.687,61.062,63.687,60.218,1300500000,0
2026-08-31T09:37:54,45563.5,63.625,61.187,63.625,60.406,1300500000,0
2026-08-31T09:37:59,45568.5,63.437,61.093,63.437,60.312,1300500000,0
2026-08-31T09:38:04,45573.5,63.656,61.312,63.656,60.5,1300500000,0
2026-08-31T09:38:09,45578.5,63.656,61.093,63.656,60.218,1300500000,0
2026-08-31T09:38:14,45583.5,63.406,60.906,63.406,60.25,1300500000,0
2026-08-31T09:38:19,45588.5,63.593,60.906,63.593,60.187,1300500000,0
2026-08-31T09:38:24,45593.5,63.343,60.968,63.343,60.25,1300500000,0
2026-08-31T09:38:29,45598.5,63.531,60.781,63.531,60.062,1300500000,0
2026-08-31T09:38:34,45603.5,63.593,61.031,63.406,60.218,1300500000,0
2026-08-31T09:38:39,45608.5,63.375,60.843,63.375,60.156,1300500000,0
2026-08-31T09:38:44,45613.6,63.281,60.843,63.281,60.125,1300500000,0
2026-08-31T09:38:49,45618.6,63.437,60.906,63.437,60.093,1300500000,0
2026-08-31T09:38:54,45623.6,63.281,60.906,63.281,60.093,1300500000,0
2026-08-31T09:38:59,45628.6,63.437,60.781,63.437,60.125,1300500000,0
2026-08-31T09:39:04,45633.6,63.281,60.718,63.281,60.156,1300500000,0
2026-08-31T09:39:09,45638.6,63.531,61.125,63.531,60.0,1300500000,0
2026-08-31T09:39:14,45643.6,63.218,60.906,63.343,60.156,1300500000,0
2026-08-31T09:39:19,45648.6,63.312,60.875,63.312,60.031,1300500000,0
2026-08-31T09:39:24,45653.6,63.25,60.937,63.25,60.031,1300500000,0
2026-08-31T09:39:29,45658.6,63.343,60.906,63.343,60.031,1300500000,0
2026-08-31T09:39:34,45663.6,63.218,60.687,63.218,59.968,1300500000,0
2026-08-31T09:39:39,45668.6,63.406,60.843,63.406,60.0,1300500000,0
2026-08-31T09:39:44,45673.6,63.218,60.656,63.218,59.968,1300500000,0
2026-08-31T09:39:49,45678.6,63.5,61.125,63.5,59.937,1300500000,0
2026-08-31T09:39:54,45683.6,63.312,60.843,63.312,60.156,1300500000,0
2026-08-31T09:39:59,45688.7,63.187,61.062,63.187,59.937,1300500000,0
2026-08-31T09:40:04,45693.7,63.187,60.968,63.187,60.062,1300500000,0
2026-08-31T09:40:09,45698.7,63.281,60.875,63.281,59.937,1300500000,0
2026-08-31T09:40:14,45703.7,63.218,60.875,63.218,59.968,1300500000,0
2026-08-31T09:40:19,45708.7,63.281,60.687,63.281,59.875,1300500000,0
2026-08-31T09:40:24,45713.7,63.187,60.656,63.187,60.0,1300500000,0
2026-08-31T09:40:29,45718.7,63.093,60.812,63.093,59.906,1300500000,0
2026-08-31T09:40:34,45723.7,63.218,60.781,63.218,60.031,1300500000,0
2026-08-31T09:40:39,45728.7,63.281,61.156,63.281,59.906,1300500000,0
2026-08-31T09:40:44,45733.7,63.218,60.906,63.218,60.187,1300500000,0
2026-08-31T09:40:49,45738.7,63.437,60.875,63.437,59.937,1300500000,0
2026-08-31T09:40:54,45743.7,63.25,60.781,63.25,59.968,1300500000,0
2026-08-31T09:40:59,45748.7,63.218,61.0,63.218,59.843,1300500000,0
2026-08-31T09:41:04,45753.7,63.125,61.0,63.125,60.0,1300500000,0
2026-08-31T09:41:09,45758.7,63.312,61.0,63.312,60.0,1300500000,0
2026-08-31T09:41:14,45763.7,63.125,60.968,63.125,60.0,1300500000,0
2026-08-31T09:41:19,45768.8,63.187,60.875,63.187,60.125,1300500000,0
2026-08-31T09:41:24,45773.8,63.343,60.75,63.343,59.906,1300500000,0
2026-08-31T09:41:29,45778.8,63.093,61.25,63.093,60.093,1300500000,0
2026-08-31T09:41:34,45783.8,63.468,60.968,63.468,59.968,1300500000,0
2026-08-31T09:41:39,45788.8,63.218,60.875,63.218,60.062,1300500000,0
2026-08-31T09:41:44,45793.8,63.218,60.718,63.218,59.968,1300500000,0
2026-08-31T09:41:49,45798.8,63.187,61.093,63.187,60.062,1300500000,0
2026-08-31T09:41:54,45803.8,63.406,61.031,63.406,59.875,1300500000,0
2026-08-31T09:41:59,45808.8,63.375,60.937,63.375,59.968,1300500000,0
2026-08-31T09:42:04,45813.8,63.093,60.718,63.093,60.062,1300500000,0
2026-08-31T09:42:09,45818.8,63.468,61.25,63.468,60.062,1300500000,0
2026-08-31T09:42:14,45823.8,63.218,60.906,63.218,60.187,1300500000,0
2026-08-31T09:42:19,45828.8,63.218,61.156,63.218,60.031,1300500000,0
2026-08-31T09:42:24,45833.8,63.156,61.031,63.156,60.093,1300500000,0
2026-08-31T09:42:29,45838.8,63.281,60.937,63.281,60.0,1300500000,0
2026-08-31T09:42:34,45843.8,62.937,60.968,62.937,60.218,1300500000,0
2026-08-31T09:42:39,45848.9,63.187,60.968,63.187,60.031,1300500000,0
2026-08-31T09:42:44,45853.9,62.875,60.875,62.875,60.218,1300500000,0
2026-08-31T09:42:49,45858.9,62.906,61.125,62.906,60.0,1300500000,0
2026-08-31T09:42:54,45863.9,63.031,60.906,63.031,60.031,1300500000,0
2026-08-31T09:42:59,45868.9,62.937,61.156,62.937,60.187,1300500000,0
2026-08-31T09:43:04,45873.9,63.031,61.031,63.031,60.062,1300500000,0
2026-08-31T09:43:09,45878.9,63.031,61.281,63.031,60.093,1300500000,0
2026-08-31T09:43:14,45883.9,63.156,61.125,63.281,60.156,1300500000,0
2026-08-31T09:43:19,45888.9,63.468,60.906,63.468,60.125,1300500000,0
2026-08-31T09:43:24,45893.9,63.062,61.187,63.062,60.187,1300500000,0
2026-08-31T09:43:29,45898.9,63.031,61.093,63.031,60.187,1300500000,0
2026-08-31T09:43:34,45903.9,63.125,60.812,63.125,60.218,1300500000,0
2026-08-31T09:43:39,45908.9,63.125,60.968,63.125,60.187,1300500000,0
2026-08-31T09:43:44,45913.9,63.218,61.031,63.218,60.218,1300500000,0
2026-08-31T09:43:49,45918.9,63.093,61.312,63.093,60.218,1300500000,0
2026-08-31T09:43:54,45923.9,63.281,61.031,63.281,60.125,1300500000,0
2026-08-31T09:43:59,45929.0,63.093,61.281,63.125,60.312,1300500000,0
2026-08-31T09:44:04,45934.0,63.125,61.25,63.125,60.187,1300500000,0
2026-08-31T09:44:09,45939.0,63.031,61.281,63.031,60.343,1300500000,0
2026-08-31T09:44:14,45944.0,63.093,61.187,63.093,60.25,1300500000,0
2026-08-31T09:44:19,45949.0,63.031,61.062,63.031,60.312,1300500000,0
2026-08-31T09:44:24,45954.0,63.343,61.031,63.343,60.187,1300500000,0
2026-08-31T09:44:29,45959.0,63.125,61.125,63.125,60.343,1300500000,0
2026-08-31T09:44:34,45964.0,63.375,61.062,63.375,60.187,1300500000,0
2026-08-31T09:44:39,45969.0,63.093,61.375,63.093,60.343,1300500000,0
2026-08-31T09:44:44,45974.0,63.062,61.062,63.062,60.125,1300500000,0
2026-08-31T09:44:49,45979.0,63.062,61.25,63.187,60.312,1300500000,0
2026-08-31T09:44:54,45984.0,63.218,61.281,63.218,60.218,1300500000,0
2026-08-31T09:44:59,45989.0,63.156,61.312,63.156,60.437,1300500000,0
2026-08-31T09:45:04,45994.0,63.218,61.187,63.218,60.25,1300500000,0
2026-08-31T09:45:09,45999.0,63.062,61.093,63.062,60.343,1300500000,0
2026-08-31T09:45:14,46004.0,63.0,61.312,63.0,60.25,1300500000,0
2026-08-31T09:45:19,46009.0,63.125,61.156,63.125,60.25,1300500000,0
2026-08-31T09:45:24,46014.1,62.968,61.062,62.968,60.187,1300500000,0
2026-08-31T09:45:29,46019.1,63.062,61.312,63.218,60.406,1300500000,0
2026-08-31T09:45:34,46024.1,63.25,61.093,63.25,60.218,1300500000,0
2026-08-31T09:45:39,46029.1,63.125,61.437,63.125,60.343,1300500000,0
2026-08-31T09:45:44,46034.1,64.437,61.218,64.437,60.343,1300500000,0
2026-08-31T09:45:49,46039.1,63.468,61.281,63.468,60.437,1300500000,0
2026-08-31T09:45:54,46044.1,63.125,61.25,63.125,60.218,1300500000,0
2026-08-31T09:45:59,46049.1,63.187,61.25,63.187,60.375,1300500000,0
2026-08-31T09:46:04,46054.1,63.187,61.125,63.187,60.343,1300500000,0
2026-08-31T09:46:09,46059.1,64.125,61.062,64.375,60.437,1300500000,0
2026-08-31T09:46:14,46064.1,63.687,61.031,63.687,60.406,1300500000,0
2026-08-31T09:46:19,46069.1,64.312,61.437,64.312,60.25,1300500000,0
2026-08-31T09:46:24,46074.1,64.218,61.281,64.218,60.343,1300500000,0
2026-08-31T09:46:29,46079.1,63.718,61.437,63.718,60.375,1300500000,0
2026-08-31T09:46:34,46084.1,64.25,61.406,64.25,60.375,1300500000,0
2026-08-31T09:46:39,46089.1,64.25,61.437,64.25,60.437,1300500000,0
2026-08-31T09:46:44,46094.2,64.343,61.343,64.343,60.468,1300500000,0
2026-08-31T09:46:49,46099.2,64.218,61.125,64.218,60.343,1300500000,0
2026-08-31T09:46:54,46104.2,64.312,61.312,64.312,60.5,1300500000,0
2026-08-31T09:46:59,46109.2,64.187,61.375,64.187,60.375,1300500000,0
2026-08-31T09:47:04,46114.2,64.281,61.187,64.281,60.468,1300500000,0
2026-08-31T09:47:09,46119.2,64.406,61.312,64.406,60.468,1300500000,0
2026-08-31T09:47:14,46124.2,64.218,61.687,64.218,60.562,1300500000,0
2026-08-31T09:47:19,46129.2,63.968,61.343,63.968,60.468,1300500000,0
2026-08-31T09:47:24,46134.2,64.125,61.625,64.125,60.531,1300500000,0
2026-08-31T09:47:29,46139.2,64.5,61.437,64.5,60.375,1300500000,0
2026-08-31T09:47:34,46144.2,63.281,61.656,63.281,60.562,1300500000,0
2026-08-31T09:47:39,46149.2,63.25,61.406,63.25,60.437,1300500000,0
2026-08-31T09:47:44,46154.2,63.281,61.375,63.281,60.593,1300500000,0
2026-08-31T09:47:49,46159.2,63.218,61.406,63.218,60.531,1300500000,0
2026-08-31T09:47:54,46164.2,63.437,61.312,63.437,60.375,1300500000,0
2026-08-31T09:47:59,46169.2,63.218,61.468,63.218,60.5,1300500000,0
2026-08-31T09:48:04,46174.3,63.343,61.625,63.343,60.656,1300500000,0
2026-08-31T09:48:09,46179.3,63.656,61.406,63.656,60.562,1300500000,0
2026-08-31T09:48:14,46184.3,63.312,61.656,63.312,60.5,1300500000,0
2026-08-31T09:48:19,46189.3,63.75,61.437,63.75,60.5,1300500000,0
2026-08-31T09:48:24,46194.3,64.531,61.656,64.531,60.531,1300500000,0
2026-08-31T09:48:29,46199.3,64.25,61.531,64.25,60.625,1300500000,0
2026-08-31T09:48:34,46204.3,64.593,61.437,64.593,60.562,1300500000,0
2026-08-31T09:48:39,46209.3,64.406,61.625,64.406,60.625,1300500000,0
2026-08-31T09:48:44,46214.3,64.687,61.562,64.687,60.593,1300500000,0
2026-08-31T09:48:49,46219.3,64.375,61.5,64.406,60.562,1300500000,0
2026-08-31T09:48:54,46224.3,64.531,61.531,64.531,60.531,1300500000,0
2026-08-31T09:48:59,46229.3,63.75,61.468,63.75,60.656,1300500000,0
2026-08-31T09:49:04,46234.3,64.562,61.718,64.562,60.5,1300500000,0
2026-08-31T09:49:09,46239.3,64.531,61.531,64.531,60.625,1300500000,0
2026-08-31T09:49:14,46244.3,64.656,61.843,64.656,60.656,1300500000,0
2026-08-31T09:49:19,46249.3,63.718,61.656,63.718,60.593,1300500000,0
2026-08-31T09:49:24,46254.4,64.687,61.687,64.687,60.625,1300500000,0
2026-08-31T09:49:29,46259.4,64.406,61.593,64.406,60.718,1300500000,0
2026-08-31T09:49:34,46264.4,64.406,61.468,64.406,60.625,1300500000,0
2026-08-31T09:49:40,46269.4,64.437,61.656,64.437,60.687,1300500000,0
2026-08-31T09:49:45,46274.4,64.593,61.562,64.593,60.625,1300500000,0
2026-08-31T09:49:50,46279.4,63.468,61.593,63.468,60.687,1300500000,0
2026-08-31T09:49:55,46284.4,63.687,61.5,63.687,60.656,1300500000,0
2026-08-31T09:50:00,46289.4,63.437,61.406,63.437,60.718,1300500000,0
2026-08-31T09:50:05,46294.4,63.406,61.812,63.406,60.625,1300500000,0
2026-08-31T09:50:10,46299.4,63.562,61.906,63.562,60.656,1300500000,0
2026-08-31T09:50:15,46304.4,63.343,61.562,63.343,60.718,1300500000,0
2026-08-31T09:50:20,46309.4,63.437,61.562,63.437,60.687,1300500000,0
2026-08-31T09:50:25,46314.4,63.687,61.562,63.687,60.656,1300500000,0
2026-08-31T09:50:30,46319.4,63.468,61.593,63.468,60.781,1300500000,0
2026-08-31T09:50:35,46324.4,63.781,61.843,63.781,60.687,1300500000,0
2026-08-31T09:50:40,46329.4,63.5,61.718,63.5,60.812,1300500000,0
2026-08-31T09:50:45,46334.4,63.406,61.812,63.406,60.718,1300500000,0
2026-08-31T09:50:50,46339.5,63.562,61.625,63.562,60.875,1300500000,0
2026-08-31T09:50:55,46344.5,63.781,61.875,63.781,60.687,1300500000,0
2026-08-31T09:51:00,46349.5,63.625,61.718,63.625,60.843,1300500000,0
2026-08-31T09:51:05,46354.5,63.843,61.718,63.843,60.812,1300500000,0
2026-08-31T09:51:10,46359.5,63.718,61.718,63.718,60.843,1300500000,0
2026-08-31T09:51:15,46364.5,63.625,61.75,63.625,60.75,1300500000,0
2026-08-31T09:51:20,46369.5,63.75,61.562,63.75,60.812,1300500000,0
2026-08-31T09:51:25,46374.5,64.062,61.968,64.062,60.812,1300500000,0
2026-08-31T09:51:30,46379.5,63.656,61.812,63.843,60.718,1300500000,0
2026-08-31T09:51:35,46384.5,63.75,61.843,63.75,60.75,1300500000,0
2026-08-31T09:51:40,46389.5,63.718,62.0,63.718,60.875,1300500000,0
2026-08-31T09:51:45,46394.5,63.875,61.781,63.875,60.718,1300500000,0
2026-08-31T09:51:50,46399.5,63.625,61.656,63.625,60.906,1300500000,0
2026-08-31T09:51:55,46404.5,63.687,61.781,63.687,60.781,1300500000,0
2026-08-31T09:52:00,46409.5,63.687,61.781,63.687,60.843,1300500000,0
2026-08-31T09:52:05,46414.5,63.687,62.0,63.687,60.718,1300500000,0
2026-08-31T09:52:10,46419.6,63.625,61.812,63.625,60.906,1300500000,0
2026-08-31T09:52:15,46424.6,63.875,61.875,63.875,60.781,1300500000,0
2026-08-31T09:52:20,46429.6,63.718,61.812,63.718,60.812,1300500000,0
2026-08-31T09:52:25,46434.6,63.656,61.875,63.656,60.875,1300500000,0
2026-08-31T09:52:30,46439.6,63.937,61.781,63.937,60.781,1300500000,0
2026-08-31T09:52:35,46444.6,63.687,61.843,63.687,60.937,1300500000,0
2026-08-31T09:52:40,46449.6,63.781,61.75,63.781,61.031,1300500000,0
2026-08-31T09:52:45,46454.6,63.687,61.968,63.687,60.906,1300500000,0
2026-08-31T09:52:50,46459.6,63.781,62.125,63.781,61.0,1300500000,0
2026-08-31T09:52:55,46464.6,63.968,62.093,63.968,60.937,1300500000,0
2026-08-31T09:53:00,46469.6,64.687,61.812,64.687,60.906,1300500000,0
2026-08-31T09:53:05,46474.6,64.656,61.968,64.656,60.937,1300500000,0
2026-08-31T09:53:10,46479.6,64.531,61.718,64.531,60.906,1300500000,0
2026-08-31T09:53:15,46484.6,64.781,61.875,64.781,60.968,1300500000,0
2026-08-31T09:53:20,46489.6,64.968,61.906,64.968,60.812,1300500000,0
2026-08-31T09:53:25,46494.6,64.625,61.875,64.625,61.0,1300500000,0
2026-08-31T09:53:30,46499.7,65.0,62.343,65.0,61.0,1300500000,0
2026-08-31T09:53:35,46504.7,64.875,63.937,64.656,61.5,1300500000,0
2026-08-31T09:53:40,46509.7,64.75,61.625,64.75,60.75,1300500000,0
2026-08-31T09:53:45,46514.7,64.625,61.375,64.625,60.781,1300500000,0
2026-08-31T09:53:50,46519.7,64.718,61.281,64.718,60.656,1300500000,0
2026-08-31T09:53:55,46524.7,64.062,61.187,64.062,60.625,1300500000,0
2026-08-31T09:54:00,46529.7,64.562,61.156,64.562,60.531,1300500000,0
2026-08-31T09:54:05,46534.7,64.375,61.125,64.375,60.5,1300500000,0
2026-08-31T09:54:10,46539.7,64.187,61.375,64.187,60.468,1300500000,0
2026-08-31T09:54:15,46544.7,64.281,61.031,64.281,60.531,1300500000,0
2026-08-31T09:54:20,46549.7,64.312,61.375,64.312,60.437,1300500000,0
2026-08-31T09:54:25,46554.7,64.281,61.156,64.281,60.437,1300500000,0
2026-08-31T09:54:30,46559.7,64.406,61.062,64.406,60.375,1300500000,0
2026-08-31T09:54:35,46564.7,64.281,61.093,64.281,60.406,1300500000,0
2026-08-31T09:54:40,46569.7,64.468,61.093,64.468,60.25,1300500000,0
2026-08-31T09:54:45,46574.7,64.218,60.906,64.218,60.375,1300500000,0
2026-08-31T09:54:50,46579.7,64.187,61.25,64.187,60.281,1300500000,0
2026-08-31T09:54:55,46584.8,64.187,60.968,64.187,60.25,1300500000,0
2026-08-31T09:55:00,46589.8,64.0,61.093,64.0,60.218,1300500000,0
2026-08-31T09:55:05,46594.8,64.093,60.937,64.093,60.375,1300500000,0
2026-08-31T09:55:10,46599.8,64.187,61.093,64.187,60.218,1300500000,0
2026-08-31T09:55:15,46604.8,64.093,60.906,64.093,60.25,1300500000,0
2026-08-31T09:55:20,46609.8,64.312,60.906,64.312,60.218,1300500000,0
2026-08-31T09:55:25,46614.8,64.156,60.812,64.093,60.281,1300500000,0
2026-08-31T09:55:30,46619.8,63.062,60.843,63.062,60.093,1300500000,0
2026-08-31T09:55:35,46624.8,62.906,60.718,62.906,60.187,1300500000,0
2026-08-31T09:55:40,46629.8,63.031,60.968,63.031,60.218,1300500000,0
2026-08-31T09:55:45,46634.8,62.968,60.875,62.968,60.156,1300500000,0
2026-08-31T09:55:50,46639.8,63.125,60.937,63.125,60.125,1300500000,0
2026-08-31T09:55:55,46644.8,62.875,60.812,62.875,60.218,1300500000,0
2026-08-31T09:56:00,46649.8,63.281,60.75,63.281,60.093,1300500000,0
2026-08-31T09:56:05,46654.8,62.875,60.687,62.875,60.062,1300500000,0
2026-08-31T09:56:10,46659.8,63.0,60.593,63.0,60.093,1300500000,0
2026-08-31T09:56:15,46664.9,63.093,60.656,63.093,60.187,1300500000,0
2026-08-31T09:56:20,46669.9,63.656,61.031,63.656,60.062,1300500000,0
2026-08-31T09:56:25,46674.9,62.843,60.718,62.843,60.187,1300500000,0
2026-08-31T09:56:30,46679.9,63.25,60.968,63.25,60.031,1300500000,0
2026-08-31T09:56:35,46684.9,63.156,60.843,63.156,60.187,1300500000,0
2026-08-31T09:56:40,46689.9,63.0,60.937,63.0,60.062,1300500000,0
2026-08-31T09:56:45,46694.9,63.031,60.812,62.968,60.218,1300500000,0
2026-08-31T09:56:50,46699.9,63.156,60.718,63.156,60.093,1300500000,0
2026-08-31T09:56:55,46704.9,62.937,60.843,62.937,60.156,1300500000,0
2026-08-31T09:57:00,46709.9,63.218,60.812,63.218,60.0,1300500000,0
2026-08-31T09:57:05,46714.9,63.125,60.781,63.125,60.093,1300500000,0
2026-08-31T09:57:10,46719.9,63.343,60.875,63.343,60.031,1300500000,0
2026-08-31T09:57:15,46724.9,63.218,60.718,63.218,60.25,1300500000,0
2026-08-31T09:57:20,46729.9,63.0,61.062,63.0,60.125,1300500000,0
2026-08-31T09:57:25,46734.9,64.187,60.812,64.187,60.218,1300500000,0
2026-08-31T09:57:30,46739.9,63.875,60.906,63.875,60.0,1300500000,0
2026-08-31T09:57:35,46745.0,64.187,60.781,64.187,60.093,1300500000,0
2026-08-31T09:57:40,46750.0,64.218,60.906,64.218,59.937,1300500000,0
2026-08-31T09:57:45,46755.0,63.906,60.812,63.906,60.062,1300500000,0
2026-08-31T09:57:50,46760.0,62.968,60.531,62.968,60.031,1300500000,0
2026-08-31T09:57:55,46765.0,62.843,60.656,62.843,59.906,1300500000,0
2026-08-31T09:58:00,46770.0,62.843,60.656,62.843,60.0,1300500000,0
2026-08-31T09:58:05,46775.0,63.031,60.562,63.031,59.906,1300500000,0
2026-08-31T09:58:10,46780.0,62.875,60.593,62.875,59.968,1300500000,0
2026-08-31T09:58:15,46785.0,62.937,60.375,62.937,59.812,1300500000,0
2026-08-31T09:58:20,46790.0,62.906,60.562,62.906,60.062,1300500000,0
2026-08-31T09:58:25,46795.0,63.187,60.906,63.187,59.937,1300500000,0
2026-08-31T09:58:30,46800.0,62.937,60.656,62.937,60.062,1300500000,0
2026-08-31T09:58:35,46805.0,62.906,60.875,62.906,59.968,1300500000,0
2026-08-31T09:58:40,46810.0,63.343,60.718,63.343,60.062,1300500000,0
2026-08-31T09:58:45,46815.0,62.937,60.875,62.937,59.968,1300500000,0
2026-08-31T09:58:50,46820.0,63.062,60.687,63.062,59.906,1300500000,0
2026-08-31T09:58:55,46825.1,62.906,60.906,62.906,59.937,1300500000,0
2026-08-31T09:59:00,46830.1,63.25,60.781,63.25,60.0,1300500000,0
2026-08-31T09:59:05,46835.1,62.781,60.5,62.781,59.968,1300500000,0
2026-08-31T09:59:10,46840.1,63.062,60.656,63.062,59.906,1300500000,0
2026-08-31T09:59:15,46845.1,62.843,60.593,62.843,60.0,1300500000,0
2026-08-31T09:59:20,46850.1,63.0,60.406,63.0,59.843,1300500000,0
2026-08-31T09:59:25,46855.1,62.812,60.843,62.812,59.906,1300500000,0
2026-08-31T09:59:30,46860.1,63.062,60.375,63.062,59.781,1300500000,0
2026-08-31T09:59:35,46865.1,62.843,60.718,62.843,59.906,1300500000,0
2026-08-31T09:59:40,46870.1,62.781,60.593,62.781,59.75,1300500000,0
2026-08-31T09:59:45,46875.1,62.781,60.625,62.781,59.875,1300500000,0
2026-08-31T09:59:50,46880.1,63.0,60.562,63.0,59.781,1300500000,0
2026-08-31T09:59:55,46885.1,62.812,60.468,62.812,59.937,1300500000,0
2026-08-31T10:00:00,46890.1,62.906,60.406,62.906,59.875,1300500000,0
2026-08-31T10:00:05,46895.1,62.843,60.5,62.843,59.906,1300500000,0
2026-08-31T10:00:10,46900.1,63.031,60.468,63.031,59.75,1300500000,0
2026-08-31T10:00:15,46905.2,62.812,60.843,62.812,60.0,1300500000,0
2026-08-31T10:00:20,46910.2,62.812,60.468,62.812,59.843,1300500000,0
2026-08-31T10:00:25,46915.2,63.75,60.718,63.75,60.0,1300500000,0
2026-08-31T10:00:30,46920.2,63.75,60.781,63.781,59.843,1300500000,0
2026-08-31T10:00:35,46925.2,63.718,60.843,63.718,59.937,1300500000,0
2026-08-31T10:00:40,46930.2,63.687,60.687,63.687,59.843,1300500000,0
2026-08-31T10:00:45,46935.2,63.75,60.531,63.75,59.906,1300500000,0
2026-08-31T10:00:50,46940.2,64.125,60.468,64.125,59.875,1300500000,0
2026-08-31T10:00:55,46945.2,63.812,60.562,63.812,60.031,1300500000,0
2026-08-31T10:01:00,46950.2,63.281,60.562,63.281,59.843,1300500000,0
2026-08-31T10:01:05,46955.2,63.937,60.843,63.937,60.062,1300500000,0
2026-08-31T10:01:10,46960.2,63.718,60.531,63.718,59.906,1300500000,0
2026-08-31T10:01:15,46965.2,64.031,60.843,64.031,59.937,1300500000,0
2026-08-31T10:01:20,46970.2,62.781,60.531,62.781,59.968,1300500000,0
2026-08-31T10:01:25,46975.2,63.0,60.687,63.0,59.875,1300500000,0
2026-08-31T10:01:30,46980.2,62.812,60.593,62.812,60.062,1300500000,0
2026-08-31T10:01:35,46985.3,62.718,60.781,62.718,59.75,1300500000,0
2026-08-31T10:01:40,46990.3,63.812,60.406,63.812,60.031,1300500000,0
2026-08-31T10:01:45,46995.3,63.468,60.593,63.468,59.937,1300500000,0
2026-08-31T10:01:50,47000.3,63.406,62.093,63.406,60.125,1300500000,0
2026-08-31T10:01:55,47005.3,63.531,60.625,63.531,59.968,1300500000,0
2026-08-31T10:02:00,47010.3,63.375,62.812,63.375,60.343,1300500000,0
2026-08-31T10:02:05,47015.3,63.375,60.593,63.375,59.906,1300500000,0
2026-08-31T10:02:10,47020.3,63.937,60.687,63.937,59.875,1300500000,0
2026-08-31T10:02:15,47025.3,63.437,60.468,63.437,59.968,1300500000,0
2026-08-31T10:02:20,47030.3,63.843,60.406,63.843,59.875,1300500000,0
2026-08-31T10:02:25,47035.3,63.687,60.656,63.687,60.0,1300500000,0
2026-08-31T10:02:30,47040.3,63.843,60.5,63.843,59.875,1300500000,0
2026-08-31T10:02:35,47045.3,63.718,60.593,63.718,59.906,1300500000,0
2026-08-31T10:02:40,47050.3,64.031,60.562,64.031,59.906,1300500000,0
2026-08-31T10:02:45,47055.3,63.718,60.656,63.718,59.968,1300500000,0
2026-08-31T10:02:50,47060.3,63.687,60.406,63.687,59.75,1300500000,0
2026-08-31T10:02:55,47065.4,64.0,60.781,64.0,60.0,1300500000,0
2026-08-31T10:03:00,47070.4,63.437,60.5,63.437,59.843,1300500000,0
2026-08-31T10:03:06,47075.4,63.812,60.375,63.812,59.75,1300500000,0
2026-08-31T10:03:11,47080.4,63.468,60.843,63.468,59.843,1300500000,0
2026-08-31T10:03:16,47085.4,63.156,60.468,63.156,59.75,1300500000,0
2026-08-31T10:03:21,47090.4,63.187,60.656,63.187,59.906,1300500000,0
2026-08-31T10:03:26,47095.4,63.25,60.406,63.25,59.937,1300500000,0
2026-08-31T10:03:31,47100.4,63.437,60.906,63.437,59.843,1300500000,0
2026-08-31T10:03:36,47105.4,63.281,60.593,63.281,59.875,1300500000,0
2026-08-31T10:03:41,47110.4,63.375,60.437,63.375,59.718,1300500000,0
2026-08-31T10:03:46,47115.4,63.406,60.406,63.125,59.75,1300500000,0
2026-08-31T10:03:51,47120.4,63.062,60.718,63.062,59.75,1300500000,0
2026-08-31T10:03:56,47125.4,63.156,60.593,63.156,59.75,1300500000,0
2026-08-31T10:04:01,47130.4,63.125,60.468,63.125,59.906,1300500000,0
2026-08-31T10:04:06,47135.4,63.125,60.375,63.125,59.718,1300500000,0
2026-08-31T10:04:11,47140.4,63.281,60.781,63.281,59.906,1300500000,0
2026-08-31T10:04:16,47145.5,63.375,60.562,63.375,59.718,1300500000,0
2026-08-31T10:04:21,47150.5,62.625,60.75,62.625,59.843,1300500000,0
2026-08-31T10:04:26,47155.5,62.906,60.562,62.906,59.812,1300500000,0
2026-08-31T10:04:31,47160.5,62.531,60.406,62.531,59.781,1300500000,0
2026-08-31T10:04:36,47165.5,62.718,60.343,62.718,59.718,1300500000,0
2026-08-31T10:04:41,47170.5,63.187,63.187,62.718,60.312,1300500000,0
2026-08-31T10:04:46,47175.5,62.812,60.531,62.812,59.718,1300500000,0
2026-08-31T10:04:51,47180.5,62.843,60.406,62.75,59.75,1300500000,0
2026-08-31T10:04:56,47185.5,62.656,60.375,62.656,59.75,1300500000,0
2026-08-31T10:05:01,47190.5,63.125,60.531,63.125,59.906,1300500000,0
2026-08-31T10:05:06,47195.5,62.781,60.406,62.781,59.968,1300500000,0
2026-08-31T10:05:11,47200.5,62.593,60.75,62.593,59.937,1300500000,0
2026-08-31T10:05:16,47205.5,62.687,60.562,62.687,59.875,1300500000,0
2026-08-31T10:05:21,47210.5,62.562,60.781,62.562,59.812,1300500000,0
2026-08-31T10:05:26,47215.5,62.656,60.406,62.656,59.906,1300500000,0
2026-08-31T10:05:31,47220.5,63.125,63.125,62.968,60.343,1300500000,0
2026-08-31T10:05:36,47225.6,62.718,60.375,62.718,59.937,1300500000,0
2026-08-31T10:05:41,47230.6,62.875,61.187,62.875,60.062,1300500000,0
2026-08-31T10:05:46,47235.6,62.875,60.343,62.875,59.937,1300500000,0
2026-08-31T10:05:51,47240.6,62.781,60.906,62.781,59.937,1300500000,0
2026-08-31T10:05:56,47245.6,62.718,60.531,62.906,59.875,1300500000,0
2026-08-31T10:06:01,47250.6,62.968,60.468,62.968,59.718,1300500000,0
2026-08-31T10:06:06,47255.6,63.093,60.375,63.093,59.75,1300500000,0
2026-08-31T10:06:11,47260.6,63.0,60.5,63.0,59.812,1300500000,0
2026-08-31T10:06:16,47265.6,62.625,60.25,62.625,59.906,1300500000,0
2026-08-31T10:06:21,47270.6,62.625,60.781,62.625,59.75,1300500000,0
2026-08-31T10:06:26,47275.6,62.781,60.343,62.781,59.906,1300500000,0
2026-08-31T10:06:31,47280.6,62.687,60.656,62.687,59.687,1300500000,0
2026-08-31T10:06:36,47285.6,62.718,60.625,62.781,59.75,1300500000,0
2026-08-31T10:06:41,47290.6,62.906,62.0,62.906,60.312,1300500000,0
2026-08-31T10:06:46,47295.6,62.625,60.468,62.625,59.656,1300500000,0
2026-08-31T10:06:51,47300.6,62.468,62.281,62.468,60.062,1300500000,0
2026-08-31T10:06:56,47305.6,62.656,60.281,62.656,59.875,1300500000,0
2026-08-31T10:07:01,47310.7,62.625,60.718,62.625,59.75,1300500000,0
2026-08-31T10:07:06,47315.7,62.531,60.468,62.531,59.781,1300500000,0
2026-08-31T10:07:11,47320.7,62.687,60.375,62.687,59.656,1300500000,0
2026-08-31T10:07:16,47325.7,62.468,60.281,62.468,59.781,1300500000,0
2026-08-31T10:07:21,47330.7,62.812,60.625,62.812,59.75,1300500000,0
2026-08-31T10:07:26,47335.7,62.531,60.187,62.531,59.718,1300500000,0
2026-08-31T10:07:31,47340.7,62.593,60.468,62.593,59.687,1300500000,0
2026-08-31T10:07:36,47345.7,62.562,60.343,62.562,59.656,1300500000,0
2026-08-31T10:07:41,47350.7,62.687,60.281,62.687,59.625,1300500000,0
2026-08-31T10:07:46,47355.7,63.5,60.281,63.5,59.656,1300500000,0
2026-08-31T10:07:51,47360.7,63.625,60.531,63.625,59.812,1300500000,0
2026-08-31T10:07:56,47365.7,63.843,60.406,63.843,59.625,1300500000,0
2026-08-31T10:08:01,47370.7,63.625,60.343,63.625,59.656,1300500000,0
2026-08-31T10:08:06,47375.7,63.468,60.156,63.468,59.531,1300500000,0
2026-08-31T10:08:11,47380.7,63.5,60.281,63.5,59.687,1300500000,0
2026-08-31T10:08:16,47385.7,63.687,60.25,63.687,59.593,1300500000,0
2026-08-31T10:08:21,47390.8,63.125,60.5,63.125,59.687,1300500000,0
2026-08-31T10:08:26,47395.8,63.812,60.406,63.812,59.625,1300500000,0
2026-08-31T10:08:31,47400.8,63.656,60.312,63.656,59.687,1300500000,0
2026-08-31T10:08:36,47405.8,63.562,60.25,63.562,59.531,1300500000,0
2026-08-31T10:08:41,47410.8,62.937,60.187,62.937,59.687,1300500000,0
2026-08-31T10:08:46,47415.8,63.531,60.125,63.531,59.531,1300500000,0
2026-08-31T10:08:51,47420.8,63.468,60.531,63.468,59.562,1300500000,0
2026-08-31T10:08:56,47425.8,63.5,60.468,63.5,59.75,1300500000,0
2026-08-31T10:09:01,47430.8,63.687,60.312,63.687,59.593,1300500000,0
2026-08-31T10:09:06,47435.8,63.5,60.406,63.5,59.75,1300500000,0
2026-08-31T10:09:11,47440.8,63.531,60.75,63.531,59.593,1300500000,0
2026-08-31T10:09:16,47445.8,63.281,60.5,63.281,59.687,1300500000,0
2026-08-31T10:09:21,47450.8,63.625,60.375,63.625,59.593,1300500000,0
2026-08-31T10:09:26,47455.8,63.562,60.406,63.562,59.75,1300500000,0
2026-08-31T10:09:31,47460.8,63.718,60.656,63.718,59.625,1300500000,0
2026-08-31T10:09:36,47465.8,63.687,60.375,63.687,59.625,1300500000,0
2026-08-31T10:09:41,47470.9,63.531,60.656,63.531,59.625,1300500000,0
2026-08-31T10:09:46,47475.9,63.593,60.406,63.593,59.562,1300500000,0
2026-08-31T10:09:51,47480.9,63.687,60.406,63.687,59.593,1300500000,0
2026-08-31T10:09:56,47485.9,63.593,60.375,63.593,59.531,1300500000,0
2026-08-31T10:10:01,47490.9,63.656,60.75,63.656,59.75,1300500000,0
2026-08-31T10:10:06,47495.9,63.562,60.531,63.562,59.687,1300500000,0
2026-08-31T10:10:11,47500.9,63.687,60.406,63.687,59.75,1300500000,0
2026-08-31T10:10:16,47505.9,63.875,60.406,63.875,59.656,1300500000,0
2026-08-31T10:10:21,47510.9,63.687,60.531,63.687,59.781,1300500000,0
2026-08-31T10:10:26,47515.9,63.593,60.406,63.593,59.687,1300500000,0
2026-08-31T10:10:31,47520.9,63.343,60.843,63.343,59.75,1300500000,0
2026-08-31T10:10:36,47525.9,63.5,60.687,63.5,59.75,1300500000,0
2026-08-31T10:10:41,47530.9,63.687,60.906,63.687,59.75,1300500000,0
2026-08-31T10:10:46,47535.9,63.875,60.625,63.875,59.75,1300500000,0
2026-08-31T10:10:51,47540.9,63.687,60.562,63.687,59.906,1300500000,0
2026-08-31T10:10:56,47545.9,63.375,60.781,63.375,59.75,1300500000,0
2026-08-31T10:11:01,47551.0,63.687,60.531,63.687,59.937,1300500000,0
2026-08-31T10:11:06,47556.0,63.625,60.5,63.625,59.812,1300500000,0
2026-08-31T10:11:11,47561.0,63.718,60.625,63.718,59.843,1300500000,0
2026-08-31T10:11:16,47566.0,63.531,60.531,63.531,59.75,1300500000,0
2026-08-31T10:11:21,47571.0,63.718,60.875,63.718,59.875,1300500000,0
2026-08-31T10:11:26,47576.0,64.031,60.812,64.031,59.843,1300500000,0
2026-08-31T10:11:31,47581.0,63.687,60.812,63.687,59.937,1300500000,0
2026-08-31T10:11:36,47586.0,63.687,60.718,63.687,59.812,1300500000,0
2026-08-31T10:11:41,47591.0,63.718,60.593,63.718,59.875,1300500000,0
2026-08-31T10:11:46,47596.0,62.875,60.531,62.75,59.781,1300500000,0
2026-08-31T10:11:51,47601.0,62.75,60.625,62.75,60.031,1300500000,0
2026-08-31T10:11:56,47606.0,62.875,60.5,62.875,59.875,1300500000,0
2026-08-31T10:12:01,47611.0,62.656,60.906,62.656,59.812,1300500000,0
2026-08-31T10:12:06,47616.0,62.593,60.593,62.593,59.781,1300500000,0
2026-08-31T10:12:11,47621.0,62.75,60.906,62.75,59.781,1300500000,0
2026-08-31T10:12:16,47626.0,62.656,60.812,62.656,59.843,1300500000,0
2026-08-31T10:12:21,47631.1,62.906,60.781,62.906,59.937,1300500000,0
2026-08-31T10:12:26,47636.1,62.968,60.875,62.968,59.875,1300500000,0
2026-08-31T10:12:31,47641.1,62.718,60.687,62.718,60.031,1300500000,0
2026-08-31T10:12:36,47646.1,63.062,60.562,63.062,59.843,1300500000,0
2026-08-31T10:12:41,47651.1,62.75,60.906,62.75,59.968,1300500000,0
2026-08-31T10:12:46,47656.1,62.812,60.781,62.812,59.875,1300500000,0
2026-08-31T10:12:51,47661.1,62.718,60.75,62.718,59.937,1300500000,0
2026-08-31T10:12:56,47666.1,62.875,60.75,62.875,59.937,1300500000,0
2026-08-31T10:13:01,47671.1,62.781,60.937,62.781,59.906,1300500000,0
2026-08-31T10:13:06,47676.1,62.718,61.0,63.0,59.937,1300500000,0
2026-08-31T10:13:11,47681.1,63.031,60.781,63.031,59.906,1300500000,0
2026-08-31T10:13:16,47686.1,62.812,60.687,62.812,60.0,1300500000,0
2026-08-31T10:13:21,47691.1,62.75,60.968,62.75,59.968,1300500000,0
2026-08-31T10:13:26,47696.1,62.968,60.625,62.968,60.125,1300500000,0
2026-08-31T10:13:31,47701.1,62.937,61.187,62.937,60.0,1300500000,0
2026-08-31T10:13:36,47706.1,62.875,60.906,62.875,60.062,1300500000,0
2026-08-31T10:13:41,47711.2,63.062,60.906,63.062,60.031,1300500000,0
2026-08-31T10:13:46,47716.2,62.812,60.781,62.812,60.156,1300500000,0
2026-08-31T10:13:51,47721.2,63.0,61.125,63.0,60.031,1300500000,0
2026-08-31T10:13:56,47726.2,62.875,61.031,62.875,60.125,1300500000,0
2026-08-31T10:14:01,47731.2,63.312,60.875,63.312,60.031,1300500000,0
2026-08-31T10:14:06,47736.2,62.875,60.906,62.875,60.125,1300500000,0
2026-08-31T10:14:11,47741.2,63.093,61.125,63.093,60.062,1300500000,0
2026-08-31T10:14:16,47746.2,63.093,60.875,63.093,60.125,1300500000,0
2026-08-31T10:14:21,47751.2,62.875,61.218,62.875,60.156,1300500000,0
2026-08-31T10:14:26,47756.2,62.843,61.0,62.843,60.125,1300500000,0
2026-08-31T10:14:31,47761.2,62.968,61.312,62.968,60.093,1300500000,0
2026-08-31T10:14:36,47766.2,62.937,61.125,62.937,60.156,1300500000,0
2026-08-31T10:14:41,47771.2,63.093,61.062,63.093,60.125,1300500000,0
2026-08-31T10:14:46,47776.2,62.906,60.906,62.906,60.125,1300500000,0
2026-08-31T10:14:51,47781.2,63.0,61.187,63.0,60.25,1300500000,0
2026-08-31T10:14:56,47786.2,63.25,60.937,63.25,60.218,1300500000,0
2026-08-31T10:15:01,47791.3,62.968,61.218,62.968,60.281,1300500000,0
2026-08-31T10:15:06,47796.3,62.937,61.218,62.937,60.125,1300500000,0
2026-08-31T10:15:11,47801.3,63.031,61.125,63.031,60.218,1300500000,0
2026-08-31T10:15:16,47806.3,62.937,61.031,62.937,60.25,1300500000,0
2026-08-31T10:15:21,47811.3,63.156,61.0,63.156,60.156,1300500000,0
2026-08-31T10:15:26,47816.3,63.218,61.031,63.218,60.187,1300500000,0
2026-08-31T10:15:31,47821.3,63.062,61.0,63.062,60.125,1300500000,0
2026-08-31T10:15:36,47826.3,62.937,61.062,62.937,60.218,1300500000,0
2026-08-31T10:15:41,47831.3,63.031,61.312,63.031,60.187,1300500000,0
2026-08-31T10:15:46,47836.3,63.0,61.125,63.0,60.281,1300500000,0
2026-08-31T10:15:51,47841.3,63.156,61.375,63.156,60.406,1300500000,0
2026-08-31T10:15:56,47846.3,63.093,61.187,63.093,60.281,1300500000,0
2026-08-31T10:16:01,47851.3,63.156,61.218,63.156,60.375,1300500000,0
2026-08-31T10:16:06,47856.3,63.312,61.156,63.312,60.187,1300500000,0
2026-08-31T10:16:11,47861.3,63.093,61.218,63.093,60.281,1300500000,0
2026-08-31T10:16:16,47866.3,63.156,60.906,63.156,60.375,1300500000,0
2026-08-31T10:16:21,47871.4,63.218,61.406,63.218,60.25,1300500000,0
2026-08-31T10:16:26,47876.4,63.218,61.125,63.218,60.375,1300500000,0
2026-08-31T10:16:31,47881.4,63.906,61.375,63.906,60.25,1300500000,0
2026-08-31T10:16:37,47886.4,63.156,61.281,63.156,60.343,1300500000,0
2026-08-31T10:16:42,47891.4,63.093,61.312,63.312,60.25,1300500000,0
2026-08-31T10:16:47,47896.4,63.468,61.343,63.468,60.406,1300500000,0
2026-08-31T10:16:52,47901.4,63.281,61.375,63.281,60.343,1300500000,0
2026-08-31T10:16:57,47906.4,63.218,61.156,63.218,60.375,1300500000,0
2026-08-31T10:17:02,47911.4,63.281,61.343,63.281,60.343,1300500000,0
2026-08-31T10:17:07,47916.4,63.218,61.218,63.218,60.343,1300500000,0
2026-08-31T10:17:12,47921.4,63.406,61.5,63.406,60.312,1300500000,0
2026-08-31T10:17:17,47926.4,63.281,61.312,63.281,60.437,1300500000,0
2026-08-31T10:17:22,47931.4,63.187,61.5,63.437,60.343,1300500000,0
2026-08-31T10:17:27,47936.4,63.218,61.375,63.218,60.437,1300500000,0
2026-08-31T10:17:32,47941.4,63.281,61.312,63.281,60.406,1300500000,0
2026-08-31T10:17:37,47946.4,63.218,61.312,63.218,60.437,1300500000,0
2026-08-31T10:17:42,47951.5,63.375,61.25,63.375,60.375,1300500000,0
2026-08-31T10:17:47,47956.5,63.218,61.156,63.218,60.562,1300500000,0
2026-08-31T10:17:52,47961.5,63.531,61.593,63.531,60.531,1300500000,0
2026-08-31T10:17:57,47966.5,63.281,61.437,63.281,60.5,1300500000,0
2026-08-31T10:18:02,47971.5,63.312,61.5,63.312,60.406,1300500000,0
2026-08-31T10:18:07,47976.5,63.25,61.531,63.25,60.468,1300500000,0
2026-08-31T10:18:12,47981.5,63.343,61.343,63.343,60.406,1300500000,0
2026-08-31T10:18:17,47986.5,63.312,61.375,63.312,60.531,1300500000,0
2026-08-31T10:18:22,47991.5,63.25,61.562,63.468,60.656,1300500000,0
2026-08-31T10:18:27,47996.5,63.625,61.531,63.625,60.625,1300500000,0
2026-08-31T10:18:32,48001.5,63.312,61.406,63.312,60.718,1300500000,0
2026-08-31T10:18:37,48006.5,63.25,61.375,63.25,60.406,1300500000,0
2026-08-31T10:18:42,48011.5,63.406,61.281,63.406,60.562,1300500000,0
2026-08-31T10:18:47,48016.5,63.468,61.375,63.468,60.437,1300500000,0
2026-08-31T10:18:52,48021.5,63.406,61.625,63.406,60.687,1300500000,0
2026-08-31T10:18:57,48026.6,63.687,61.593,63.687,60.531,1300500000,0
2026-08-31T10:19:02,48031.6,63.468,61.437,63.468,60.531,1300500000,0
2026-08-31T10:19:07,48036.6,63.625,61.343,63.625,60.5,1300500000,0
2026-08-31T10:19:12,48041.6,63.312,61.468,63.312,60.562,1300500000,0
2026-08-31T10:19:17,48046.6,63.5,61.437,63.5,60.656,1300500000,0
2026-08-31T10:19:22,48051.6,63.312,61.718,63.312,60.687,1300500000,0
2026-08-31T10:19:27,48056.6,63.531,61.5,63.531,60.5,1300500000,0
2026-08-31T10:19:32,48061.6,63.375,61.375,63.375,60.593,1300500000,0
2026-08-31T10:19:37,48066.6,63.437,61.437,63.437,60.718,1300500000,0
2026-08-31T10:19:42,48071.6,63.687,61.875,63.687,60.593,1300500000,0
2026-08-31T10:19:47,48076.6,63.531,61.687,63.531,60.718,1300500000,0
2026-08-31T10:19:52,48081.6,63.406,61.593,63.406,60.625,1300500000,0
2026-08-31T10:19:57,48086.6,63.406,61.437,63.406,60.656,1300500000,0
2026-08-31T10:20:02,48091.6,63.687,61.968,63.687,60.593,1300500000,0
2026-08-31T10:20:07,48096.6,63.437,61.718,63.437,60.75,1300500000,0
2026-08-31T10:20:12,48101.6,63.437,61.562,63.437,60.593,1300500000,0
2026-08-31T10:20:17,48106.7,63.687,61.531,63.687,60.687,1300500000,0
2026-08-31T10:20:22,48111.7,63.562,61.718,63.562,60.718,1300500000,0
2026-08-31T10:20:27,48116.7,63.531,61.843,63.531,60.656,1300500000,0
2026-08-31T10:20:32,48121.7,63.406,61.562,63.406,60.687,1300500000,0
2026-08-31T10:20:37,48126.7,63.562,61.562,63.562,60.625,1300500000,0
2026-08-31T10:20:42,48131.7,63.687,61.968,63.687,60.718,1300500000,0
2026-08-31T10:20:47,48136.7,63.562,61.75,63.562,60.718,1300500000,0
2026-08-31T10:20:52,48141.7,64.781,61.656,64.781,60.625,1300500000,0
2026-08-31T10:20:57,48146.7,64.5,61.625,64.5,60.718,1300500000,0
2026-08-31T10:21:02,48151.7,63.937,61.875,63.937,60.656,1300500000,0
2026-08-31T10:21:07,48156.7,64.281,61.468,64.281,60.718,1300500000,0
2026-08-31T10:21:12,48161.7,64.593,61.875,64.593,60.593,1300500000,0
2026-08-31T10:21:17,48166.7,64.812,61.781,64.812,60.656,1300500000,0
2026-08-31T10:21:22,48171.7,64.562,61.718,64.562,60.812,1300500000,0
2026-08-31T10:21:27,48176.7,64.468,61.625,64.468,60.562,1300500000,0
2026-08-31T10:21:32,48181.7,64.5,61.687,64.5,60.718,1300500000,0
2026-08-31T10:21:37,48186.8,64.656,61.562,64.656,60.625,1300500000,0
2026-08-31T10:21:42,48191.8,64.562,61.875,64.562,60.75,1300500000,0
2026-08-31T10:21:47,48196.8,64.656,61.812,64.656,60.656,1300500000,0
2026-08-31T10:21:52,48201.8,64.062,61.593,64.062,60.718,1300500000,0
2026-08-31T10:21:57,48206.8,64.531,61.812,64.531,60.687,1300500000,0
2026-08-31T10:22:02,48211.8,64.562,61.718,64.562,60.718,1300500000,0
2026-08-31T10:22:07,48216.8,64.656,61.812,64.656,60.718,1300500000,0
2026-08-31T10:22:12,48221.8,63.5,61.812,63.5,60.75,1300500000,0
2026-08-31T10:22:17,48226.8,63.656,61.875,63.656,60.718,1300500000,0
2026-08-31T10:22:22,48231.8,63.531,61.687,63.531,60.75,1300500000,0
2026-08-31T10:22:27,48236.8,63.5,61.875,63.5,60.906,1300500000,0
2026-08-31T10:22:32,48241.8,63.75,61.718,63.75,60.781,1300500000,0
2026-08-31T10:22:37,48246.8,63.531,61.718,63.531,60.906,1300500000,0
2026-08-31T10:22:42,48251.8,63.562,62.062,63.562,60.718,1300500000,0
2026-08-31T10:22:47,48256.8,63.656,61.875,63.656,60.968,1300500000,0
2026-08-31T10:22:52,48261.8,63.625,61.812,63.625,60.875,1300500000,0
2026-08-31T10:22:57,48266.9,64.718,62.062,64.718,60.937,1300500000,0
2026-08-31T10:23:02,48271.9,64.0,61.875,64.0,60.843,1300500000,0
2026-08-31T10:23:07,48276.9,64.718,61.718,64.718,60.968,1300500000,0
2026-08-31T10:23:12,48281.9,63.968,62.125,63.968,60.812,1300500000,0
2026-08-31T10:23:17,48286.9,64.156,61.437,64.156,60.906,1300500000,0
2026-08-31T10:23:22,48291.9,63.937,61.5,63.937,60.593,1300500000,0
2026-08-31T10:23:27,48296.9,63.718,61.218,63.718,60.687,1300500000,0
2026-08-31T10:23:32,48301.9,63.875,61.125,63.875,60.468,1300500000,0
2026-08-31T10:23:37,48306.9,64.281,61.125,64.281,60.625,1300500000,0
2026-08-31T10:23:42,48311.9,63.875,61.375,63.875,60.468,1300500000,0
2026-08-31T10:23:47,48316.9,63.593,61.031,63.593,60.437,1300500000,0
2026-08-31T10:23:52,48321.9,63.687,61.375,63.625,60.312,1300500000,0
2026-08-31T10:23:57,48326.9,63.531,61.156,63.531,60.343,1300500000,0
2026-08-31T10:24:02,48331.9,63.687,61.125,63.687,60.437,1300500000,0
2026-08-31T10:24:07,48336.9,63.468,61.156,63.468,60.406,1300500000,0
2026-08-31T10:24:12,48342.0,63.656,60.937,63.656,60.25,1300500000,0
2026-08-31T10:24:17,48347.0,63.437,60.968,63.437,60.281,1300500000,0
2026-08-31T10:24:22,48352.0,63.718,61.093,63.718,60.187,1300500000,0
2026-08-31T10:24:27,48357.0,63.375,60.937,63.375,60.218,1300500000,0
2026-08-31T10:24:32,48362.0,63.593,61.156,63.593,60.218,1300500000,0
2026-08-31T10:24:37,48367.0,63.343,60.906,63.343,60.187,1300500000,0
2026-08-31T10:24:42,48372.0,63.656,60.875,63.656,60.093,1300500000,0
2026-08-31T10:24:47,48377.0,63.343,60.843,63.343,60.218,1300500000,0
2026-08-31T10:24:52,48382.0,63.625,60.875,63.625,60.187,1300500000,0
2026-08-31T10:24:57,48387.0,63.312,60.875,63.312,60.031,1300500000,0
2026-08-31T10:25:02,48392.0,63.343,61.125,63.343,60.093,1300500000,0
2026-08-31T10:25:07,48397.0,63.312,60.968,63.312,60.093,1300500000,0
2026-08-31T10:25:12,48402.0,63.375,60.781,63.375,60.093,1300500000,0
2026-08-31T10:25:17,48407.0,63.312,60.937,63.312,60.062,1300500000,0
2026-08-31T10:25:22,48412.0,63.375,60.906,63.375,60.031,1300500000,0
2026-08-31T10:25:27,48417.0,63.5,60.75,63.5,60.156,1300500000,0
2026-08-31T10:25:32,48422.1,63.312,61.0,63.312,60.125,1300500000,0
2026-08-31T10:25:37,48427.1,63.187,60.75,63.187,60.062,1300500000,0
2026-08-31T10:25:42,48432.1,63.468,61.031,63.468,59.906,1300500000,0
2026-08-31T10:25:47,48437.1,63.25,60.968,63.25,60.0,1300500000,0
2026-08-31T10:25:52,48442.1,63.437,60.875,63.437,60.093,1300500000,0
2026-08-31T10:25:57,48447.1,63.218,60.718,63.218,60.0,1300500000,0
2026-08-31T10:26:02,48452.1,63.343,60.875,63.343,60.093,1300500000,0
2026-08-31T10:26:07,48457.1,63.562,60.718,63.562,60.031,1300500000,0
2026-08-31T10:26:12,48462.1,63.343,60.937,63.343,60.25,1300500000,0
2026-08-31T10:26:17,48467.1,63.156,60.812,63.156,60.062,1300500000,0
2026-08-31T10:26:22,48472.1,63.218,60.531,63.218,60.156,1300500000,0
2026-08-31T10:26:27,48477.1,63.343,60.812,63.343,60.125,1300500000,0
2026-08-31T10:26:32,48482.1,63.218,60.593,63.218,60.093,1300500000,0
2026-08-31T10:26:37,48487.1,63.437,60.593,63.437,60.0,1300500000,0
2026-08-31T10:26:42,48492.1,63.218,60.843,63.218,60.093,1300500000,0
2026-08-31T10:26:47,48497.1,63.187,60.531,63.187,60.0,1300500000,0
2026-08-31T10:26:52,48502.2,63.156,60.718,63.156,60.031,1300500000,0
2026-08-31T10:26:57,48507.2,63.0,60.656,63.0,59.781,1300500000,0
2026-08-31T10:27:02,48512.2,62.968,60.468,62.968,60.0,1300500000,0
2026-08-31T10:27:07,48517.2,63.312,60.437,63.312,59.843,1300500000,0
2026-08-31T10:27:12,48522.2,63.218,60.562,63.218,59.937,1300500000,0
2026-08-31T10:27:17,48527.2,63.281,60.562,63.281,59.843,1300500000,0
2026-08-31T10:27:22,48532.2,62.968,60.75,62.968,59.968,1300500000,0
2026-08-31T10:27:27,48537.2,63.0,60.593,63.0,59.812,1300500000,0
2026-08-31T10:27:32,48542.2,62.968,60.687,62.968,59.875,1300500000,0
2026-08-31T10:27:37,48547.2,63.156,60.718,63.156,59.718,1300500000,0
2026-08-31T10:27:42,48552.2,63.0,60.562,63.0,59.875,1300500000,0
2026-08-31T10:27:47,48557.2,63.187,60.437,63.187,59.718,1300500000,0
2026-08-31T10:27:52,48562.2,62.937,60.437,62.937,59.875,1300500000,0
2026-08-31T10:27:57,48567.2,62.968,60.468,62.968,59.781,1300500000,0
2026-08-31T10:28:02,48572.2,63.062,60.843,63.062,59.937,1300500000,0
2026-08-31T10:28:07,48577.3,63.031,60.593,63.031,59.843,1300500000,0
2026-08-31T10:28:12,48582.3,63.031,60.656,63.031,59.937,1300500000,0
2026-08-31T10:28:17,48587.3,63.187,60.687,63.187,59.812,1300500000,0
2026-08-31T10:28:22,48592.3,63.031,60.5,63.031,59.875,1300500000,0
2026-08-31T10:28:27,48597.3,63.281,60.531,63.281,59.843,1300500000,0
2026-08-31T10:28:32,48602.3,63.125,60.875,63.125,59.906,1300500000,0
2026-08-31T10:28:37,48607.3,63.0,60.562,63.0,59.75,1300500000,0
2026-08-31T10:28:42,48612.3,63.093,60.687,63.093,59.875,1300500000,0
2026-08-31T10:28:47,48617.3,63.125,60.687,63.125,59.781,1300500000,0
2026-08-31T10:28:52,48622.3,63.062,60.656,63.062,59.843,1300500000,0
2026-08-31T10:28:57,48627.3,63.187,60.812,63.187,59.781,1300500000,0
2026-08-31T10:29:02,48632.3,62.718,60.593,62.718,59.906,1300500000,0
2026-08-31T10:29:07,48637.3,62.656,60.531,62.656,59.812,1300500000,0
2026-08-31T10:29:12,48642.3,62.718,60.687,62.718,59.812,1300500000,0
2026-08-31T10:29:17,48647.3,62.812,60.718,62.812,59.781,1300500000,0
2026-08-31T10:29:22,48652.3,62.718,60.687,62.718,59.875,1300500000,0
2026-08-31T10:29:27,48657.4,62.843,60.656,62.843,59.843,1300500000,0
2026-08-31T10:29:32,48662.4,63.0,60.593,63.0,59.812,1300500000,0
2026-08-31T10:29:37,48667.4,62.906,60.5,62.906,59.906,1300500000,0
2026-08-31T10:29:43,48672.4,63.0,60.812,63.0,59.843,1300500000,0
2026-08-31T10:29:48,48677.4,62.75,60.718,62.75,59.843,1300500000,0
2026-08-31T10:29:53,48682.4,62.718,60.687,62.718,59.968,1300500000,0
2026-08-31T10:29:58,48687.4,62.906,60.718,62.906,60.062,1300500000,0
2026-08-31T10:30:03,48692.4,62.968,60.656,62.968,59.875,1300500000,0
2026-08-31T10:30:08,48697.4,62.812,60.687,62.812,60.156,1300500000,0
2026-08-31T10:30:13,48702.4,63.031,60.781,63.031,59.906,1300500000,0
2026-08-31T10:30:18,48707.4,62.75,60.593,62.75,60.031,1300500000,0
2026-08-31T10:30:23,48712.4,62.718,60.843,62.718,59.937,1300500000,0
2026-08-31T10:30:28,48717.4,62.843,60.812,62.843,59.937,1300500000,0
2026-08-31T10:30:33,48722.4,62.75,60.687,62.75,60.031,1300500000,0
2026-08-31T10:30:38,48727.4,62.687,60.625,62.687,60.093,1300500000,0
2026-08-31T10:30:43,48732.4,62.937,60.687,62.937,59.875,1300500000,0
2026-08-31T10:30:48,48737.5,62.812,60.687,62.812,60.125,1300500000,0
2026-08-31T10:30:53,48742.5,63.156,60.906,63.156,59.906,1300500000,0
2026-08-31T10:30:58,48747.5,62.875,60.593,62.875,60.031,1300500000,0
2026-08-31T10:31:03,48752.5,62.812,60.937,62.812,59.937,1300500000,0
2026-08-31T10:31:08,48757.5,63.187,60.906,63.187,60.031,1300500000,0
2026-08-31T10:31:13,48762.5,63.218,60.781,63.218,59.937,1300500000,0
2026-08-31T10:31:18,48767.5,63.937,60.75,63.937,60.156,1300500000,0
2026-08-31T10:31:23,48772.5,64.093,60.875,64.093,60.0,1300500000,0
2026-08-31T10:31:28,48777.5,63.812,61.093,63.812,60.125,1300500000,0
2026-08-31T10:31:33,48782.5,63.843,60.906,63.843,60.031,1300500000,0
2026-08-31T10:31:38,48787.5,63.937,60.812,63.937,60.218,1300500000,0
2026-08-31T10:31:43,48792.5,64.0,60.906,64.031,59.968,1300500000,0
2026-08-31T10:31:48,48797.5,63.218,60.781,63.218,60.218,1300500000,0
2026-08-31T10:31:53,48802.5,64.0,60.812,64.0,60.062,1300500000,0
2026-08-31T10:31:58,48807.5,64.031,61.187,64.031,60.125,1300500000,0
2026-08-31T10:32:03,48812.5,63.687,60.812,63.687,60.031,1300500000,0
2026-08-31T10:32:08,48817.6,64.062,61.062,64.062,60.062,1300500000,0
2026-08-31T10:32:13,48822.6,64.25,61.062,64.25,60.062,1300500000,0
2026-08-31T10:32:18,48827.6,63.937,60.906,63.937,60.093,1300500000,0
2026-08-31T10:32:23,48832.6,63.093,61.062,63.093,60.0,1300500000,0
2026-08-31T10:32:28,48837.6,62.937,60.968,62.937,60.156,1300500000,0
2026-08-31T10:32:33,48842.6,63.093,60.906,63.093,60.031,1300500000,0
2026-08-31T10:32:38,48847.6,62.906,61.187,62.906,60.156,1300500000,0
2026-08-31T10:32:43,48852.6,62.875,60.875,62.875,59.968,1300500000,0
2026-08-31T10:32:48,48857.6,62.968,61.25,62.968,60.218,1300500000,0
2026-08-31T10:32:53,48862.6,62.906,61.0,62.906,60.218,1300500000,0
2026-08-31T10:32:58,48867.6,62.906,60.937,62.906,60.25,1300500000,0
2026-08-31T10:33:03,48872.6,63.093,61.031,63.093,60.125,1300500000,0
2026-08-31T10:33:08,48877.6,62.937,60.906,62.937,60.156,1300500000,0
2026-08-31T10:33:13,48882.6,63.125,60.968,63.125,60.031,1300500000,0
2026-08-31T10:33:18,48887.6,62.968,61.25,62.968,60.218,1300500000,0
2026-08-31T10:33:23,48892.6,63.062,60.906,63.062,60.156,1300500000,0
2026-08-31T10:33:28,48897.7,63.093,61.312,63.093,60.187,1300500000,0
2026-08-31T10:33:33,48902.7,63.218,61.156,63.218,60.125,1300500000,0
2026-08-31T10:33:38,48907.7,63.125,61.031,63.125,60.218,1300500000,0
2026-08-31T10:33:43,48912.7,63.375,60.906,63.375,60.187,1300500000,0
2026-08-31T10:33:48,48917.7,64.093,61.062,64.093,60.187,1300500000,0
2026-08-31T10:33:53,48922.7,64.0,61.0,64.0,60.125,1300500000,0
2026-08-31T10:33:58,48927.7,63.406,61.312,63.375,60.25,1300500000,0
2026-08-31T10:34:03,48932.7,64.031,61.093,64.031,60.125,1300500000,0
2026-08-31T10:34:08,48937.7,63.968,61.281,63.968,60.281,1300500000,0
2026-08-31T10:34:13,48942.7,64.25,61.156,64.25,60.156,1300500000,0
2026-08-31T10:34:18,48947.7,64.093,61.125,64.093,60.375,1300500000,0
2026-08-31T10:34:23,48952.7,64.25,61.093,64.25,60.187,1300500000,0
2026-08-31T10:34:28,48957.7,63.937,61.468,64.125,60.218,1300500000,0
2026-08-31T10:34:33,48962.7,63.531,61.062,63.531,60.187,1300500000,0
2026-08-31T10:34:38,48967.7,64.281,61.375,64.281,60.25,1300500000,0
2026-08-31T10:34:43,48972.7,64.281,61.312,64.281,60.218,1300500000,0
2026-08-31T10:34:48,48977.8,64.093,61.125,64.093,60.218,1300500000,0
2026-08-31T10:34:53,48982.8,64.25,61.062,64.25,60.25,1300500000,0
2026-08-31T10:34:58,48987.8,64.406,61.156,64.406,60.218,1300500000,0
2026-08-31T10:35:03,48992.8,64.187,61.093,64.187,60.218,1300500000,0
2026-08-31T10:35:08,48997.8,63.843,61.5,63.843,60.281,1300500000,0
2026-08-31T10:35:13,49002.8,64.312,61.281,64.312,60.25,1300500000,0
2026-08-31T10:35:18,49007.8,63.625,61.218,63.625,60.281,1300500000,0
2026-08-31T10:35:23,49012.8,64.218,61.281,64.218,60.343,1300500000,0
2026-08-31T10:35:28,49017.8,64.406,61.156,64.406,60.25,1300500000,0
2026-08-31T10:35:33,49022.8,63.343,61.062,63.343,60.25,1300500000,0
2026-08-31T10:35:38,49027.8,63.437,61.437,63.437,60.281,1300500000,0
2026-08-31T10:35:43,49032.8,63.593,61.312,63.593,60.281,1300500000,0
2026-08-31T10:35:48,49037.8,63.406,61.437,63.406,60.281,1300500000,0
2026-08-31T10:35:53,49042.8,63.5,61.343,63.5,60.406,1300500000,0
2026-08-31T10:35:58,49047.8,63.593,61.125,63.593,60.218,1300500000,0
2026-08-31T10:36:03,49052.8,63.468,61.218,63.468,60.406,1300500000,0
2026-08-31T10:36:08,49057.9,63.718,61.5,63.718,60.281,1300500000,0
2026-08-31T10:36:13,49062.9,63.468,61.25,63.468,60.406,1300500000,0
2026-08-31T10:36:18,49067.9,63.375,61.562,63.375,60.281,1300500000,0
2026-08-31T10:36:23,49072.9,63.656,61.406,63.656,60.437,1300500000,0
2026-08-31T10:36:28,49077.9,63.437,61.312,63.437,60.312,1300500000,0
2026-08-31T10:36:33,49082.9,63.5,61.375,63.5,60.531,1300500000,0
2026-08-31T10:36:38,49087.9,63.687,61.343,63.687,60.343,1300500000,0
2026-08-31T10:36:43,49092.9,63.593,61.25,63.593,60.437,1300500000,0
2026-08-31T10:36:48,49097.9,63.562,61.531,63.812,60.437,1300500000,0
2026-08-31T10:36:53,49102.9,63.625,61.375,63.625,60.406,1300500000,0
2026-08-31T10:36:58,49107.9,63.687,61.343,63.687,60.406,1300500000,0
2026-08-31T10:37:03,49112.9,63.437,61.125,63.437,60.437,1300500000,0
2026-08-31T10:37:08,49117.9,63.687,61.625,63.687,60.593,1300500000,0
2026-08-31T10:37:13,49122.9,63.625,61.437,63.625,60.5,1300500000,0
2026-08-31T10:37:18,49127.9,63.687,61.468,63.687,60.531,1300500000,0
2026-08-31T10:37:23,49132.9,63.406,61.406,63.406,60.437,1300500000,0
2026-08-31T10:37:28,49138.0,63.562,61.656,63.562,60.531,1300500000,0
2026-08-31T10:37:33,49143.0,63.812,61.5,63.812,60.5,1300500000,0
2026-08-31T10:37:38,49148.0,63.625,61.437,63.625,60.437,1300500000,0
2026-08-31T10:37:43,49153.0,63.718,61.406,63.718,60.531,1300500000,0
2026-08-31T10:37:48,49158.0,63.875,61.718,63.875,60.531,1300500000,0
2026-08-31T10:37:53,49163.0,63.718,61.468,63.718,60.531,1300500000,0
2026-08-31T10:37:58,49168.0,63.593,61.593,63.593,60.562,1300500000,0
2026-08-31T10:38:03,49173.0,63.718,61.468,63.718,60.593,1300500000,0
2026-08-31T10:38:08,49178.0,63.812,61.875,63.812,60.468,1300500000,0
2026-08-31T10:38:13,49183.0,63.781,61.718,63.781,60.687,1300500000,0
2026-08-31T10:38:18,49188.0,63.875,61.562,63.875,60.5,1300500000,0
2026-08-31T10:38:23,49193.0,63.75,61.625,63.75,60.593,1300500000,0
2026-08-31T10:38:28,49198.0,64.0,61.531,64.0,60.437,1300500000,0
2026-08-31T10:38:33,49203.0,63.718,61.718,63.718,60.687,1300500000,0
2026-08-31T10:38:38,49208.0,63.656,61.625,63.656,60.531,1300500000,0
2026-08-31T10:38:43,49213.0,63.718,61.5,63.718,60.687,1300500000,0
2026-08-31T10:38:48,49218.1,63.812,61.562,63.812,60.593,1300500000,0
2026-08-31T10:38:53,49223.1,63.781,61.625,63.906,60.718,1300500000,0
2026-08-31T10:38:58,49228.1,64.031,61.5,64.031,60.656,1300500000,0
2026-08-31T10:39:03,49233.1,63.843,61.593,63.843,60.562,1300500000,0
2026-08-31T10:39:08,49238.1,63.687,61.562,63.687,60.656,1300500000,0
2026-08-31T10:39:13,49243.1,63.75,61.625,63.75,60.656,1300500000,0
2026-08-31T10:39:18,49248.1,63.812,61.875,63.812,60.656,1300500000,0
2026-08-31T10:39:23,49253.1,63.906,61.593,63.906,60.656,1300500000,0
2026-08-31T10:39:28,49258.1,63.812,61.875,63.812,60.718,1300500000,0
2026-08-31T10:39:33,49263.1,64.0,61.625,64.0,60.656,1300500000,0
2026-08-31T10:39:38,49268.1,63.656,61.906,63.656,60.812,1300500000,0
2026-08-31T10:39:43,49273.1,64.062,61.781,64.062,60.656,1300500000,0
2026-08-31T10:39:48,49278.1,63.843,61.843,63.843,60.812,1300500000,0
2026-08-31T10:39:53,49283.1,63.75,61.687,63.75,60.656,1300500000,0
2026-08-31T10:39:58,49288.1,63.75,61.781,63.75,60.625,1300500000,0
2026-08-31T10:40:03,49293.1,63.781,61.75,63.781,60.687,1300500000,0
2026-08-31T10:40:08,49298.2,64.093,61.593,64.093,60.531,1300500000,0
2026-08-31T10:40:13,49303.2,63.937,61.687,63.937,60.687,1300500000,0
2026-08-31T10:40:18,49308.2,63.906,61.5,63.906,60.656,1300500000,0
2026-08-31T10:40:23,49313.2,63.781,61.562,63.781,60.718,1300500000,0
2026-08-31T10:40:28,49318.2,63.812,62.0,63.812,60.718,1300500000,0
2026-08-31T10:40:33,49323.2,63.843,61.781,63.843,60.75,1300500000,0
2026-08-31T10:40:38,49328.2,63.781,61.812,63.781,60.656,1300500000,0
2026-08-31T10:40:43,49333.2,63.625,61.781,63.625,60.781,1300500000,0
2026-08-31T10:40:48,49338.2,63.968,61.718,63.968,60.875,1300500000,0
2026-08-31T10:40:53,49343.2,64.125,61.625,64.125,60.75,1300500000,0
2026-08-31T10:40:58,49348.2,63.875,61.718,63.875,60.875,1300500000,0
2026-08-31T10:41:03,49353.2,63.656,61.687,63.656,60.781,1300500000,0
2026-08-31T10:41:08,49358.2,64.062,61.937,64.062,60.875,1300500000,0
2026-08-31T10:41:13,49363.2,63.875,61.718,63.875,60.906,1300500000,0
2026-08-31T10:41:18,49368.2,63.906,61.906,63.906,60.906,1300500000,0
2026-08-31T10:41:23,49373.2,64.031,61.781,64.031,60.843,1300500000,0
2026-08-31T10:41:28,49378.2,63.875,61.781,63.875,60.968,1300500000,0
2026-08-31T10:41:33,49383.3,63.875,61.656,63.875,60.812,1300500000,0
2026-08-31T10:41:38,49388.3,64.0,62.125,64.0,60.937,1300500000,0
2026-08-31T10:41:43,49393.3,63.843,61.687,63.843,60.812,1300500000,0
2026-08-31T10:41:48,49398.3,64.031,62.031,64.031,60.906,1300500000,0
2026-08-31T10:41:53,49403.3,63.968,61.968,63.968,60.843,1300500000,0
2026-08-31T10:41:58,49408.3,63.906,61.75,63.906,60.812,1300500000,0
2026-08-31T10:42:03,49413.3,64.281,61.875,64.281,60.843,1300500000,0
2026-08-31T10:42:08,49418.3,64.0,61.718,64.0,60.875,1300500000,0
2026-08-31T10:42:13,49423.3,63.812,61.218,63.812,60.625,1300500000,0
2026-08-31T10:42:18,49428.3,63.656,61.125,63.656,60.562,1300500000,0
2026-08-31T10:42:23,49433.3,63.781,61.156,63.781,60.437,1300500000,0
2026-08-31T10:42:28,49438.3,63.687,61.031,63.687,60.5,1300500000,0
2026-08-31T10:42:33,49443.3,63.687,60.968,63.875,60.531,1300500000,0
2026-08-31T10:42:38,49448.3,63.906,61.25,63.906,60.312,1300500000,0
2026-08-31T10:42:43,49453.3,63.531,60.906,63.531,60.5,1300500000,0
2026-08-31T10:42:48,49458.3,63.5,60.968,63.5,60.312,1300500000,0
2026-08-31T10:42:53,49463.4,63.593,61.062,63.593,60.531,1300500000,0
2026-08-31T10:42:58,49468.4,63.5,60.906,63.5,60.281,1300500000,0
2026-08-31T10:43:03,49473.4,63.625,60.781,63.625,60.437,1300500000,0
2026-08-31T10:43:09,49478.4,64.375,61.031,64.375,60.343,1300500000,0
2026-08-31T10:43:14,49483.4,63.968,60.906,63.968,60.375,1300500000,0
2026-08-31T10:43:19,49488.4,64.218,61.031,64.218,60.375,1300500000,0
2026-08-31T10:43:24,49493.4,63.718,60.875,63.718,60.375,1300500000,0
2026-08-31T10:43:29,49498.4,64.187,60.843,64.125,60.218,1300500000,0
2026-08-31T10:43:34,49503.4,64.125,60.718,64.125,60.281,1300500000,0
2026-08-31T10:43:39,49508.4,63.187,60.875,63.187,60.125,1300500000,0
2026-08-31T10:43:44,49513.4,63.125,60.812,63.125,60.218,1300500000,0
2026-08-31T10:43:49,49518.4,63.156,60.906,63.156,60.093,1300500000,0
2026-08-31T10:43:54,49523.4,62.968,60.781,62.968,60.156,1300500000,0
2026-08-31T10:43:59,49528.4,63.031,60.593,62.906,60.093,1300500000,0
2026-08-31T10:44:04,49533.4,62.812,60.718,62.812,60.156,1300500000,0
2026-08-31T10:44:09,49538.4,63.125,60.625,63.125,60.093,1300500000,0
2026-08-31T10:44:14,49543.5,63.0,61.062,63.0,60.125,1300500000,0
2026-08-31T10:44:19,49548.5,63.812,60.718,63.812,60.0,1300500000,0
2026-08-31T10:44:24,49553.5,63.937,60.687,63.937,60.093,1300500000,0
2026-08-31T10:44:29,49558.5,64.187,60.75,64.187,60.0,1300500000,0
2026-08-31T10:44:34,49563.5,63.843,60.656,63.968,60.125,1300500000,0
2026-08-31T10:44:39,49568.5,63.562,60.562,63.562,60.031,1300500000,0
2026-08-31T10:44:44,49573.5,64.031,60.937,64.031,60.156,1300500000,0
2026-08-31T10:44:49,49578.5,63.812,60.593,63.812,59.937,1300500000,0
2026-08-31T10:44:54,49583.5,63.781,60.843,63.781,59.968,1300500000,0
2026-08-31T10:44:59,49588.5,64.187,60.781,64.187,60.031,1300500000,0
2026-08-31T10:45:04,49593.5,63.906,60.562,63.906,59.937,1300500000,0
2026-08-31T10:45:09,49598.5,63.625,63.343,63.625,60.468,1300500000,0
2026-08-31T10:45:14,49603.5,63.781,60.5,63.781,60.093,1300500000,0
2026-08-31T10:45:19,49608.5,63.843,60.468,63.843,59.937,1300500000,0
2026-08-31T10:45:24,49613.5,63.812,60.781,63.812,60.0,1300500000,0
2026-08-31T10:45:29,49618.5,63.937,60.75,63.937,59.875,1300500000,0
2026-08-31T10:45:34,49623.6,63.218,60.875,63.218,59.875,1300500000,0
2026-08-31T10:45:39,49628.6,63.968,60.531,63.968,59.812,1300500000,0
2026-08-31T10:45:44,49633.6,63.75,60.562,63.75,59.875,1300500000,0
2026-08-31T10:45:49,49638.6,63.718,60.468,63.718,59.781,1300500000,0
2026-08-31T10:45:54,49643.6,63.687,60.781,63.687,59.812,1300500000,0
2026-08-31T10:45:59,49648.6,63.812,60.406,63.812,59.812,1300500000,0
2026-08-31T10:46:04,49653.6,63.687,60.656,63.687,59.75,1300500000,0
2026-08-31T10:46:09,49658.6,63.718,60.562,63.718,59.75,1300500000,0
2026-08-31T10:46:14,49663.6,63.906,60.593,63.906,59.75,1300500000,0
2026-08-31T10:46:19,49668.6,62.625,60.5,62.625,59.687,1300500000,0
2026-08-31T10:46:24,49673.6,63.218,60.531,63.218,59.75,1300500000,0
2026-08-31T10:46:29,49678.6,63.718,60.312,63.718,59.75,1300500000,0
2026-08-31T10:46:34,49683.6,62.687,60.656,62.687,59.781,1300500000,0
2026-08-31T10:46:39,49688.6,62.843,60.343,62.843,59.75,1300500000,0
2026-08-31T10:46:44,49693.6,63.937,60.75,63.937,59.75,1300500000,0
2026-08-31T10:46:49,49698.6,63.656,60.562,63.656,59.718,1300500000,0
2026-08-31T10:46:54,49703.7,63.531,60.406,63.531,59.687,1300500000,0
2026-08-31T10:46:59,49708.7,63.812,60.468,63.812,59.75,1300500000,0
2026-08-31T10:47:04,49713.7,63.625,60.437,63.625,59.75,1300500000,0
2026-08-31T10:47:09,49718.7,62.75,62.562,62.75,60.187,1300500000,0
2026-08-31T10:47:14,49723.7,62.75,60.625,62.75,59.75,1300500000,0
2026-08-31T10:47:19,49728.7,63.0,63.0,62.656,60.375,1300500000,0
2026-08-31T10:47:24,49733.7,62.843,60.656,62.843,59.75,1300500000,0
2026-08-31T10:47:29,49738.7,62.593,60.343,62.593,59.812,1300500000,0
2026-08-31T10:47:34,49743.7,62.718,60.468,62.718,59.843,1300500000,0
2026-08-31T10:47:39,49748.7,62.781,60.312,62.781,59.781,1300500000,0
2026-08-31T10:47:44,49753.7,63.218,60.625,63.218,59.843,1300500000,0
2026-08-31T10:47:49,49758.7,62.875,59.593,62.875,59.781,1300500000,0
2026-08-31T10:47:54,49763.7,63.125,60.562,63.125,59.75,1300500000,0
2026-08-31T10:47:59,49768.7,63.031,60.5,63.031,59.812,1300500000,0
2026-08-31T10:48:04,49773.7,62.937,60.343,62.937,59.75,1300500000,0
2026-08-31T10:48:09,49778.7,63.0,60.343,63.0,59.75,1300500000,0
2026-08-31T10:48:14,49783.7,62.875,60.406,62.875,59.718,1300500000,0
2026-08-31T10:48:19,49788.8,62.843,60.375,62.843,59.75,1300500000,0
2026-08-31T10:48:24,49793.8,62.968,60.593,62.968,59.718,1300500000,0
2026-08-31T10:48:29,49798.8,62.906,60.343,62.906,59.75,1300500000,0
2026-08-31T10:48:34,49803.8,63.093,60.437,63.093,59.656,1300500000,0
2026-08-31T10:48:39,49808.8,62.906,60.468,62.906,59.75,1300500000,0
2026-08-31T10:48:44,49813.8,62.906,60.281,62.906,59.687,1300500000,0
2026-08-31T10:48:49,49818.8,62.781,60.312,62.781,59.812,1300500000,0
2026-08-31T10:48:54,49823.8,63.0,62.781,63.0,60.187,1300500000,0
2026-08-31T10:48:59,49828.8,62.875,60.281,62.875,59.75,1300500000,0
2026-08-31T10:49:04,49833.8,63.062,60.5,63.062,59.625,1300500000,0
2026-08-31T10:49:09,49838.8,62.812,60.25,62.812,59.718,1300500000,0
2026-08-31T10:49:14,49843.8,63.187,60.468,63.187,59.468,1300500000,0
2026-08-31T10:49:19,49848.8,62.906,60.375,62.906,59.687,1300500000,0
2026-08-31T10:49:24,49853.8,62.843,60.25,62.718,59.625,1300500000,0
2026-08-31T10:49:29,49858.8,62.812,60.25,62.812,59.687,1300500000,0
2026-08-31T10:49:34,49863.8,62.843,60.375,62.843,59.531,1300500000,0
2026-08-31T10:49:39,49868.9,62.781,60.125,62.781,59.687,1300500000,0
2026-08-31T10:49:44,49873.9,63.031,60.562,63.031,59.562,1300500000,0
2026-08-31T10:49:49,49878.9,62.781,60.312,62.781,59.562,1300500000,0
2026-08-31T10:49:54,49883.9,62.843,60.218,62.718,59.593,1300500000,0
2026-08-31T10:49:59,49888.9,62.75,60.281,62.75,59.593,1300500000,0
2026-08-31T10:50:04,49893.9,62.906,60.25,62.906,59.531,1300500000,0
2026-08-31T10:50:09,49898.9,62.906,60.406,62.906,59.75,1300500000,0
2026-08-31T10:50:14,49903.9,62.937,60.406,62.937,59.5,1300500000,0
2026-08-31T10:50:19,49908.9,62.875,60.125,62.875,59.656,1300500000,0
2026-08-31T10:50:24,49913.9,63.062,60.406,63.062,59.531,1300500000,0
2026-08-31T10:50:29,49918.9,62.843,60.562,62.843,59.781,1300500000,0
2026-08-31T10:50:34,49923.9,62.843,60.187,62.843,59.531,1300500000,0
2026-08-31T10:50:39,49928.9,62.718,60.218,62.718,59.656,1300500000,0
2026-08-31T10:50:44,49933.9,62.656,60.437,62.656,59.562,1300500000,0
2026-08-31T10:50:49,49938.9,62.656,60.281,62.656,59.531,1300500000,0
2026-08-31T10:50:54,49943.9,62.343,60.343,62.343,59.437,1300500000,0
2026-08-31T10:50:59,49949.0,62.718,60.25,62.718,59.468,1300500000,0
2026-08-31T10:51:04,49954.0,62.375,60.125,62.375,59.656,1300500000,0
2026-08-31T10:51:09,49959.0,62.312,60.031,62.312,59.406,1300500000,0
2026-08-31T10:51:14,49964.0,62.375,60.281,62.468,59.656,1300500000,0
2026-08-31T10:51:19,49969.0,62.562,60.281,62.562,59.406,1300500000,0
2026-08-31T10:51:24,49974.0,62.406,60.0,62.406,59.562,1300500000,0
2026-08-31T10:51:29,49979.0,62.531,60.218,62.531,59.468,1300500000,0
2026-08-31T10:51:34,49984.0,62.375,60.125,62.375,59.531,1300500000,0
2026-08-31T10:51:39,49989.0,62.281,60.093,62.281,59.375,1300500000,0
2026-08-31T10:51:44,49994.0,62.343,60.375,62.5,59.625,1300500000,0
2026-08-31T10:51:49,49999.0,62.437,60.031,62.437,59.5,1300500000,0
2026-08-31T10:51:54,50004.0,62.312,60.5,62.312,59.562,1300500000,0
2026-08-31T10:51:59,50009.0,62.468,60.218,62.468,59.437,1300500000,0
2026-08-31T10:52:04,50014.0,62.406,60.343,62.406,59.5,1300500000,0
2026-08-31T10:52:09,50019.0,62.75,60.25,62.75,59.5,1300500000,0
2026-08-31T10:52:14,50024.0,62.406,60.156,62.406,59.593,1300500000,0
2026-08-31T10:52:19,50029.1,62.312,60.187,62.312,59.437,1300500000,0
2026-08-31T10:52:24,50034.1,62.531,60.187,62.531,59.625,1300500000,0
2026-08-31T10:52:29,50039.1,62.593,60.156,62.593,59.468,1300500000,0
2026-08-31T10:52:34,50044.1,62.281,60.281,62.281,59.656,1300500000,0
2026-08-31T10:52:39,50049.1,62.656,60.156,62.656,59.5,1300500000,0
2026-08-31T10:52:44,50054.1,62.343,61.937,62.343,59.718,1300500000,0
2026-08-31T10:52:49,50059.1,62.375,60.343,62.375,59.593,1300500000,0
2026-08-31T10:52:54,50064.1,62.625,62.625,62.5,59.843,1300500000,0
2026-08-31T10:52:59,50069.1,62.406,60.156,62.406,59.531,1300500000,0
2026-08-31T10:53:04,50074.1,62.843,60.406,62.843,59.687,1300500000,0
2026-08-31T10:53:09,50079.1,62.562,60.187,62.562,59.468,1300500000,0
2026-08-31T10:53:14,50084.1,62.656,60.125,62.656,59.718,1300500000,0
2026-08-31T10:53:19,50089.1,62.718,60.0,62.718,59.5,1300500000,0
2026-08-31T10:53:24,50094.1,62.625,61.187,62.625,60.0,1300500000,0
2026-08-31T10:53:29,50099.1,62.593,60.062,62.5,59.562,1300500000,0
2026-08-31T10:53:34,50104.1,62.312,60.031,62.312,59.437,1300500000,0
2026-08-31T10:53:39,50109.2,62.531,60.0,62.531,59.468,1300500000,0
2026-08-31T10:53:44,50114.2,62.437,60.062,62.437,59.406,1300500000,0
2026-08-31T10:53:49,50119.2,62.468,60.0,62.468,59.562,1300500000,0
2026-08-31T10:53:54,50124.2,62.656,60.218,62.656,59.468,1300500000,0
2026-08-31T10:53:59,50129.2,62.343,60.187,62.343,59.437,1300500000,0
2026-08-31T10:54:04,50134.2,62.5,60.0,62.5,59.375,1300500000,0
2026-08-31T10:54:09,50139.2,62.375,60.062,62.375,59.406,1300500000,0
2026-08-31T10:54:14,50144.2,62.531,60.406,62.531,59.312,1300500000,0
2026-08-31T10:54:19,50149.2,62.531,60.156,62.531,59.468,1300500000,0
2026-08-31T10:54:24,50154.2,62.312,60.093,62.312,59.531,1300500000,0
2026-08-31T10:54:29,50159.2,62.875,60.375,62.875,59.562,1300500000,0
2026-08-31T10:54:34,50164.2,62.312,60.437,62.312,59.5,1300500000,0
2026-08-31T10:54:39,50169.2,62.343,60.125,62.343,59.343,1300500000,0
2026-08-31T10:54:44,50174.2,62.5,61.781,62.5,60.031,1300500000,0
2026-08-31T10:54:49,50179.2,62.437,60.0,62.437,59.375,1300500000,0
2026-08-31T10:54:54,50184.3,61.156,56.593,61.156,58.312,1300500000,0
2026-08-31T10:54:59,50189.3,60.25,55.468,60.25,57.718,1300500000,0
2026-08-31T10:55:04,50194.3,60.125,54.875,60.125,57.093,1300500000,0
2026-08-31T10:55:09,50199.3,59.312,54.437,59.312,56.75,1300500000,0
2026-08-31T10:55:14,50204.3,59.093,54.312,59.093,56.343,1300500000,0
2026-08-31T10:55:19,50209.3,58.406,53.812,58.406,56.0,1300500000,0
2026-08-31T10:55:24,50214.3,58.062,53.375,58.062,55.687,1300500000,0
2026-08-31T10:55:29,50219.3,58.281,52.937,58.281,55.156,1300500000,0
2026-08-31T10:55:34,50224.3,57.656,52.687,57.656,55.093,1300500000,0
2026-08-31T10:55:39,50229.3,57.781,52.5,57.781,54.687,1300500000,0
2026-08-31T10:55:47,50236.7,57.031,52.468,57.031,54.406,1300500000,0
2026-08-31T10:55:52,50241.7,56.937,51.906,56.937,53.968,1300500000,0
2026-08-31T10:55:57,50246.7,56.906,51.656,56.906,53.781,1300500000,0
2026-08-31T10:56:02,50251.7,56.468,51.25,56.468,53.75,1300500000,0
2026-08-31T10:56:09,50258.5,56.375,51.312,56.375,53.25,1300500000,0
2026-08-31T10:56:14,50263.5,55.968,51.031,55.968,53.125,1300500000,0
2026-08-31T10:56:19,50268.5,55.937,50.687,55.937,53.125,1300500000,0
2026-08-31T10:56:24,50273.5,56.031,50.468,56.031,52.75,1300500000,0
2026-08-31T10:56:29,50278.5,55.812,50.375,55.906,52.562,1300500000,0
2026-08-31T10:56:36,50286.3,55.406,50.218,55.437,52.375,1300500000,0
2026-08-31T10:56:41,50291.3,55.468,49.968,55.468,52.125,1300500000,0
2026-08-31T10:56:46,50296.3,55.0,49.781,55.0,52.156,1300500000,0
2026-08-31T10:56:52,50301.9,54.625,49.562,54.625,51.843,1300500000,0
2026-08-31T10:56:59,50308.9,54.218,49.25,54.218,51.656,1300500000,0
2026-08-31T10:57:06,50316.0,53.781,49.093,53.781,51.312,1300500000,0
2026-08-31T10:57:11,50321.0,53.781,48.906,53.781,51.218,1300500000,0
2026-08-31T10:57:20,50330.4,53.343,48.5,53.343,50.812,1300500000,0
2026-08-31T10:57:28,50337.7,53.468,48.5,53.468,50.531,1300500000,0
2026-08-31T10:57:33,50342.7,53.031,48.25,53.031,50.5,1300500000,0
2026-08-31T10:57:38,50347.7,52.968,48.031,52.968,50.25,1300500000,0
2026-08-31T10:57:43,50352.7,52.843,47.843,52.843,50.156,1300500000,0
2026-08-31T10:57:50,50359.4,52.812,47.906,52.812,50.031,1300500000,0
2026-08-31T10:57:57,50366.4,52.843,47.75,52.843,49.906,1300500000,0
2026-08-31T10:58:02,50371.4,52.343,47.593,52.343,49.781,1300500000,0
2026-08-31T10:58:07,50376.4,52.437,47.406,52.437,49.687,1300500000,0
2026-08-31T10:58:12,50381.4,52.156,47.375,52.156,49.593,1300500000,0
2026-08-31T10:58:18,50388.2,52.093,47.375,52.093,49.5,1300500000,0
2026-08-31T10:58:23,50393.3,51.906,47.062,51.906,49.187,1300500000,0
2026-08-31T10:58:28,50398.3,51.875,46.937,51.906,49.218,1300500000,0
2026-08-31T10:58:33,50403.3,51.843,46.843,51.843,49.0,1300500000,0
2026-08-31T10:58:40,50409.9,51.593,46.812,51.593,48.906,1300500000,0
2026-08-31T10:58:45,50414.9,51.718,46.625,51.718,48.875,1300500000,0
2026-08-31T10:58:50,50419.9,51.437,46.656,51.437,48.875,1300500000,0
2026-08-31T10:59:02,50431.4,51.375,46.406,51.375,48.781,1300500000,0
2026-08-31T10:59:07,50436.4,51.187,46.531,51.187,48.531,1300500000,0
2026-08-31T10:59:12,50441.5,51.468,46.437,51.468,48.531,1300500000,0
2026-08-31T10:59:17,50446.5,51.437,46.281,51.437,48.437,1300500000,0
2026-08-31T10:59:23,50452.9,51.062,46.156,51.062,48.468,1300500000,0
2026-08-31T10:59:28,50457.9,51.062,46.093,51.062,48.312,1300500000,0
2026-08-31T10:59:33,50462.9,50.937,46.343,50.937,48.25,1300500000,0
2026-08-31T10:59:38,50467.9,50.906,46.156,50.906,48.25,1300500000,0
2026-08-31T10:59:45,50474.6,50.906,45.875,50.906,48.093,1300500000,0
2026-08-31T10:59:52,50481.6,50.718,45.812,50.718,48.093,1300500000,0
2026-08-31T10:59:57,50486.6,50.687,45.718,50.687,47.968,1300500000,0
2026-08-31T11:00:02,50491.6,50.937,46.031,50.937,47.781,1300500000,0
2026-08-31T11:00:07,50496.6,50.593,45.75,50.593,47.875,1300500000,0
2026-08-31T11:00:18,50508.0,50.437,45.5,50.437,47.625,1300500000,0
2026-08-31T11:00:23,50513.0,50.593,45.531,50.593,47.593,1300500000,0
2026-08-31T11:00:28,50518.2,50.312,45.25,50.312,47.625,1300500000,0
2026-08-31T11:00:33,50523.2,50.375,45.187,50.375,47.437,1300500000,0
2026-08-31T11:00:42,50532.4,50.218,45.25,50.218,47.562,1300500000,0
2026-08-31T11:00:50,50539.4,50.093,45.218,50.093,47.468,1300500000,0
2026-08-31T11:00:55,50544.4,49.968,45.125,49.968,47.25,1300500000,0
2026-08-31T11:01:00,50549.4,50.218,45.031,50.218,47.187,1300500000,0
2026-08-31T11:01:05,50554.4,50.125,45.156,50.125,47.156,1300500000,0
2026-08-31T11:01:11,50561.3,49.906,45.218,49.906,47.125,1300500000,0
2026-08-31T11:01:16,50566.3,49.812,45.031,49.812,47.125,1300500000,0
2026-08-31T11:01:21,50571.3,49.875,44.843,49.875,46.968,1300500000,0
2026-08-31T11:01:26,50576.3,49.75,44.75,49.75,47.062,1300500000,0
2026-08-31T11:01:33,50582.8,49.718,44.937,49.718,46.968,1300500000,0
2026-08-31T11:01:38,50587.8,50.0,44.812,50.0,46.875,1300500000,0
2026-08-31T11:01:43,50592.8,49.562,44.687,49.562,46.906,1300500000,0
2026-08-31T11:01:48,50597.8,49.625,44.625,49.625,46.75,1300500000,0
2026-08-31T11:01:54,50604.3,49.593,44.687,49.593,46.843,1300500000,0
2026-08-31T11:01:59,50609.3,49.625,44.593,49.625,46.812,1300500000,0
2026-08-31T11:02:04,50614.4,49.468,44.875,49.468,46.781,1300500000,0
2026-08-31T11:02:09,50619.4,49.687,44.718,49.687,46.687,1300500000,0
2026-08-31T11:02:16,50625.9,49.562,44.593,49.562,46.656,1300500000,0
2026-08-31T11:02:21,50630.9,49.375,44.468,49.375,46.718,1300500000,0
2026-08-31T11:02:26,50635.9,49.718,44.812,49.718,46.593,1300500000,0
2026-08-31T11:02:31,50640.9,49.625,44.625,49.625,46.656,1300500000,0
2026-08-31T11:02:38,50648.2,49.5,44.562,49.5,46.562,1300500000,0
2026-08-31T11:02:43,50653.2,49.531,44.343,49.531,46.625,1300500000,0
2026-08-31T11:02:48,50658.2,49.312,44.312,49.312,46.625,1300500000,0
2026-08-31T11:02:53,50663.2,49.156,44.593,49.156,46.468,1300500000,0
2026-08-31T11:03:00,50669.4,49.156,44.562,49.156,46.5,1300500000,0
2026-08-31T11:03:05,50674.4,49.156,44.343,49.156,46.468,1300500000,0
2026-08-31T11:03:10,50679.4,49.281,44.5,49.281,46.375,1300500000,0
2026-08-31T11:03:15,50684.4,49.156,44.156,49.156,46.406,1300500000,0
2026-08-31T11:03:21,50691.2,49.093,44.25,49.093,46.437,1300500000,0
2026-08-31T11:03:26,50696.2,49.156,44.156,49.093,46.312,1300500000,0
2026-08-31T11:03:31,50701.2,49.062,44.062,49.062,46.406,1300500000,0
2026-08-31T11:03:36,50706.2,49.218,44.406,49.218,46.187,1300500000,0
2026-08-31T11:03:41,50711.2,49.093,44.031,49.093,46.343,1300500000,0
2026-08-31T11:03:46,50716.2,49.187,44.406,49.187,46.25,1300500000,0
2026-08-31T11:03:51,50721.2,48.875,44.062,48.875,46.25,1300500000,0
2026-08-31T11:03:58,50727.7,49.031,44.0,49.031,46.156,1300500000,0
2026-08-31T11:04:03,50732.7,48.875,44.062,48.875,46.25,1300500000,0
2026-08-31T11:04:08,50737.7,49.031,43.968,49.031,46.187,1300500000,0
2026-08-31T11:04:13,50742.7,48.937,43.968,48.937,46.187,1300500000,0
2026-08-31T11:04:20,50749.6,48.75,44.156,48.75,46.156,1300500000,0
2026-08-31T11:04:26,50756.3,48.781,43.875,48.781,46.156,1300500000,0
2026-08-31T11:04:31,50761.3,48.906,43.843,48.906,46.187,1300500000,0
2026-08-31T11:04:36,50766.4,48.937,43.843,48.781,46.062,1300500000,0
2026-08-31T11:04:45,50775.3,48.75,43.781,48.75,46.125,1300500000,0
2026-08-31T11:04:55,50785.0,48.875,43.75,48.875,45.906,1300500000,0
2026-08-31T11:05:00,50790.2,49.0,43.843,49.0,45.937,1300500000,0
2026-08-31T11:05:05,50795.2,48.687,43.75,48.656,45.875,1300500000,0
2026-08-31T11:05:10,50800.2,48.687,43.718,48.687,45.906,1300500000,0
2026-08-31T11:05:17,50806.9,48.718,43.656,48.718,45.812,1300500000,0
2026-08-31T11:05:24,50814.0,48.656,43.593,48.656,45.781,1300500000,0
2026-08-31T11:05:31,50821.2,48.781,43.5,48.781,45.812,1300500000,0
2026-08-31T11:05:38,50828.4,48.531,43.812,48.75,45.687,1300500000,0
2026-08-31T11:05:46,50835.5,48.593,43.687,48.593,45.656,1300500000,0
2026-08-31T11:05:51,50840.5,48.531,43.593,48.531,45.781,1300500000,0
2026-08-31T11:05:56,50845.5,48.531,43.5,48.531,45.687,1300500000,0
2026-08-31T11:06:01,50850.5,48.406,43.5,48.406,45.687,1300500000,0
2026-08-31T11:06:08,50857.5,48.406,43.718,48.406,45.625,1300500000,0
2026-08-31T11:06:15,50864.6,48.343,43.562,48.343,45.687,1300500000,0
2026-08-31T11:06:20,50869.6,48.562,43.375,48.562,45.656,1300500000,0
2026-08-31T11:06:25,50874.6,48.343,43.406,48.343,45.687,1300500000,0
2026-08-31T11:06:30,50879.6,48.5,43.593,48.5,45.531,1300500000,0
2026-08-31T11:06:36,50886.2,48.5,43.687,48.5,45.468,1300500000,0
2026-08-31T11:06:41,50891.2,48.312,43.531,48.312,45.593,1300500000,0
2026-08-31T11:06:46,50896.2,48.312,43.406,48.312,45.406,1300500000,0
2026-08-31T11:06:51,50901.2,48.218,43.343,48.218,45.531,1300500000,0
2026-08-31T11:06:58,50908.3,48.375,43.375,48.375,45.468,1300500000,0
2026-08-31T11:07:05,50915.2,48.187,43.187,48.187,45.5,1300500000,0
2026-08-31T11:07:10,50920.2,48.218,43.437,48.218,45.375,1300500000,0
2026-08-31T11:07:15,50925.3,48.062,43.125,48.062,45.343,1300500000,0
2026-08-31T11:07:22,50932.2,48.125,43.343,48.125,45.5,1300500000,0
2026-08-31T11:07:27,50937.2,48.187,43.218,48.187,45.5,1300500000,0
2026-08-31T11:07:32,50942.2,48.218,43.093,48.062,45.312,1300500000,0
2026-08-31T11:07:42,50951.6,48.281,43.093,48.281,45.375,1300500000,0
2026-08-31T11:07:49,50958.6,48.125,43.281,48.125,45.375,1300500000,0
2026-08-31T11:07:54,50963.6,47.906,43.093,47.906,45.343,1300500000,0
2026-08-31T11:07:59,50968.6,48.062,43.062,48.062,45.406,1300500000,0
2026-08-31T11:08:04,50973.6,48.187,43.343,48.187,45.281,1300500000,0
2026-08-31T11:08:09,50978.6,48.125,43.25,48.125,45.281,1300500000,0
2026-08-31T11:08:14,50983.6,48.312,43.093,48.312,45.218,1300500000,0
2026-08-31T11:08:19,50988.6,47.968,43.125,47.968,45.25,1300500000,0
2026-08-31T11:08:25,50995.2,47.968,43.343,47.968,45.218,1300500000,0
2026-08-31T11:08:32,51002.2,48.187,43.156,48.187,45.187,1300500000,0
2026-08-31T11:08:37,51007.2,47.906,43.062,47.906,45.125,1300500000,0
2026-08-31T11:08:42,51012.2,47.843,43.031,47.843,45.156,1300500000,0
2026-08-31T11:08:47,51017.2,47.875,43.062,48.0,45.218,1300500000,0
2026-08-31T11:08:54,51024.1,47.812,43.0,47.812,45.125,1300500000,0
2026-08-31T11:09:01,51031.3,47.937,42.937,47.937,45.156,1300500000,0
2026-08-31T11:09:09,51038.4,48.062,43.031,48.062,45.125,1300500000,0
2026-08-31T11:09:16,51045.7,47.843,43.156,47.843,45.218,1300500000,0
2026-08-31T11:09:21,51050.7,47.875,43.031,47.875,45.156,1300500000,0
2026-08-31T11:09:26,51055.7,47.875,43.218,47.875,45.187,1300500000,0
2026-08-31T11:09:31,51060.7,47.968,43.062,47.875,45.156,1300500000,0
2026-08-31T11:09:36,51065.7,47.843,43.0,47.843,45.218,1300500000,0
2026-08-31T11:09:41,51070.7,48.031,42.937,48.031,45.062,1300500000,0
2026-08-31T11:09:46,51075.7,47.875,43.093,47.875,45.218,1300500000,0
2026-08-31T11:09:52,51082.2,48.031,42.968,48.031,45.125,1300500000,0
2026-08-31T11:09:59,51089.1,47.875,42.968,47.875,45.187,1300500000,0
2026-08-31T11:10:04,51094.1,47.843,42.937,47.843,45.093,1300500000,0
2026-08-31T11:10:09,51099.1,47.906,43.343,47.906,45.25,1300500000,0
2026-08-31T11:10:14,51104.1,47.906,43.0,47.906,45.093,1300500000,0
2026-08-31T11:10:21,51111.1,48.125,43.062,48.125,45.125,1300500000,0
2026-08-31T11:10:28,51118.0,47.906,42.875,47.906,45.125,1300500000,0
2026-08-31T11:10:33,51123.1,47.781,42.937,47.781,45.093,1300500000,0
2026-08-31T11:10:43,51132.4,47.812,43.031,48.125,45.062,1300500000,0
2026-08-31T11:10:48,51137.5,47.75,42.968,47.75,45.187,1300500000,0
2026-08-31T11:10:53,51142.5,47.875,42.937,47.875,45.062,1300500000,0
2026-08-31T11:10:58,51147.5,47.75,42.875,47.75,45.125,1300500000,0
2026-08-31T11:11:04,51154.2,48.0,42.937,48.0,45.093,1300500000,0
2026-08-31T11:11:12,51161.5,47.812,42.968,47.812,45.125,1300500000,0
2026-08-31T11:11:19,51168.9,47.75,43.0,47.75,45.187,1300500000,0
2026-08-31T11:11:24,51173.9,48.0,42.937,48.0,45.156,1300500000,0
2026-08-31T11:11:29,51178.9,47.812,43.281,47.812,45.156,1300500000,0
2026-08-31T11:11:34,51183.9,47.687,43.031,47.687,45.156,1300500000,0
2026-08-31T11:11:41,51190.5,47.812,42.968,47.812,45.187,1300500000,0
2026-08-31T11:11:48,51197.9,47.906,42.968,47.906,45.187,1300500000,0
2026-08-31T11:11:55,51205.1,47.875,42.968,47.875,45.093,1300500000,0
2026-08-31T11:12:00,51210.2,47.812,42.968,47.812,45.125,1300500000,0
2026-08-31T11:12:05,51215.2,47.875,43.156,47.875,45.218,1300500000,0
2026-08-31T11:12:10,51220.2,47.968,43.093,47.968,45.156,1300500000,0
2026-08-31T11:12:17,51226.8,47.781,42.906,47.781,45.187,1300500000,0
2026-08-31T11:12:24,51234.0,48.187,42.937,48.187,45.125,1300500000,0
2026-08-31T11:12:31,51241.3,48.031,43.125,48.031,45.031,1300500000,0
2026-08-31T11:12:36,51246.3,47.781,43.031,47.781,45.125,1300500000,0
2026-08-31T11:12:41,51251.3,47.843,42.937,47.843,45.031,1300500000,0
2026-08-31T11:12:46,51256.3,47.75,42.843,47.75,45.125,1300500000,0
2026-08-31T11:12:51,51261.3,47.781,43.125,47.906,45.125,1300500000,0
2026-08-31T11:12:56,51266.3,47.968,42.968,47.968,45.031,1300500000,0
2026-08-31T11:13:01,51271.3,47.812,42.937,47.812,45.156,1300500000,0
2026-08-31T11:13:08,51277.4,47.812,42.875,47.812,45.187,1300500000,0
2026-08-31T11:13:13,51282.4,47.687,43.062,47.687,45.125,1300500000,0
2026-08-31T11:13:18,51287.4,47.843,43.031,47.843,45.187,1300500000,0
2026-08-31T11:13:23,51292.4,47.906,42.875,47.906,45.031,1300500000,0
2026-08-31T11:13:29,51299.0,47.843,42.968,47.843,45.218,1300500000,0
2026-08-31T11:13:36,51306.0,47.781,43.0,47.781,45.125,1300500000,0
2026-08-31T11:13:43,51313.2,47.812,42.875,47.812,45.031,1300500000,0
2026-08-31T11:13:48,51318.2,47.781,42.937,47.781,45.125,1300500000,0
2026-08-31T11:13:53,51323.2,47.906,43.062,47.906,45.093,1300500000,0
2026-08-31T11:13:58,51328.2,47.687,43.031,47.687,45.125,1300500000,0
2026-08-31T11:14:05,51335.1,47.812,42.906,47.812,45.125,1300500000,0
2026-08-31T11:14:10,51340.1,47.875,43.218,47.875,45.125,1300500000,0
2026-08-31T11:14:19,51349.2,47.875,42.937,47.875,45.125,1300500000,0
2026-08-31T11:14:24,51354.2,47.937,43.25,47.937,45.062,1300500000,0
2026-08-31T11:14:29,51359.2,47.875,43.125,47.875,45.156,1300500000,0
2026-08-31T11:14:34,51364.2,48.062,43.187,48.062,45.093,1300500000,0
2026-08-31T11:14:39,51369.2,47.843,43.125,47.843,45.156,1300500000,0
2026-08-31T11:14:44,51374.2,48.187,42.968,48.187,45.156,1300500000,0
2026-08-31T11:14:49,51379.2,48.125,43.093,48.125,45.187,1300500000,0
2026-08-31T11:14:54,51384.2,48.531,43.593,48.531,45.187,1300500000,0
2026-08-31T11:14:59,51389.2,48.843,46.281,48.843,45.937,1300500000,0
2026-08-31T11:15:04,51394.2,50.75,49.0,50.75,46.937,1300500000,0
2026-08-31T11:15:09,51399.2,50.437,44.843,50.437,46.562,1300500000,0
2026-08-31T11:15:14,51404.2,51.718,48.781,51.718,47.593,1300500000,0
2026-08-31T11:15:19,51409.2,52.156,49.25,52.156,48.281,1300500000,0
2026-08-31T11:15:24,51414.2,52.25,49.75,52.25,48.406,1300500000,0
2026-08-31T11:15:29,51419.3,52.812,50.156,52.812,48.937,1300500000,0
2026-08-31T11:15:34,51424.3,53.062,50.781,53.062,49.281,1300500000,0
2026-08-31T11:15:39,51429.3,53.343,50.718,53.343,49.656,1300500000,0
2026-08-31T11:15:44,51434.3,53.406,50.562,53.406,49.968,1300500000,0
2026-08-31T11:15:49,51439.3,53.875,51.687,53.875,50.343,1300500000,0
2026-08-31T11:15:54,51444.3,53.687,52.125,53.687,50.562,1300500000,0
2026-08-31T11:15:59,51449.3,54.5,52.125,54.5,50.843,1300500000,0
2026-08-31T11:16:04,51454.3,54.718,54.593,54.718,51.25,1300500000,0
2026-08-31T11:16:09,51459.3,55.062,52.531,55.062,51.343,1300500000,0
2026-08-31T11:16:14,51464.3,55.718,51.281,55.718,51.343,1300500000,0
2026-08-31T11:16:19,51469.3,56.343,56.343,55.312,52.656,1300500000,0
2026-08-31T11:16:24,51474.3,55.218,52.875,55.218,51.75,1300500000,0
2026-08-31T11:16:29,51479.3,55.937,54.125,56.125,52.687,1300500000,0
2026-08-31T11:16:34,51484.3,55.843,54.343,55.843,52.375,1300500000,0
2026-08-31T11:16:39,51489.3,55.968,54.593,55.968,52.906,1300500000,0
2026-08-31T11:16:44,51494.3,56.781,54.031,56.781,52.843,1300500000,0
2026-08-31T11:16:49,51499.4,55.968,52.0,55.968,52.75,1300500000,0
2026-08-31T11:16:54,51504.4,56.437,53.937,56.437,53.062,1300500000,0
2026-08-31T11:17:00,51509.4,56.937,55.031,56.937,53.781,1300500000,0
2026-08-31T11:17:05,51514.4,56.406,52.5,56.406,52.656,1300500000,0
2026-08-31T11:17:10,51519.4,56.906,56.906,56.656,54.312,1300500000,0
2026-08-31T11:17:15,51524.4,56.906,54.906,56.906,53.406,1300500000,0
2026-08-31T11:17:20,51529.4,57.343,55.406,57.343,53.937,1300500000,0
2026-08-31T11:17:25,51534.4,57.343,56.25,57.343,54.187,1300500000,0
2026-08-31T11:17:30,51539.4,57.468,55.562,57.468,54.343,1300500000,0
2026-08-31T11:17:35,51544.4,58.187,55.343,58.187,54.312,1300500000,0
2026-08-31T11:17:40,51549.4,56.968,55.187,56.968,54.437,1300500000,0
2026-08-31T11:17:45,51554.4,58.468,58.468,57.875,55.187,1300500000,0
2026-08-31T11:17:50,51559.4,57.406,53.0,57.406,54.281,1300500000,0
2026-08-31T11:17:55,51564.4,57.406,56.312,57.406,54.718,1300500000,0
2026-08-31T11:18:00,51569.4,57.843,55.968,57.843,54.781,1300500000,0
2026-08-31T11:18:05,51574.4,58.25,56.375,58.25,54.937,1300500000,0
2026-08-31T11:18:10,51579.5,58.187,56.187,58.187,55.187,1300500000,0
2026-08-31T11:18:15,51584.5,58.406,56.656,58.281,55.218,1300500000,0
2026-08-31T11:18:20,51589.5,58.375,56.343,58.375,55.437,1300500000,0
2026-08-31T11:18:25,51594.5,57.531,54.343,57.531,54.906,1300500000,0
2026-08-31T11:18:30,51599.5,57.218,55.031,57.218,54.562,1300500000,0
2026-08-31T11:18:35,51604.5,56.687,51.656,56.687,53.75,1300500000,0
2026-08-31T11:18:40,51609.5,56.187,51.187,56.187,53.343,1300500000,0
2026-08-31T11:18:45,51614.5,55.593,50.5,55.593,52.906,1300500000,0
2026-08-31T11:18:50,51619.5,54.968,50.218,54.968,52.656,1300500000,0
2026-08-31T11:18:55,51624.5,54.781,50.156,54.781,52.125,1300500000,0
2026-08-31T11:19:00,51629.5,54.375,49.531,54.375,51.937,1300500000,0
2026-08-31T11:19:05,51634.5,54.312,49.625,54.312,51.593,1300500000,0
2026-08-31T11:19:10,51639.5,54.031,49.187,54.031,51.375,1300500000,0
2026-08-31T11:19:15,51644.5,54.0,48.843,54.0,51.093,1300500000,0
2026-08-31T11:19:20,51649.5,53.906,48.562,53.906,50.875,1300500000,0
2026-08-31T11:19:25,51654.5,53.5,48.625,53.5,50.562,1300500000,0
2026-08-31T11:19:30,51659.6,53.093,48.156,53.093,50.5,1300500000,0
2026-08-31T11:19:35,51664.6,53.062,48.281,53.062,50.25,1300500000,0
2026-08-31T11:19:40,51669.6,52.718,47.968,52.718,50.156,1300500000,0
2026-08-31T11:19:45,51674.6,52.968,47.781,52.968,49.843,1300500000,0
2026-08-31T11:19:50,51679.6,52.718,47.656,52.5,49.875,1300500000,0
2026-08-31T11:19:55,51684.6,52.375,47.312,52.375,49.656,1300500000,0
2026-08-31T11:20:00,51689.6,52.281,47.093,52.281,49.562,1300500000,0
2026-08-31T11:20:05,51694.6,52.062,47.25,52.062,49.343,1300500000,0
2026-08-31T11:20:10,51699.6,51.781,46.968,51.781,49.187,1300500000,0
2026-08-31T11:20:15,51704.6,51.968,47.0,51.968,49.031,1300500000,0
2026-08-31T11:20:20,51709.6,51.625,46.781,51.625,49.031,1300500000,0
2026-08-31T11:20:25,51714.6,51.562,46.625,51.562,49.0,1300500000,0
2026-08-31T11:20:30,51719.6,51.687,46.5,51.687,48.781,1300500000,0
2026-08-31T11:20:35,51724.6,51.593,46.343,51.593,48.812,1300500000,0
2026-08-31T11:20:40,51729.6,51.156,46.218,51.156,48.468,1300500000,0
2026-08-31T11:20:45,51734.6,51.281,46.468,51.281,48.437,1300500000,0
2026-08-31T11:20:50,51739.7,51.093,46.187,51.093,48.406,1300500000,0
2026-08-31T11:20:55,51744.7,51.156,46.218,51.156,48.218,1300500000,0
2026-08-31T11:21:00,51749.7,51.093,46.031,51.093,48.125,1300500000,0
2026-08-31T11:21:05,51754.7,51.0,45.812,51.0,48.093,1300500000,0
2026-08-31T11:21:10,51759.7,50.687,45.875,50.687,48.093,1300500000,0
2026-08-31T11:21:15,51764.7,50.687,45.687,50.687,47.968,1300500000,0
2026-08-31T11:21:20,51769.7,50.5,45.625,50.5,47.843,1300500000,0
2026-08-31T11:21:25,51774.7,50.531,45.625,50.531,47.718,1300500000,0
2026-08-31T11:21:30,51779.7,50.468,45.375,50.468,47.718,1300500000,0
2026-08-31T11:21:35,51784.7,50.593,45.468,50.593,47.593,1300500000,0
2026-08-31T11:21:40,51789.7,50.375,45.218,50.375,47.593,1300500000,0
2026-08-31T11:21:45,51794.7,50.625,45.531,50.625,47.468,1300500000,0
2026-08-31T11:21:50,51799.7,50.25,45.25,50.25,47.437,1300500000,0
2026-08-31T11:21:55,51804.7,50.156,45.125,50.156,47.343,1300500000,0
2026-08-31T11:22:00,51809.7,49.937,45.156,49.937,47.343,1300500000,0
2026-08-31T11:22:05,51814.8,50.031,44.968,50.031,47.281,1300500000,0
2026-08-31T11:22:10,51819.8,49.906,45.375,49.906,47.187,1300500000,0
2026-08-31T11:22:15,51824.8,50.125,44.906,50.125,47.062,1300500000,0
2026-08-31T11:22:20,51829.8,49.843,45.218,49.937,47.031,1300500000,0
2026-08-31T11:22:25,51834.8,50.125,44.937,50.125,47.0,1300500000,0
2026-08-31T11:22:30,51839.8,50.0,44.968,50.0,47.125,1300500000,0
2026-08-31T11:22:35,51844.8,49.937,44.812,49.937,46.968,1300500000,0
2026-08-31T11:22:40,51849.8,49.75,44.812,49.75,47.062,1300500000,0
2026-08-31T11:22:45,51854.8,49.937,44.75,49.937,46.875,1300500000,0
2026-08-31T11:22:50,51859.8,49.625,45.031,49.625,46.937,1300500000,0
2026-08-31T11:22:55,51864.8,49.687,44.875,49.687,46.843,1300500000,0
2026-08-31T11:23:00,51869.8,49.625,44.937,49.625,46.875,1300500000,0
2026-08-31T11:23:05,51874.8,49.625,44.718,49.625,46.781,1300500000,0
2026-08-31T11:23:10,51879.8,49.656,44.718,49.656,46.906,1300500000,0
2026-08-31T11:23:15,51884.8,49.812,44.625,49.812,46.718,1300500000,0
2026-08-31T11:23:20,51889.8,49.562,44.906,49.562,46.875,1300500000,0
2026-08-31T11:23:25,51894.9,49.625,44.75,49.625,46.718,1300500000,0
2026-08-31T11:23:30,51899.9,49.75,44.625,49.75,46.687,1300500000,0
2026-08-31T11:23:35,51904.9,49.5,44.562,49.5,46.687,1300500000,0
2026-08-31T11:23:40,51909.9,49.625,44.812,49.343,46.687,1300500000,0
2026-08-31T11:23:45,51914.9,50.093,47.0,50.093,47.437,1300500000,0
2026-08-31T11:23:50,51919.9,51.937,51.25,51.937,48.562,1300500000,0
2026-08-31T11:23:55,51924.9,52.25,50.25,52.25,48.968,1300500000,0
2026-08-31T11:24:00,51929.9,53.437,50.406,53.437,49.156,1300500000,0
2026-08-31T11:24:05,51934.9,54.281,50.843,54.281,49.656,1300500000,0
2026-08-31T11:24:10,51939.9,54.218,54.218,53.906,50.562,1300500000,0
2026-08-31T11:24:15,51944.9,54.062,54.062,54.062,50.812,1300500000,0
2026-08-31T11:24:20,51949.9,54.812,52.156,54.625,50.906,1300500000,0
2026-08-31T11:24:25,51954.9,55.656,52.218,55.656,51.031,1300500000,0
2026-08-31T11:24:30,51959.9,55.125,54.968,55.125,51.968,1300500000,0
2026-08-31T11:24:35,51964.9,55.843,50.218,55.843,51.125,1300500000,0
2026-08-31T11:24:40,51969.9,55.062,54.843,55.062,52.187,1300500000,0
2026-08-31T11:24:45,51975.0,55.531,51.062,55.531,51.781,1300500000,0
2026-08-31T11:24:50,51980.0,56.562,53.343,56.562,52.312,1300500000,0
2026-08-31T11:24:55,51985.0,56.718,53.718,56.718,52.437,1300500000,0
2026-08-31T11:25:00,51990.0,56.406,52.5,56.406,52.468,1300500000,0
2026-08-31T11:25:05,51995.0,57.531,54.562,57.531,53.062,1300500000,0
2026-08-31T11:25:10,52000.0,56.812,53.343,56.812,53.0,1300500000,0
2026-08-31T11:25:15,52005.0,57.5,54.875,57.5,53.531,1300500000,0
2026-08-31T11:25:20,52010.0,56.093,54.718,56.093,53.312,1300500000,0
2026-08-31T11:25:25,52015.0,56.906,55.312,56.906,53.937,1300500000,0
2026-08-31T11:25:30,52020.0,57.281,54.937,57.281,53.781,1300500000,0
2026-08-31T11:25:35,52025.0,56.906,53.406,56.906,53.812,1300500000,0
2026-08-31T11:25:40,52030.0,57.531,55.093,57.531,54.031,1300500000,0
2026-08-31T11:25:45,52035.0,58.125,56.031,58.125,54.843,1300500000,0
2026-08-31T11:25:50,52040.0,57.781,51.875,57.781,53.562,1300500000,0
2026-08-31T11:25:55,52045.0,58.812,58.812,57.406,55.125,1300500000,0
2026-08-31T11:26:00,52050.0,58.062,54.281,58.062,54.031,1300500000,0
2026-08-31T11:26:05,52055.0,58.906,56.062,58.906,54.781,1300500000,0
2026-08-31T11:26:10,52060.1,58.625,56.281,58.625,54.906,1300500000,0
2026-08-31T11:26:15,52065.1,58.875,56.531,58.875,55.218,1300500000,0
2026-08-31T11:26:20,52070.1,58.906,54.406,58.906,55.0,1300500000,0
2026-08-31T11:26:25,52075.1,57.937,56.468,57.937,55.218,1300500000,0
2026-08-31T11:26:30,52080.1,59.093,58.781,59.093,55.875,1300500000,0
2026-08-31T11:26:35,52085.1,59.531,54.468,59.531,55.375,1300500000,0
2026-08-31T11:26:40,52090.1,58.343,56.343,58.343,55.312,1300500000,0
2026-08-31T11:26:45,52095.1,58.968,56.656,58.968,55.531,1300500000,0
2026-08-31T11:26:50,52100.1,58.718,57.406,58.718,55.968,1300500000,0
2026-08-31T11:26:55,52105.1,59.093,58.187,59.093,56.343,1300500000,0
2026-08-31T11:27:00,52110.1,59.718,57.312,59.718,56.156,1300500000,0
2026-08-31T11:27:05,52115.1,59.656,57.25,59.656,56.343,1300500000,0
2026-08-31T11:27:10,52120.1,59.281,56.156,59.093,55.812,1300500000,0
2026-08-31T11:27:15,52125.1,58.843,55.531,58.843,55.375,1300500000,0
2026-08-31T11:27:20,52130.1,58.187,52.937,58.187,54.968,1300500000,0
2026-08-31T11:27:25,52135.2,57.75,56.343,57.75,55.5,1300500000,0
2026-08-31T11:27:30,52140.2,59.781,57.031,59.593,55.781,1300500000,0
2026-08-31T11:27:35,52145.2,59.125,56.906,59.125,55.75,1300500000,0
2026-08-31T11:27:40,52150.2,59.562,59.562,59.281,56.5,1300500000,0
2026-08-31T11:27:45,52155.2,59.593,57.437,59.593,56.437,1300500000,0
2026-08-31T11:27:50,52160.2,59.593,57.937,59.593,56.531,1300500000,0
2026-08-31T11:27:55,52165.2,59.812,57.625,59.812,56.781,1300500000,0
2026-08-31T11:28:00,52170.2,60.25,60.25,59.812,57.281,1300500000,0
2026-08-31T11:28:05,52175.2,59.875,58.0,59.875,57.0,1300500000,0
2026-08-31T11:28:10,52180.2,59.843,55.187,59.843,56.218,1300500000,0
2026-08-31T11:28:15,52185.2,58.812,56.5,58.812,56.468,1300500000,0
2026-08-31T11:28:20,52190.3,58.531,53.062,58.531,55.125,1300500000,0
2026-08-31T11:28:25,52195.3,58.218,56.75,58.218,55.687,1300500000,0
2026-08-31T11:28:30,52200.3,59.406,57.062,59.406,55.937,1300500000,0
2026-08-31T11:28:35,52205.3,59.406,57.406,59.406,56.062,1300500000,0
2026-08-31T11:28:40,52210.3,59.468,57.781,59.468,56.343,1300500000,0
2026-08-31T11:28:45,52215.3,60.218,60.218,59.468,57.281,1300500000,0
2026-08-31T11:28:50,52220.3,59.906,57.968,60.031,56.937,1300500000,0
2026-08-31T11:28:55,52225.3,60.343,58.0,60.343,56.937,1300500000,0
2026-08-31T11:29:00,52230.3,60.187,59.75,60.187,57.468,1300500000,0
2026-08-31T11:29:05,52235.3,60.25,58.437,60.25,57.0,1300500000,0
2026-08-31T11:29:10,52240.3,58.812,54.031,58.812,56.031,1300500000,0
2026-08-31T11:29:15,52245.3,57.625,53.062,57.625,55.187,1300500000,0
2026-08-31T11:29:20,52250.3,57.062,52.343,57.062,54.875,1300500000,0
2026-08-31T11:29:25,52255.3,56.875,51.937,56.875,54.25,1300500000,0
2026-08-31T11:29:30,52260.3,56.406,51.593,56.406,54.0,1300500000,0
2026-08-31T11:29:35,52265.4,55.937,51.562,55.937,53.593,1300500000,0
