unix_t,dl_bitrate_mbps,session_id
1576347390,0.007,0
1576347391,0.0035,0
1576347393,0.009,0
1576347399,0.0745,0
1576347400,14.316,0
1576347401,10.62,0
1576347402,16.739,0
1576347404,18.803,0
1576347405,8.023,0
1576347406,7.399,0
1576347407,10.045,0
1576347408,12.042,0
1576347409,12.772,0
1576347410,16.067,0
1576347411,5.862,0
1576347413,0.002,0
1576347414,39.077,0
1576347415,35.611,0
1576347416,22.253,0
1576347417,27.177,0
1576347418,23.112,0
1576347419,11.63,0
1576347420,9.593,0
1576347422,10.681,0
1576347423,16.361,0
1576347424,17.851,0
1576347425,18.459,0
1576347427,7.654,0
1576347428,7.783,0
1576347429,6.516,0
1576347431,9.892,0
1576347432,13.908,0
1576347433,17.429,0
1576347434,14.486,0
1576347435,17.712,0
1576347436,16.01,0
1576347437,17.2365,0
1576347440,0.005,0
1576347441,4.064,0
1576347442,17.808,0
1576347443,17.014,0
1576347444,22.439,0
1576347445,19.641,0
1576347446,13.585,0
1576347448,11.47,0
1576347449,11.954,0
1576347450,13.382,0
1576347451,10.055,0
1576347453,2.93,0
1576347454,0.002,0
1576347455,13.637,0
1576347457,14.838,0
1576347458,14.622,0
1576347459,14.342,0
1576347460,14.362,0
1576347461,17.06,0
1576347462,13.887,0
1576347463,15.613,0
1576347464,22.559,0
1576347467,21.405,0
1576347468,0.001,0
1576347469,6.907,0
1576347471,14.216,0
1576347472,10.088,0
1576347473,10.167,0
1576347475,9.839,0
1576347476,10.051,0
1576347477,9.28,0
1576347478,7.637,0
1576347481,1.988,0
1576347482,1.5185,0
1576347484,16.66,0
1576347485,14.908,0
1576347486,9.877,0
1576347487,10.116,0
1576347489,11.466,0
1576347490,14.35,0
1576347491,12.477,0
1576347493,16.733,0
1576347495,4.194,0
1576347496,0.002,0
1576347497,10.011,0
1576347498,9.879,0
1576347499,8.4,0
1576347500,11.5265,0
1576347502,18.414,0
1576347503,6.132,0
1576347504,6.499,0
1576347505,13.795,0
1576347506,15.658,0
1576347507,21.004,0
1576347508,13.581,0
1576347511,7.225,0
1576347512,13.9,0
1576347513,15.28,0
1576347514,12.689,0
1576347515,14.712,0
1576347516,14.46,0
1576347517,15.465,0
1576347519,3.884,0
1576347520,4.874,0
1576347521,10.762,0
1576347522,18.583,0
1576347523,2.317,0
1576347524,1.6635,0
1576347525,0.736,0
1576347526,0.011,0
1576347528,0.011,0
1576347530,3.095,0
1576347531,20.98,0
1576347532,22.038,0
1576347533,13.278,0
1576347534,11.287,0
1576347535,13.442,0
1576347536,10.116,0
1576347538,0.001,0
1576347539,12.26,0
1576347540,18.127,0
1576347541,14.601,0
1576347542,10.295,0
1576347543,13.936,0
1576347544,16.191,0
1576347546,12.725,0
1576347547,10.86,0
1576347548,9.12,0
1576347549,8.348,0
1576347550,9.342,0
1576347552,2.208,0
1576347553,15.197,0
1576347555,20.61,0
1576347556,20.032,0
1576347557,10.117,0
1576347558,6.009,0
1576347559,11.223,0
1576347560,18.634,0
1576347561,20.779,0
1576347562,24.135,0
1576347564,29.461,0
1576347565,4.83,0
1576347566,2.734,0
1576347567,27.378,0
1576347568,13.992,0
1576347569,14.333,0
1576347570,17.089,0
1576347572,23.267,0
1576347573,28.404,0
1576347574,28.254,0
1576347575,22.626,0
1576347576,26.336,0
1576347577,12.781,0
1576347578,3.942,0
1576347579,0.002,0
1576347580,0.002,0
1576347581,21.968,0
1576347582,20.504,0
1576347583,21.035,0
1576347584,18.328,0
1576347585,15.974,0
1576347586,22.993,0
1576347587,11.68,0
1576347589,12.319,0
1576347590,16.216,0
1576347591,21.939,0
1576347592,15.684,0
1576347593,0.001,0
1576347594,22.484,0
1576347595,33.741,0
1576347597,23.502,0
1576347598,13.778,0
1576347599,13.186,0
1576347600,7.097,0
1576347601,5.65,0
1576347602,8.318,0
1576347603,14.116,0
1576347606,16.34,0
1576347608,5.136,0
1576347609,24.389,0
1576347610,24.057,0
1576347611,23.866,0
1576347612,18.754,0
1576347614,10.727,0
1576347615,9.072,0
1576347616,12.259,0
1576347617,7.399,0
1576347618,12.735,0
1576347620,2.57,0
1576347621,2.57,0
1576347622,0.002,0
1576347623,15.739,0
1576347624,27.78,0
1576347625,22.252,0
1576347626,12.328,0
1576347627,13.078,0
1576347628,20.631,0
1576347630,17.67,0
1576347631,12.313,0
1576347632,3.608,0
1576347633,6.976,0
1576347634,3.195,0
1576347635,0.002,0
1576347636,12.788,0
1576347637,10.123,0
1576347639,10.698,0
1576347640,12.407,0
1576347641,4.081,0
1576347642,7.545,0
1576347643,5.346,0
1576347644,4.513,0
1576347645,11.024,0
1576347646,16.208,0
1576347648,9.04,0
1576347649,0.001,0
1576347650,5.639,0
1576347651,7.413,0
1576347652,10.881,0
1576347653,9.227,0
1576347654,8.687,0
1576347656,4.279,0
1576347657,7.876,0
1576347658,9.97,0
1576347659,5.814,0
1576347660,12.358,0
1576347661,5.335,0
1576347663,2.193,0
1576347665,12.162,0
1576347666,10.376,0
1576347667,7.43,0
1576347668,10.7,0
1576347669,11.233,0
1576347670,9.402,0
1576347671,10.006,0
1576347673,12.438,0
1576347674,7.05,0
1576347676,1.518,0
1576347677,1.615,0
1576347678,10.46,0
1576347679,10.294,0
1576347680,6.999,0
1576347682,10.228,0
1576347683,14.046,0
1576347684,15.4,0
1576347685,20.328,0
1576347686,10.709,0
1576347687,16.587,0
1576347688,14.949,0
1576347689,8.5895,0
1576347691,0.002,0
1576347692,11.163,0
1576347693,12.27,0
1576347694,13.901,0
1576347695,7.587,0
1576347696,10.332,0
1576347697,11.643,0
1576347698,9.089,0
1576347700,9.538,0
1576347701,10.334,0
1576347702,11.828,0
1576347703,12.347,0
1576347705,1.2385,0
1576347706,13.445,0
1576347708,11.119,0
1576347709,11.822,0
1576347710,10.931,0
1576347711,9.314,0
1576347712,8.554,0
1576347713,10.693,0
1576347714,11.375,0
1576347715,7.553,0
1576347718,2.557,0
1576347719,0.002,0
1576347720,12.699,0
1576347721,9.864,0
1576347722,9.361,0
1576347723,5.078,0
1576347725,8.801,0
1576347726,8.728,0
1576347727,8.551,0
1576347728,7.88,0
1576347729,9.755,0
1576347730,13.392,0
1576347731,8.317,0
1576347732,0.001,0
1576347733,0.001,0
1576347734,9.796,0
1576347735,11.88,0
1576347736,14.57,0
1576347737,12.638,0
1576347738,15.735,0
1576347739,10.948,0
1576347740,5.331,0
1576347742,7.438,0
1576347743,12.412,0
1576347744,8.43,0
1576347745,5.459,0
1576347747,1.9885,0
1576347748,10.799,0
1576347749,12.008,0
1576347751,8.688,0
1576347752,9.99,0
1576347753,9.159,0
1576347754,6.352,0
1576347755,8.318,0
1576347756,9.4745,0
1576347757,15.853,0
1576347760,2.466,0
1576347761,2.385,0
1576347762,23.202,0
1576347763,25.636,0
1576347764,23.829,0
1576347765,21.0905,0
1576347766,10.836,0
1576347768,12.308,0
1576347769,10.906,0
1576347770,10.58,0
1576347771,12.958,0
1576347772,15.936,0
1576347773,10.3345,0
1576347774,0.002,0
1576347775,13.081,0
1576347777,9.476,0
1576347778,11.125,0
1576347779,12.736,0
1576347780,12.467,0
1576347781,14.121,0
1576347782,12.748,0
1576347783,9.739,0
1576347784,11.905,0
1576347786,12.939,0
1576347787,11.195,0
1576347789,7.715,0
1576347790,11.706,0
1576347791,11.569,0
1576347792,7.112,0
1576347794,6.277,0
1576347795,7.798,0
1576347796,0.044,0
1576347797,0.011,0
1576347799,1.418,0
1576347800,1.418,0
1576347803,2.295,0
1576347804,16.843,0
1576347805,15.499,0
1576347806,17.752,0
1576347807,17.676,0
1576347808,31.275,0
1576347809,69.355,0
1576347810,82.821,0
1576347811,86.46,0
1576347812,86.46,0
1576347813,87.511,0
1576347814,74.921,0
1576347815,38.868,0
1576347816,0.002,0
1576347817,18.279,0
1576347818,18.862,0
1576347819,20.867,0
1576347820,23.025,0
1576347822,76.559,0
1576347823,74.262,0
1576347824,67.836,0
1576347825,49.892,0
1576347826,52.927,0
1576347827,58.289,0
1576347828,51.641,0
1576347829,0.001,0
1576347830,0.001,0
1576347831,9.22,0
1576347832,25.955,0
1576347833,93.909,0
1576347834,85.955,0
1576347835,91.958,0
1576347836,96.925,0
1576347837,93.18,0
1576347839,72.945,0
1576347840,61.577,0
1576347841,65.075,0
1576347842,68.138,0
1576347844,6.8635,0
1576347845,49.723,0
1576347846,49.723,0
1576347847,57.094,0
1576347848,62.348,0
1576347849,20.897,0
1576347850,69.994,0
1576347851,82.745,0
1576347852,80.683,0
1576347853,82.307,0
1576347854,82.307,0
1576347855,62.875,0
1576347857,13.845,0
1576347858,6.924,0
1576347859,42.375,0
1576347860,56.024,0
1576347861,62.847,0
1576347862,74.736,0
1576347864,72.831,0
1576347865,70.323,0
1576347866,70.871,0
1576347867,69.599,0
1576347868,74.26,0
1576347869,70.088,0
1576347870,34.194,0
1576347871,0.002,0
1576347872,82.755,0
1576347874,83.136,0
1576347875,82.673,0
1576347876,67.887,0
1576347877,71.222,0
1576347878,33.459,0
1576347879,36.277,0
1576347880,37.533,0
1576347882,40.153,0
1576347883,28.559,0
1576347884,30.443,0
1576347886,3.482,0
1576347887,28.901,0
1576347888,41.919,0
1576347889,24.179,0
1576347891,11.724,0
1576347892,10.287,0
1576347893,15.156,0
1576347894,17.684,0
1576347895,20.51,0
1576347896,17.179,0
1576347898,9.7605,0
1576347899,8.022,0
1576347900,0.158,0
1576347901,0.521,0
1576347902,4.164,0
1576347903,6.065,0
1576347904,8.43,0
1576347905,11.988,0
1576347906,14.238,0
1576347907,14.34,0
1576347908,13.623,0
1576347910,11.17,0
1576347912,9.104,0
1576347913,0.002,0
1576347914,5.281,0
1576347915,8.372,0
1576347916,10.252,0
1576347917,10.205,0
1576347918,9.7025,0
1576347920,9.749,0
1576347921,9.599,0
1576347922,9.156,0
1576347923,7.774,0
1576347924,5.766,0
1576347926,3.581,0
1576347927,0.539,0
1576347928,2.012,0
1576347929,15.04,0
1576347930,20.234,0
1576347931,16.774,0
1576347932,16.516,0
1576347933,12.059,0
1576347934,11.1,0
1576347935,17.595,0
1576347936,15.935,0
1576347938,20.78,0
1576347940,10.061,0
1576347941,0.002,0
1576347942,7.934,0
1576347943,11.451,0
1576347944,9.769,0
1576347945,11.565,0
1576347946,2.279,0
1576347948,2.809,0
1576347949,8.265,0
1576347950,4.883,0
1576347951,3.879,0
1576347952,2.351,0
1576347953,3.349,0
1576347955,0.8205,0
1576347956,1.965,0
1576347958,2.12,0
1576347959,1.96,0
1576347960,2.129,0
1576347961,1.594,0
1576347962,2.291,0
1576347963,1.339,0
1576347964,2.131,0
1576347965,2.055,0
1576347966,3.275,0
1576347968,2.622,0
1576347969,3.59,0
1576347970,1.965,0
1576347971,5.123,0
1576347972,3.954,0
1576347973,3.414,0
1576347974,3.102,0
1576347975,3.456,0
1576347976,4.107,0
1576347978,4.571,0
1576347979,2.923,0
1576347980,2.355,0
1576347982,5.536,0
1576347983,2.286,0
1576347984,4.583,0
1576347985,7.074,0
1576347986,5.734,0
1576347987,2.64,0
1576347989,2.71,0
1576347990,2.665,0
1576347991,2.141,0
1576347992,2.4,0
1576347993,2.41,0
1576347994,2.275,0
1576347995,3.533,0
1576347996,2.474,0
1576347997,1.5515,0
1576347999,1.909,0
1576348000,2.611,0
1576348001,3.331,0
1576348002,4.801,0
1576348003,3.916,0
1576348004,5.56,0
1576348005,3.651,0
1576348006,3.756,0
1576348007,3.344,0
1576348008,4.29,0
1576348010,3.674,0
1576348011,1.722,0
1576348012,2.351,0
1576348013,4.469,0
1576348014,4.36,0
1576348015,4.323,0
1576348016,5.01,0
1576348017,2.853,0
1576348018,3.422,0
1576348019,4.111,0
1576348021,3.798,0
1576348022,4.277,0
1576348024,3.073,0
1576348025,1.538,0
1576348026,6.412,0
1576348027,5.051,0
1576348028,5.614,0
1576348029,4.271,0
1576348031,4.005,0
1576348032,5.461,0
1576348033,4.911,0
1576348034,5.107,0
1576348035,7.477,0
1576348036,6.981,0
1576348037,3.815,0
1576348038,4.984,0
1576348039,4.3105,0
1576348040,3.208,0
1576348042,3.39,0
1576348043,4.005,0
1576348044,3.889,0
1576348045,2.923,0
1576348046,3.109,0
1576348047,6.725,0
1576348048,5.58,0
1576348049,3.353,0
1576348050,5.084,0
1576348052,5.856,0
1576348053,1.844,0
1576348054,4.029,0
1576348055,4.985,0
1576348056,5.839,0
1576348057,4.497,0
1576348058,5.107,0
1576348059,5.599,0
1576348060,5.253,0
1576348062,5.919,0
1576348063,3.623,0
1576348064,6.003,0
1576348065,4.174,0
1576348066,4.766,0
1576348067,5.098,0
1576348068,10.31,0
1576348069,14.26,0
1576348070,16.606,0
1576348072,17.36,0
1576348073,14.358,0
1576348074,18.346,0
1576348075,21.417,0
1576348076,15.378,0
1576348077,8.464,0
1576348079,5.313,0
1576348080,0.225,0
1576348081,0.225,0
1576348082,7.59,0
1576348083,5.517,0
1576348084,4.152,0
1576348085,3.475,0
1576348086,3.764,0
1576348087,4.436,0
1576348088,3.528,0
1576348089,2.754,0
1576348090,2.3,0
1576348093,2.74,0
1576348094,2.797,0
1576348095,1.071,0
1576348096,3.368,0
1576348097,4.193,0
1576348098,4.295,0
1576348099,5.195,0
1576348100,2.526,0
1576348101,2.189,0
1576348102,3.928,0
1576348104,3.167,0
1576348105,4.423,0
1576348106,3.686,0
1576348107,3.127,0
1576348108,0.002,0
1576348109,2.241,0
1576348110,3.604,0
1576348111,3.443,0
1576348112,1.92,0
1576348113,3.413,0
1576348115,4.435,0
1576348116,13.334,0
1576348117,12.669,0
1576348124,0.302,0
1576348125,6.998,0
1576348126,8.958,0
1576348127,8.656,0
1576348128,8.83,0
1576348129,5.897,0
1576348130,4.876,0
1576348131,6.03,0
1576348132,8.681,0
1576348133,5.406,0
1576348135,6.58,0
1576348136,0.323,0
1576348137,1.345,0
1576348138,3.971,0
1576348139,4.328,0
1576348140,4.256,0
1576348141,4.261,0
1576348142,4.923,0
1576348143,4.787,0
1576348144,4.401,0
1576348145,4.401,0
1576348146,3.778,0
1576348147,3.338,0
1576348149,1.891,0
1576348150,0.001,0
1576348151,3.242,0
1576348152,4.546,0
1576348153,4.1975,0
1576348154,3.738,0
1576348155,3.664,0
1576348157,2.784,0
1576348158,1.372,0
1576348159,2.851,0
1576348160,3.457,0
1576348161,4.466,0
1576348163,0.741,0
1576348164,0.372,0
1576348165,1.041,0
1576348166,2.358,0
1576348168,3.259,0
1576348169,8.81,0
1576348170,6.822,0
1576348171,9.847,0
1576348172,10.758,0
1576348173,7.128,0
1576348174,13.929,0
1576348175,8.514,0
1576348176,16.335,0
1576348177,1.366,0
1576348178,1.6603333333333332,0
1576348180,6.236,0
1576348181,8.086,0
1576348182,6.721,0
1576348183,2.022,0
1576348184,2.349,0
1576348185,1.271,0
1576348186,1.5015,0
1576348187,1.644,0
1576348188,3.087,0
1576348189,3.095,0
1576348191,4.311,0
1576348192,0.807,0
1576348193,0.826,0
1576348194,1.227,0
1576348195,1.52,0
1576348196,1.262,0
1576348197,0.585,0
1576348198,2.307,0
1576348199,3.5,0
1576348200,4.823,0
1576348201,4.823,0
1576348202,5.306,0
1576348203,4.802,0
1576348205,1.089,0
1576348206,0.607,0
1576348207,5.15,0
1576348208,7.178,0
1576348209,4.326,0
1576348210,3.965,0
1576348211,2.87,0
1576348212,4.902,0
1576348214,5.399,0
1576348215,5.704,0
1576348216,5.063,0
1576348217,5.382,0
1576348218,5.154,0
1576348220,0.808,0
1576348221,5.51,0
1576348222,2.925,0
1576348223,1.202,0
1576348224,3.252,0
1576348226,8.922,0
1576348227,9.001,0
1576348228,8.222,0
1576348229,9.611,0
1576348230,11.33,0
1576348231,13.646,0
1576348232,11.987,0
1576348233,0.002,0
1576348234,3.451,0
1576348235,5.736,0
1576348236,6.639,0
1576348238,6.576,0
1576348239,5.248,0
1576348240,11.157,0
1576348241,8.044,0
1576348242,8.243,0
1576348243,7.143,0
1576348244,12.46,0
1576348246,4.484,0
1576348247,2.2435,0
1576348249,6.547,0
1576348250,10.95,0
1576348251,10.723,0
1576348252,12.693,0
1576348253,15.232,0
1576348254,13.548,0
1576348255,12.407,0
1576348256,16.001,0
1576348257,13.698,0
1576348258,14.224,0
1576348260,16.451,0
1576348262,2.178,0
1576348263,7.316,0
1576348264,7.424,0
1576348265,7.367,0
1576348266,7.276,0
1576348267,7.33,0
1576348268,7.299,0
1576348269,6.631,0
1576348271,6.686,0
1576348272,7.222,0
1576348274,4.228,0
1576348275,0.002,0
1576348277,6.581,0
1576348278,7.401,0
1576348279,6.435,0
1576348280,7.207,0
1576348282,6.978,0
1576348283,6.579,0
1576348284,7.165,0
1576348285,7.273,0
1576348286,6.729,0
1576348288,1.434,0
1576348289,0.774,0
1576348290,5.523,0
1576348291,5.259,0
1576348292,5.672,0
1576348294,16.633,0
1576348295,18.009,0
1576348296,13.754,0
1576348297,17.475,0
1576348299,16.012,0
1576348300,15.575,0
1576348301,14.439,0
1576348302,2.151,0
1576348303,1.9205,0
1576348305,6.488,0
1576348306,6.512,0
1576348307,6.826,0
1576348308,6.116,0
1576348309,5.475,0
1576348310,5.609,0
1576348311,4.918,0
1576348312,5.608,0
1576348313,5.2205,0
1576348316,5.59,0
1576348317,0.002,0
1576348318,3.431,0
1576348319,5.715,0
1576348320,5.617,0
1576348321,7.7995,0
1576348322,8.369,0
1576348323,7.119,0
1576348324,11.78,0
1576348326,10.902,0
1576348327,11.288,0
1576348328,7.523,0
1576348330,5.815,0
1576348331,3.0855,0
1576348332,4.486,0
1576348333,6.576,0
1576348334,7.129,0
1576348335,6.858,0
1576348336,4.6055,0
1576348338,2.7,0
1576348339,11.742,0
1576348340,8.925,0
1576348341,12.504,0
1576348342,12.243,0
1576348343,13.011,0
1576348345,1.4075,0
1576348346,6.713,0
1576348347,3.533,0
1576348349,3.354,0
1576348350,2.286,0
1576348351,3.866,0
1576348352,2.858,0
1576348353,1.912,0
1576348354,4.108,0
1576348355,2.319,0
1576348356,1.466,0
1576348357,0.38,0
1576348358,0.3015,0
1576348360,0.001,0
1576348361,0.883,0
1576348362,1.597,0
1576348363,2.406,0
1576348364,2.785,0
1576348365,2.397,0
1576348366,2.405,0
1576348367,2.399,0
1576348368,2.634,0
1576348369,2.584,0
1576348370,2.443,0
1576348373,1.204,0
1576348374,0.002,0
1576348375,1.028,0
1576348376,1.854,0
1576348377,0.968,0
1576348378,2.114,0
1576348379,1.916,0
1576348380,5.456,0
1576348381,1.474,0
1576348383,1.169,0
1576348384,3.617,0
1576348385,4.263,0
1576348387,0.413,0
1576348388,0.208,0
1576348389,0.857,0
1576348390,1.965,0
1576348391,1.387,0
1576348392,1.435,0
1576348393,1.814,0
1576348395,1.827,0
1576348396,0.63,0
1576348397,1.122,0
1576348398,0.011,0
1576348399,0.811,0
1576348401,0.693,0
1576348402,0.7725,0
1576348403,0.48,0
1576348405,0.033,0
1576348406,0.067,0
1576348407,0.044,0
1576348408,0.022,0
1576348409,0.044,0
1576348410,0.067,0
1576348411,0.067,0
1576348412,0.055,0
1576348415,0.067,0
1576348416,0.039,0
1576348417,0.067,0
1576348418,0.056,0
1576348419,0.025,0
1576348420,0.013,0
1576348421,0.067,0
1576348423,0.067,0
1576348424,0.067,0
1576348425,0.055,0
1576348426,0.067,0
1576348427,0.067,0
1576348428,0.055,0
1576348429,0.055,0
1576348432,0.067,0
1576348433,0.055,0
1576348434,0.067,0
1576348436,0.055,0
1576348437,0.05,0
1576348438,0.055,0
1576348440,0.067,0
1576348441,0.055,0
1576348442,0.067,0
1576348443,0.067,0
1576348444,0.055,0
1576348445,0.055,0
1576348446,0.067,0
1576348447,0.067,0
1576348449,0.067,0
1576348450,0.055,0
1576348451,0.055,0
1576348452,0.039,0
1576348453,0.035,0
1576348454,0.055,0
1576348455,0.078,0
1576348456,0.067,0
1576348458,0.055,0
1576348459,0.055,0
1576348460,0.067,0
1576348461,0.067,0
1576348462,0.067,0
1576348463,0.067,0
1576348464,0.033,0
1576348466,0.044,0
1576348467,0.055,0
1576348468,0.067,0
1576348469,0.033,0
1576348470,0.022,0
1576348471,0.0165,0
1576348472,0.011,0
1576348473,0.022,0
1576348475,0.011,0
1576348476,0.024,0
1576348477,0.005,0
1576348479,0.011,0
1576348480,0.011,0
1576348481,0.007,0
1576348482,0.001,0
1576348483,0.022,0
1576348484,0.011,0
1576348486,0.011,0
1576348487,0.011,0
1576348488,0.011,0
1576348489,0.022,0
1576348490,0.011,0
1576348491,0.022,0
1576348492,0.011,0
1576348495,0.011,0
1576348496,0.011,0
1576348497,0.011,0
1576348498,0.022,0
1576348499,0.011,0
1576348501,0.022,0
1576348502,0.011,0
1576348504,0.022,0
1576348505,0.011,0
1576348506,0.022,0
1576348508,0.022,0
1576348509,0.011,0
1576348510,0.021,0
1576348511,0.012,0
1576348513,0.011,0
1576348514,0.011,0
1576348515,0.022,0
1576348516,0.011,0
1576348517,0.011,0
1576348518,0.022,0
1576348519,0.011,0
1576348520,0.022,0
1576348522,0.011,0
1576348524,0.011,0
1576348525,0.022,0
1576348526,0.011,0
1576348527,0.022,0
1576348528,0.011,0
1576348529,0.022,0
1576348530,0.022,0
1576348531,0.011,0
1576348532,0.022,0
1576348533,0.011,0
1576348534,0.011,0
1576348535,0.011,0
1576348536,0.011,0
1576348537,0.022,0
1576348538,0.011,0
1576348540,0.022,0
1576348541,0.011,0
1576348542,0.022,0
1576348543,0.0125,0
1576348544,0.011,0
1576348545,0.011,0
1576348546,0.022,0
1576348547,0.011,0
1576348548,0.022,0
1576348549,0.011,0
1576348551,0.022,0
1576348552,0.011,0
1576509763,0.115,1
1576509764,0.0045,1
1576509767,0.035,1
1576509771,0.149,1
1576509772,1.915,1
1576509773,19.121,1
1576509774,13.847,1
1576509776,17.36,1
1576509777,10.999,1
1576509778,13.204,1
1576509779,15.966,1
1576509780,20.216,1
1576509781,11.607,1
1576509782,15.639,1
1576509783,14.326,1
1576509785,4.708,1
1576509786,0.002,1
1576509787,15.47,1
1576509788,15.999,1
1576509789,14.373,1
1576509790,15.0,1
1576509791,22.277,1
1576509793,13.659,1
1576509794,14.997,1
1576509795,16.699,1
1576509796,22.449,1
1576509797,15.764,1
1576509798,5.341,1
1576509799,0.001,1
1576509800,3.375,1
1576509802,16.707,1
1576509803,15.375,1
1576509804,15.79,1
1576509805,18.652,1
1576509806,18.419,1
1576509807,17.14,1
1576509808,15.969,1
1576509809,11.926,1
1576509811,8.497,1
1576509812,8.497,1
1576509815,16.763,1
1576509816,16.33,1
1576509817,9.405,1
1576509818,14.892,1
1576509820,18.306,1
1576509821,11.223,1
1576509822,9.429,1
1576509823,11.254,1
1576509824,11.23,1
1576509825,11.204,1
1576509826,2.712,1
1576509827,2.712,1
1576509828,0.002,1
1576509829,15.16,1
1576509830,12.415,1
1576509831,10.051,1
1576509832,10.171,1
1576509833,14.429,1
1576509834,17.839,1
1576509835,14.375,1
1576509836,10.555,1
1576509838,12.96,1
1576509839,14.186,1
1576509840,6.504,1
1576509841,0.001,1
1576509842,11.282,1
1576509843,20.158,1
1576509844,17.249,1
1576509846,12.711,1
1576509847,7.824,1
1576509848,7.429,1
1576509849,8.285,1
1576509850,6.06,1
1576509851,7.426,1
1576509852,11.165,1
1576509854,16.075,1
1576509856,3.548,1
1576509857,13.166,1
1576509858,8.962,1
1576509859,9.057,1
1576509860,9.494,1
1576509861,9.675,1
1576509862,13.247,1
1576509864,10.867,1
1576509865,9.698,1
1576509866,8.659,1
1576509868,3.144,1
1576509869,1.0493333333333332,1
1576509870,13.673,1
1576509871,16.977,1
1576509873,16.329,1
1576509874,18.683,1
1576509875,9.529,1
1576509876,10.231,1
1576509877,10.627,1
1576509878,8.98,1
1576509879,10.006,1
1576509882,10.853,1
1576509883,0.001,1
1576509884,3.617,1
1576509885,6.053,1
1576509886,9.05,1
1576509887,11.297,1
1576509888,16.034,1
1576509890,6.818,1
1576509891,8.986,1
1576509892,10.792,1
1576509893,9.837,1
1576509894,9.867,1
1576509895,10.23,1
1576509897,1.7045,1
1576509899,14.213,1
1576509900,11.853,1
1576509901,6.055,1
1576509902,0.703,1
1576509903,2.613,1
1576509904,12.577,1
1576509905,6.598,1
1576509907,10.702,1
1576509908,13.31,1
1576509910,3.794,1
1576509911,1.954,1
1576509912,10.654,1
1576509913,11.164,1
1576509914,7.366,1
1576509915,7.366,1
1576509916,7.044,1
1576509917,8.525,1
1576509918,11.616,1
1576509919,11.709,1
1576509920,7.89,1
1576509921,6.686,1
1576509922,9.226,1
1576509923,6.01,1
1576509924,6.01,1
1576509925,0.002,1
1576509926,5.998,1
1576509927,9.405,1
1576509928,12.593,1
1576509929,13.879,1
1576509930,9.688,1
1576509931,10.733,1
1576509933,8.567,1
1576509934,7.824,1
1576509935,16.795,1
1576509936,10.06,1
1576509937,6.297,1
1576509939,3.4295,1
1576509940,10.346,1
1576509942,5.694,1
1576509943,9.382,1
1576509944,11.366,1
1576509945,11.82,1
1576509946,15.529,1
1576509947,15.37,1
1576509948,12.363,1
1576509950,11.312,1
1576509951,13.151,1
1576509953,0.8525,1
1576509954,6.8205,1
1576509955,10.446,1
1576509956,7.433,1
1576509958,9.772,1
1576509959,9.268,1
1576509960,11.92,1
1576509961,10.719,1
1576509962,12.307,1
1576509963,7.291,1
1576509964,9.97,1
1576509965,3.733,1
1576509966,0.002,1
1576509967,0.002,1
1576509968,12.653,1
1576509969,15.618,1
1576509970,15.457,1
1576509971,14.231,1
1576509972,18.387,1
1576509973,14.765,1
1576509974,13.637,1
1576509976,15.385,1
1576509977,9.856,1
1576509980,0.002,1
1576509981,10.797,1
1576509982,19.077,1
1576509983,17.171,1
1576509985,16.192,1
1576509986,14.784,1
1576509987,11.596,1
1576509988,10.304,1
1576509989,13.443,1
1576509990,15.536,1
1576509991,13.8945,1
1576509994,0.589,1
1576509995,3.107,1
1576509996,17.232,1
1576509997,6.713,1
1576509998,12.038,1
1576509999,10.5295,1
1576510000,7.51,1
1576510001,9.312,1
1576510003,8.342,1
1576510004,10.822,1
1576510005,11.697,1
1576510007,4.8,1
1576510008,0.002,1
1576510009,13.919,1
1576510010,8.561,1
1576510012,7.513,1
1576510013,7.997,1
1576510014,6.622,1
1576510015,8.598,1
1576510016,13.508,1
1576510017,10.853,1
1576510018,12.206,1
1576510021,8.393,1
1576510022,0.003,1
1576510023,9.038,1
1576510024,13.029,1
1576510025,5.866,1
1576510026,0.011,1
1576510027,0.011,1
1576510028,0.011,1
1576510030,1.13,1
1576510031,4.033,1
1576510032,19.687,1
1576510033,22.9,1
1576510034,26.574,1
1576510035,14.2055,1
1576510036,2.469,1
1576510038,13.9,1
1576510039,15.813,1
1576510040,15.0,1
1576510041,17.054,1
1576510042,16.103,1
1576510043,11.788,1
1576510044,11.857,1
1576510046,13.906,1
1576510047,11.287,1
1576510048,15.99,1
1576510049,4.246,1
1576510050,2.224,1
1576510051,69.047,1
1576510052,78.013,1
1576510053,83.335,1
1576510055,103.964,1
1576510056,124.362,1
1576510057,135.749,1
1576510058,141.256,1
1576510059,150.401,1
1576510060,148.164,1
1576510061,150.032,1
1576510062,78.823,1
1576510063,0.002,1
1576510064,0.002,1
1576510065,11.998,1
1576510066,21.131,1
1576510067,22.201,1
1576510068,22.899,1
1576510069,20.117,1
1576510070,19.443,1
1576510071,18.019,1
1576510072,17.746,1
1576510074,13.396,1
1576510075,10.28,1
1576510078,1.405,1
1576510079,7.52,1
1576510080,9.237,1
1576510082,9.187,1
1576510083,10.096,1
1576510084,8.915,1
1576510085,8.104,1
1576510086,9.358,1
1576510087,9.288,1
1576510088,34.239,1
1576510089,98.59,1
1576510091,10.425,1
1576510092,5.214,1
1576510093,7.788,1
1576510094,7.824,1
1576510095,9.111,1
1576510096,8.2875,1
1576510097,35.138,1
1576510099,60.864,1
1576510100,77.51,1
1576510101,154.285,1
1576510102,164.656,1
1576510103,154.124,1
1576510104,109.857,1
1576510105,0.001,1
1576510106,11.743,1
1576510107,17.945,1
1576510109,17.692,1
1576510110,17.411,1
1576510111,17.269,1
1576510112,18.726,1
1576510113,15.654,1
1576510114,15.934,1
1576510115,18.625,1
1576510118,15.106,1
1576510120,1.266,1
1576510121,14.693,1
1576510122,23.746,1
1576510123,27.214,1
1576510124,27.008,1
1576510125,27.008,1
1576510126,36.39,1
1576510127,37.452,1
1576510128,40.669,1
1576510129,40.246,1
1576510130,44.482,1
1576510132,28.916,1
1576510133,9.925,1
1576510135,6.797,1
1576510136,9.126,1
1576510137,9.342,1
1576510138,9.948,1
1576510140,8.966,1
1576510141,5.669,1
1576510143,6.519,1
1576510144,5.859,1
1576510146,2.437,1
1576510147,0.002,1
1576510148,1.846,1
1576510149,6.392,1
1576510150,8.514,1
1576510152,6.519,1
1576510153,9.018,1
1576510154,9.641,1
1576510155,8.263,1
1576510156,9.132,1
1576510157,7.784,1
1576510158,7.962,1
1576510160,3.8905,1
1576510161,0.044,1
1576510162,1.136,1
1576510163,7.618,1
1576510164,1.489,1
1576510165,8.599,1
1576510166,8.943,1
1576510167,8.22,1
1576510168,8.7575,1
1576510169,5.224,1
1576510170,9.062,1
1576510171,8.745,1
1576510174,5.428,1
1576510175,0.001,1
1576510176,3.952,1
1576510177,5.588,1
1576510178,9.848,1
1576510179,9.677,1
1576510180,13.354,1
1576510181,9.464,1
1576510183,7.759,1
1576510184,9.744,1
1576510185,8.029,1
1576510186,6.738,1
1576510188,0.892,1
1576510189,0.5305,1
1576510190,3.6355,1
1576510191,8.172,1
1576510193,9.574,1
1576510194,10.022,1
1576510195,8.29,1
1576510196,7.669,1
1576510197,10.904,1
1576510198,6.422,1
1576510199,10.672,1
1576510200,8.48,1
1576510201,7.354,1
1576510202,0.001,1
1576510203,0.001,1
1576510204,3.209,1
1576510205,10.038,1
1576510206,8.511,1
1576510207,7.581,1
1576510208,8.757,1
1576510209,10.023,1
1576510210,9.121,1
1576510211,8.864,1
1576510212,9.499,1
1576510213,8.864,1
1576510216,3.831,1
1576510217,0.002,1
1576510218,9.174,1
1576510219,9.266,1
1576510220,9.768,1
1576510221,9.453,1
1576510222,10.104,1
1576510223,10.222,1
1576510224,9.969,1
1576510226,9.113,1
1576510227,20.646,1
1576510228,19.837,1
1576510229,25.326,1
1576510230,2.824,1
1576510231,2.224,1
1576510232,7.486,1
1576510233,6.119,1
1576510234,7.559,1
1576510236,9.623,1
1576510237,7.407,1
1576510238,9.244,1
1576510239,7.067,1
1576510240,9.728,1
1576510241,10.3475,1
1576510242,10.481,1
1576510243,7.503,1
1576510244,0.001,1
1576510245,2.9775,1
1576510247,9.889,1
1576510248,11.367,1
1576510249,9.838,1
1576510250,10.434,1
1576510251,8.976,1
1576510252,10.306,1
1576510253,7.662,1
1576510254,7.174,1
1576510255,9.004,1
1576510256,9.857,1
1576510258,2.184,1
1576510259,1.0935,1
1576510260,8.26,1
1576510261,9.527,1
1576510262,10.338,1
1576510263,7.8065,1
1576510264,0.301,1
1576510265,1.196,1
1576510266,5.26,1
1576510268,9.276,1
1576510269,8.601,1
1576510270,4.283,1
1576510271,8.504,1
1576510273,0.726,1
1576510274,7.334,1
1576510275,8.814,1
1576510276,10.355,1
1576510278,9.957,1
1576510279,4.341,1
1576510280,9.577,1
1576510281,7.849,1
1576510282,8.525,1
1576510283,9.722,1
1576510285,2.387,1
1576510286,0.002,1
1576510288,5.583,1
1576510289,8.413,1
1576510290,8.582,1
1576510291,9.662,1
1576510292,9.074,1
1576510293,7.394,1
1576510294,8.802,1
1576510295,6.333,1
1576510296,10.365,1
1576510297,17.61,1
1576510299,15.323,1
1576510301,4.626,1
1576510302,8.723,1
1576510303,10.198,1
1576510304,9.808,1
1576510305,7.269,1
1576510306,10.065,1
1576510307,10.572,1
1576510308,10.6375,1
1576510310,10.473,1
1576510311,12.038,1
1576510313,4.595,1
1576510314,0.002,1
1576510315,7.078,1
1576510316,11.821,1
1576510317,12.112,1
1576510318,12.732,1
1576510319,11.4885,1
1576510321,11.541,1
1576510322,11.935,1
1576510323,11.696,1
1576510324,12.334,1
1576510325,19.349,1
1576510327,0.232,1
1576510328,0.834,1
1576510329,11.334,1
1576510331,11.954,1
1576510332,12.272,1
1576510333,11.287,1
1576510334,11.628,1
1576510335,11.646,1
1576510336,11.688,1
1576510337,10.887,1
1576510338,11.396,1
1576510339,12.155,1
1576510341,6.591,1
1576510342,0.002,1
1576510343,6.167,1
1576510344,11.62,1
1576510345,10.904,1
1576510346,12.672,1
1576510347,10.461,1
1576510348,9.071,1
1576510350,9.129,1
1576510351,11.348,1
1576510352,12.632,1
1576510353,9.749,1
1576510355,0.603,1
1576510356,1.0275,1
1576510357,12.254,1
1576510358,11.624,1
1576510359,12.595,1
1576510361,12.205,1
1576510362,11.967,1
1576510363,12.614,1
1576510364,10.33,1
1576510365,9.421,1
1576510366,12.109,1
1576510367,12.313,1
1576510368,8.391,1
1576510369,0.001,1
1576510370,2.4965,1
1576510372,12.673,1
1576510373,15.562,1
1576510374,16.694,1
1576510375,17.336,1
1576510376,14.414,1
1576510377,17.696,1
1576510378,20.544,1
1576510379,19.824,1
1576510380,14.841,1
1576510381,8.989,1
1576510382,8.989,1
1576510383,3.197,1
1576510384,0.004,1
1576510385,1.661,1
1576510386,5.004,1
1576510387,6.234,1
1576510388,9.938,1
1576510389,9.523,1
1576510390,12.268,1
1576510391,3.161,1
1576510392,5.743,1
1576510394,11.088,1
1576510395,11.201,1
1576510396,8.7305,1
1576510398,1.617,1
1576510399,11.34,1
1576510400,10.922,1
1576510401,12.0355,1
1576510402,16.344,1
1576510403,20.171,1
1576510405,14.464,1
1576510406,15.004,1
1576510407,13.401,1
1576510408,15.59,1
1576510410,7.852,1
1576510411,0.001,1
1576510412,6.577,1
1576510413,13.223,1
1576510414,16.848,1
1576510416,5.429,1
1576510417,5.086,1
1576510418,9.125,1
1576510419,12.202,1
1576510420,16.428,1
1576510421,14.822,1
1576510422,17.29,1
1576510424,1.46,1
1576510425,1.0116666666666667,1
1576510427,7.579,1
1576510428,9.956,1
1576510429,12.123,1
1576510430,13.122,1
1576510431,12.529,1
1576510432,11.814,1
1576510433,11.33,1
1576510434,12.095,1
1576510435,24.174,1
1576510436,22.267,1
1576510438,23.766,1
1576510440,3.547,1
1576510441,10.535,1
1576510443,9.003,1
1576510444,8.974,1
1576510445,9.65,1
1576510446,6.117,1
1576510447,9.266,1
1576510449,10.309,1
1576510450,7.85,1
1576510451,11.343,1
1576510452,7.699,1
1576510453,0.002,1
1576510454,6.976,1
1576510455,8.341,1
1576510456,3.38,1
1576510457,9.602,1
1576510459,8.98,1
1576510460,8.331,1
1576510461,11.913,1
1576510462,9.211,1
1576510463,6.542,1
1576510464,8.613,1
1576510465,9.418,1
1576510467,0.674,1
1576510469,10.105,1
1576510470,10.139,1
1576510471,10.757,1
1576510472,9.691,1
1576510473,10.472,1
1576510474,10.845,1
1576510475,11.441,1
1576510476,6.324,1
1576510477,6.562,1
1576510478,7.707,1
1576510480,6.02,1
1576510481,0.001,1
1576510482,1.634,1
1576510483,1.818,1
1576510484,7.637,1
1576510485,37.337,1
1576510486,45.939,1
1576510487,45.939,1
1576510488,45.351,1
1576510489,44.041,1
1576510490,46.567,1
1576510491,32.108,1
1576510492,40.149,1
1576510493,37.869,1
1576510496,9.22,1
1576510497,19.31,1
1576510498,19.356,1
1576510499,13.494,1
1576510500,15.7935,1
1576510501,18.848,1
1576510502,16.695,1
1576510503,16.887,1
1576510505,15.121,1
1576510506,44.524,1
1576510508,3.871,1
1576510509,3.3895,1
1576510510,161.052,1
1576510511,353.338,1
1576510512,366.042,1
1576510513,378.867,1
1576510514,397.527,1
1576510515,397.527,1
1576510516,389.75,1
1576510517,424.651,1
1576510518,406.774,1
1576510519,371.278,1
1576510520,349.717,1
1576510521,378.345,1
1576510523,5.677,1
1576510524,32.531,1
1576510525,39.176,1
1576510526,319.279,1
1576510528,401.381,1
1576510529,532.905,1
1576510530,411.49,1
1576510531,450.214,1
1576510532,483.139,1
1576510533,419.382,1
1576510534,419.98,1
1576510535,215.798,1
1576510536,0.002,1
1576510537,10.755,1
1576510538,9.114,1
1576510540,15.933,1
1576510541,19.899,1
1576510542,20.364,1
1576510544,21.215,1
1576510545,20.449,1
1576510546,21.782,1
1576510547,21.997,1
1576510549,21.673,1
1576510551,7.707,1
1576510552,20.044,1
1576510553,21.195,1
1576510554,19.999,1
1576510555,22.334,1
1576510557,21.922,1
1576510558,21.765,1
1576510559,22.146,1
1576510560,21.371,1
1576510561,18.756,1
1576510563,0.263,1
1576510564,0.263,1
1576510565,1.125,1
1576510566,28.761,1
1576510567,28.276,1
1576510568,34.491,1
1576510569,32.941,1
1576510570,32.2955,1
1576510571,33.995,1
1576510572,32.916,1
1576510574,22.169,1
1576510575,18.131,1
1576510576,31.603,1
1576510577,19.145,1
1576510578,0.002,1
1576510579,11.806,1
1576510580,6.647,1
1576510581,10.166,1
1576510582,8.539,1
1576510584,7.98,1
1576510585,11.067,1
1576510586,11.496,1
1576510587,16.953,1
1576510588,31.768,1
1576510589,25.956,1
1576510590,26.101,1
1576510592,0.7425,1
1576510594,11.333,1
1576510595,16.313,1
1576510596,44.759,1
1576510597,55.717,1
1576510598,56.143,1
1576510599,44.356,1
1576510600,29.571,1
1576510601,25.199,1
1576510602,26.89,1
1576510603,41.256,1
1576510605,31.348,1
1576510606,0.001,1
1576510607,4.992,1
1576510608,6.811,1
1576510609,10.827,1
1576510610,9.501,1
1576510611,17.758,1
1576510612,38.235,1
1576510613,30.052,1
1576510615,27.118,1
1576510616,19.184,1
1576510617,28.714,1
1576510619,6.841,1
1576510620,3.4225,1
1576510621,9.365,1
1576510622,9.905,1
1576510623,10.205,1
1576510624,10.303,1
1576510626,11.006,1
1576510627,10.24,1
1576510628,8.055,1
1576510629,7.673,1
1576510630,9.528,1
1576510631,6.976,1
1576510632,3.77,1
1576510634,5.2875,1
1576510636,9.593,1
1576510637,9.635,1
1576510638,19.611,1
1576510639,13.857,1
1576510640,17.935,1
1576510641,30.485,1
1576510642,37.981,1
1576510643,28.48,1
1576510644,25.467,1
1576510645,25.938,1
1576510647,10.304,1
1576510648,5.1535,1
1576510649,9.89,1
1576510650,11.97,1
1576510651,10.8,1
1576510652,11.4815,1
1576510653,10.603,1
1576510654,25.678,1
1576510655,19.512,1
1576510657,2.368,1
1576510658,0.767,1
1576510659,9.668,1
1576510660,19.073,1
1576510662,3.084,1
1576510663,10.728,1
1576510664,11.122,1
1576510665,11.92,1
1576510666,11.813,1
1576510668,11.937,1
1576510669,11.373,1
1576510670,11.415,1
1576510671,11.998,1
1576510672,25.438,1
1576510674,14.212,1
1576510675,0.002,1
1576510676,8.283,1
1576510678,12.522,1
1576510679,11.953,1
1576510680,12.102,1
1576510681,10.169,1
1576510682,7.989,1
1576510683,12.628,1
1576510684,10.76,1
1576510685,12.339,1
1576510686,12.767,1
1576510688,10.392,1
1576510690,1.456,1
1576510691,8.34,1
1576510692,7.448,1
1576510693,8.436,1
1576510694,9.609,1
1576510695,7.88,1
1576510696,2.996,1
1576510698,7.802,1
1576510699,6.466,1
1576510700,9.821,1
1576510702,6.409,1
1576510703,0.002,1
1576510704,9.457,1
1576510705,29.555,1
1576510707,28.323,1
1576510708,24.682,1
1576510709,40.721,1
1576510710,37.563,1
1576510711,21.926,1
1576510712,14.962,1
1576510713,16.047,1
1576510716,15.551,1
1576510717,0.001,1
1576510718,6.095,1
1576510719,11.445,1
1576510720,11.376,1
1576510721,11.103,1
1576510722,10.627,1
1576510724,10.675,1
1576510725,11.427,1
1576510726,10.568,1
1576510727,11.428,1
1576510728,10.353,1
1576510733,11.23,1
1576510734,18.181,1
1576510735,17.956,1
1576510736,24.961,1
1576510737,18.889,1
1576510738,25.631,1
1576510739,43.076,1
1576510740,44.801,1
1576510742,32.095,1
1576510744,18.211,1
1576510745,0.002,1
1576510746,7.848,1
1576510747,12.489,1
1576510748,25.574,1
1576510749,37.458,1
1576510751,20.787,1
1576510752,34.137,1
1576510753,34.621,1
1576510754,38.107,1
1576510755,41.372,1
1576510756,47.516,1
1576510757,35.591,1
1576510758,0.001,1
1576510759,0.001,1
1576510760,3.388,1
1576510761,9.843,1
1576510762,14.67,1
1576510763,22.716,1
1576510764,6.685,1
1576510765,4.725,1
1576510766,1.793,1
1576510768,19.514,1
1576510769,34.156,1
1576510770,42.406,1
1576510772,4.657,1
1576510773,4.4045,1
1576510774,24.415,1
1576510775,26.719,1
1576510777,148.771,1
1576510778,199.452,1
1576510779,183.442,1
1576510780,164.615,1
1576510781,168.964,1
1576510782,158.351,1
1576510783,167.795,1
1576510784,160.528,1
1576510785,83.377,1
1576510786,0.002,1
1576510787,0.002,1
1576510788,10.271,1
1576510789,19.597,1
1576510790,21.434,1
1576510791,20.377,1
1576510792,21.209,1
1576510793,20.433,1
1576510794,21.807,1
1576510796,2.501,1
1576510797,6.34,1
1576510798,8.044,1
1576510799,6.846,1
1576510801,1.41,1
1576510802,5.486,1
1576510803,3.425,1
1576510805,3.551,1
1576510806,13.269,1
1576510807,18.676,1
1576510808,19.142,1
1576510809,19.065,1
1576510810,12.717,1
1576510811,1.441,1
1576510835,1.626,1
1576510836,5.372,1
1576510837,3.8795,1
1576510839,0.022,1
1576510840,3.258,1
1576510841,10.327,1
1576510842,15.668,1
1576510843,17.634,1
1576510845,3.686,1
1576510847,33.998,1
1576510848,33.347,1
1576510849,32.964,1
1576510850,33.551,1
1576510851,33.993,1
1576510852,34.25,1
1576510853,8.055,1
1576510855,11.407,1
1576510856,9.861,1
1576510858,0.629,1
1576510859,0.526,1
1576510860,9.623,1
1576510861,11.058,1
1576510862,11.835,1
1576510863,5.607,1
1576510865,17.091,1
1576510866,19.287,1
1576510867,20.198,1
1576510868,20.854,1
1576510869,19.799,1
1576510870,20.734,1
1576510871,12.014,1
1576510872,0.002,1
1576510873,0.002,1
1576510874,14.408,1
1576510875,17.298,1
1576510876,2.572,1
1576510877,0.011,1
1576510878,7.95,1
1576510879,17.87,1
1576510880,19.711,1
1576510881,10.162,1
1576510883,17.016,1
1576510884,19.496,1
1576510885,19.574,1
1576510887,8.23,1
1576510888,6.142,1
1576510889,6.643,1
1576510890,9.929,1
1576510892,6.746,1
1576510893,10.425,1
1576510894,9.681,1
1576510895,9.274,1
1576510896,7.884,1
1576510897,4.615,1
1576510898,3.223,1
1576510899,2.427,1
1576510900,0.002,1
1576510902,13.405,1
1576510903,20.054,1
1576510904,19.717,1
1576510905,18.851,1
1576510906,19.824,1
1576510907,67.529,1
1576510908,85.368,1
1576510910,85.775,1
1576510911,227.515,1
1576510913,219.704,1
1576510915,15.386,1
1576510916,155.525,1
1576510917,342.72,1
1576510918,418.552,1
1576510919,319.806,1
1576510920,360.059,1
1576510922,371.493,1
1576510923,391.567,1
1576510924,410.941,1
1576510925,362.584,1
1576510926,370.029,1
1576510927,145.828,1
1576510928,0.002,1
1576510929,22.419,1
1576510930,33.394,1
1576510931,78.186,1
1576510933,119.446,1
1576510934,163.551,1
1576510935,161.593,1
1576510936,165.929,1
1576510937,32.95,1
1576510938,7.369,1
1576510939,2.356,1
1576510941,2.414,1
1576510942,0.001,1
1576510943,8.498,1
1576510944,18.227,1
1576510945,17.136,1
1576510946,17.642,1
1576510947,19.672,1
1576510948,28.948,1
1576510950,81.572,1
1576510951,87.332,1
1576510952,93.907,1
1576510953,96.269,1
1576510954,85.046,1
1576510956,4.245,1
1576510957,8.49,1
1576510958,58.961,1
1576510959,220.201,1
1576510960,223.028,1
1576510961,182.03,1
1576510962,246.726,1
1576510963,275.16,1
1576510964,170.784,1
1576510965,55.023,1
1576510966,10.712,1
1576510967,13.114,1
1576510969,3.008,1
1576510970,1.505,1
1576510971,11.681,1
1576510972,8.571,1
1576510973,5.709,1
1576510974,4.805,1
1576510975,7.699,1
1576510977,8.359,1
1576510978,8.435,1
1576510979,8.015,1
1576510980,8.159,1
1576510981,8.498,1
1576510982,6.222,1
1576510983,0.002,1
1576510984,1.185,1
1576510985,7.982,1
1576510987,10.214,1
1576510988,8.999,1
1576510989,5.387,1
1576510990,7.379,1
1576510991,8.768,1
1576510992,9.684,1
1576510993,9.7005,1
1576510994,11.091,1
1576510995,11.522,1
1576510996,3.509,1
1576510997,3.509,1
1576510998,0.002,1
1576510999,9.113,1
1576511000,8.482,1
1576511001,8.532,1
1576511002,19.215,1
1576511003,14.355,1
1576511004,22.552,1
1576511005,15.728,1
1576511006,12.798,1
1576511008,24.915,1
1576511009,6.732,1
1576511010,13.205,1
1576511012,2.131,1
1576511013,7.198,1
1576511014,7.098,1
1576511015,6.623,1
1576511016,8.376,1
1576511018,8.976,1
1576511019,8.63,1
1576511020,7.415,1
1576511021,12.07,1
1576511022,19.024,1
1576511024,5.226,1
1576511025,5.226,1
1576511026,2.553,1
1576511027,23.297,1
1576511028,23.081,1
1576511029,22.976,1
1576511030,22.56,1
1576511031,22.075,1
1576511032,45.077,1
1576511033,106.195,1
1576511035,158.445,1
1576511036,159.001,1
1576511038,74.489,1
1576511039,0.002,1
1576511040,11.062,1
1576511041,48.713,1
1576511042,50.846,1
1576511043,40.939,1
1576511045,45.054,1
1576511046,42.13,1
1576511047,62.447,1
1576511048,68.022,1
1576511049,111.472,1
1576511050,116.3235,1
1576511051,122.704,1
1576511052,18.73,1
1576511053,18.73,1
1576511054,3.939,1
1576511055,15.941,1
1576511056,16.395,1
1576511057,16.301,1
1576511058,15.522,1
1576511059,10.384,1
1576511060,8.431,1
1576511061,11.923,1
1576511063,25.655,1
1576511064,34.203,1
1576511066,13.091,1
1576511067,0.003,1
1576511068,8.723,1
1576511069,18.961,1
1576511070,32.977,1
1576511072,31.806,1
1576511073,34.207,1
1576511074,31.762,1
1576511075,27.615,1
1576511076,26.907,1
1576511077,32.07,1
1576511078,30.658,1
1576511080,16.603,1
1576511081,0.001,1
1576511082,7.511,1
1576511083,10.1,1
1576511084,9.666,1
1576511085,10.342,1
1576511086,10.706,1
1576511087,9.707,1
1576511089,11.094,1
1576511090,9.615,1
1576511091,10.221,1
1576511092,11.138,1
1576511093,18.552,1
1576511095,1.4055,1
1576511096,10.007,1
1576511098,8.641,1
1576511099,9.238,1
1576511100,8.697,1
1576511101,10.457,1
1576511102,9.154,1
1576511103,7.871,1
1576511104,9.123,1
1576511105,10.824,1
1576511108,6.772,1
1576511109,3.4545,1
1576511110,12.428,1
1576511111,11.661,1
1576511112,9.536,1
1576511113,11.784,1
1576511114,9.215,1
1576511116,11.483,1
1576511117,7.546,1
1576511118,12.874,1
1576511119,19.466,1
1576511120,14.717,1
1576511121,13.269,1
1576511122,0.002,1
1576511123,2.642,1
1576511125,8.333,1
1576511126,17.524,1
1576511127,17.122,1
1576511128,10.288,1
1576511129,8.781,1
1576511130,12.269,1
1576511131,11.755,1
1576511132,8.843,1
1576511134,13.998,1
1576511135,11.439,1
1576511137,2.984,1
1576511138,12.898,1
1576511139,11.66,1
1576511140,13.392,1
1576511142,11.122,1
1576511143,7.557,1
1576511144,5.028,1
1576511145,7.032,1
1576511146,3.17,1
1576511147,3.016,1
1576511149,2.301,1
1576511150,2.301,1
1576511151,0.003,1
1576511152,1.072,1
1576511153,4.354,1
1576511154,14.554,1
1576511155,21.729,1
1576511156,36.658,1
1576511158,50.388,1
1576511159,48.309,1
1576511160,59.853,1
1576511161,56.333,1
1576511163,8.458,1
1576511164,4.32,1
1576511166,4.145,1
1576511167,6.98,1
1576511168,4.781,1
1576511169,28.339,1
1576511170,30.931,1
1576511171,12.77,1
1576511172,22.458,1
1576511173,77.198,1
1576511175,73.082,1
1576511176,69.022,1
1576511177,34.74,1
1576511178,0.002,1
1576511179,8.3925,1
1576511180,23.219,1
1576511181,23.368,1
1576511183,23.469,1
1576511184,22.393,1
1576511185,23.367,1
1576511186,20.924,1
1576511187,22.946,1
1576511188,22.324,1
1576511189,24.218,1
1576511190,37.91,1
1576511191,37.91,1
1576511193,12.542,1
1576511194,24.334,1
1576511195,24.409,1
1576511196,23.93,1
1576511197,23.256,1
1576511198,23.35,1
1576511199,23.065,1
1576511201,30.87,1
1576511202,225.764,1
1576511203,232.756,1
1576511205,53.256,1
1576511206,26.685,1
1576511207,30.506,1
1576511208,25.374,1
1576511209,26.184,1
1576511211,50.215,1
1576511212,261.063,1
1576511213,340.018,1
1576511214,321.715,1
1576511215,315.719,1
1576511216,260.535,1
1576511217,12.79,1
1576511218,73.653,1
1576511219,0.001,1
1576511220,0.001,1
1576511221,77.492,1
1576511222,136.448,1
1576511223,145.071,1
1576511224,127.495,1
1576511225,180.32,1
1576511226,159.707,1
1576511227,146.065,1
1576511228,138.252,1
1576511229,159.156,1
1576511231,157.603,1
1576511233,20.048,1
1576511234,10.5305,1
1576511235,20.994,1
1576511236,22.007,1
1576511237,22.33,1
1576511238,21.499,1
1576511239,21.499,1
1576511240,19.904,1
1576511241,24.204,1
1576511242,135.237,1
1576511243,49.468,1
1576511244,0.111,1
1576511245,16.77,1
1576511246,35.805,1
1576511247,0.001,1
1576511248,3.0735,1
1576511250,6.84,1
1576511251,3.132,1
1576511252,15.64,1
1576511253,12.503,1
1576511254,0.011,1
1576511255,0.011,1
1576511256,0.011,1
1576511262,0.0005,1
1576511263,0.308,1
1576511264,0.712,1
1576511265,0.377,1
1576511266,8.412,1
1576511268,13.575,1
1576511269,18.465,1
1576511270,11.908,1
1576511271,0.011,1
1576511272,0.011,1
1576511273,0.011,1
1576511278,0.011,1
1576511282,0.033,1
1576511283,2.16,1
1576511284,9.302,1
1576511286,5.501,1
1576511287,11.815,1
1576511289,2.491,1
1576511290,1.302,1
1576511291,8.037,1
1576511292,18.69,1
1576511293,17.939,1
1576511294,19.327,1
1576511296,17.843,1
1576511297,19.634,1
1576511298,19.733,1
1576511299,19.976,1
1576511300,19.516,1
1576511301,17.557,1
1576511302,11.648,1
1576511303,0.002,1
1576511304,0.002,1
1576511305,16.478,1
1576511306,22.084,1
1576511307,22.057,1
1576511308,23.131,1
1576511309,22.129,1
1576511310,23.723,1
1576511311,22.064,1
1576511313,22.168,1
1576511314,22.45,1
1576511315,21.966,1
1576511316,19.804,1
1576511317,0.001,1
1576511318,5.2715,1
1576511319,30.655,1
1576511320,29.083,1
1576511322,31.688,1
1576511323,198.563,1
1576511324,197.369,1
1576511325,217.508,1
1576511326,201.35,1
1576511327,202.537,1
1576511328,168.496,1
1576511329,193.346,1
1576511330,64.524,1
1576511331,32.263,1
1576511333,15.652,1
1576511334,20.016,1
1576511335,21.423,1
1576511336,33.272,1
1576511337,74.27,1
1576511338,75.144,1
1576511339,72.745,1
1576511341,73.849,1
1576511342,76.059,1
1576511343,77.786,1
1576511344,44.447,1
1576511345,0.002,1
1576511346,19.468,1
1576511347,29.312,1
1576511348,28.629,1
1576511350,28.451,1
1576511351,28.881,1
1576511352,30.3,1
1576511353,27.743,1
1576511354,63.044,1
1576511355,163.223,1
1576511358,138.022,1
1576511359,0.001,1
1576511360,13.644,1
1576511361,22.978,1
1576511362,21.635,1
1576511363,129.847,1
1576511365,190.621,1
1576511366,204.345,1
1576511367,200.758,1
1576511368,205.652,1
1576511369,163.941,1
1576511370,179.363,1
1576511371,186.897,1
1576511372,7.965,1
1576511373,5.174,1
1576511374,26.83,1
1576511376,28.247,1
1576511377,29.606,1
1576511378,143.658,1
1576511379,115.46,1
1576511380,62.214,1
1576511381,27.576,1
1576511382,23.846,1
1576511383,21.372,1
1576511384,19.091,1
1576511386,20.735,1
1576511387,0.001,1
1576511388,5.218,1
1576511389,2.666,1
1576511390,0.295,1
1576511391,0.2745,1
1576511392,0.51,1
1576511393,0.099,1
1576511396,0.011,1
1576511397,7.477,1
1576511398,11.49,1
1576511399,22.284,1
1576511401,0.9575,1
1576511402,7.336,1
1576511404,10.4,1
1576511405,10.791,1
1576511406,10.939,1
1576511407,11.235,1
1576511408,10.051,1
1576511409,10.465,1
1576511410,11.192,1
1576511412,7.546,1
1576511414,1.958,1
1576511415,1.087,1
1576511416,6.253,1
1576511417,5.451,1
1576511418,15.129,1
1576511419,20.4375,1
1576511421,35.271,1
1576511422,38.904,1
1576511423,47.116,1
1576511424,49.567,1
1576511425,53.213,1
1576511426,47.479,1
1576511427,25.404,1
1576511428,0.002,1
1576511429,0.002,1
1576511430,1.919,1
1576511431,0.578,1
1576511432,0.011,1
1576511433,3.748,1
1576511434,10.804,1
1576511435,9.031,1
1576511436,11.038,1
1576511437,10.084,1
1576511438,8.231,1
1576511439,8.963,1
1576511442,0.731,1
1576511443,0.4555,1
1576511445,3.455,1
1576511446,3.771,1
1576511447,8.688,1
1576511448,9.769,1
1576511450,8.984,1
1576511451,9.245,1
1576511452,9.862,1
1576511453,4.183,1
1576511454,4.077,1
1576511455,8.453,1
1576511456,0.002,1
1576511457,5.856,1
1576511459,20.406,1
1576511460,21.975,1
1576511461,21.307,1
1576511462,21.526,1
1576511463,21.816,1
1576511464,21.05,1
1576511465,21.19,1
1576511466,20.699,1
1576511468,22.304,1
1576511471,10.393,1
1576511472,30.331,1
1576511473,27.953,1
1576511475,27.494,1
1576511476,28.114,1
1576511477,27.609,1
1576511478,29.041,1
1576511479,26.499,1
1576511480,28.569,1
1576511481,27.343,1
1576511483,26.991,1
1576511484,1.705,1
1576511485,1.003,1
1576511486,25.737,1
1576511487,30.537,1
1576511488,30.404,1
1576511489,31.825,1
1576511490,34.013,1
1576511492,35.108,1
1576511493,36.122,1
1576511494,35.398,1
1576511495,37.045,1
1576511497,7.805,1
1576511498,7.805,1
1576511499,1.035,1
1576511500,30.852,1
1576511501,32.07,1
1576511502,33.642,1
1576511503,32.805,1
1576511504,33.175,1
1576511505,27.364,1
1576511506,28.312,1
1576511508,28.792,1
1576511509,26.428,1
1576511511,11.155,1
1576511512,0.002,1
1576511513,28.974,1
1576511514,32.553,1
1576511516,33.329,1
1576511517,34.33,1
1576511518,33.587,1
1576511519,34.013,1
1576511520,33.935,1
1576511521,33.431,1
1576511523,33.959,1
1576511524,32.959,1
1576511525,19.561,1
1576511526,0.002,1
1576511527,24.599,1
1576511528,29.912,1
1576511529,28.5745,1
1576511530,28.59,1
1576511532,28.86,1
1576511533,30.316,1
1576511534,27.506,1
1576511535,27.816,1
1576511536,25.231,1
1576511537,21.919,1
1576511538,14.646,1
1576511540,0.056,1
1576511541,10.331,1
1576511542,21.496,1
1576511543,21.36,1
1576511544,21.571,1
1576511545,21.363,1
1576511546,21.738,1
1576511547,21.832,1
1576511549,21.175,1
1576511550,21.369,1
1576511551,21.784,1
1576511552,20.147,1
1576511553,0.001,1
1576511554,2.419,1
1576511555,31.963,1
1576511556,34.66,1
1576511558,34.948,1
1576511559,34.361,1
1576511560,35.218,1
1576511561,35.02,1
1576511562,34.36,1
1576511563,35.527,1
1576511564,33.024,1
1576511567,5.535,1
1576511568,2.769,1
1576511569,32.712,1
1576511570,33.288,1
1576511571,213.784,1
1576511572,242.69,1
1576511573,222.668,1
1576511574,231.434,1
1576511576,229.926,1
1576511577,236.24,1
1576511578,225.569,1
1576511579,237.853,1
1576511580,215.182,1
1576511582,12.886,1
1576511583,31.687,1
1576511584,10.881,1
1576511586,27.782,1
1576511587,31.601,1
1576511588,31.463,1
1576511589,32.775,1
1576511590,32.993,1
1576511591,32.773,1
1576511592,35.063,1
1576511594,33.903,1
1576511595,1.026,1
1576511596,2.556,1
1576511597,30.257,1
1576511598,24.43,1
1576511599,22.988,1
1576511600,15.359,1
1576511601,22.463,1
1576511602,23.895,1
1576511603,23.895,1
1576511604,24.382,1
1576511605,24.381,1
1576511606,22.143,1
1576511608,10.184,1
1576511609,0.002,1
1576511610,6.282,1
1576511611,6.282,1
1576511612,7.45,1
1576511613,10.529,1
1576511614,8.851,1
1576511615,11.187,1
1576511616,10.351,1
1576511617,9.998,1
1576511618,9.6395,1
1576511619,6.009,1
1576511621,2.238,1
1576511622,13.699,1
1576511623,0.002,1
1576511624,5.192,1
1576511625,2.784,1
1576511626,2.321,1
1576511627,6.282,1
1576511628,8.308,1
1576511629,8.305,1
1576511631,9.938,1
1576511632,11.66,1
1576511633,11.184,1
1576511634,12.771,1
1576511636,4.144,1
1576511637,2.129,1
1576511638,8.75,1
1576511639,9.764,1
1576511641,9.853,1
1576511642,7.905,1
1576511643,10.608,1
1576511644,9.73,1
1576511645,9.001,1
1576511646,10.223,1
1576511647,9.093,1
1576511648,8.132,1
1576511649,1.181,1
1576511651,0.001,1
1576511652,2.051,1
1576511653,7.333,1
1576511654,7.042,1
1576511655,5.095,1
1576511656,9.596,1
1576511657,2.94,1
1576511658,4.78,1
1576511660,8.218,1
1576511661,7.892,1
1576511662,5.019,1
1576511664,1.793,1
1576511665,0.953,1
1576511666,3.48,1
1576511667,5.576,1
1576511668,3.802,1
1576511669,2.812,1
1576511671,6.306,1
1576511672,10.758,1
1576511673,11.191,1
1576511674,13.481,1
1576511675,12.351,1
1576511676,14.835,1
1576511677,13.549,1
1576511679,1.114,1
1576511680,9.619,1
1576511682,11.143,1
1576511683,8.012,1
1576511684,8.49,1
1576511685,4.551,1
1576511686,5.408,1
1576511687,9.681,1
1576511688,6.167,1
1576511689,7.144,1
1576511690,3.472,1
1576511691,1.886,1
1576511693,0.002,1
1576511694,2.655,1
1576511695,2.513,1
1576511696,3.061,1
1576511697,3.728,1
1576511698,4.2,1
1576511699,9.503,1
1576511700,6.199,1
1576511701,6.392,1
1576511702,8.528,1
1576511704,11.841,1
1576511707,0.057,1
1576511708,9.965,1
1576511709,9.622,1
1576511710,7.868,1
1576511711,9.648,1
1576511712,12.717,1
1576511713,11.346,1
1576511714,11.346,1
1576511715,1.876,1
1576511716,0.871,1
1576511717,1.385,1
1576511718,4.283,1
1576511719,4.425,1
1576511721,3.845,1
1576511722,9.61,1
1576511723,10.4305,1
1576511724,8.829,1
1576511726,8.316,1
1576511727,11.331,1
1576511728,11.971,1
1576511729,12.906,1
1576511730,15.867,1
1576511731,22.827,1
1576511732,22.827,1
1576511733,16.5455,1
1576511734,0.002,1
1576511735,5.202,1
1576511737,7.51,1
1576511738,9.904,1
1576511739,11.773,1
1576511740,11.751,1
1576511741,11.729,1
1576511742,11.386,1
1576511743,9.577,1
1576511744,10.705,1
1576511745,12.826,1
1576511747,12.113,1
1576511749,2.181,1
1576511750,11.429,1
1576511751,11.011,1
1576511752,12.253,1
1576511753,7.05,1
1576511754,11.555,1
1576511755,11.139,1
1576511756,10.647,1
1576511757,11.031,1
1576511759,7.032,1
1576511761,4.397,1
1576511762,0.001,1
1576511763,2.651,1
1576511764,4.992,1
1576511765,3.05,1
1576511766,0.659,1
1576511767,2.665,1
1576511769,3.551,1
1576511770,1.921,1
1576511771,3.982,1
1576511772,4.249,1
1576511775,0.824,1
1576511776,0.4135,1
1576511777,6.391,1
1576511778,7.645,1
1576511780,6.802,1
1576511781,5.747,1
1576511782,5.394,1
1576511783,4.845,1
1576511784,2.703,1
1576511785,5.208,1
1576511786,3.129,1
1576511787,3.303,1
1576511788,5.562,1
1576511790,0.7915,1
1576511792,6.16,1
1576511793,4.517,1
1576511794,6.073,1
1576511795,3.739,1
1576511796,3.304,1
1576511797,4.014,1
1576511798,6.687,1
1576511799,9.271,1
1576511800,9.574,1
1576511803,6.436,1
1576511804,0.001,1
1576511805,5.885,1
1576511806,12.587,1
1576511807,10.402,1
1576511808,12.763,1
1576511809,13.57,1
1576511810,12.59,1
1576511811,14.065,1
1576511813,12.555,1
1576511814,9.281,1
1576511815,9.874,1
1576511817,0.111,1
1576511818,0.168,1
1576511819,7.92,1
1576511820,10.119,1
1576511821,16.65,1
1576511822,16.65,1
1576511823,15.69,1
1576511824,18.571,1
1576511825,11.715,1
1576511826,14.802,1
1576511827,6.654,1
1576511828,16.091,1
1576511829,24.524,1
1576511830,16.796,1
1576511832,1.74,1
1576511834,8.803,1
1576511835,37.315,1
1576511836,17.71,1
1576511837,9.062,1
1576511838,9.201,1
1576511839,22.999,1
1576511840,24.041,1
1576511841,17.977,1
1576511842,14.435,1
1576511843,7.524,1
1576511844,7.524,1
1576511845,4.71,1
1576511846,0.002,1
1576511847,6.724,1
1576511848,9.038,1
1576511849,9.525,1
1576511850,7.858,1
1576511851,6.565,1
1576511852,5.882,1
1576511853,2.64,1
1576511854,4.784,1
1576511856,3.942,1
1576511857,3.593,1
1576511858,4.342,1
1576511859,0.063,1
1576511860,0.4355,1
1576511861,3.461,1
1576511862,3.616,1
1576511863,3.262,1
1576511865,2.223,1
1576511866,3.601,1
1576511867,1.14,1
1576511868,3.192,1
1576511869,5.351,1
1576511870,4.642,1
1576511871,5.074,1
1576511872,3.3905,1
1576511873,0.002,1
1576511874,1.7165,1
1576511876,5.021,1
1576511877,5.724,1
1576511878,5.267,1
1576511880,14.51,1
1576511881,8.862,1
1576511882,4.435,1
1576511883,10.632,1
1576511884,7.959,1
1576511887,5.649,1
1576511888,0.126,1
1576511889,10.475,1
1576511890,18.391,1
1576511891,11.12,1
1576511892,7.273,1
1576511893,9.78,1
1576511894,13.62,1
1576511895,7.817,1
1576511897,9.787,1
1576511898,10.558,1
1576511899,2.378,1
1576511900,3.805,1
1576511901,0.001,1
1576511902,1.703,1
1576511903,5.724,1
1576511904,5.731,1
1576511905,4.821,1
1576511906,5.458,1
1576511908,6.546,1
1576511909,7.218,1
1576511910,8.612,1
1576511911,8.876,1
1576511912,12.001,1
1576511914,8.7605,1
1576511915,0.002,1
1576511916,6.162,1
1576511918,6.551,1
1576511919,7.335,1
1576511920,6.486,1
1576511921,5.589,1
1576511922,5.437,1
1576511923,4.439,1
1576511924,2.699,1
1576511926,0.328,1
1576511928,8.188,1
1576511929,0.001,1
1576511930,2.045,1
1576511931,4.659,1
1576511932,7.215,1
1576511933,8.258,1
1576511935,9.493,1
1576511936,11.398,1
1576511937,10.582,1
1576511938,9.255,1
1576511939,9.1915,1
1576511940,10.143,1
1576511942,1.5,1
1576511943,1.231,1
1576511945,30.984,1
1576511946,48.334,1
1576511947,41.205,1
1576511948,27.35,1
1576511949,1.016,1
1576511950,5.734,1
1576511951,42.928,1
1576511953,90.994,1
1576511954,77.981,1
1576511955,79.589,1
1576511956,25.874,1
1576511957,0.002,1
1576511958,17.516,1
1576511959,18.902,1
1576511960,20.169,1
1576511962,67.253,1
1576511963,99.622,1
1576511964,112.198,1
1576511965,103.901,1
1576511966,102.619,1
1576511967,112.799,1
1576511968,150.654,1
1576511969,145.042,1
1576511972,8.989,1
1576511973,49.216,1
1576511974,60.006,1
1576511975,61.471,1
1576511976,57.941,1
1576511977,51.567,1
1576511978,56.762,1
1576511979,89.28,1
1576511980,151.86,1
1576511982,129.142,1
1576511984,26.377,1
1576511985,13.19,1
1576511986,19.292,1
1576511987,18.928,1
1576511988,19.172,1
1576511989,2.399,1
1576511991,17.015,1
1576511992,17.511,1
1576511993,19.207,1
1576511994,17.022,1
1576511995,18.668,1
1576511996,20.557,1
1576511997,10.502,1
1576511998,0.001,1
1576511999,0.001,1
1576512000,16.634,1
1576512001,22.939,1
1576512002,21.255,1
1576512003,23.511,1
1576512004,20.422,1
1576512005,20.245,1
1576512006,20.661,1
1576512007,17.067,1
1576512009,19.486,1
1576512010,20.153,1
1576512013,3.4215,1
1576512014,20.741,1
1576512015,19.32,1
1576512016,19.32,1
1576512017,21.272,1
1576512018,19.922,1
1576512019,20.464,1
1576512020,21.576,1
1576512021,20.4,1
1576512022,20.786,1
1576512023,20.975,1
1576512024,19.489,1
1576512025,19.489,1
1576512026,5.78,1
1576512027,0.003,1
1576512028,20.34,1
1576512029,19.876,1
1576512030,20.784,1
1576512031,21.011,1
1576512032,20.094,1
1576512033,20.862,1
1576512035,21.249,1
1576512036,20.058,1
1576512037,18.865,1
1576512038,18.578,1
1576512039,10.029,1
1576512040,3.3443333333333336,1
1576512041,12.254,1
1576512042,23.414,1
1576512043,27.627,1
1576512045,26.708,1
1576512046,24.137,1
1576512047,21.675,1
1576512048,20.691,1
1576512049,16.083,1
1576512050,16.437,1
1576512051,17.582,1
1576512053,16.908,1
1576512054,1.488,1
1576512055,1.218,1
1576512056,9.908,1
1576512057,16.286,1
1576512058,16.861,1
1576512059,17.913,1
1576512060,17.774,1
1576512061,17.127,1
1576512063,15.642,1
1576512064,15.764,1
1576512065,17.025,1
1576512067,5.408,1
1576512068,1.804,1
1576512069,8.243,1
1576512071,8.498,1
1576512072,16.35,1
1576512073,14.533,1
1576512074,12.786,1
1576512075,12.928,1
1576512076,12.51,1
1576512077,10.62,1
1576512078,9.078,1
1576512081,10.154,1
1576512082,0.001,1
1576512083,13.916,1
1576512084,17.645,1
1576512085,15.908,1
1576512086,11.318,1
1576512088,10.983,1
1576512089,14.893,1
1576512090,13.058,1
1576512091,8.946,1
1576512092,10.984,1
1576512093,11.75,1
1576512094,11.726,1
1576512095,11.726,1
1576512097,10.305,1
1576512098,19.517,1
1576512099,13.485,1
1576512100,15.982,1
1576512101,14.848,1
1576512102,13.728,1
1576512103,13.728,1
1576512104,10.96,1
1576512105,12.027,1
1576512106,12.912,1
1576512107,14.12,1
1576512109,0.277,1
1576512110,1.35,1
1576512111,8.412,1
1576512113,12.229,1
1576512114,9.74,1
1576512115,15.444,1
1576512116,8.854,1
1576512117,10.036,1
1576512118,10.9895,1
1576512119,14.722,1
1576512121,18.824,1
1576512123,6.487,1
1576512124,0.002,1
1576512125,16.846,1
1576512126,14.009,1
1576512127,16.842,1
1576512128,18.533,1
1576512130,16.072,1
1576512131,17.679,1
1576512132,14.321,1
1576512133,9.446,1
1576512134,10.717,1
1576512135,10.6565,1
1576512136,6.321,1
1576512137,0.001,1
1576512138,0.001,1
1576512139,10.575,1
1576512140,17.922,1
1576512141,15.584,1
1576512142,9.06,1
1576512143,10.932,1
1576512144,18.398,1
1576512145,19.495,1
1576512146,16.804,1
1576512148,19.977,1
1576512149,28.621,1
1576512150,29.556,1
1576512152,1.3985,1
1576512153,19.238,1
1576512154,30.944,1
1576512155,25.191,1
1576512157,18.229,1
1576512158,22.529,1
1576512159,10.706,1
1576512160,14.475,1
1576512161,18.737,1
1576512162,19.248,1
1576512163,17.657,1
1576512164,5.169,1
1576512165,5.169,1
1576512166,0.002,1
1576512167,17.692,1
1576512168,34.91,1
1576512170,36.919,1
1576512171,27.626,1
1576512172,8.905,1
1576512174,14.223,1
1576512175,7.98,1
1576512176,5.005,1
1576512178,7.5595,1
1576512179,0.058,1
1576512180,11.494,1
1576512181,13.127,1
1576512183,11.736,1
1576512184,9.613,1
1576512185,3.735,1
1576512186,5.416,1
1576512187,5.503,1
1576512188,8.43,1
1576512189,10.901,1
1576512190,10.901,1
1576512192,1.938,1
1576512193,0.011,1
1576512194,0.0055,1
1576512195,1.407,1
1576512196,8.364,1
1576512197,7.0835,1
1576512198,8.512,1
1576512199,6.868,1
1576512200,5.4,1
1576512202,6.624,1
1576512203,2.953,1
1576512204,5.485,1
1576512205,4.385,1
1576512206,2.603,1
1576512207,0.002,1
1576512208,3.383,1
1576512209,8.957,1
1576512210,7.727,1
1576512211,8.3315,1
1576512213,8.314,1
1576512214,4.185,1
1576512215,6.58,1
1576512216,6.334,1
1576512217,1.197,1
1576512220,0.126,1
1576512221,0.064,1
1576512223,10.071,1
1576512224,6.536,1
1576512225,8.347,1
1576512226,13.973,1
1576512227,12.68,1
1576512228,7.312,1
1576512229,4.51,1
1576512230,3.7705,1
1576512231,5.2,1
1576512232,4.04,1
1576512233,3.576,1
1576512236,2.211,1
1576512237,8.894,1
1576512238,5.027,1
1576512239,5.461,1
1576512240,6.405,1
1576512241,10.715,1
1576512242,10.848,1
1576512243,7.471,1
1576512245,7.943,1
1576512246,10.334,1
1576512248,11.624,1
1576512249,0.001,1
1576512250,11.51,1
1576512251,15.836,1
1576512252,12.045,1
1576512253,16.002,1
1576512254,13.756,1
1576512256,9.657,1
1576512257,4.711,1
1576512258,4.556,1
1576512259,6.646,1
1576512260,7.07,1
1576512262,0.571,1
1576512263,0.4923333333333333,1
1576512264,17.2,1
1576512265,17.047,1
1576512267,10.316,1
1576512268,9.511,1
1576512269,10.351,1
1576512270,5.179,1
1576512271,7.637,1
1576512272,10.568,1
1576512273,9.026,1
1576512274,10.463,1
1576512275,8.9475,1
1576512278,6.491,1
1576512279,9.833,1
1576512280,13.547,1
1576512281,8.596,1
1576512282,14.198,1
1576512283,13.623,1
1576512284,11.332,1
1576512285,7.267,1
1576512286,10.015,1
1576512288,10.101,1
1576512290,1.651,1
1576512291,0.002,1
1576512292,13.16,1
1576512293,15.398,1
1576512294,14.545,1
1576512295,14.09,1
1576512296,10.296,1
1576512297,10.97,1
1576512298,10.97,1
1576512299,10.721,1
1576512300,3.106,1
1576512301,6.201,1
1576512302,12.233,1
1576512303,19.675,1
1576512305,0.747,1
1576512306,10.239,1
1576512308,10.074,1
1576512309,14.829,1
1576512310,1.774,1
1576512311,7.17,1
1576512312,12.14,1
1576512313,14.175,1
1576512314,9.663,1
1576512315,2.958,1
1576512316,5.968,1
1576512318,2.344,1
1576512319,0.002,1
1576512320,16.011,1
1576512321,18.758,1
1576512322,30.12,1
1576512323,19.772,1
1576512324,6.243,1
1576512326,7.488,1
1576512327,6.539,1
1576512328,2.946,1
1576512329,6.702,1
1576512330,11.753,1
1576512331,2.307,1
1576512332,0.001,1
1576512333,7.568,1
1576512335,11.882,1
1576512336,0.926,1
1576512337,4.955,1
1576512338,3.551,1
1576512339,6.121,1
1576512340,7.481,1
1576512341,10.387,1
1576512342,14.287,1
1576512343,16.488,1
1576512346,0.606,1
1576512349,2.077,1
1576512350,10.493,1
1576512351,25.528,1
1576512352,30.994,1
1576512353,24.701,1
1576512354,26.475,1
1576512356,27.276,1
1576512357,19.019,1
1576512358,22.01,1
1576512359,11.228,1
1576525799,0.039,2
1576525801,0.072,2
1576525802,0.106,2
1576525803,0.01,2
1576525804,0.006,2
1576525805,1.034,2
1576525806,1.993,2
1576525807,2.914,2
1576525808,2.559,2
1576525809,2.686,2
1576525810,2.724,2
1576525812,2.412,2
1576525813,2.111,2
1576525814,2.412,2
1576525815,2.57,2
1576525817,0.001,2
1576525818,0.17,2
1576525819,1.676,2
1576525820,1.914,2
1576525822,2.366,2
1576525823,2.243,2
1576525824,3.619,2
1576525825,3.56,2
1576525826,0.927,2
1576525827,0.022,2
1576525828,0.011,2
1576525829,3.167,2
1576525830,2.964,2
1576525832,0.002,2
1576525833,0.002,2
1576525834,0.002,2
1576525835,0.011,2
1576525836,0.022,2
1576525837,0.067,2
1576525838,0.068,2
1576525839,0.255,2
1576525842,2.438,2
1576525843,7.018,2
1576525844,9.033,2
1576525846,1.897,2
1576525847,1.0175,2
1576525848,5.017,2
1576525849,6.08,2
1576525850,9.904,2
1576525851,12.551,2
1576525852,12.364,2
1576525854,13.511,2
1576525855,12.139,2
1576525856,12.476,2
1576525857,13.928,2
1576525858,12.793,2
1576525859,13.217,2
1576525860,0.006,2
1576525861,0.999,2
1576525862,15.494,2
1576525863,14.663,2
1576525865,15.362,2
1576525866,14.247,2
1576525867,17.722,2
1576525868,16.555,2
1576525869,19.157,2
1576525870,15.95,2
1576525871,17.31,2
1576525872,16.906,2
1576525873,15.675,2
1576525874,0.002,2
1576525875,0.002,2
1576525876,5.668,2
1576525877,8.909,2
1576525878,8.389,2
1576525879,8.115,2
1576525880,16.148,2
1576525882,17.08,2
1576525883,17.046,2
1576525884,17.962,2
1576525885,18.632,2
1576525888,4.467,2
1576525889,0.452,2
1576525890,8.13,2
1576525891,14.716,2
1576525892,18.236,2
1576525893,18.19,2
1576525894,18.962,2
1576525895,19.1475,2
1576525896,19.532,2
1576525898,18.867,2
1576525899,18.078,2
1576525901,15.1455,2
1576525902,0.003,2
1576525903,7.252,2
1576525904,16.727,2
1576525905,18.263,2
1576525906,17.31,2
1576525907,17.085,2
1576525909,17.285,2
1576525910,16.662,2
1576525911,17.037,2
1576525912,17.054,2
1576525913,17.826,2
1576525915,12.51,2
1576525916,8.341333333333335,2
1576525917,7.767,2
1576525918,16.575,2
1576525920,10.455,2
1576525921,16.398,2
1576525922,19.284,2
1576525923,20.163,2
1576525924,20.288,2
1576525925,21.08,2
1576525926,21.972,2
1576525927,22.826,2
1576525930,3.747,2
1576525931,3.082,2
1576525932,7.798,2
1576525933,9.277,2
1576525934,8.534,2
1576525935,6.589,2
1576525936,6.31,2
1576525937,7.96,2
1576525938,7.868,2
1576525939,7.577,2
1576525940,7.577,2
1576525941,7.837,2
1576525943,3.923,2
1576525944,0.002,2
1576525945,4.495,2
1576525946,6.727,2
1576525947,7.4645,2
1576525948,7.613,2
1576525949,12.136,2
1576525950,13.984,2
1576525952,10.907,2
1576525953,7.806,2
1576525954,4.199,2
1576525955,3.79,2
1576525957,1.565,2
1576525958,0.917,2
1576525959,2.935,2
1576525960,3.693,2
1576525961,3.9215,2
1576525963,3.648,2
1576525964,10.012,2
1576525965,8.089,2
1576525966,7.329,2
1576525967,14.336,2
1576525969,13.294,2
1576525970,9.071,2
1576525971,1.798,2
1576525972,1.411,2
1576525974,4.808,2
1576525975,5.785,2
1576525976,6.054,2
1576525977,5.977,2
1576525978,5.438,2
1576525979,5.574,2
1576525980,6.032,2
1576525981,5.812,2
1576525982,5.902,2
1576525983,4.83,2
1576525985,2.983,2
1576525986,0.003,2
1576525987,3.932,2
1576525988,5.461,2
1576525989,5.477,2
1576525990,5.553,2
1576525991,6.018,2
1576525992,5.415,2
1576525993,6.318,2
1576525994,5.778,2
1576525995,5.778,2
1576525996,6.339,2
1576525997,6.55,2
1576526000,0.179,2
1576526001,5.954,2
1576526002,8.54,2
1576526003,10.325,2
1576526004,12.108,2
1576526006,12.276,2
1576526007,9.664,2
1576526008,8.927,2
1576526009,9.48,2
1576526010,9.541,2
1576526011,9.279,2
1576526012,11.715,2
1576526013,0.001,2
1576526014,2.028,2
1576526015,3.4255,2
1576526017,5.644,2
1576526018,9.521,2
1576526019,8.626,2
1576526020,9.3,2
1576526021,8.702,2
1576526022,11.315,2
1576526023,9.1305,2
1576526024,8.791,2
1576526025,10.203,2
1576526026,2.949,2
1576526028,0.002,2
1576526029,2.681,2
1576526030,3.625,2
1576526031,7.492,2
1576526032,5.805,2
1576526033,6.761,2
1576526034,7.321,2
1576526035,7.812,2
1576526036,5.555,2
1576526037,12.299,2
1576526039,11.473,2
1576526040,9.808,2
1576526041,0.61,2
1576526042,0.137,2
1576526043,2.35,2
1576526044,2.974,2
1576526045,4.132,2
1576526046,4.156,2
1576526047,2.535,2
1576526048,3.642,2
1576526050,3.227,2
1576526051,4.842,2
1576526052,4.314,2
1576526055,0.001,2
1576526056,0.455,2
1576526057,4.218,2
1576526058,2.796,2
1576526060,2.734,2
1576526061,3.129,2
1576526062,3.85,2
1576526063,4.082,2
1576526064,4.729,2
1576526065,7.615,2
1576526066,6.732,2
1576526068,3.7165,2
1576526069,1.1015,2
1576526071,4.612,2
1576526072,4.287,2
1576526073,4.986,2
1576526074,2.505,2
1576526075,3.444,2
1576526076,1.865,2
1576526077,4.401,2
1576526078,2.556,2
1576526079,3.194,2
1576526080,5.007,2
1576526082,3.533,2
1576526083,0.011,2
1576526084,0.237,2
1576526085,0.378,2
1576526086,2.786,2
1576526087,3.648,2
1576526088,3.89,2
1576526089,3.568,2
1576526090,3.148,2
1576526091,2.589,2
1576526093,2.381,2
1576526094,2.056,2
1576526096,3.987,2
1576526097,0.001,2
1576526098,2.216,2
1576526099,6.079,2
1576526100,5.907,2
1576526101,7.199,2
1576526102,8.689,2
1576526104,8.928,2
1576526105,6.896,2
1576526106,8.631,2
1576526107,10.729,2
1576526108,4.207,2
1576526110,1.279,2
1576526111,0.641,2
1576526112,3.039,2
1576526114,4.258,2
1576526115,5.754,2
1576526116,5.251,2
1576526117,4.749,2
1576526118,4.958,2
1576526119,4.654,2
1576526120,5.032,2
1576526121,4.864,2
1576526122,4.498,2
1576526123,7.545,2
1576526124,4.43,2
1576526125,1.315,2
1576526126,1.026,2
1576526127,5.579,2
1576526128,6.018,2
1576526129,5.903,2
1576526130,5.341,2
1576526131,5.374,2
1576526132,10.734,2
1576526133,10.554,2
1576526134,10.101,2
1576526136,14.573,2
1576526138,7.432,2
1576526139,0.002,2
1576526140,5.794,2
1576526141,10.5105,2
1576526142,13.626,2
1576526143,12.905,2
1576526144,12.358,2
1576526146,13.269,2
1576526147,14.409,2
1576526148,10.418,2
1576526149,14.83,2
1576526150,10.699,2
1576526152,8.973,2
1576526153,4.5435,2
1576526154,11.547,2
1576526155,15.961,2
1576526156,16.343,2
1576526158,15.861,2
1576526159,15.148,2
1576526160,13.628,2
1576526161,14.473,2
1576526162,14.369,2
1576526163,16.038,2
1576526164,16.916,2
1576526165,16.282,2
1576526167,1.758,2
1576526168,1.426,2
1576526169,9.204,2
1576526170,12.441,2
1576526171,11.224,2
1576526172,13.719,2
1576526173,16.851,2
1576526174,17.246,2
1576526175,15.676,2
1576526176,15.4,2
1576526177,15.411,2
1576526180,7.454,2
1576526181,1.565,2
1576526182,1.173,2
1576526183,5.779,2
1576526184,15.423,2
1576526185,21.565,2
1576526186,14.302,2
1576526187,19.811,2
1576526189,20.201,2
1576526190,20.02,2
1576526191,2.3,2
1576528025,0.03,3
1576528026,0.016,3
1576528028,0.009,3
1576528030,5.981,3
1576528031,24.925,3
1576528033,16.274,3
1576528034,8.586,3
1576528035,13.7,3
1576528036,17.119,3
1576528037,13.023,3
1576528038,16.01,3
1576528039,22.776,3
1576528040,30.671,3
1576528043,4.606,3
1576528044,1.736,3
1576528045,35.138,3
1576528046,33.936,3
1576528047,25.971,3
1576528048,19.851,3
1576528050,17.709,3
1576528051,16.998,3
1576528052,4.111,3
1576528053,6.052,3
1576528054,6.512,3
1576528055,10.348,3
1576528056,3.854,3
1576528057,3.854,3
1576528058,0.003,3
1576528059,11.171,3
1576528060,11.499,3
1576528061,10.498,3
1576528062,11.797,3
1576528063,12.909,3
1576528064,13.009,3
1576528066,16.879,3
1576528067,22.364,3
1576528068,26.253,3
1576528069,28.033,3
1576528070,21.557,3
1576528071,0.001,3
1576528072,12.798,3
1576528073,13.269,3
1576528075,10.886,3
1576528076,10.954,3
1576528077,14.857,3
1576528078,11.829,3
1576528079,10.04,3
1576528080,8.786,3
1576528081,6.642,3
1576528082,6.453,3
1576528083,13.039,3
1576528086,2.837,3
1576528087,9.699,3
1576528088,10.981,3
1576528089,9.966,3
1576528090,10.108,3
1576528091,8.718,3
1576528093,10.118,3
1576528094,9.672,3
1576528095,6.363,3
1576528096,8.694,3
1576528098,5.212,3
1576528099,1.7386666666666668,3
1576528100,17.022,3
1576528102,12.423,3
1576528103,14.986,3
1576528104,18.509,3
1576528105,9.605,3
1576528106,9.593,3
1576528107,10.029,3
1576528108,15.33,3
1576528109,17.115,3
1576528111,11.883,3
1576528112,9.542,3
1576528113,0.002,3
1576528114,8.464,3
1576528115,9.232,3
1576528116,11.857,3
1576528117,11.075,3
1576528118,10.143,3
1576528120,13.085,3
1576528121,13.976,3
1576528122,14.374,3
1576528123,12.074,3
1576528124,13.737,3
1576528127,2.787,3
1576528129,12.167,3
1576528130,8.454,3
1576528131,9.945,3
1576528132,13.297,3
1576528133,14.371,3
1576528134,10.667,3
1576528135,10.872,3
1576528136,14.406,3
1576528138,6.7,3
1576528140,1.458,3
1576528141,0.002,3
1576528142,9.406,3
1576528143,14.917,3
1576528144,18.527,3
1576528145,22.153,3
1576528147,20.196,3
1576528148,23.534,3
1576528149,28.191,3
1576528150,20.116,3
1576528151,15.945,3
1576528152,18.249,3
1576528153,16.514,3
1576528154,0.001,3
1576528155,0.001,3
1576528156,10.15,3
1576528157,23.03,3
1576528158,11.542,3
1576528159,3.762,3
1576528160,3.452,3
1576528161,4.259,3
1576528162,0.233,3
1576528163,0.011,3
1576528166,0.554,3
1576528168,0.783,3
1576528169,0.448,3
1576528170,18.264,3
1576528171,16.95,3
1576528172,14.846,3
1576528173,14.233,3
1576528174,14.233,3
1576528175,12.105,3
1576528176,14.875,3
1576528177,11.322,3
1576528178,11.404,3
1576528179,10.395,3
1576528180,12.692,3
1576528183,0.001,3
1576528184,13.116,3
1576528185,15.246,3
1576528186,10.518,3
1576528187,13.302,3
1576528188,16.593,3
1576528189,14.495,3
1576528191,6.36,3
1576528192,11.293,3
1576528193,18.103,3
1576528194,12.762,3
1576528195,14.896,3
1576528197,2.8045,3
1576528198,16.287,3
1576528200,15.318,3
1576528201,16.384,3
1576528202,14.098,3
1576528203,10.822,3
1576528204,9.457,3
1576528205,8.564,3
1576528206,9.223,3
1576528207,13.479,3
1576528210,4.209,3
1576528211,2.271,3
1576528212,15.686,3
1576528213,10.123,3
1576528214,8.285,3
1576528215,8.195,3
1576528216,8.346,3
1576528218,9.229,3
1576528219,7.799,3
1576528220,8.19,3
1576528221,7.177,3
1576528222,9.08,3
1576528223,7.205,3
1576528224,0.002,3
1576528226,5.212,3
1576528227,9.023,3
1576528228,10.884,3
1576528229,13.493,3
1576528230,13.198,3
1576528231,18.537,3
1576528232,20.378,3
1576528233,16.872,3
1576528235,24.399,3
1576528236,23.045,3
1576528237,13.483,3
1576528239,8.315,3
1576528240,10.907,3
1576528241,10.618,3
1576528243,10.851,3
1576528244,14.478,3
1576528245,12.726,3
1576528246,13.509,3
1576528247,16.889,3
1576528248,12.809,3
1576528249,11.205,3
1576528250,6.071,3
1576528253,3.228,3
1576528254,11.994,3
1576528255,12.289,3
1576528256,8.213,3
1576528257,5.679,3
1576528258,6.74,3
1576528260,6.36,3
1576528261,7.786,3
1576528262,9.023,3
1576528263,10.514,3
1576528264,12.088,3
1576528265,3.658,3
1576528266,1.83,3
1576528267,17.854,3
1576528269,14.175,3
1576528270,14.571,3
1576528271,8.26,3
1576528272,9.363,3
1576528273,7.822,3
1576528274,11.512,3
1576528275,12.064,3
1576528276,13.654,3
1576528279,10.756,3
1576528280,0.002,3
1576528281,13.998,3
1576528282,13.346,3
1576528283,7.749,3
1576528284,11.024,3
1576528286,14.105,3
1576528287,16.741,3
1576528288,25.274,3
1576528289,32.192,3
1576528290,35.833,3
1576528291,20.28,3
1576528292,24.412,3
1576528295,6.355,3
1576528296,18.322,3
1576528297,19.357,3
1576528298,17.693,3
1576528299,25.422,3
1576528300,30.454,3
1576528301,35.425,3
1576528303,31.06,3
1576528304,15.098,3
1576528305,18.823,3
1576528307,0.9,3
1576528308,1.3,3
1576528309,16.662,3
1576528310,17.47,3
1576528312,15.265,3
1576528313,14.037,3
1576528314,12.336,3
1576528315,13.335,3
1576528316,14.629,3
1576528317,18.986,3
1576528319,7.361,3
1576528321,3.619,3
1576528322,1.977,3
1576528323,12.409,3
1576528324,13.308,3
1576528325,9.779,3
1576528328,19.468,3
1576528329,12.936,3
1576528330,10.443,3
1576528331,12.675,3
1576528332,17.537,3
1576528333,4.683,3
1576528334,2.36,3
1576528336,0.002,3
1576528337,9.382,3
1576528338,11.783,3
1576528339,6.203,3
1576528340,8.156,3
1576528341,9.802,3
1576528342,9.117,3
1576528343,9.757,3
1576528345,11.096,3
1576528346,16.374,3
1576528347,19.871,3
1576528348,20.786,3
1576528350,8.305,3
1576528351,0.011,3
1576528352,0.011,3
1576528353,0.011,3
1576528355,9.05,3
1576528356,13.679,3
1576528357,15.712,3
1576528358,14.496,3
1576528359,10.508,3
1576528360,14.91,3
1576528362,11.641,3
1576528363,0.867,3
1576528364,0.082,3
1576528365,1.743,3
1576528366,1.711,3
1576528367,3.543,3
1576528368,3.447,3
1576528369,4.392,3
1576528370,3.396,3
1576528371,4.558,3
1576528373,3.824,3
1576528374,1.644,3
1576528375,3.751,3
1576528376,4.305,3
1576528377,0.075,3
1576528378,2.054,3
1576528379,4.276,3
1576528380,3.395,3
1576528381,8.934,3
1576528383,9.702,3
1576528384,7.986,3
1576528385,8.377,3
1576528386,7.513,3
1576528387,9.375,3
1576528388,9.589,3
1576528390,4.178,3
1576528391,2.0905,3
1576528393,8.419,3
1576528394,9.709,3
1576528395,10.198,3
1576528396,10.975,3
1576528397,10.372,3
1576528398,9.676,3
1576528399,9.807,3
1576528400,11.147,3
1576528401,8.189,3
1576528402,8.612,3
1576528404,8.996,3
1576528406,5.17,3
1576528407,25.228,3
1576528408,28.866,3
1576528409,25.301,3
1576528410,20.019,3
1576528411,20.348,3
1576528412,29.152,3
1576528414,25.819,3
1576528415,20.083,3
1576528416,10.057,3
1576528418,6.932,3
1576528423,0.529,3
1576528424,2.235,3
1576528425,2.726,3
1576528426,2.51,3
1576528427,2.668,3
1576528428,2.748,3
1576528429,2.469,3
1576528430,2.043,3
1576528432,1.776,3
1576528434,1.052,3
1576528435,2.178,3
1576528436,1.854,3
1576528437,3.014,3
1576528438,3.353,3
1576528439,2.761,3
1576528440,0.726,3
1576528441,1.341,3
1576528442,1.341,3
1576528443,0.893,3
1576528444,1.093,3
1576528446,1.395,3
1576528447,0.402,3
1576528448,0.681,3
1576528449,0.293,3
1576528450,0.668,3
1576528451,1.464,3
1576528452,1.808,3
1576528454,1.017,3
1576528455,1.116,3
1576528456,0.603,3
1576528457,0.726,3
1576528458,1.241,3
1576528459,0.794,3
1576528460,0.782,3
1576528462,0.827,3
1576528463,0.672,3
1576528465,1.196,3
1576528466,1.073,3
1576528467,0.299,3
1576528468,0.469,3
1576528469,0.444,3
1576528470,0.369,3
1576528471,0.436,3
1576528472,0.022,3
1576528477,0.013,3
1576528478,0.715,3
1576528479,3.189,3
1576528480,2.37,3
1576528481,2.989,3
1576528482,1.953,3
1576528483,2.187,3
1576528484,2.805,3
1576528486,1.851,3
1576528487,2.71,3
1576528488,3.968,3
1576528490,4.259,3
1576528491,2.235,3
1576528492,1.825,3
1576528493,2.539,3
1576528494,5.59,3
1576528495,5.619,3
1576528497,5.246,3
1576528498,4.657,3
1576528499,5.43,3
1576528500,6.107,3
1576528501,4.195,3
1576528502,5.458,3
1576528503,5.918,3
1576528504,4.015,3
1576528505,2.0655,3
1576528506,5.472,3
1576528508,7.972,3
1576528509,6.282,3
1576528510,6.807,3
1576528511,6.955,3
1576528512,4.997,3
1576528513,6.609,3
1576528514,5.497,3
1576528515,7.584,3
1576528516,9.125,3
1576528517,9.098,3
1576528519,1.263,3
1576528520,3.14,3
1576528521,5.163,3
1576528522,6.8,3
1576528523,8.621,3
1576528524,8.736,3
1576528525,10.387,3
1576528526,10.936,3
1576528527,10.84,3
1576528529,6.33,3
1576528530,8.93,3
1576528532,7.2,3
1576528533,3.657,3
1576528534,5.535,3
1576528535,5.699,3
1576528536,7.504,3
1576528537,10.642,3
1576528539,7.874,3
1576528540,9.724,3
1576528541,8.925,3
1576528542,7.704,3
1576528543,8.966,3
1576528544,7.461,3
1576528545,8.272,3
1576528546,0.418,3
1576528547,0.2655,3
1576528548,1.969,3
1576528550,1.325,3
1576528551,2.174,3
1576528552,1.228,3
1576528553,0.067,3
1576528554,0.524,3
1576528555,0.576,3
1576528556,2.655,3
1576528557,0.659,3
1576528558,1.383,3
1576528559,0.435,3
1576528560,0.435,3
1576528561,0.18,3
1576528562,1.674,3
1576528563,0.902,3
1576528564,1.826,3
1576528565,2.484,3
1576528566,3.441,3
1576528567,2.771,3
1576528568,3.373,3
1576528569,2.68,3
1576528571,1.326,3
1576528572,2.411,3
1576528573,2.061,3
1576528575,0.058,3
1576528576,4.384,3
1576528577,5.588,3
1576528578,4.808,3
1576528579,2.365,3
1576528580,2.031,3
1576528582,1.165,3
1576528583,3.591,3
1576528584,2.592,3
1576528585,2.418,3
1576528586,3.029,3
1576528587,2.673,3
1576528588,0.001,3
1576528589,0.59,3
1576528590,3.229,3
1576528592,1.239,3
1576528593,2.193,3
1576528594,2.511,3
1576528595,1.831,3
1576528596,1.43,3
1576528597,2.14,3
1576528598,2.639,3
1576528599,2.122,3
1576528601,1.939,3
1576528602,1.939,3
1576528603,0.003,3
1576528604,0.875,3
1576528605,1.578,3
1576528606,6.438,3
1576528607,7.016,3
1576528608,4.804,3
1576528609,2.412,3
1576528610,1.547,3
1576528611,3.3,3
1576528612,3.891,3
1576528615,5.737,3
1576528616,2.974,3
1576528618,0.305,3
1576528619,0.593,3
1576528620,4.056,3
1576528621,9.824,3
1576528622,11.595,3
1576528624,11.324,3
1576528625,9.634,3
1576528626,6.013,3
1576528627,4.4,3
1576528628,6.955,3
1576528629,8.563,3
1576528630,0.002,3
1576528631,0.671,3
1576528632,0.924,3
1576528634,7.8,3
1576528635,3.701,3
1576528636,3.687,3
1576528637,9.107,3
1576528638,6.413,3
1576528639,8.058,3
1576528640,10.306,3
1576528641,10.413,3
1576528642,9.704,3
1576528643,4.12,3
1576528644,4.12,3
1576528645,0.003,3
1576528646,7.212,3
1576528647,11.201,3
1576528648,11.569,3
1576528649,12.864,3
1576528650,13.202,3
1576528651,13.44,3
1576528652,13.543,3
1576528653,11.537,3
1576528654,11.511,3
1576528657,8.613,3
1576528658,1.023,3
1576528659,1.494,3
1576528660,0.661,3
1576528661,2.999,3
1576528662,6.08,3
1576528663,6.45,3
1576528664,6.015,3
1576528666,5.197,3
1576528667,5.388,3
1576528668,1.799,3
1576528669,1.706,3
1576528670,1.928,3
1576528672,1.126,3
1576528673,1.133,3
1576528675,0.431,3
1576528677,5.305,3
1576528678,3.622,3
1576528679,1.969,3
1576528680,1.854,3
1576528681,1.196,3
1576528682,0.697,3
1576528683,0.62,3
1576528684,1.823,3
1576528686,1.5325,3
1576528687,1.199,3
1576528688,0.003,3
1576528689,0.838,3
1576528690,3.124,3
1576528691,2.748,3
1576528692,1.501,3
1576528693,1.53,3
1576528694,1.153,3
1576528695,1.83,3
1576528696,1.108,3
1576528698,1.256,3
1576528700,2.384,3
1576528702,0.002,3
1576528703,0.157,3
1576528704,3.467,3
1576528705,6.401,3
1576528706,5.704,3
1576528707,6.566,3
1576528709,5.227,3
1576528710,6.098,3
1576528711,4.66,3
1576528712,1.212,3
1576528714,2.242,3
1576528715,0.001,3
1576528716,0.001,3
1576528717,3.524,3
1576528719,10.587,3
1576528720,9.233,3
1576528721,10.058,3
1576528722,6.816,3
1576528723,2.423,3
1576528724,5.24,3
1576528725,2.623,3
1576528726,3.122,3
1576528727,2.259,3
1576528728,2.341,3
1576528730,0.603,3
1576528731,0.278,3
1576528732,2.485,3
1576528735,0.089,3
1576528736,0.134,3
1576528737,0.078,3
1576528738,0.134,3
1576528739,0.055,3
1576528741,0.123,3
1576528743,0.123,3
1576528744,0.348,3
1576528745,1.628,3
1576528746,1.088,3
1576528747,3.407,3
1576528748,3.501,3
1576528749,3.056,3
1576528750,13.48,3
1576528752,15.908,3
1576528753,5.855,3
1576528754,4.055,3
1576528755,5.145,3
1576528757,3.21,3
1576528758,3.21,3
1576528759,0.001,3
1576528760,0.001,3
1576528761,0.001,3
1576528762,0.0145,3
1576528764,5.74,3
1576528765,4.815,3
1576528766,6.287,3
1576528767,6.952,3
1576528768,5.113,3
1576528769,5.319,3
1576528770,36.994,3
1576528771,0.003,3
1576528772,2.3083333333333336,3
1576528774,32.037,3
1576528775,87.155,3
1576528776,133.13,3
1576528777,92.107,3
1576528778,135.232,3
1576528779,154.595,3
1576528780,156.387,3
1576528781,125.301,3
1576528782,128.427,3
1576528785,24.79,3
1576528786,1.017,3
1576528787,15.741,3
1576528788,16.826,3
1576528789,16.262,3
1576528790,16.407,3
1576528791,13.532,3
1576528793,13.896,3
1576528794,17.295,3
1576528795,60.724,3
1576528796,161.359,3
1576528797,113.713,3
1576528798,0.89,3
1576528799,0.025,3
1576528800,5.502,3
1576528801,14.249,3
1576528803,16.257,3
1576528804,16.071,3
1576528805,22.929,3
1576528806,71.974,3
1576528807,77.593,3
1576528808,70.537,3
1576528809,62.557,3
1576528810,40.615,3
1576528811,40.615,3
1576528812,6.712,3
1576528813,0.958,3
1576528814,0.975,3
1576528815,8.721,3
1576528816,17.814,3
1576528817,17.8985,3
1576528818,17.143,3
1576528819,18.556,3
1576528821,12.899,3
1576528822,18.548,3
1576528823,20.275,3
1576528824,18.765,3
1576528825,18.692,3
1576528826,1.951,3
1576528827,1.0715,3
1576528829,25.025,3
1576528830,23.834,3
1576528831,24.853,3
1576528832,24.172,3
1576528833,25.575,3
1576528834,25.5625,3
1576528835,20.904,3
1576528836,22.216,3
1576528838,23.701,3
1576528840,12.514,3
1576528841,0.002,3
1576528842,20.86,3
1576528843,29.689,3
1576528844,10.073,3
1576528845,16.415,3
1576528846,16.415,3
1576528847,23.361,3
1576528848,21.98,3
1576528849,22.517,3
1576528850,22.362,3
1576528851,23.302,3
1576528852,5.985,3
1576528853,8.803,3
1576528854,4.4015,3
1576528856,5.524,3
1576528857,18.17,3
1576528858,22.838,3
1576528859,19.18,3
1576528860,15.958,3
1576528861,20.858,3
1576528862,17.478,3
1576528863,20.03,3
1576528865,21.092,3
1576528866,21.822,3
1576528868,5.266,3
1576528869,2.887,3
1576528870,23.991,3
1576528871,26.637,3
1576528872,23.706,3
1576528874,16.78,3
1576528875,23.171,3
1576528876,22.825,3
1576528877,20.737,3
1576528878,19.739,3
1576528879,20.525,3
1576528880,18.279,3
1576528882,9.085,3
1576528883,0.002,3
1576528884,16.948,3
1576528885,22.721,3
1576528886,22.038,3
1576528887,20.567,3
1576528888,24.769,3
1576528889,19.93,3
1576528891,18.139,3
1576528892,21.961,3
1576528893,45.547,3
1576528894,88.521,3
1576528895,81.417,3
1576528897,6.423,3
1576528898,27.236,3
1576528900,25.108,3
1576528901,24.717,3
1576528902,26.114,3
1576528903,25.186,3
1576528904,22.92,3
1576528905,23.351,3
1576528906,30.731,3
1576528908,26.993,3
1576528911,1.799,3
1576528912,25.788,3
1576528913,23.065,3
1576528914,26.135,3
1576528915,29.988,3
1576528917,25.734,3
1576528918,25.011,3
1576528919,28.685,3
1576528920,25.04,3
1576528921,20.953,3
1576528922,24.841,3
1576528923,11.858,3
1576528924,0.002,3
1576528926,21.55,3
1576528927,19.536,3
1576528928,125.964,3
1576528929,150.178,3
1576528930,259.593,3
1576528931,262.06,3
1576528932,242.514,3
1576528933,226.696,3
1576528934,108.486,3
1576528937,61.357,3
1576528939,7.566,3
1576528940,22.787,3
1576528941,22.021,3
1576528942,23.057,3
1576528943,88.042,3
1576528945,98.117,3
1576528946,29.438,3
1576528947,28.796,3
1576528948,38.611,3
1576528949,46.664,3
1576528951,5.535,3
1576528952,3.2745,3
1576528954,16.971,3
1576528955,19.099,3
1576528956,20.844,3
1576528957,61.971,3
1576528958,247.063,3
1576528959,276.859,3
1576528960,340.427,3
1576528961,294.462,3
1576528962,303.771,3
1576528963,117.534,3
1576528965,105.362,3
1576528966,0.001,3
1576528967,9.726,3
1576528968,23.836,3
1576528969,24.511,3
1576528970,22.183,3
1576528971,23.296,3
1576528972,21.098,3
1576528974,18.61,3
1576528975,21.349,3
1576528976,20.095,3
1576528977,22.036,3
1576528979,0.654,3
1576528980,2.9,3
1576528981,66.961,3
1576528983,99.302,3
1576528984,72.115,3
1576528985,130.209,3
1576528986,151.774,3
1576528987,135.172,3
1576528988,146.257,3
1576528989,167.677,3
1576528990,158.575,3
1576528993,51.281,3
1576528994,0.002,3
1576528995,16.281,3
1576528996,24.659,3
1576528997,22.825,3
1576528998,22.871,3
1576528999,24.042,3
1576529001,23.778,3
1576529002,22.545,3
1576529003,23.959,3
1576529004,24.719,3
1576529005,23.209,3
1576529006,24.107,3
1576529008,4.8365,3
1576529010,21.353,3
1576529011,18.922,3
1576529012,23.568,3
1576529013,22.262,3
1576529014,23.057,3
1576529015,21.832,3
1576529016,21.775,3
1576529017,22.441,3
1576529019,19.986,3
1576529021,8.077,3
1576529022,4.907,3
1576529023,71.476,3
1576529024,159.769,3
1576529025,111.694,3
1576529026,147.752,3
1576529028,101.743,3
1576529029,129.15,3
1576529030,69.107,3
1576529031,62.553,3
1576529032,75.093,3
1576529033,79.179,3
1576529034,41.839,3
1576529035,0.002,3
1576529036,0.002,3
1576529037,14.195,3
1576529038,18.842,3
1576529039,20.042,3
1576529040,18.9,3
1576529041,19.406,3
1576529042,18.844,3
1576529043,20.067,3
1576529044,23.72,3
1576529046,59.278,3
1576529047,64.723,3
1576529048,106.595,3
1576529050,13.041,3
1576529051,103.411,3
1576529052,129.45,3
1576529054,140.68,3
1576529055,111.661,3
1576529056,112.755,3
1576529057,142.109,3
1576529058,165.863,3
1576529059,164.354,3
1576529060,80.965,3
1576529062,98.9455,3
1576529063,38.745,3
1576529064,0.335,3
1576529065,78.63,3
1576529066,105.529,3
1576529067,87.984,3
1576529068,100.511,3
1576529069,99.939,3
1576529070,108.541,3
1576529071,155.319,3
1576529072,325.545,3
1576529074,281.284,3
1576529076,75.446,3
1576529077,0.001,3
1576529078,10.913,3
1576529080,22.334,3
1576529081,54.279,3
1576529082,189.246,3
1576529084,302.671,3
1576529085,260.55,3
1576529086,191.382,3
1576529087,215.458,3
1576529088,212.929,3
1576529089,220.266,3
1576529090,73.735,3
1576529091,36.8685,3
1576529092,25.491,3
1576529093,69.935,3
1576529095,64.022,3
1576529096,75.759,3
1576529097,59.621,3
1576529098,64.971,3
1576529099,62.838,3
1576529100,59.894,3
1576529101,58.404,3
1576529102,63.76,3
1576529104,37.621,3
1576529105,0.002,3
1576529106,12.01,3
1576529107,19.685,3
1576529108,20.271,3
1576529109,51.445,3
1576529110,93.89,3
1576529111,86.599,3
1576529113,77.663,3
1576529114,87.718,3
1576529115,162.36,3
1576529116,165.274,3
1576529119,0.21,3
1576529120,8.171,3
1576529122,12.688,3
1576529123,15.374,3
1576529124,16.597,3
1576529125,18.077,3
1576529126,18.047,3
1576529127,18.58,3
1576529128,18.501,3
1576529129,17.808,3
1576529131,16.944,3
1576529132,5.897,3
1576529133,0.002,3
1576529134,15.873,3
1576529135,18.704,3
1576529136,18.557,3
1576529137,19.02,3
1576529138,18.158,3
1576529140,16.806,3
1576529141,20.043,3
1576529142,58.375,3
1576529143,59.412,3
1576529144,60.197,3
1576529145,36.729,3
1576529146,0.001,3
1576529147,10.338,3
1576529149,15.197,3
1576529150,16.23,3
1576529151,15.415,3
1576529152,16.763,3
1576529153,16.609,3
1576529154,28.992,3
1576529155,43.091,3
1576529156,42.72,3
1576529157,30.967,3
1576529159,44.412,3
1576529161,2.007,3
1576529162,15.074,3
1576529163,41.74,3
1576529164,29.42,3
1576529165,28.882,3
1576529166,37.534,3
1576529168,28.566,3
1576529169,26.149,3
1576529170,35.165,3
1576529171,35.315,3
1576529173,17.881,3
1576529174,0.002,3
1576529175,20.67,3
1576529177,24.456,3
1576529178,52.051,3
1576529179,30.412,3
1576529180,44.516,3
1576529181,52.572,3
1576529182,51.504,3
1576529183,35.596,3
1576529184,43.455,3
1576529187,30.551,3
1576529188,0.001,3
1576529189,6.173,3
1576529190,15.281,3
1576529191,14.995,3
1576529192,15.613,3
1576529193,13.081,3
1576529194,17.786,3
1576529196,38.34,3
1576529197,20.3,3
1576529198,27.012,3
1576529199,19.105,3
1576529201,7.289,3
1576529202,3.7235,3
1576529203,5.811,3
1576529205,7.241,3
1576529206,6.931,3
1576529207,6.576,3
1576529208,5.993,3
1576529209,5.818,3
1576529210,6.167,3
1576529211,6.644,3
1576529212,5.961,3
1576529215,2.984,3
1576529216,0.002,3
1576529217,4.655,3
1576529218,8.379,3
1576529219,10.198,3
1576529220,18.368,3
1576529221,31.775,3
1576529223,36.333,3
1576529224,49.165,3
1576529225,51.493,3
1576529226,63.628,3
1576529227,61.09,3
1576529228,43.559,3
1576529229,0.001,3
1576529230,2.076,3
1576529232,12.451,3
1576529233,10.126,3
1576529234,10.115,3
1576529235,8.992,3
1576529236,19.43,3
1576529237,16.099,3
1576529238,16.427,3
1576529239,15.136,3
1576529240,22.177,3
1576529243,9.606,3
1576529244,4.8045,3
1576529245,9.741,3
1576529246,13.795,3
1576529247,17.037,3
1576529248,22.866,3
1576529249,19.263,3
1576529251,14.465,3
1576529252,18.21,3
1576529253,17.079,3
1576529254,10.795,3
1576529255,16.537,3
1576529256,16.609,3
1576529257,0.001,3
1576529258,1.169,3
1576529259,2.337,3
1576529260,1.962,3
1576529261,0.033,3
1576529262,2.495,3
1576529263,14.48,3
1576529264,23.035,3
1576529265,25.661,3
1576529266,34.251,3
1576529267,35.379,3
1576529269,52.175,3
1576529270,57.533,3
1576529272,4.182,3
1576529273,22.782,3
1576529274,19.308,3
1576529275,25.281,3
1576529276,24.29,3
1576529278,21.021,3
1576529279,22.274,3
1576529280,22.641,3
1576529281,117.479,3
1576529282,231.378,3
1576529283,181.598,3
1576529284,95.964,3
1576529285,47.983,3
1576529287,185.359,3
1576529288,292.128,3
1576529289,270.035,3
1576529290,353.379,3
1576529291,351.217,3
1576529292,99.02,3
1576529293,78.52,3
1576529295,279.716,3
1576529296,196.121,3
1576529298,12.833,3
1576529299,12.833,3
1576529300,2.112,3
1576529301,257.063,3
1576529302,199.291,3
1576529303,223.495,3
1576529304,308.447,3
1576529305,230.652,3
1576529306,197.69,3
1576529307,244.6,3
1576529308,97.715,3
1576529309,102.268,3
1576529310,206.417,3
1576529311,141.503,3
1576529314,10.345,3
1576529315,87.487,3
1576529316,108.796,3
1576529317,96.127,3
1576529318,82.48,3
1576529319,83.862,3
1576529320,48.183,3
1576529321,48.183,3
1576529322,73.638,3
1576529323,61.582,3
1576529324,46.28,3
1576529326,14.727,3
1576529327,7.3655,3
1576529328,17.154,3
1576529329,17.363,3
1576529331,18.032,3
1576529332,17.062,3
1576529333,16.29,3
1576529334,18.41,3
1576529335,18.269,3
1576529336,18.176,3
1576529337,17.703,3
1576529339,19.031,3
1576529340,7.898,3
1576529341,0.002,3
1576529342,13.229,3
1576529343,13.041,3
1576529344,13.017,3
1576529345,13.161,3
1576529347,13.083,3
1576529348,14.742,3
1576529349,11.183,3
1576529350,14.803,3
1576529351,18.04,3
1576529352,16.696,3
1576529353,8.841,3
1576529354,0.002,3
1576529355,0.002,3
1576529356,10.461,3
1576529357,15.009,3
1576529358,13.493,3
1576529359,12.023,3
1576529360,15.162,3
1576529361,13.347,3
1576529363,25.957,3
1576529364,78.349,3
1576529365,58.589,3
1576529366,73.166,3
1576529367,49.531,3
1576529369,8.122,3
1576529370,37.713,3
1576529371,67.399,3
1576529373,16.189,3
1576535012,0.099,4
1576535013,0.077,4
1576535015,0.036,4
1576535017,0.002,4
1576535018,118.778,4
1576535019,221.234,4
1576535020,206.757,4
1576535021,248.354,4
1576535022,237.666,4
1576535023,220.148,4
1576535024,224.147,4
1576535025,198.879,4
1576535027,210.793,4
1576535028,167.216,4
1576535029,167.216,4
1576535031,19.015,4
1576535032,111.854,4
1576535033,90.027,4
1576535034,107.597,4
1576535035,146.13,4
1576535036,104.69,4
1576535038,132.619,4
1576535039,132.536,4
1576535040,138.136,4
1576535041,192.803,4
1576535043,49.514,4
1576535044,0.002,4
1576535046,57.46,4
1576535047,68.831,4
1576535048,77.25,4
1576535049,67.354,4
1576535050,68.716,4
1576535051,61.517,4
1576535052,95.256,4
1576535053,85.727,4
1576535055,88.889,4
1576535057,68.963,4
1576535058,0.001,4
1576535059,9.902,4
1576535060,29.694,4
1576535061,84.286,4
1576535062,63.702,4
1576535064,17.5,4
1576535065,25.509,4
1576535066,51.66,4
1576535067,61.714,4
1576535068,72.345,4
1576535069,88.389,4
1576535071,7.878,4
1576535072,4.3915,4
1576535074,14.493,4
1576535075,12.134,4
1576535076,4.209,4
1576535077,2.339,4
1576535078,1.689,4
1576535079,31.082,4
1576535080,48.697,4
1576535081,40.565,4
1576535082,12.464,4
1576535083,1.172,4
1576535085,8.8,4
1576535086,0.001,4
1576535087,21.529,4
1576535088,64.331,4
1576535089,91.381,4
1576535090,55.062,4
1576535091,72.963,4
1576535092,71.265,4
1576535094,98.05,4
1576535095,67.675,4
1576535096,113.929,4
1576535097,126.688,4
1576535100,1.03,4
1576535101,10.062,4
1576535103,17.574,4
1576535104,18.737,4
1576535105,20.441,4
1576535106,19.095,4
1576535107,56.66,4
1576535108,137.289,4
1576535109,286.411,4
1576535110,243.735,4
1576535111,200.915,4
1576535112,158.697,4
1576535114,0.001,4
1576535115,15.152,4
1576535116,21.94,4
1576535117,20.188,4
1576535118,20.387,4
1576535119,18.769,4
1576535120,20.797,4
1576535121,20.962,4
1576535123,21.057,4
1576535124,20.439,4
1576535125,20.653,4
1576535126,21.97,4
1576535128,3.496,4
1576535129,32.176,4
1576535130,204.618,4
1576535131,135.473,4
1576535133,132.092,4
1576535134,134.126,4
1576535135,141.426,4
1576535136,150.211,4
1576535137,128.661,4
1576535138,87.064,4
1576535139,91.762,4
1576535141,18.037,4
1576535142,0.773,4
1576535143,31.394,4
1576535144,57.344,4
1576535145,322.611,4
1576535146,327.806,4
1576535147,321.894,4
1576535148,319.469,4
1576535149,219.75,4
1576535150,213.797,4
1576535152,230.076,4
1576535154,201.6765,4
1576535156,45.229,4
1576535157,309.565,4
1576535158,286.557,4
1576535159,244.154,4
1576535160,213.836,4
1576535161,230.991,4
1576535162,168.694,4
1576535163,176.395,4
1576535165,201.27,4
1576535166,201.68,4
1576535168,149.012,4
1576535169,0.001,4
1576535170,102.213,4
1576535171,292.708,4
1576535172,266.991,4
1576535173,281.833,4
1576535174,284.269,4
1576535175,242.538,4
1576535177,234.453,4
1576535178,146.179,4
1576535179,176.305,4
1576535180,205.932,4
1576535182,46.408,4
1576535183,0.002,4
1576535184,217.069,4
1576535185,256.377,4
1576535186,249.053,4
1576535188,268.112,4
1576535189,262.26,4
1576535190,269.694,4
1576535191,266.05,4
1576535192,261.619,4
1576535193,276.794,4
1576535194,287.678,4
1576535196,29.556,4
1576535197,17.3105,4
1576535198,230.071,4
1576535199,276.575,4
1576535201,285.546,4
1576535202,259.889,4
1576535203,322.758,4
1576535204,217.504,4
1576535205,198.1,4
1576535206,228.806,4
1576535207,230.493,4
1576535208,213.552,4
1576535209,187.276,4
1576535211,4.8415,4
1576535213,30.589,4
1576535214,29.939,4
1576535215,32.119,4
1576535216,29.875,4
1576535217,31.103,4
1576535218,32.576,4
1576535219,105.028,4
1576535220,253.267,4
1576535222,294.488,4
1576535224,64.021,4
1576535225,32.1815,4
1576535226,30.296,4
1576535227,30.181,4
1576535228,31.359,4
1576535229,215.096,4
1576535230,201.042,4
1576535231,230.577,4
1576535232,237.267,4
1576535234,200.373,4
1576535235,208.957,4
1576535236,197.426,4
1576535237,212.179,4
1576535239,5.805,4
1576535240,24.483,4
1576535241,25.687,4
1576535242,24.898,4
1576535243,25.009,4
1576535245,80.646,4
1576535246,183.418,4
1576535247,201.187,4
1576535248,230.68,4
1576535249,194.695,4
1576535251,161.4275,4
1576535252,0.001,4
1576535253,18.092,4
1576535254,23.413,4
1576535256,60.552,4
1576535257,204.288,4
1576535258,312.497,4
1576535259,189.322,4
1576535260,245.101,4
1576535261,226.827,4
1576535262,222.528,4
1576535263,189.736,4
1576535265,8.079,4
1576535266,8.079,4
1576535267,2.165,4
1576535268,155.198,4
1576535269,155.662,4
1576535270,290.164,4
1576535271,139.651,4
1576535272,169.322,4
1576535273,160.36,4
1576535274,186.389,4
1576535275,187.123,4
1576535276,62.008,4
1576535279,102.671,4
1576535280,0.001,4
1576535281,19.618,4
1576535282,113.781,4
1576535283,54.622,4
1576535284,157.844,4
1576535285,135.682,4
1576535286,164.044,4
1576535288,166.685,4
1576535289,171.733,4
1576535290,177.415,4
1576535291,101.093,4
1576535293,13.932,4
1576535294,7.574,4
1576535295,91.7,4
1576535296,148.979,4
1576535297,165.155,4
1576535299,162.147,4
1576535300,179.034,4
1576535301,178.219,4
1576535302,179.215,4
1576535303,184.348,4
1576535304,181.25,4
1576535305,140.365,4
1576535306,115.789,4
1576535307,0.001,4
1576535308,0.001,4
1576535309,84.747,4
1576535310,140.492,4
1576535311,117.974,4
1576535312,205.372,4
1576535313,108.583,4
1576535314,163.888,4
1576535315,178.448,4
1576535316,145.156,4
1576535317,126.608,4
1576535319,57.844,4
1576535321,8.02,4
1576535322,4.012,4
1576535323,99.389,4
1576535324,124.117,4
1576535325,99.988,4
1576535326,90.821,4
1576535327,64.356,4
1576535329,177.694,4
1576535330,262.874,4
1576535331,249.753,4
1576535332,218.744,4
1576535333,188.429,4
1576535334,149.53,4
1576535336,49.08,4
1576535337,192.901,4
1576535338,107.262,4
1576535340,132.598,4
1576535341,63.677,4
1576535342,65.749,4
1576535343,60.485,4
1576535344,48.986,4
1576535345,71.799,4
1576535346,79.9125,4
1576535349,9.446,4
1576535350,3.546,4
1576535351,66.888,4
1576535352,45.318,4
1576535353,56.048,4
1576535354,30.334,4
1576535355,111.677,4
1576535357,47.334,4
1576535358,101.127,4
1576535359,91.681,4
1576535360,77.087,4
1576535363,0.013,4
1576535364,20.397,4
1576535366,88.547,4
1576535367,117.355,4
1576535368,147.989,4
1576535369,106.638,4
1576535370,183.48,4
1576535371,200.818,4
1576535372,216.925,4
1576535373,194.308,4
1576535374,174.408,4
1576535376,166.464,4
1576535378,24.892,4
1576535379,249.1,4
1576535380,263.77,4
1576535381,236.588,4
1576535382,211.206,4
1576535383,241.055,4
1576535384,220.307,4
1576535385,153.171,4
1576535387,146.044,4
1576535388,160.972,4
1576535390,120.357,4
1576535391,0.001,4
1576535392,101.927,4
1576535393,298.363,4
1576535394,216.615,4
1576535395,165.986,4
1576535396,161.512,4
1576535397,86.595,4
1576535399,91.406,4
1576535400,92.991,4
1576535401,143.716,4
1576535402,158.408,4
1576535404,35.635,4
1576535405,17.819,4
1576535406,0.143,4
1576535407,1.079,4
1576535409,0.63,4
1576535410,8.668,4
1576535411,16.857,4
1576535412,22.313,4
1576535413,26.67,4
1576535414,29.864,4
1576535415,41.123,4
1576535418,34.663,4
1576535419,0.001,4
1576535420,15.296,4
1576535421,22.734,4
1576535422,22.352,4
1576535423,22.072,4
1576535424,22.057,4
1576535425,22.586,4
1576535427,21.616,4
1576535428,22.543,4
1576535429,21.924,4
1576535430,22.793,4
1576535431,31.974,4
1576535433,3.4855,4
1576535435,22.864,4
1576535436,24.819,4
1576535437,23.076,4
1576535438,53.427,4
1576535439,260.849,4
1576535440,213.496,4
1576535441,207.382,4
1576535442,231.284,4
1576535443,239.697,4
1576535444,256.065,4
1576535445,114.953,4
1576535447,0.002,4
1576535448,23.705,4
1576535449,108.028,4
1576535450,172.329,4
1576535451,173.2,4
1576535452,141.09,4
1576535453,205.51,4
1576535454,218.137,4
1576535455,220.565,4
1576535456,221.762,4
1576535457,221.762,4
1576535458,204.849,4
1576535460,34.348,4
1576535461,17.1755,4
1576535462,23.13,4
1576535463,24.268,4
1576535464,23.094,4
1576535465,24.007,4
1576535466,24.152,4
1576535468,26.015,4
1576535469,134.25,4
1576535470,141.806,4
1576535471,149.091,4
1576535472,158.732,4
1576535473,100.155,4
1576535474,0.001,4
1576535475,16.764,4
1576535476,21.037,4
1576535478,26.09,4
1576535479,24.516,4
1576535480,25.418,4
1576535481,24.429,4
1576535482,24.66,4
1576535483,23.535,4
1576535484,25.726,4
1576535487,164.976,4
1576535489,5.979,4
1576535490,25.63,4
1576535491,24.747,4
1576535492,26.178,4
1576535493,25.395,4
1576535495,25.19,4
1576535496,25.728,4
1576535497,26.01,4
1576535498,24.798,4
1576535499,24.902,4
1576535501,33.445,4
1576535502,17.8785,4
1576535504,165.026,4
1576535505,273.642,4
1576535506,235.789,4
1576535507,240.899,4
1576535508,248.904,4
1576535509,194.262,4
1576535510,200.798,4
1576535511,158.669,4
1576535512,152.739,4
1576535513,168.11,4
1576535514,133.198,4
1576535516,0.001,4
1576535517,3.452,4
1576535518,18.111,4
1576535519,72.509,4
1576535520,101.654,4
1576535521,171.0845,4
1576535522,248.585,4
1576535523,245.262,4
1576535525,272.582,4
1576535526,244.331,4
1576535527,208.557,4
1576535528,191.498,4
1576535529,95.328,4
1576535530,0.002,4
1576535531,63.51,4
1576535532,195.924,4
1576535533,247.289,4
1576535534,262.226,4
1576535535,201.446,4
1576535537,179.082,4
1576535538,203.82,4
1576535539,147.674,4
1576535540,83.366,4
1576535541,199.446,4
1576535542,231.485,4
1576535544,2.217,4
1576535545,57.46,4
1576535546,177.733,4
1576535548,183.202,4
1576535549,140.111,4
1576535550,180.062,4
1576535551,167.889,4
1576535552,186.976,4
1576535553,93.133,4
1576535554,111.184,4
1576535555,130.726,4
1576535556,55.19,4
1576535558,0.002,4
1576535559,20.297,4
1576535560,98.133,4
1576535561,257.041,4
1576535562,267.125,4
1576535563,220.599,4
1576535564,203.684,4
1576535565,198.801,4
1576535566,157.381,4
1576535567,116.045,4
1576535569,127.595,4
1576535570,128.279,4
1576535572,7.849,4
1576535573,23.226,4
1576535574,21.188,4
1576535576,20.673,4
1576535577,23.066,4
1576535578,22.492,4
1576535579,21.025,4
1576535580,23.293,4
1576535581,21.807,4
1576535582,21.013,4
1576535584,20.762,4
1576535585,1.734,4
1576535586,3.382,4
1576535587,18.546,4
1576535588,53.061,4
1576535589,126.997,4
1576535590,192.134,4
1576535591,154.654,4
1576535592,191.976,4
1576535593,272.851,4
1576535595,209.463,4
1576535596,179.885,4
1576535598,127.607,4
1576535599,0.002,4
1576535600,15.018,4
1576535601,25.569,4
1576535602,24.75,4
1576535603,24.548,4
1576535605,24.71,4
1576535606,24.385,4
1576535607,23.519,4
1576535608,24.63,4
1576535609,46.892,4
1576535610,170.995,4
1576535611,221.257,4
1576535614,7.862,4
1576535615,22.731,4
1576535616,21.931,4
1576535617,22.877,4
1576535618,21.226,4
1576535619,21.216,4
1576535620,22.732,4
1576535621,21.901,4
1576535623,21.213,4
1576535624,22.021,4
1576535626,4.058,4
1576535627,2.0305,4
1576535628,17.611,4
1576535629,17.872,4
1576535631,18.598,4
1576535632,19.98,4
1576535633,18.839,4
1576535634,18.015,4
1576535635,18.178,4
1576535636,18.733,4
1576535637,13.483,4
1576535640,8.342,4
1576535641,0.002,4
1576535642,20.665,4
1576535643,21.123,4
1576535644,53.521,4
1576535645,127.172,4
1576535646,96.117,4
1576535648,91.098,4
1576535649,100.801,4
1576535650,112.007,4
1576535651,128.506,4
1576535652,130.05,4
1576535653,109.633,4
1576535654,0.001,4
1576535655,3.6435,4
1576535656,7.286,4
1576535657,17.801,4
1576535658,18.697,4
1576535659,20.367,4
1576535660,20.883,4
1576535661,38.838,4
1576535662,96.711,4
1576535663,255.772,4
1576535664,238.909,4
1576535665,205.864,4
1576535666,158.211,4
1576535668,54.31,4
1576535669,0.002,4
1576535670,27.792,4
1576535671,29.171,4
1576535672,31.126,4
1576535673,33.56,4
1576535674,32.29,4
1576535676,33.352,4
1576535677,32.05,4
1576535678,32.356,4
1576535679,32.829,4
1576535680,32.275,4
1576535681,15.455,4
1576535682,0.002,4
1576535683,17.543,4
1576535685,22.428,4
1576535686,21.842,4
1576535687,21.557,4
1576535688,21.648,4
1576535689,22.153,4
1576535690,20.858,4
1576535692,22.398,4
1576535693,21.708,4
1576535695,19.06,4
1576535696,0.001,4
1576535697,21.124,4
1576535698,30.391,4
1576535699,31.252,4
1576535701,207.411,4
1576535702,293.58,4
1576535703,282.454,4
1576535704,275.196,4
1576535705,210.861,4
1576535706,262.044,4
1576535707,200.805,4
1576535709,28.243,4
1576535710,14.178,4
1576535712,17.776,4
1576535713,22.949,4
1576535714,75.433,4
1576535715,71.014,4
1576535716,131.634,4
1576535717,219.579,4
1576535718,133.709,4
1576535719,204.375,4
1576535720,207.327,4
1576535723,0.011,4
1576535724,0.022,4
1576535726,5.286,4
1576535727,21.811,4
1576535728,12.022,4
1576535729,20.607,4
1576535731,23.256,4
1576535732,50.383,4
1576535733,235.394,4
1576535734,205.737,4
1576535735,200.63,4
1576535737,66.512,4
1576535738,0.002,4
1576535739,18.605,4
1576535741,37.091,4
1576535742,91.743,4
1576535743,93.154,4
1576535744,117.339,4
1576535745,265.929,4
1576535746,249.951,4
1576535747,238.7,4
1576535748,200.47,4
1576535749,201.465,4
1576535751,170.496,4
1576535753,10.026,4
1576535754,22.806,4
1576535755,20.216,4
1576535756,19.02,4
1576535757,20.511,4
1576535758,20.431,4
1576535760,39.093,4
1576535761,32.627,4
1576535762,26.814,4
1576535763,27.39,4
1576535765,1.638,4
1576535766,1.6845,4
1576535768,52.153,4
1576535769,149.314,4
1576535770,128.724,4
1576535771,162.669,4
1576535772,118.109,4
1576535773,92.917,4
1576535774,89.087,4
1576535775,134.866,4
1576535776,157.5285,4
1576535779,71.058,4
1576535780,0.001,4
1576535781,40.449,4
1576535782,214.64,4
1576535783,289.991,4
1576535784,243.174,4
1576535785,214.982,4
1576535786,220.086,4
1576535787,181.124,4
1576535788,188.512,4
1576535789,207.23,4
1576535791,181.462,4
1576535792,158.043,4
1576535793,53.865,4
1576535794,0.002,4
1576535795,51.66,4
1576535796,108.439,4
1576535797,95.795,4
1576535798,105.422,4
1576535799,101.767,4
1576535801,104.08,4
1576535802,101.554,4
1576535803,104.785,4
1576535804,98.535,4
1576535805,89.01,4
1576535806,84.48,4
1576535807,0.001,4
1576535808,5.922,4
1576535810,19.122,4
1576535811,20.98,4
1576535812,20.615,4
1576535813,16.516,4
1576535814,55.526,4
1576535815,122.679,4
1576535816,100.681,4
1576535817,3.282,4
1576535818,0.011,4
1576535821,10.416,4
1576535822,5.375,4
1576535823,18.327,4
1576535824,19.31,4
1576535825,20.083,4
1576535826,21.371,4
1576535828,22.673,4
1576535829,86.828,4
1576535830,98.231,4
1576535831,97.47,4
1576535832,90.033,4
1576535833,96.384,4
1576535834,51.209,4
1576535835,0.002,4
1576535836,15.081,4
1576535837,15.081,4
1576535838,16.434,4
1576535839,16.222,4
1576535840,14.613,4
1576535841,14.038,4
1576535842,16.412,4
1576535843,16.81,4
1576535844,16.821,4
1576535845,15.834,4
1576535846,15.985,4
1576535848,14.058,4
1576535850,3.819,4
1576535851,20.975,4
1576535852,71.935,4
1576535853,20.596,4
1576535854,53.659,4
1576535855,66.187,4
1576535856,89.958,4
1576535858,46.591,4
1576535859,30.531,4
1576535860,11.134,4
1576535862,19.901,4
1576535863,0.002,4
1576535864,8.245,4
1576535865,9.778,4
1576535866,9.976,4
1576535868,10.961,4
1576535869,17.028,4
1576535870,20.183,4
1576535871,19.183,4
1576535872,23.867,4
1576535873,27.153,4
1576535874,28.318,4
1576535875,33.255,4
1576535877,0.352,4
1576535879,14.726,4
1576535880,38.221,4
1576535881,55.683,4
1576535882,39.582,4
1576535883,30.922,4
1576535884,35.363,4
1576535885,35.956,4
1576535886,37.601,4
1576535887,37.043,4
1576535890,26.339,4
1576535891,0.001,4
1576535892,30.131,4
1576535893,36.709,4
1576535894,35.787,4
1576535895,38.918,4
1576535896,30.633,4
1576535897,25.68,4
1576535899,26.068,4
1576535900,28.098,4
1576535901,34.074,4
1576535902,32.666,4
1576535904,1.471,4
1576535905,0.9035,4
1576535906,11.168,4
1576535907,12.056,4
1576535908,33.607,4
1576535909,33.607,4
1576535910,37.053,4
1576535911,43.325,4
1576535912,38.487,4
1576535913,33.301,4
1576535914,32.93,4
1576535915,32.089,4
1576535916,26.282,4
1576535917,24.369,4
1576535918,0.001,4
1576535919,0.001,4
1576535920,18.497,4
1576535921,27.369,4
1576535922,32.226,4
1576535923,32.889,4
1576535924,45.232,4
1576535925,52.042,4
1576535926,50.707,4
1576535928,39.199,4
1576535929,50.929,4
1576535930,26.402,4
1576535931,20.951,4
1576535933,0.5055,4
1576535934,17.626,4
1576535935,32.3455,4
1576535936,51.532,4
1576535937,36.939,4
1576535939,28.027,4
1576535940,27.401,4
1576535941,31.457,4
1576535942,32.889,4
1576535943,30.235,4
1576535944,31.785,4
1576535945,22.879,4
1576535946,0.012,4
1576535947,8.081,4
1576535949,23.995,4
1576535950,26.954,4
1576535951,22.631,4
1576535952,28.979,4
1576535953,19.755,4
1576535954,13.406,4
1576535955,12.898,4
1576535956,9.166,4
1576535957,9.767,4
1576535959,4.502,4
1576535960,2.952,4
1576535961,0.251,4
1576535962,3.08,4
1576535963,2.625,4
1576535964,2.84,4
1576535965,2.337,4
1576535966,1.386,4
1576535967,2.12,4
1576535968,3.0245,4
1576535969,7.153,4
1576535971,41.957,4
1576535973,81.433,4
1576535974,0.001,4
1576535975,7.542,4
1576535977,11.52,4
1576535979,13.969,4
1576535980,15.619,4
1576535981,16.402,4
1576535982,18.037,4
1576535983,15.06,4
1576535984,19.734,4
1576535985,19.446,4
1576535986,11.817,4
1576535989,1.387,4
1576535990,8.525,4
1576535991,7.751,4
1576535992,9.362,4
1576535993,12.889,4
1576535994,10.677,4
1576535995,12.609,4
1576535997,15.505,4
1576535998,16.948,4
1576535999,11.844,4
1576536000,13.34,4
1576536001,5.056,4
1576536002,2.529,4
1576536003,4.735,4
1576536004,6.443,4
1576536005,6.068,4
1576536007,5.292,4
1576536008,6.803,4
1576536009,7.312,4
1576536010,8.051,4
1576536011,7.536,4
1576536012,7.082,4
1576536013,5.478,4
1576536015,3.358,4
1576536016,0.001,4
1576536017,1.648,4
1576536018,7.399,4
1576536019,9.815,4
1576536020,11.898,4
1576536021,8.137,4
1576536022,8.921,4
1576536023,7.904,4
1576536025,5.902,4
1576536026,12.05,4
1576536027,7.019,4
1576536028,3.521,4
1576536029,5.136,4
1576536030,1.871,4
1576536031,3.955,4
1576536032,1.992,4
1576536033,3.304,4
1576536035,5.075,4
1576536036,3.39,4
1576536037,4.138,4
1576536038,10.576,4
1576536039,7.655,4
1576536040,16.803,4
1576536041,15.729,4
1576536042,11.464,4
1576536043,2.29,4
1576536044,1.6555,4
1576536046,5.461,4
1576536047,12.096,4
1576536048,9.046,4
1576536049,6.262,4
1576536050,18.402,4
1576536051,16.655,4
1576536052,23.839,4
1576536053,17.023,4
1576536054,20.835,4
1576536057,15.348,4
1576536058,0.002,4
1576536059,6.936,4
1576536060,9.662,4
1576536061,8.832,4
1576536062,7.205,4
1576536063,12.202,4
1576536065,26.17,4
1576536066,26.713,4
1576536067,21.025,4
1576536068,21.171,4
1576536069,27.523,4
1576536070,32.321,4
1576536072,1.409,4
1576536073,9.923,4
1576536075,10.522,4
1576536076,10.545,4
1576536077,10.959,4
1576536078,7.292,4
1576536079,8.131,4
1576536080,10.173,4
1576536081,9.199,4
1576536082,7.878,4
1576536083,8.959,4
1576536085,4.195,4
1576536086,0.002,4
1576536087,8.815,4
1576536088,7.854,4
1576536089,9.994,4
1576536090,22.856,4
1576536091,27.703,4
1576536092,18.504,4
1576536094,36.458,4
1576536095,30.24,4
1576536096,32.051,4
1576536097,52.697,4
1576536098,39.832,4
1576536100,2.421,4
1576536101,23.118,4
1576536102,17.276,4
1576536104,41.659,4
1576536105,23.871,4
1576536106,32.263,4
1576536107,26.895,4
1576536108,33.264,4
1576536109,52.912,4
1576536110,32.601,4
1576536111,24.254,4
1576536112,13.843,4
1576536113,13.843,4
1576536114,0.002,4
1576536115,6.486,4
1576536116,7.703,4
1576536117,13.342,4
1576536118,9.901,4
1576536119,10.332,4
1576536120,12.938,4
1576536121,10.621,4
1576536122,4.084,4
1576536123,0.647,4
1576536125,1.326,4
1576536126,2.665,4
1576536127,2.334,4
1576536128,1.988,4
1576536129,1.173,4
1576536130,4.57,4
1576536131,4.556,4
1576536132,5.724,4
1576536133,6.921,4
1576536134,6.921,4
1576536135,2.197,4
1576536136,1.486,4
1576536137,0.714,4
1576536138,0.412,4
1576536139,0.737,4
1576536143,2.881,4
1576536144,23.879,4
1576536145,16.032,4
1576536146,3.585,4
1576536147,4.0,4
1576536148,1.889,4
1576536149,1.229,4
1576536150,1.308,4
1576536152,1.166,4
1576536153,0.85,4
1576536154,0.651,4
1576536155,1.608,4
1576536156,0.002,4
1576536157,1.939,4
1576536158,2.356,4
1576536159,5.342,4
1576536160,2.299,4
1576536162,4.105,4
1576536163,3.101,4
1576536164,4.677,4
1576536165,3.481,4
1576536166,4.42,4
1576536167,7.424,4
1576536169,1.564,4
1576536170,1.564,4
1576536171,0.517,4
1576536172,0.883,4
1576536173,1.353,4
1576536174,0.905,4
1576536175,0.413,4
1576536176,1.118,4
1576536177,1.465,4
1576536178,1.363,4
1576536179,1.431,4
1576536181,1.129,4
1576536183,0.827,4
1576536184,0.002,4
1576536185,2.312,4
1576536186,1.676,4
1576536187,1.521,4
1576536188,1.576,4
1576536190,0.826,4
1576536191,2.174,4
1576536192,2.794,4
1576536193,20.888,4
1576536194,28.448,4
1576536195,36.301,4
1576536196,31.7055,4
1576536198,0.001,4
1576536199,19.267,4
1576536200,32.247,4
1576536201,33.923,4
1576536202,33.395,4
1576536203,33.463,4
1576536204,32.902,4
1576536206,155.317,4
1576536207,172.736,4
1576536208,146.871,4
1576536209,154.103,4
1576536210,158.619,4
1576536212,1.7465,4
1576536213,53.742,4
1576536214,112.569,4
1576536215,113.886,4
1576536217,111.151,4
1576536218,114.929,4
1576536219,121.022,4
1576536220,114.876,4
1576536221,116.5,4
1576536222,116.812,4
1576536223,121.433,4
1576536224,52.424,4
1576536225,0.002,4
1576536226,0.002,4
1576536227,23.864,4
1576536228,27.198,4
1576536229,26.676,4
1576536230,24.936,4
1576536231,27.029,4
1576536232,25.783,4
1576536233,23.501,4
1576536235,24.625,4
1576536236,23.803,4
1576536237,22.212,4
1576536238,15.855,4
1576536239,0.001,4
1576536240,9.887,4
1576536241,21.288,4
1576536242,21.343,4
1576536244,20.999,4
1576536245,21.227,4
1576536246,21.399,4
1576536247,21.193,4
1576536248,21.152,4
1576536249,21.043,4
1576536250,20.369,4
1576536252,21.24,4
1576536254,5.669,4
1576536255,21.643,4
1576536256,22.797,4
1576536257,23.612,4
1576536258,23.248,4
1576536259,21.111,4
1576536261,22.364,4
1576536262,22.642,4
1576536263,22.77,4
1576536264,22.965,4
1576536266,6.528,4
1576536267,3.2655,4
1576536268,25.826,4
1576536269,34.011,4
1576536271,34.288,4
1576536272,32.643,4
1576536273,34.626,4
1576536274,33.199,4
1576536275,32.981,4
1576536276,33.387,4
1576536277,32.981,4
1576536280,20.571,4
1576536281,0.001,4
1576536282,23.791,4
1576536283,31.939,4
1576536284,32.559,4
1576536285,32.685,4
1576536287,32.606,4
1576536288,325.748,4
1576536289,347.193,4
1576536290,175.823,4
1576536291,114.574,4
1576536292,118.964,4
1576536293,124.084,4
1576536295,2.769,4
1576536296,19.977,4
1576536298,74.22,4
1576536299,128.72,4
1576536300,127.984,4
1576536301,234.11,4
1576536302,313.043,4
1576536303,275.283,4
1576536304,165.932,4
1576536305,113.7,4
1576536308,52.755,4
1576536309,0.002,4
1576536310,49.521,4
1576536311,236.547,4
1576536312,158.083,4
1576536313,169.71,4
1576536314,180.288,4
1576536315,177.288,4
1576536317,184.371,4
1576536318,189.719,4
1576536319,190.029,4
1576536320,168.179,4
1576536321,142.789,4
1576536323,3.787,4
1576536324,24.672,4
1576536325,24.598,4
1576536327,25.46,4
1576536328,25.108,4
1576536329,25.625,4
1576536330,24.707,4
1576536331,26.392,4
1576536332,25.384,4
1576536333,24.792,4
1576536334,25.687,4
1576536336,4.487,4
1576536337,3.372,4
1576536338,263.452,4
1576536339,81.864,4
1576536340,95.329,4
1576536341,254.93,4
1576536342,294.052,4
1576536343,249.465,4
1576536344,266.013,4
1576536345,221.04,4
1576536347,243.309,4
1576536349,203.616,4
1576536351,6.638,4
1576536352,75.874,4
1576536353,204.179,4
1576536354,238.2935,4
1576536355,33.934,4
1576536357,18.458,4
1576536358,39.555,4
1576536359,49.715,4
1576536360,46.254,4
1576536361,43.262,4
1576536363,25.88,4
1576536364,0.002,4
1576536365,13.111,4
1576536366,35.142,4
1576536368,39.525,4
1576536369,48.365,4
1576536370,51.685,4
1576536371,48.84,4
1576536372,52.942,4
1576536373,50.825,4
1576536374,58.593,4
1576536375,69.607,4
1576536376,57.219,4
1576536379,2.385,4
1576536380,23.789,4
1576536381,44.883,4
1576536382,52.049,4
1576536383,52.812,4
1576536384,44.962,4
1576536385,52.343,4
1576536387,63.449,4
1576536388,63.451,4
1576536389,55.753,4
1576536391,25.605,4
1576536392,12.8035,4
1576536393,14.448,4
1576536394,40.46,4
1576536395,62.718,4
1576536397,65.027,4
1576536398,61.291,4
1576536399,64.843,4
1576536400,62.963,4
1576536401,48.633,4
1576536402,48.745,4
1576536403,42.902,4
1576536404,39.238,4
1576536407,4.459,4
1576536408,29.575,4
1576536409,28.114,4
1576536410,27.089,4
1576536411,18.064,4
1576536412,22.071,4
1576536413,32.658,4
1576536414,36.745,4
1576536415,11.925,4
1576536416,8.755,4
1576536419,7.664,4
1576536420,2.248,4
1576536421,4.123,4
1576536422,2.241,4
1576536423,18.325,4
1576536424,10.902,4
1576536425,18.012,4
1576536427,11.834,4
1576536428,5.333,4
1576536429,4.129,4
1576536430,9.631,4
1576536431,6.914,4
1576536434,1.053,4
1576536436,4.797,4
1576536437,2.624,4
1576536438,7.529,4
1576536439,7.478,4
1576536440,7.222,4
1576536441,8.81,4
1576536442,4.657,4
1576536443,3.336,4
1576536444,7.503,4
1576536446,6.759,4
1576536447,3.304,4
1576536448,1.653,4
1576536449,6.357,4
1576536450,1.824,4
1576536451,5.697,4
1576536452,10.375,4
1576536453,17.864,4
1576536455,8.461,4
1576536456,16.498,4
1576536457,31.777,4
1576536458,23.297,4
1576536459,26.283,4
1576536460,44.413,4
1576536461,0.002,4
1576536462,2.3275,4
1576536463,10.729,4
1576536465,7.896,4
1576536466,18.599,4
1576536467,73.545,4
1576536468,83.296,4
1576536469,77.218,4
1576536471,80.319,4
1576536472,73.831,4
1576536473,75.173,4
1576536474,85.286,4
1576536476,7.634,4
1576536477,32.808,4
1576536478,94.759,4
1576536480,152.132,4
1576536481,142.187,4
1576536482,129.338,4
1576536483,139.416,4
1576536484,130.813,4
1576536485,116.602,4
1576536486,139.003,4
1576536487,112.972,4
1576536489,5.411,4
1576536490,3.979,4
1576536491,134.046,4
1576536492,134.353,4
1576536493,133.902,4
1576536494,144.33,4
1576536495,126.136,4
1576536497,135.907,4
1576536498,137.115,4
1576536499,120.605,4
1576536500,113.831,4
1576536502,54.886,4
1576536503,0.002,4
1576536504,97.078,4
1576536506,121.327,4
1576536507,127.456,4
1576536508,116.757,4
1576536509,101.568,4
1576536510,86.451,4
1576536511,74.018,4
1576536512,53.82,4
1576536513,51.109,4
1576536516,30.125,4
1576536517,0.002,4
1576536518,57.75,4
1576536519,100.981,4
1576536520,118.18,4
1576536521,108.43,4
1576536523,109.435,4
1576536524,143.272,4
1576536525,149.241,4
1576536526,112.831,4
1576536527,111.197,4
1576536528,114.863,4
1576536532,19.284,4
1576536533,119.046,4
1576536534,114.282,4
1576536535,136.496,4
1576536536,114.137,4
1576536537,115.87,4
1576536538,114.187,4
1576536539,129.361,4
1576536541,119.761,4
1576536542,129.164,4
1576536544,22.202,4
1576536545,11.103,4
1576536546,0.313,4
1576536547,2.525,4
1576536548,3.307,4
1576536550,5.344,4
1576536551,10.597,4
1576536552,6.299,4
1576536553,7.712,4
1576536554,8.766,4
1576536555,15.095,4
1576536556,20.369,4
1576536557,19.612,4
1576536558,0.002,4
1576536559,0.002,4
1576536560,4.834,4
1576536561,8.218,4
1576536562,5.664,4
1576536563,8.15,4
1576536564,16.533,4
1576536565,20.298,4
1576536566,11.559,4
1576536567,10.744,4
1576536568,11.478,4
1576536570,17.164,4
1576536572,6.072,4
1576536573,3.0375,4
1576536574,10.189,4
1576536575,5.11,4
1576536576,4.496,4
1576536577,6.996,4
1576536578,5.668,4
1576536580,8.36,4
1576536581,19.442,4
1576536582,12.599,4
1576536583,6.267,4
1576536584,5.285,4
1576536585,14.579,4
1576536586,0.001,4
1576536587,2.181,4
1576536588,16.419,4
1576536590,10.075,4
1576536591,22.954,4
1576536592,26.5,4
1576536593,39.66,4
1576536594,36.8,4
1576536595,18.932,4
1576536596,27.295,4
1576536597,108.218,4
1576536600,15.206,4
1576536601,7.649,4
1576536602,152.842,4
1576536603,246.985,4
1576536604,221.506,4
1576536605,248.22,4
1576536606,242.415,4
1576536607,204.05,4
1576536608,248.886,4
1576536609,211.008,4
1576536610,230.683,4
1576536612,194.505,4
1576536614,6.162,4
1576536615,7.793,4
1576536616,98.636,4
1576536617,192.961,4
1576536618,240.259,4
1576536619,169.512,4
1576536620,151.5315,4
1576536621,147.008,4
1576536623,109.917,4
1576536624,173.073,4
1576536625,190.851,4
1576536626,88.463,4
1576536627,36.397,4
1576536628,0.011,4
1576536629,0.011,4
1576536630,0.002,4
1576536631,10.014,4
1576536633,25.839,4
1576536634,15.487,4
1576536635,12.498,4
1576536636,17.936,4
1576536637,24.077,4
1576536638,18.382,4
1576536639,18.429,4
1576536640,13.455,4
1576536641,16.745,4
1576536642,11.367,4
1576536643,11.367,4
1576536644,2.814,4
1576536645,2.5,4
1576536646,11.432,4
1576536647,19.538,4
1576536648,19.724,4
1576536649,22.256,4
1576536650,8.734,4
1576536651,21.139,4
1576536653,21.155,4
1576536654,18.571,4
1576536655,16.474,4
1576536657,9.602,4
1576536658,0.002,4
1576536659,11.747,4
1576536660,28.658,4
1576536661,45.694,4
1576536663,34.022,4
1576536664,39.593,4
1576536665,50.581,4
1576536666,16.593,4
1576536667,15.1,4
1576536668,27.716,4
1576536669,61.48,4
1576536670,58.638,4
1576536673,4.25,4
1576536674,29.742,4
1576536675,31.487,4
1576536676,29.753,4
1576536677,27.024,4
1576536678,31.542,4
1576536679,55.837,4
1576536680,63.044,4
1576536682,36.071,4
1576536683,37.441,4
1576536685,37.282,4
1576536686,0.002,4
1576536687,19.798,4
1576536688,21.546,4
1576536689,22.617,4
1576536691,21.997,4
1576536692,22.694,4
1576536693,20.492,4
1576536694,20.107,4
1576536695,22.946,4
1576536696,21.664,4
1576536697,21.762,4
1576536699,13.5,4
1576536700,0.001,4
1576536701,18.937,4
1576536702,28.266,4
1576536703,27.26,4
1576536704,27.072,4
1576536705,27.655,4
1576536706,25.706,4
1576536708,24.866,4
1576536709,28.745,4
1576536710,25.976,4
1576536711,27.125,4
1576536712,21.6,4
1576536713,0.001,4
1576536714,4.0025,4
1576536716,18.361,4
1576536717,17.815,4
1576536718,18.344,4
1576536719,18.728,4
1576536720,18.247,4
1576536721,17.308,4
1576536722,17.612,4
1576536724,17.913,4
1576536725,17.368,4
1576536728,3.7325,4
1576536729,27.059,4
1576536730,28.973,4
1576536732,26.396,4
1576536733,28.566,4
1576536734,95.989,4
1576536735,146.19,4
1576536736,106.411,4
1576536737,139.255,4
1576536738,121.304,4
1576536739,109.587,4
1576536741,29.258,4
1576536742,0.003,4
1576536743,38.917,4
1576536744,129.837,4
1576536745,156.151,4
1576536746,203.053,4
1576536747,197.34,4
1576536748,227.93,4
1576536749,178.33,4
1576536750,192.612,4
1576536752,191.331,4
1576536753,149.473,4
1576536754,193.494,4
1576536756,8.87,4
1576536757,25.778,4
1576536758,25.515,4
1576536759,136.088,4
1576536760,173.912,4
1576536762,184.879,4
1576536763,149.674,4
1576536764,166.344,4
1576536765,196.359,4
1576536766,146.134,4
1576536768,49.847,4
1576536769,24.925,4
1576536770,134.398,4
1576536772,162.06,4
1576536773,168.146,4
1576536774,146.548,4
1576536775,169.819,4
1576536776,168.427,4
1576536777,170.674,4
1576536778,142.775,4
1576536779,111.426,4
1576536780,111.426,4
1576536782,81.441,4
1576536783,0.001,4
1576536784,36.402,4
1576536785,92.086,4
1576536786,90.171,4
1576536787,95.042,4
1576536789,97.789,4
1576536790,142.178,4
1576536791,76.956,4
1576536792,63.114,4
1576536793,86.846,4
1576536794,56.564,4
1576536795,64.863,4
1576536796,12.371,4
1576536797,8.091,4
1576536798,3.811,4
1576536799,36.892,4
1576536800,101.458,4
1576536801,104.921,4
1576536802,115.947,4
1576536803,108.498,4
1576536804,131.727,4
1576536805,120.277,4
1576536806,4.995,4
1576536807,14.039,4
1576536810,19.591,4
1576536811,9.7965,4
1576536812,9.45,4
1576536813,13.283,4
1576536814,18.311,4
1576536815,15.28,4
1576536816,19.559,4
1576536817,18.175,4
1576536819,10.103,4
1576536820,8.659,4
1576536821,9.06,4
1576536822,14.309,4
1576536823,13.231,4
1576536824,6.843,4
1576536825,4.29,4
1576536826,10.167,4
1576536827,10.993,4
1576536828,16.127,4
1576536830,2.31,4
1576536831,6.918,4
1576536832,3.721,4
1576536833,3.579,4
1576536834,5.11,4
1576536835,9.809,4
1576536836,14.977,4
1576536837,5.877,4
1576536838,0.002,4
1576536840,4.295,4
1576536841,4.9,4
1576536842,5.972,4
1576536843,8.76,4
1576536844,11.86,4
1576536845,24.509,4
1576536846,9.564,4
1576536847,7.697,4
1576536848,6.101,4
1576536850,3.37,4
1576536851,5.2085,4
1576536852,2.252,4
1576536853,0.328,4
1576536854,3.463,4
1576536855,3.293,4
1576536856,5.355,4
1576536857,5.995,4
1576536858,3.808,4
1576536860,3.329,4
1576536861,4.379,4
1576536862,7.417,4
1576536863,6.019,4
1576536865,3.7105,4
1576536866,0.135,4
1576536867,3.824,4
1576536868,6.535,4
1576536869,1.644,4
1576536871,1.253,4
1576536872,1.889,4
1576536873,2.278,4
1576536874,3.103,4
1576536875,2.067,4
1576536876,2.146,4
1576536877,1.833,4
1576536878,3.961,4
1576536879,1.434,4
1576536880,0.6073333333333334,4
1576536888,0.034,4
1576536889,0.482,4
1576536890,1.207,4
1576536891,1.269,4
1576536892,2.13,4
1576536893,0.234,4
1576536894,0.234,4
1576536895,0.307,4
1576536896,3.286,4
1576536897,5.094,4
1576536898,4.409,4
1576536899,4.495,4
1576536900,3.049,4
1576536901,2.963,4
1576536902,3.293,4
1576536903,2.712,4
1576536904,4.031,4
1576536905,4.239,4
1576536906,3.664,4
1576536908,1.711,4
1576536909,1.229,4
1576536910,3.226,4
1576536911,3.64,4
1576536912,2.959,4
1576536913,3.362,4
1576536914,2.56,4
1576536915,3.351,4
1576536916,4.041,4
1576536917,3.261,4
1576536919,2.535,4
1576536921,2.422,4
1576536922,0.606,4
1576536923,3.265,4
1576536924,3.317,4
1576536925,5.525,4
1576536926,4.959,4
1576536928,3.82,4
1576536929,3.715,4
1576536930,3.352,4
1576536931,1.966,4
1576536932,2.818,4
1576536933,3.003,4
1576536934,3.003,4
1576536935,1.148,4
1576536936,1.759,4
1576536938,3.785,4
1576536939,4.107,4
1576536940,2.369,4
1576536941,3.999,4
1576536942,4.601,4
1576536943,2.614,4
1576536944,3.151,4
1576536945,3.183,4
1576536946,4.383,4
1576536947,5.985,4
1576536949,4.874,4
1576536950,1.14,4
1576536951,3.024,4
1576536952,5.087,4
1576536953,3.526,4
1576536954,4.437,4
1576536955,5.853,4
1576536956,2.725,4
1576536957,3.999,4
1576536959,3.971,4
1576536960,3.607,4
1576536961,3.275,4
1576536963,1.375,4
1576536964,0.8625,4
1576536965,1.866,4
1576536966,0.961,4
1576536967,1.609,4
1576536969,2.223,4
1576536970,2.258,4
1576536971,3.193,4
1576536972,2.056,4
1576536973,3.366,4
1576536974,4.51,4
1576536975,4.971,4
1576536976,5.131,4
1576536977,1.052,4
1576536978,1.3235,4
1576536980,4.925,4
1576536981,5.937,4
1576536982,2.804,4
1576536983,5.932,4
1576536984,5.624,4
1576536985,5.13,4
1576536986,4.911,4
1576536987,2.245,4
1576536988,4.544,4
1576536991,3.061,4
1576536992,0.316,4
1576536993,6.04,4
1576536994,5.739,4
1576536995,5.359,4
1576536996,6.801,4
1576536997,5.819,4
1576536998,4.645,4
1576537000,6.421,4
1576537001,5.697,4
1576537002,5.542,4
1576537004,6.082,4
1576537005,3.931,4
1576537006,2.023,4
1576537007,3.305,4
1576537008,3.906,4
1576537009,4.376,4
1576537011,5.535,4
1576537012,3.707,4
1576537013,4.033,4
1576537014,3.719,4
1576537015,4.324,4
1576537016,3.687,4
1576537018,4.281,4
1576537019,2.1415,4
1576537020,7.704,4
1576537022,7.363,4
1576537023,8.818,4
1576537024,7.281,4
1576537025,7.945,4
1576537026,8.759,4
1576537027,7.843,4
1576537028,6.668,4
1576537029,3.585,4
1576537030,4.79,4
1576537032,3.038,4
1576537033,2.153,4
1576537034,0.918,4
1576537035,2.348,4
1576537036,3.35,4
1576537037,2.791,4
1576537038,4.674,4
1576537039,5.288,4
1576537040,4.63,4
1576537042,5.452,4
1576537043,4.367,4
1576537044,3.799,4
1576537046,6.662,4
1576537047,0.002,4
1576537048,5.098,4
1576537049,7.374,4
1576537050,7.37,4
1576537051,6.782,4
1576537053,5.426,4
1576537054,4.555,4
1576537055,5.762,4
1576537056,4.414,4
1576537057,4.443,4
1576537058,4.084,4
1576537059,4.187,4
1576537060,2.893,4
1576537061,1.7045,4
1576537063,7.295,4
1576537064,8.792,4
1576537065,9.707,4
1576537066,10.838,4
1576537067,8.48,4
1576537068,6.164,4
1576537069,5.839,4
1576537070,3.731,4
1576537071,6.11,4
1576537074,6.301,4
1576537075,1.533,4
1576537076,2.102,4
1576537077,3.762,4
1576537078,1.732,4
1576537079,2.769,4
1576537080,2.83,4
1576537082,2.58,4
1576537083,3.787,4
1576537084,2.971,4
1576537085,3.506,4
1576537086,2.904,4
1576537087,3.775,4
1576537088,2.482,4
1576537089,1.3815,4
1576537090,1.833,4
1576537091,2.123,4
1576537093,3.055,4
1576537094,0.927,4
1576537095,0.503,4
1576537096,3.182,4
1576537097,6.76,4
1576537098,13.916,4
1576537099,16.503,4
1576537102,8.518,4
1576537103,0.002,4
1576537104,9.289,4
1576537105,23.982,4
1576537106,10.174,4
1576537107,4.35,4
1576537108,5.212,4
1576537109,2.492,4
1576537111,4.096,4
1576537112,19.57,4
1576537113,43.088,4
1576537114,14.331,4
1576537115,13.75,4
1576537116,0.553,4
1576537117,5.714,4
1576537118,141.004,4
1576537120,220.755,4
1576537121,240.269,4
1576537122,192.569,4
1576537123,230.252,4
1576537124,236.101,4
1576537125,262.446,4
1576537126,200.934,4
1576537127,202.727,4
1576537128,219.855,4
1576537129,196.287,4
1576537131,7.511,4
1576537133,126.94,4
1576537134,270.248,4
1576537135,279.562,4
1576537136,256.311,4
1576537137,267.838,4
1576537138,232.505,4
1576537139,292.738,4
1576537140,253.312,4
1576537141,280.696,4
1576537142,276.107,4
1576537143,118.958,4
1576537144,0.002,4
1576537145,160.475,4
1576537147,263.699,4
1576537148,206.089,4
1576537149,252.009,4
1576537150,138.903,4
1576537151,214.463,4
1576537152,163.001,4
1576537153,224.519,4
1576537154,227.246,4
1576537155,206.124,4
1576537156,193.716,4
1576537158,18.166,4
1576537159,1.386,4
1576537160,69.322,4
1576537161,216.314,4
1576537162,154.992,4
1576537163,215.817,4
1576537164,220.429,4
1576537165,202.454,4
1576537166,227.247,4
1576537167,178.127,4
1576537168,206.253,4
1576537171,168.201,4
1576537172,0.001,4
1576537173,13.521,4
1576537174,126.072,4
1576537175,242.877,4
1576537176,266.212,4
1576537177,290.705,4
1576537178,239.589,4
1576537179,308.544,4
1576537181,248.564,4
1576537182,7.795,4
1576537183,10.525,4
1576537185,4.562,4
1576537186,0.002,4
1576537187,30.488,4
1576537188,79.81,4
1576537189,253.621,4
1576537190,306.929,4
1576537191,306.929,4
1576537192,322.467,4
1576537193,77.625,4
1576537194,5.414,4
1576537195,22.251,4
1576537196,112.293,4
1576537197,141.004,4
1576537198,136.149,4
1576537201,7.101,4
1576537202,1.808,4
1576537203,7.218,4
1576537204,15.986,4
1576537205,22.446,4
1576537206,26.469,4
1576537207,31.181,4
1576537209,43.505,4
1576537210,51.823,4
1576537211,56.361,4
1576537213,1.57,4
1576537214,3.0535,4
1576537215,22.426,4
1576537217,21.5,4
1576537218,24.165,4
1576537219,23.107,4
1576537220,24.484,4
1576537221,181.435,4
1576537222,121.209,4
1576537223,7.502,4
1576537224,2.919,4
1576537227,5.663,4
1576537228,0.002,4
1576537229,4.398,4
1576537230,6.097,4
1576537231,5.026,4
1576537232,6.361,4
1576537233,4.193,4
1576537234,5.87,4
1576537236,1.144,4
1576537237,8.474,4
1576537238,16.971,4
1576537239,33.343,4
1576537240,21.184,4
1576537242,0.9305,4
1576537243,3.405,4
1576537244,0.022,4
1576537246,0.033,4
1576537247,0.011,4
1576537248,0.011,4
1576537253,0.022,4
1576537256,0.002,4
1576537257,0.101,4
1576537258,0.066,4
1576537259,0.033,4
1576537260,0.707,4
1576537261,10.739,4
1576537262,81.374,4
1576537263,236.5,4
1576537264,251.053,4
1576537266,245.433,4
1576537267,241.815,4
1576537268,225.53,4
1576537270,59.951,4
1576537271,259.366,4
1576537272,261.482,4
1576537273,249.368,4
1576537274,245.272,4
1576537275,260.211,4
1576537276,242.474,4
1576537277,203.97,4
1576537279,221.042,4
1576537280,302.769,4
1576537282,149.906,4
1576537283,0.011,4
1576537284,0.011,4
1576537286,0.011,4
1576537290,0.011,4
1576537297,0.011,4
1576537314,0.011,4
1576537325,0.0015,4
1576537326,65.032,4
1576537327,84.705,4
1576537328,102.132,4
1576537329,99.44,4
1576537330,114.092,4
1576537331,121.114,4
1576537333,114.682,4
1576537334,109.448,4
1576537335,113.057,4
1576537336,117.211,4
1576537337,69.139,4
1576537338,0.001,4
1576537339,13.032,4
1576537340,23.997,4
1576537341,86.018,4
1576537343,131.866,4
1576537344,137.673,4
1576537345,137.872,4
1576537346,143.31,4
1576537347,133.499,4
1576537348,132.906,4
1576537349,123.24,4
1576537351,17.584,4
1576537352,17.584,4
1576537353,1.679,4
1576537354,84.485,4
1576537355,90.248,4
1576537356,103.098,4
1576537357,111.364,4
1576537358,126.965,4
1576537359,135.37,4
1576537361,134.52,4
1576537362,141.612,4
1576537363,133.11,4
1576537365,70.178,4
1576537366,0.002,4
1576537367,15.243,4
1576537368,19.244,4
1576537370,19.52,4
1576537371,19.854,4
1576537372,19.242,4
1576537373,18.804,4
1576537374,19.722,4
1576537375,19.743,4
1576537376,18.879,4
1576537377,20.449,4
1576537379,13.699,4
1576537380,0.002,4
1576537381,13.577,4
1576537382,26.985,4
1576537383,30.127,4
1576537384,28.829,4
1576537385,29.146,4
1576537386,27.957,4
1576537388,28.263,4
1576537389,28.955,4
1576537390,99.789,4
1576537391,105.025,4
1576537393,32.501,4
1576537394,16.356,4
1576537395,63.374,4
1576537396,101.787,4
1576537397,130.199,4
1576537398,122.401,4
1576537399,136.453,4
1576537401,109.722,4
1576537402,125.853,4
1576537403,112.491,4
1576537404,121.877,4
1576537405,105.647,4
1576537406,100.248,4
1576537407,0.001,4
1576537408,3.1805,4
1576537409,39.369,4
1576537411,110.869,4
1576537412,149.27,4
1576537413,124.896,4
1576537414,117.524,4
1576537415,108.77,4
1576537416,101.244,4
1576537417,136.521,4
1576537418,125.904,4
1576537419,114.823,4
1576537420,86.479,4
1576537421,0.001,4
1576537422,10.256,4
1576537423,19.954,4
1576537424,21.269,4
1576537425,12.123,4
1576537427,7.711,4
1576537428,10.694,4
1576537429,15.884,4
1576537430,11.356,4
1576537431,11.577,4
1576537432,8.308,4
1576537433,15.02,4
1576537434,7.451,4
1576537435,0.002,4
1576537436,15.816,4
1576537437,18.418,4
1576537439,26.862,4
1576537440,72.711,4
1576537441,73.496,4
1576537442,68.774,4
1576537443,68.033,4
1576537444,70.361,4
1576537445,68.583,4
1576537446,71.843,4
1576537450,6.817,4
1576537451,26.785,4
1576537452,28.489,4
1576537453,26.332,4
1576537454,27.618,4
1576537455,27.618,4
1576537456,27.554,4
1576537457,28.814,4
1576537458,27.483,4
1576537459,27.593,4
1576537460,23.937,4
1576537462,1.91,4
1576537463,1.91,4
1576537464,0.115,4
1576537465,4.617,4
1576537466,2.538,4
1576537467,2.525,4
1576537468,2.205,4
1576537469,2.653,4
1576537470,2.756,4
1576537472,1.989,4
1576537473,1.888,4
1576537474,0.894,4
1576537476,0.749,4
1576537477,0.002,4
1576537478,4.28,4
1576537479,2.47,4
1576537480,2.266,4
1576537481,0.512,4
1576537482,0.512,4
1576537483,0.513,4
1576537484,0.289,4
1576537485,4.711,4
1576537486,3.389,4
1576537487,7.521,4
1576537488,5.081,4
1576537491,0.5165,4
1576537492,1.75,4
1576537494,1.419,4
1576537495,0.737,4
1576537496,4.937,4
1576537497,9.634,4
1576537498,9.464,4
1576537499,9.305,4
1576537500,16.41,4
1576537501,6.191,4
1576537502,5.933,4
1576537504,7.141,4
1576537505,0.002,4
1576537506,3.751,4
1576537507,5.441,4
1576537508,5.457,4
1576537509,2.09,4
1576537510,1.775,4
1576537511,3.859,4
1576537512,7.011,4
1576537513,7.08,4
1576537514,7.08,4
1576537515,5.173,4
1576537516,23.171,4
1576537518,2.436,4
1576537519,1.363,4
1576537520,4.457,4
1576537522,10.816,4
1576537523,5.507,4
1576537524,6.47,4
1576537525,3.616,4
1576537526,4.529,4
1576537527,4.652,4
1576537528,6.797,4
1576537529,3.854,4
1576537532,4.999,4
1576537533,0.885,4
1576537534,4.321,4
1576537535,6.81,4
1576537536,4.935,4
1576537537,18.558,4
1576537538,18.558,4
1576537539,24.619,4
1576537540,25.177,4
1576537541,22.637,4
1576537542,31.645,4
1576537543,38.478,4
1576537544,46.081,4
1576537545,26.606,4
1576537547,0.002,4
1576537548,127.761,4
1576537549,274.468,4
1576537550,296.269,4
1576537551,185.71,4
1576537552,255.635,4
1576537553,268.975,4
1576537554,255.468,4
1576537555,276.025,4
1576537556,226.276,4
1576537557,276.018,4
1576537558,270.211,4
1576537559,73.448,4
1576537560,73.448,4
1576537561,0.003,4
1576537562,106.211,4
1576537563,247.19,4
1576537564,207.928,4
1576537565,293.016,4
1576537566,228.097,4
1576537567,178.464,4
1576537568,268.237,4
1576537569,197.354,4
1576537571,281.445,4
1576537572,295.267,4
1576537573,260.742,4
1576537575,9.423,4
1576537576,30.575,4
1576537577,32.284,4
1576537578,32.673,4
1576537579,32.627,4
1576537581,32.889,4
1576537582,33.207,4
1576537583,34.337,4
1576537584,33.777,4
1576537585,32.078,4
1576537587,3.662,4
1576537588,3.662,4
1576537589,3.388,4
1576537590,17.059,4
1576537591,17.881,4
1576537592,14.969,4
1576537593,17.531,4
1576537594,18.252,4
1576537595,17.172,4
1576537597,17.73,4
1576537598,20.175,4
1576537599,19.47,4
1576537601,5.632,4
1576537602,2.8175,4
1576537603,23.994,4
1576537604,26.087,4
1576537606,25.22,4
1576537607,25.184,4
1576537608,26.268,4
1576537609,22.215,4
1576537610,13.177,4
1576537611,11.095,4
1576537612,3.147,4
1576537615,4.367,4
1576537616,0.001,4
1576537617,2.143,4
1576537618,2.764,4
1576537619,2.607,4
1576537620,2.606,4
1576537621,2.938,4
1576537622,5.557,4
1576537624,7.732,4
1576537625,13.395,4
1576537626,14.805,4
1576537627,17.133,4
1576537628,18.957,4
1576537629,0.079,4
1576537630,2.924,4
1576537632,19.213,4
1576537633,19.234,4
1576537634,18.815,4
1576537635,18.186,4
1576537636,17.337,4
1576537637,19.224,4
1576537638,20.021,4
1576537640,19.587,4
1576537641,19.644,4
1576537643,1.836,4
1576537644,2.552,4
1576537645,19.682,4
1576537646,19.401,4
1576537647,20.394,4
1576537649,18.029,4
1576537650,20.21,4
1576537651,19.752,4
1576537652,20.802,4
1576537653,19.113,4
1576537654,20.759,4
1576537655,20.013,4
1576537656,20.013,4
1576537657,6.23,4
1576537658,0.002,4
1576537659,27.865,4
1576537660,31.661,4
1576537661,308.301,4
1576537662,408.658,4
1576537663,373.384,4
1576537664,456.818,4
1576537665,397.715,4
1576537666,377.612,4
1576537668,418.638,4
1576537669,391.48,4
1576537670,391.48,4
1576537671,1.326,4
1576537672,8.752,4
1576537673,31.943,4
1576537674,32.767,4
1576537675,32.491,4
1576537676,33.427,4
1576537678,101.53,4
1576537679,353.353,4
1576537680,408.277,4
1576537681,417.364,4
1576537682,385.433,4
1576537684,153.02,4
1576537685,0.002,4
1576537686,23.474,4
1576537687,26.249,4
1576537689,32.25,4
1576537690,30.652,4
1576537691,33.256,4
1576537692,34.687,4
1576537693,234.25,4
1576537694,334.219,4
1576537695,303.388,4
1576537696,377.777,4
1576537697,326.552,4
1576537700,16.349,4
1576537701,172.31,4
1576537702,364.184,4
1576537703,345.832,4
1576537704,341.335,4
1576537705,312.785,4
1576537706,347.182,4
1576537707,229.587,4
1576537708,389.835,4
1576537709,310.435,4
1576537710,284.521,4
1576537711,185.045,4
1576537712,0.001,4
1576537713,0.001,4
1576537714,9.034,4
1576537715,79.374,4
1576537716,256.758,4
1576537717,198.606,4
1576537718,218.224,4
1576537719,108.741,4
1576537720,30.237,4
1576537721,15.765,4
1576537722,2.374,4
1576537723,0.011,4
1576537726,0.329,4
1576537727,0.002,4
1576537728,127.169,4
1576537729,146.279,4
1576537730,133.0,4
1576537731,144.293,4
1576537733,148.954,4
1576537734,138.329,4
1576537735,136.461,4
1576537736,101.639,4
1576537737,87.48,4
1576537738,91.685,4
1576537739,51.059,4
1576537740,0.002,4
1576537741,0.002,4
1576537742,14.651,4
1576537743,26.357,4
1576537744,28.387,4
1576537745,30.116,4
1576537746,128.475,4
1576537747,183.901,4
1576537748,216.577,4
1576537750,178.666,4
1576537751,8.864,4
1576537752,11.357,4
1576537753,21.192,4
1576537755,0.667,4
1576537756,2.432,4
1576537757,6.407,4
1576537759,0.535,4
1576537760,1.818,4
1576537761,2.525,4
1576537762,1.005,4
1576537763,2.331,4
1576537764,5.081,4
1576537765,6.886,4
1576537766,4.586,4
1576537767,0.264,4
1576537769,0.055,4
1576537771,0.002,4
1576537772,3.28,4
1576537773,0.421,4
1576537775,4.238,4
1576537776,4.748,4
1576537777,2.096,4
1576537778,0.635,4
1576537779,3.501,4
1576537780,4.227,4
1576537781,6.882,4
1576537782,3.114,4
1576537783,3.114,4
1576537784,2.296,4
1576537785,0.002,4
1576537786,10.299,4
1576537787,25.703,4
1576537788,31.67,4
1576537789,37.446,4
1576537790,25.341,4
1576537791,15.491,4
1576537792,6.524,4
1576537793,3.749,4
1576537795,2.577,4
1576537796,4.26,4
1576537797,3.096,4
1576537799,1.017,4
1576537800,20.756,4
1576537801,23.399,4
1576537802,17.38,4
1576537803,14.343,4
1576537804,18.761,4
1576537806,9.874,4
1576537807,9.445,4
1576537808,18.959,4
1576537809,9.405,4
1576537810,11.7,4
1576537811,5.63,4
1576537812,0.001,4
1576537813,4.504,4
1576537814,8.152,4
1576537816,9.607,4
1576537817,11.337,4
1576537818,6.898,4
1576537819,9.681,4
1576537820,9.53,4
1576537821,8.18,4
1576537822,8.436,4
1576537823,9.207,4
1576537825,0.54,4
1576537826,0.54,4
1576537827,0.114,4
1576537828,9.718,4
1576537829,9.381,4
1576537830,9.752,4
1576537831,11.38,4
1576537832,11.556,4
1576537833,11.885,4
1576537834,7.898,4
1576537835,10.333,4
1576537836,13.85,4
1576537839,16.207,4
1576537841,5.026,4
1576537842,24.051,4
1576537843,34.772,4
1576537844,26.392,4
1576537845,22.016,4
1576537846,13.719,4
1576537847,16.706,4
1576537849,17.661,4
1576537850,18.012,4
1576537851,17.906,4
1576537853,4.697,4
1576537854,0.002,4
1576537855,9.487,4
1576537856,34.765,4
1576537857,59.136,4
1576537858,73.967,4
1576537860,63.63,4
1576537861,68.696,4
1576537862,45.927,4
1576537863,35.807,4
1576537864,34.446,4
1576537865,24.509,4
1576537866,17.542,4
1576537868,1.3405,4
1576537870,16.742,4
1576537871,17.137,4
1576537872,12.113,4
1576537873,12.49,4
1576537874,13.95,4
1576537875,12.704,4
1576537876,12.724,4
1576537877,16.709,4
1576537878,11.872,4
1576537879,19.441,4
1576537881,9.167,4
1576537882,0.002,4
1576537883,6.873,4
1576537884,29.567,4
1576537885,14.648,4
1576537886,17.982,4
1576537887,15.577,4
1576537888,14.198,4
1576537889,12.742,4
1576537890,10.815,4
1576537892,12.843,4
1576537893,12.479,4
1576537895,2.564,4
1576537896,1.584,4
1576537897,14.764,4
1576537898,12.701,4
1576537899,9.569,4
1576537900,24.022,4
1576537901,45.158,4
1576537903,5.193,4
1576537904,14.792,4
1576537905,19.006,4
1576537906,24.387,4
1576537907,16.647,4
1576537908,9.12,4
1576537909,0.001,4
1576537910,1.7025,4
1576537911,10.145,4
1576537913,11.392,4
1576537914,18.669,4
1576537915,9.856,4
1576537916,11.969,4
1576537917,15.915,4
1576537918,13.139,4
1576537919,12.562,4
1576537920,15.342,4
1576537921,9.195,4
1576537922,2.454,4
1576537924,0.002,4
1576537925,6.611,4
1576537926,6.259,4
1576537927,8.556,4
1576537928,11.946,4
1576537929,10.854,4
1576537930,13.524,4
1576537931,12.687,4
1576537932,15.226,4
1576537934,13.194,4
1576537935,16.164,4
1576537936,11.512,4
1576537938,0.7055,4
1576537939,5.754,4
1576537940,6.355,4
1576537941,8.09,4
1576537943,9.486,4
1576537944,9.118,4
1576537945,4.736,4
1576537946,5.147,4
1576537947,8.676,4
1576537948,11.611,4
1576537949,12.089,4
1576537950,6.556,4
1576537951,0.002,4
1576537953,11.187,4
1576537954,18.157,4
1576537955,14.748,4
1576537956,13.225,4
1576537957,13.9,4
1576537958,0.658,4
1576537959,2.038,4
1576596759,0.1,5
1576596761,0.001,5
1576596762,0.035,5
1576596764,0.0015,5
1576596766,16.549,5
1576596767,19.279,5
1576596768,17.878,5
1576596769,18.342,5
1576596770,10.497,5
1576596771,9.725,5
1576596772,14.416,5
1576596773,17.25,5
1576596775,17.115,5
1576596777,10.668,5
1576596778,0.002,5
1576596779,10.364,5
1576596780,16.479,5
1576596781,15.156,5
1576596783,10.556,5
1576596784,10.109,5
1576596785,9.674,5
1576596786,9.269,5
1576596787,7.114,5
1576596788,8.764,5
1576596789,12.08,5
1576596791,12.36,5
1576596792,0.001,5
1576596793,5.778,5
1576596794,12.425,5
1576596795,13.345,5
1576596796,10.852,5
1576596797,12.182,5
1576596799,16.841,5
1576596800,17.177,5
1576596801,16.309,5
1576596802,21.743,5
1576596803,26.738,5
1576596804,20.695,5
1576596806,2.921,5
1576596808,20.516,5
1576596809,28.001,5
1576596810,30.943,5
1576596811,22.762,5
1576596812,24.395,5
1576596813,28.006,5
1576596814,26.317,5
1576596815,33.219,5
1576596816,23.606,5
1576596819,5.599,5
1576596820,0.002,5
1576596821,13.114,5
1576596822,15.409,5
1576596823,16.474,5
1576596824,14.233,5
1576596826,14.351,5
1576596827,10.874,5
1576596828,15.46,5
1576596829,14.661,5
1576596830,16.303,5
1576596831,12.128,5
1576596832,9.916,5
1576596835,9.016,5
1576596836,12.407,5
1576596837,11.229,5
1576596838,11.093,5
1576596839,9.592,5
1576596840,10.109,5
1576596841,8.739,5
1576596842,10.462,5
1576596844,10.132,5
1576596845,8.968,5
1576596847,0.187,5
1576596848,0.305,5
1576596849,16.165,5
1576596852,14.401,5
1576596853,17.158,5
1576596854,16.087,5
1576596855,14.84,5
1576596856,15.746,5
1576596857,9.996,5
1576596858,9.236,5
1576596859,7.94,5
1576596861,3.95,5
1576596862,0.002,5
1576596863,16.904,5
1576596864,16.004,5
1576596865,16.375,5
1576596866,15.993,5
1576596867,17.45,5
1576596868,11.031,5
1576596870,5.986,5
1576596871,13.187,5
1576596872,15.543,5
1576596873,16.109,5
1576596874,12.367,5
1576596875,0.001,5
1576596876,4.3115,5
1576596878,18.054,5
1576596879,19.148,5
1576596880,17.829,5
1576596881,14.5,5
1576596882,10.669,5
1576596883,15.276,5
1576596884,11.335,5
1576596885,11.273,5
1576596887,9.744,5
1576596890,3.994,5
1576596891,14.404,5
1576596892,10.894,5
1576596893,15.1,5
1576596895,10.242,5
1576596896,14.312,5
1576596897,14.917,5
1576596898,13.518,5
1576596899,12.052,5
1576596900,12.822,5
1576596901,18.699,5
1576596902,7.15,5
1576596903,0.002,5
1576596905,13.431,5
1576596906,16.695,5
1576596907,12.95,5
1576596908,12.803,5
1576596909,8.019,5
1576596910,7.474,5
1576596911,7.782,5
1576596912,10.411,5
1576596914,10.013,5
1576596915,8.953,5
1576596916,8.6275,5
1576596918,9.069,5
1576596919,17.379,5
1576596920,14.631,5
1576596921,15.649,5
1576596923,17.049,5
1576596924,9.343,5
1576596925,14.513,5
1576596926,12.88,5
1576596927,10.042,5
1576596928,11.875,5
1576596930,0.713,5
1576596931,0.713,5
1576596932,1.587,5
1576596933,13.289,5
1576596934,11.379,5
1576596935,11.358,5
1576596936,12.658,5
1576596937,17.479,5
1576596938,19.37,5
1576596939,21.486,5
1576596941,17.943,5
1576596942,15.815,5
1576596944,5.792,5
1576596945,0.002,5
1576596946,11.759,5
1576596947,14.238,5
1576596949,13.01,5
1576596950,15.035,5
1576596951,12.637,5
1576596952,10.915,5
1576596953,15.607,5
1576596954,23.146,5
1576596955,29.423,5
1576596956,15.061,5
1576596958,5.943,5
1576596959,0.001,5
1576596960,6.343,5
1576596961,13.934,5
1576596962,11.733,5
1576596963,14.217,5
1576596964,9.594,5
1576596965,8.684,5
1576596967,9.539,5
1576596968,7.49,5
1576596969,11.807,5
1576596970,12.333,5
1576596971,11.3,5
1576596973,2.5985,5
1576596975,14.155,5
1576596976,13.321,5
1576596977,8.293,5
1576596978,8.55,5
1576596979,14.052,5
1576596980,19.466,5
1576596981,19.695,5
1576596982,19.624,5
1576596984,22.435,5
1576596986,2.059,5
1576596987,1.0315,5
1576596988,17.543,5
1576596989,19.923,5
1576596990,23.001,5
1576596992,16.065,5
1576596993,11.705,5
1576596994,10.862,5
1576596995,12.929,5
1576596996,18.961,5
1576596997,12.211,5
1576596998,13.153,5
1576597000,3.377,5
1576597001,0.002,5
1576597002,11.019,5
1576597003,7.19,5
1576597004,10.157,5
1576597005,8.287,5
1576597006,4.753,5
1576597007,6.686,5
1576597009,4.381,5
1576597010,8.365,5
1576597011,9.879,5
1576597012,13.66,5
1576597013,8.586,5
1576597014,0.001,5
1576597015,3.031,5
1576597017,13.889,5
1576597018,11.73,5
1576597019,11.158,5
1576597020,9.157,5
1576597021,9.503,5
1576597022,11.49,5
1576597023,11.7,5
1576597024,9.576,5
1576597026,8.41,5
1576597029,5.035,5
1576597030,10.358,5
1576597031,9.144,5
1576597033,7.13,5
1576597034,7.301,5
1576597035,6.878,5
1576597036,4.769,5
1576597037,7.773,5
1576597038,10.828,5
1576597039,15.01,5
1576597041,9.25,5
1576597042,0.231,5
1576597043,2.336,5
1576597044,11.225,5
1576597045,9.009,5
1576597046,10.675,5
1576597047,11.324,5
1576597049,9.446,5
1576597050,9.822,5
1576597051,7.482,5
1576597052,9.065,5
1576597053,12.368,5
1576597055,2.418,5
1576597056,2.418,5
1576597057,0.781,5
1576597058,17.166,5
1576597059,12.259,5
1576597060,10.088,5
1576597061,10.421,5
1576597062,11.135,5
1576597063,16.062,5
1576597064,18.885,5
1576597065,18.885,5
1576597066,16.582,5
1576597067,13.983,5
1576597069,5.27,5
1576597070,0.002,5
1576597071,15.69,5
1576597072,19.928,5
1576597073,19.928,5
1576597074,26.261,5
1576597075,20.968,5
1576597076,22.575,5
1576597077,18.017,5
1576597078,17.801,5
1576597079,11.226,5
1576597080,8.208,5
1576597081,12.225,5
1576597082,12.225,5
1576597083,13.8,5
1576597085,8.287,5
1576597086,16.769,5
1576597087,15.826,5
1576597088,10.644,5
1576597089,10.218,5
1576597090,14.116,5
1576597092,20.961,5
1576597093,18.545,5
1576597094,24.012,5
1576597095,16.821,5
1576597096,18.688,5
1576597098,1.387,5
1576597100,15.605,5
1576597101,13.391,5
1576597102,15.286,5
1576597103,16.29,5
1576597104,17.26,5
1576597105,16.635,5
1576597106,14.891,5
1576597107,12.856,5
1576597109,15.801,5
1576597111,4.958,5
1576597112,2.48,5
1576597113,17.044,5
1576597114,17.542,5
1576597115,17.571,5
1576597117,16.559,5
1576597118,17.578,5
1576597119,17.498,5
1576597120,16.73,5
1576597121,16.2,5
1576597122,17.838,5
1576597123,17.835,5
1576597124,10.883,5
1576597126,0.002,5
1576597127,12.192,5
1576597128,18.119,5
1576597129,18.832,5
1576597130,20.22,5
1576597131,19.853,5
1576597132,17.442,5
1576597134,18.217,5
1576597135,18.222,5
1576597136,17.503,5
1576597137,16.269,5
1576597138,17.121,5
1576597142,18.62,5
1576597143,53.62,5
1576597144,60.975,5
1576597145,60.924,5
1576597146,60.302,5
1576597147,57.068,5
1576597148,56.905,5
1576597149,60.754,5
1576597151,56.445,5
1576597152,60.696,5
1576597153,1.627,5
1576597154,1.277,5
1576597155,19.508,5
1576597156,72.804,5
1576597157,120.983,5
1576597158,123.791,5
1576597160,149.012,5
1576597161,156.387,5
1576597162,173.74,5
1576597163,175.466,5
1576597164,154.065,5
1576597165,156.733,5
1576597166,122.177,5
1576597167,0.001,5
1576597168,13.539,5
1576597170,20.261,5
1576597171,16.815,5
1576597172,19.213,5
1576597173,57.135,5
1576597174,119.156,5
1576597175,124.961,5
1576597176,111.751,5
1576597177,110.472,5
1576597179,116.164,5
1576597180,119.165,5
1576597182,2.686,5
1576597183,15.076,5
1576597184,13.873,5
1576597185,15.172,5
1576597186,15.218,5
1576597188,11.896,5
1576597189,13.204,5
1576597190,11.529,5
1576597191,20.147,5
1576597192,51.024,5
1576597193,79.171,5
1576597194,25.597,5
1576597195,12.965,5
1576597197,13.877,5
1576597198,13.582,5
1576597199,33.863,5
1576597200,51.646,5
1576597201,60.69,5
1576597202,39.258,5
1576597203,46.676,5
1576597204,45.108,5
1576597206,28.812,5
1576597207,69.275,5
1576597208,33.666,5
1576597209,0.002,5
1576597210,11.918,5
1576597211,18.663,5
1576597212,15.708,5
1576597214,14.195,5
1576597215,15.618,5
1576597216,16.396,5
1576597217,15.746,5
1576597218,17.104,5
1576597219,16.278,5
1576597220,16.338,5
1576597222,12.552,5
1576597223,0.001,5
1576597224,9.284,5
1576597225,19.643,5
1576597226,18.514,5
1576597227,17.52,5
1576597228,16.929,5
1576597230,20.978,5
1576597231,85.325,5
1576597232,92.449,5
1576597233,85.573,5
1576597234,90.633,5
1576597235,88.447,5
1576597237,0.8945,5
1576597238,13.588,5
1576597240,13.549,5
1576597241,13.41,5
1576597242,12.515,5
1576597243,13.788,5
1576597244,54.506,5
1576597245,144.928,5
1576597246,167.208,5
1576597247,172.569,5
1576597248,170.703,5
1576597250,92.456,5
1576597251,0.002,5
1576597252,0.846,5
1576597253,2.438,5
1576597254,1.497,5
1576597255,1.192,5
1576597256,0.832,5
1576597258,0.964,5
1576597259,6.419,5
1576597260,7.978,5
1576597261,11.363,5
1576597262,8.492,5
1576597263,9.56,5
1576597265,1.0735,5
1576597266,15.857,5
1576597267,22.786,5
1576597269,28.727,5
1576597270,34.503,5
1576597271,43.382,5
1576597272,37.517,5
1576597273,45.451,5
1576597274,33.667,5
1576597275,32.089,5
1576597276,11.632,5
1576597277,4.961,5
1576597280,6.411,5
1576597281,9.355,5
1576597282,8.991,5
1576597283,9.674,5
1576597284,8.036,5
1576597285,8.757,5
1576597286,4.284,5
1576597287,6.205,5
1576597288,7.296,5
1576597290,15.034,5
1576597291,10.461,5
1576597292,0.957,5
1576597293,0.5365,5
1576597294,8.494,5
1576597295,8.655,5
1576597296,7.417,5
1576597297,7.769,5
1576597298,8.61,5
1576597299,8.951,5
1576597300,8.574,5
1576597302,8.062,5
1576597303,8.459,5
1576597304,9.165,5
1576597305,8.162,5
1576597307,4.259,5
1576597308,9.997,5
1576597309,9.821,5
1576597310,7.939,5
1576597312,5.9,5
1576597313,1.194,5
1576597314,0.033,5
1576597315,0.76,5
1576597316,2.892,5
1576597317,5.196,5
1576597319,1.202,5
1576597320,0.6025,5
1576597322,7.661,5
1576597323,8.892,5
1576597324,8.123,5
1576597325,11.021,5
1576597326,9.731,5
1576597327,5.89,5
1576597328,5.422,5
1576597329,2.395,5
1576597331,7.271,5
1576597333,4.185,5
1576597334,0.001,5
1576597335,3.699,5
1576597336,6.646,5
1576597337,5.412,5
1576597338,8.898,5
1576597339,6.412,5
1576597340,7.345,5
1576597342,5.566,5
1576597343,1.95,5
1576597344,5.38,5
1576597345,7.764,5
1576597347,2.03,5
1576597348,1.0165,5
1576597349,8.123,5
1576597350,16.741,5
1576597351,11.2285,5
1576597353,11.329,5
1576597354,14.009,5
1576597355,11.377,5
1576597356,11.259,5
1576597357,0.022,5
1576597358,10.726,5
1576597359,11.326,5
1576597360,20.51,5
1576597363,2.934,5
1576597364,8.683,5
1576597365,8.454,5
1576597366,9.279,5
1576597367,16.117,5
1576597368,26.794,5
1576597369,16.527,5
1576597370,12.336,5
1576597371,15.411,5
1576597373,16.375,5
1576597375,6.238,5
1576597376,0.003,5
1576597377,5.286,5
1576597378,5.937,5
1576597379,8.475,5
1576597381,5.94,5
1576597382,5.082,5
1576597383,7.009,5
1576597384,7.249,5
1576597385,6.655,5
1576597386,5.714,5
1576597387,11.009,5
1576597388,11.915,5
1576597390,2.546,5
1576597392,23.37,5
1576597393,42.006,5
1576597394,16.444,5
1576597395,25.054,5
1576597396,33.752,5
1576597397,19.428,5
1576597398,36.536,5
1576597399,34.805,5
1576597400,21.38,5
1576597401,20.348,5
1576597403,6.329,5
1576597404,0.002,5
1576597405,6.256,5
1576597406,8.518,5
1576597407,6.883,5
1576597408,4.231,5
1576597409,7.166,5
1576597410,6.546,5
1576597411,3.263,5
1576597412,3.688,5
1576597414,6.765,5
1576597415,11.127,5
1576597416,12.791,5
1576597418,1.776,5
1576597419,7.605,5
1576597420,7.001,5
1576597422,5.74,5
1576597424,7.376,5
1576597425,6.585,5
1576597426,5.296,5
1576597427,14.42,5
1576597428,7.329,5
1576597429,9.316,5
1576597430,0.363,5
1576597431,0.002,5
1576597432,4.904,5
1576597434,15.517,5
1576597435,18.896,5
1576597436,10.581,5
1576597437,12.937,5
1576597438,23.557,5
1576597439,21.929,5
1576597440,19.471,5
1576597442,19.737,5
1576597445,0.421,5
1576597446,1.371,5
1576597447,8.907,5
1576597448,15.887,5
1576597449,23.438,5
1576597450,11.755,5
1576597451,13.413,5
1576597452,5.667,5
1576597453,5.959,5
1576597455,3.879,5
1576597456,4.078,5
1576597458,4.99,5
1576597459,0.002,5
1576597460,4.291,5
1576597461,7.115,5
1576597462,6.632,5
1576597463,9.431,5
1576597465,10.161,5
1576597466,8.18,5
1576597467,9.177,5
1576597468,7.957,5
1576597469,12.009,5
1576597470,12.496,5
1576597472,2.258,5
1576597473,1.2525,5
1576597474,10.232,5
1576597476,15.305,5
1576597477,20.391,5
1576597478,21.803,5
1576597479,15.884,5
1576597480,10.662,5
1576597481,11.628,5
1576597482,7.433,5
1576597486,6.356,5
1576597487,0.001,5
1576597488,2.95,5
1576597489,8.211,5
1576597490,6.586,5
1576597491,8.879,5
1576597492,7.63,5
1576597493,10.063,5
1576597494,16.078,5
1576597496,20.317,5
1576597497,23.486,5
1576597498,23.205,5
1576597499,22.114,5
1576597500,8.185,5
1576597501,4.0935,5
1576597502,8.706,5
1576597503,11.396,5
1576597504,10.621,5
1576597505,10.9315,5
1576597507,8.381,5
1576597508,5.431,5
1576597509,7.013,5
1576597510,9.424,5
1576597511,7.711,5
1576597512,8.104,5
1576597513,8.659,5
1576597515,1.0265,5
1576597516,10.315,5
1576597518,9.572,5
1576597519,5.975,5
1576597520,7.282,5
1576597521,12.048,5
1576597522,12.385,5
1576597523,11.63,5
1576597524,12.292,5
1576597525,15.842,5
1576597526,18.306,5
1576597527,13.593,5
1576597529,0.001,5
1576597530,7.713,5
1576597531,10.532,5
1576597532,14.377,5
1576597533,18.263,5
1576597534,15.498,5
1576597535,18.195,5
1576597536,21.423,5
1576597537,24.534,5
1576597539,21.336,5
1576597540,24.063,5
1576597542,2.072,5
1576597543,1.0375,5
1576597544,6.933,5
1576597545,7.116,5
1576597546,9.725,5
1576597547,11.598,5
1576597548,17.454,5
1576597550,20.983,5
1576597551,21.951,5
1576597552,19.266,5
1576597553,18.423,5
1576597554,9.029,5
1576597555,10.198,5
1576597557,3.3735,5
1576597559,9.757,5
1576597560,11.422,5
1576597561,10.717,5
1576597562,12.235,5
1576597563,11.188,5
1576597564,15.777,5
1576597565,15.362,5
1576597566,15.383,5
1576597567,16.122,5
1576597570,1.467,5
1576597571,0.115,5
1576597572,9.357,5
1576597573,10.892,5
1576597574,10.956,5
1576597575,10.963,5
1576597576,11.536,5
1576597577,10.584,5
1576597578,12.023,5
1576597580,12.465,5
1576597581,11.972,5
1576597582,10.859,5
1576597583,9.607,5
1576597585,4.101,5
1576597586,20.859,5
1576597587,25.297,5
1576597588,27.491,5
1576597590,22.105,5
1576597591,12.683,5
1576597592,13.069,5
1576597593,8.571,5
1576597594,6.481,5
1576597595,9.223,5
1576597597,2.258,5
1576597598,0.002,5
1576597599,6.825,5
1576597601,12.052,5
1576597602,9.423,5
1576597603,3.835,5
1576597604,11.349,5
1576597605,5.08,5
1576597606,6.271,5
1576597607,7.367,5
1576597608,9.571,5
1576597609,10.355,5
1576597611,11.956,5
1576597612,1.271,5
1576597613,0.779,5
1576597614,9.001,5
1576597615,5.173,5
1576597616,7.415,5
1576597617,6.436,5
1576597618,7.934,5
1576597619,10.059,5
1576597620,9.115,5
1576597621,12.27,5
1576597622,5.758,5
1576597625,8.54,5
1576597626,0.001,5
1576597627,2.225,5
1576597628,5.767,5
1576597629,7.573,5
1576597630,7.849,5
1576597631,10.858,5
1576597632,14.594,5
1576597634,15.613,5
1576597635,14.757,5
1576597636,12.738,5
1576597637,14.18,5
1576597639,9.343,5
1576597640,0.002,5
1576597642,6.454,5
1576597643,11.859,5
1576597645,6.67,5
1576597646,12.42,5
1576597647,11.926,5
1576597648,11.79,5
1576597649,12.045,5
1576597650,11.789,5
1576597651,12.004,5
1576597654,0.2065,5
1576597655,10.913,5
1576597656,10.913,5
1576597657,6.548,5
1576597658,10.966,5
1576597659,6.339,5
1576597660,10.327,5
1576597661,14.091,5
1576597662,10.503,5
1576597663,8.65,5
1576597664,5.149,5
1576597665,2.617,5
1576597666,4.011,5
1576597669,3.56,5
1576597670,6.942,5
1576597671,11.647,5
1576597672,13.499,5
1576597673,18.318,5
1576597674,7.679,5
1576597675,12.375,5
1576597676,6.868,5
1576597677,6.027,5
1576597679,6.968,5
1576597681,3.478,5
1576597682,0.002,5
1576597683,7.6,5
1576597684,11.234,5
1576597685,11.913,5
1576597686,19.959,5
1576597687,24.196,5
1576597689,19.783,5
1576597690,15.977,5
1576597691,19.316,5
1576597692,9.254,5
1576597693,19.458,5
1576597694,19.991,5
1576597696,1.253,5
1576597697,16.8,5
1576597698,16.8,5
1576597699,14.568,5
1576597700,10.712,5
1576597701,8.759,5
1576597702,12.176,5
1576597703,9.528,5
1576597704,11.239,5
1576597705,11.628,5
1576597706,13.13,5
1576597707,12.937,5
1576597708,8.601,5
1576597710,0.002,5
1576597711,5.431,5
1576597712,9.789,5
1576597713,7.707,5
1576597714,7.03,5
1576597715,5.479,5
1576597716,8.951,5
1576597719,8.513,5
1576597720,8.414,5
1576597721,12.151,5
1576597724,3.418,5
1576597725,7.789,5
1576597726,12.75,5
1576597727,11.307,5
1576597728,10.773,5
1576597730,7.053,5
1576597731,6.195,5
1576597732,9.538,5
1576597733,10.339,5
1576597734,11.493,5
1576597735,6.652,5
1576597736,3.85,5
1576597737,0.002,5
1576597738,4.736,5
1576597739,7.2485,5
1576597741,9.309,5
1576597742,5.065,5
1576597743,7.453,5
1576597744,9.817,5
1576597745,9.367,5
1576597746,9.437,5
1576597747,6.592,5
1576597748,5.973,5
1576597749,8.931,5
1576597750,1.912,5
1576597751,0.002,5
1576597752,0.002,5
1576597753,8.905,5
1576597754,8.177,5
1576597755,3.864,5
1576597756,7.643,5
1576597757,9.952,5
1576597758,3.435,5
1576597759,14.124,5
1576597760,16.281,5
1576597761,16.421,5
1576597762,16.421,5
1576597763,7.963,5
1576597764,4.803,5
1576597766,1.518,5
1576597767,7.5,5
1576597768,5.896,5
1576597769,8.183,5
1576597770,14.629,5
1576597771,13.6985,5
1576597772,6.071,5
1576597774,3.884,5
1576597775,4.9,5
1576597776,3.901,5
1576597778,6.1615,5
1576597779,0.001,5
1576597780,4.381,5
1576597781,7.583,5
1576597782,7.829,5
1576597784,8.947,5
1576597785,8.593,5
1576597786,5.869,5
1576597787,5.438,5
1576597788,8.812,5
1576597789,10.322,5
1576597790,9.756,5
1576597792,1.428,5
1576597793,0.7155,5
1576597795,7.409,5
1576597796,8.256,5
1576597797,9.586,5
1576597798,8.549,5
1576597799,9.565,5
1576597800,8.194,5
1576597801,8.817,5
1576597802,9.653,5
1576597803,8.437,5
1576597804,6.293,5
1576597806,6.424,5
1576597808,2.891,5
1576597809,7.474,5
1576597810,6.015,5
1576597811,3.11,5
1576597812,6.889,5
1576597813,4.744,5
1576597814,7.234,5
1576597815,4.656,5
1576597817,6.687,5
1576597818,6.677,5
1576597820,3.853,5
1576597821,0.002,5
1576597822,6.348,5
1576597823,5.143,5
1576597824,5.041,5
1576597825,5.845,5
1576597827,4.825,5
1576597828,5.955,5
1576597829,4.295,5
1576597830,4.865,5
1576597831,2.66,5
1576597832,4.599,5
1576597833,1.039,5
1576597835,0.7603333333333334,5
1576597837,2.124,5
1576597838,1.413,5
1576597839,2.546,5
1576597841,0.564,5
1576597842,2.892,5
1576597843,0.022,5
1576597844,3.485,5
1576597845,6.7845,5
1576597848,3.057,5
1576597849,0.002,5
1576597850,15.249,5
1576597851,18.293,5
1576597852,21.534,5
1576597853,20.538,5
1576597854,17.158,5
1576597855,19.209,5
1576597857,17.999,5
1576597858,17.717,5
1576597859,18.468,5
1576597860,16.134,5
1576597861,20.265,5
1576597863,1.2825,5
1576597864,16.333,5
1576597865,15.077,5
1576597867,19.498,5
1576597868,17.778,5
1576597869,16.877,5
1576597870,19.909,5
1576597871,19.53,5
1576597872,18.439,5
1576597873,18.776,5
1576597874,15.912,5
1576597875,4.284,5
1576597876,0.002,5
1576597877,0.002,5
1576597878,8.434,5
1576597879,12.573,5
1576597880,14.423,5
1576597881,18.301,5
1576597882,8.605,5
1576597883,6.065,5
1576597884,7.775,5
1576597885,2.946,5
1576597887,4.861,5
1576597888,9.042,5
1576597889,13.234,5
1576597891,10.35,5
1576597892,26.912,5
1576597893,31.717,5
1576597894,31.74,5
1576597896,33.324,5
1576597897,29.591,5
1576597898,29.161,5
1576597899,28.797,5
1576597900,27.332,5
1576597901,28.24,5
1576597903,15.6715,5
1576597904,0.948,5
1576597905,1.056,5
1576597906,20.136,5
1576597907,19.952,5
1576597908,20.874,5
1576597909,21.268,5
1576597910,18.458,5
1576597911,21.05,5
1576597914,20.311,5
1576597915,20.904,5
1576597917,10.757,5
1576597918,0.002,5
1576597919,22.98,5
1576597920,32.325,5
1576597921,32.608,5
1576597923,31.979,5
1576597924,29.234,5
1576597925,30.808,5
1576597926,24.308,5
1576597927,12.668,5
1576597928,12.012,5
1576597929,20.661,5
1576597930,18.623,5
1576597932,0.001,5
1576597933,5.422,5
1576597934,8.301,5
1576597935,5.374,5
1576597936,5.675,5
1576597937,9.205,5
1576597938,9.141,5
1576597939,5.307,5
1576597941,0.187,5
1576597942,0.011,5
1576597943,2.269,5
1576597945,0.044,5
1576597946,0.5385,5
1576597947,16.979,5
1576597948,21.434,5
1576597950,22.853,5
1576597951,23.206,5
1576597952,22.096,5
1576597953,22.758,5
1576597954,79.209,5
1576597955,151.047,5
1576597956,189.308,5
1576597957,236.126,5
1576597958,202.33,5
1576597959,0.002,5
1576597960,0.002,5
1576597961,12.531,5
1576597962,19.587,5
1576597963,22.0,5
1576597964,26.119,5
1576597965,145.977,5
1576597966,297.948,5
1576597967,356.097,5
1576597968,297.019,5
1576597969,297.019,5
1576597970,335.63,5
1576597971,13.696,5
1576597974,0.5115,5
1576597975,9.296,5
1576597976,10.99,5
1576597977,9.04,5
1576597979,11.791,5
1576597980,10.634,5
1576597981,11.326,5
1576597982,10.287,5
1576597983,10.05,5
1576597984,10.696,5
1576597985,8.019,5
1576597986,4.821,5
1576597987,0.003,5
1576597988,0.2945,5
1576597990,5.897,5
1576597991,8.449,5
1576597992,9.421,5
1576597993,9.719,5
1576597994,8.159,5
1576597995,8.42,5
1576597996,6.628,5
1576597997,6.9,5
1576597998,8.777,5
1576597999,8.823,5
1576598001,5.11,5
1576598002,0.002,5
1576598003,7.23,5
1576598004,10.299,5
1576598005,7.859,5
1576598006,7.684,5
1576598007,18.63,5
1576598008,17.033,5
1576598009,16.405,5
1576598011,15.824,5
1576598012,20.123,5
1576598013,18.713,5
1576598014,11.719,5
1576598016,0.642,5
1576598017,6.274,5
1576598018,8.126,5
1576598019,9.998,5
1576598021,4.781,5
1576598022,3.571,5
1576598023,8.406,5
1576598024,3.418,5
1576598025,0.287,5
1576598026,0.487,5
1576598027,3.228,5
1576598029,2.405,5
1576598030,0.003,5
1576598031,21.606,5
1576598032,32.479,5
1576598033,26.087,5
1576598034,28.483,5
1576598035,16.438,5
1576598036,21.642,5
1576598037,24.019,5
1576598038,22.858,5
1576598040,7.687,5
1576598041,20.239,5
1576598042,8.134,5
1576598043,5.04,5
1576598044,2.805,5
1576598045,6.683,5
1576598046,4.927,5
1576598047,7.081,5
1576598048,4.045,5
1576598050,3.662,5
1576598051,5.321,5
1576598052,3.587,5
1576598053,7.437,5
1576598054,0.648,5
1576598056,26.267,5
1576598057,0.002,5
1576598058,22.006,5
1576598059,28.149,5
1576598061,28.14,5
1576598062,27.116,5
1576598063,49.423,5
1576598064,164.933,5
1576598065,178.008,5
1576598066,161.592,5
1576598067,174.864,5
1576598068,53.624,5
1576598069,6.593,5
1576598073,0.001,5
1576598074,2.768,5
1576598075,7.489,5
1576598076,7.573,5
1576598077,11.93,5
1576598078,18.227,5
1576598079,19.016,5
1576598081,27.52,5
1576598082,15.373,5
1576598083,7.603,5
1576598084,8.026,5
1576598086,6.924,5
1576598087,3.463,5
1576598088,11.256,5
1576598089,11.167,5
1576598090,17.105,5
1576598092,17.407,5
1576598093,11.011,5
1576598094,7.625,5
1576598095,13.493,5
1576598096,13.729,5
1576598097,15.399,5
1576598098,18.461,5
1576598099,7.796,5
1576598100,0.001,5
1576598101,0.001,5
1576598102,2.021,5
1576598103,6.076,5
1576598104,6.344,5
1576598105,5.612,5
1576598106,6.065,5
1576598107,7.226,5
1576598108,6.865,5
1576598109,9.036,5
1576598110,8.186,5
1576598111,14.248,5
1576598114,9.167,5
1576598115,4.585,5
1576598116,5.195,5
1576598117,8.564,5
1576598118,8.625,5
1576598119,10.004,5
1576598120,10.417,5
1576598122,10.481,5
1576598123,10.161,5
1576598124,17.09,5
1576598125,24.767,5
1576598126,28.765,5
1576598127,29.81,5
1576598128,0.001,5
1576598129,1.749,5
1576598130,16.322,5
1576598132,24.498,5
1576598133,31.14,5
1576598134,39.412,5
1576598135,28.952,5
1576598136,33.256,5
1576598137,22.98,5
1576598138,26.245,5
1576598139,23.305,5
1576598141,27.373,5
1576598142,12.844,5
1576598143,6.4235,5
1576598144,11.847,5
1576598145,18.685,5
1576598146,33.982,5
1576598147,38.004,5
1576598148,40.442,5
1576598149,28.261,5
1576598151,21.65,5
1576598152,23.977,5
1576598153,11.739,5
1576598154,12.589,5
1576598155,2.829,5
1576598156,0.807,5
1576598157,5.642,5
1576598158,28.547,5
1576598160,25.764,5
1576598161,89.668,5
1576598162,178.745,5
1576598163,184.604,5
1576598164,202.839,5
1576598165,195.761,5
1576598166,188.645,5
1576598167,214.287,5
1576598168,188.814,5
1576598170,21.725,5
1576598171,2.556,5
1576598172,20.252,5
1576598173,27.972,5
1576598174,27.309,5
1576598175,28.619,5
1576598176,29.898,5
1576598178,28.346,5
1576598179,29.244,5
1576598180,28.837,5
1576598181,29.383,5
1576598183,13.862,5
1576598184,0.002,5
1576598185,20.148,5
1576598187,20.883,5
1576598188,22.548,5
1576598189,22.741,5
1576598190,24.106,5
1576598191,107.174,5
1576598192,199.349,5
1576598193,200.663,5
1576598194,218.712,5
1576598195,228.081,5
1576598197,155.249,5
1576598199,72.61,5
1576598200,198.584,5
1576598201,212.749,5
1576598202,209.6,5
1576598203,200.438,5
1576598204,196.825,5
1576598205,199.492,5
1576598206,187.199,5
1576598208,165.501,5
1576598209,210.079,5
1576598211,93.805,5
1576598212,0.002,5
1576598213,161.868,5
1576598214,180.525,5
1576598215,205.276,5
1576598216,186.344,5
1576598217,184.471,5
1576598219,186.581,5
1576598220,212.769,5
1576598221,200.938,5
1576598222,153.972,5
1576598223,217.395,5
1576598226,2.7785,5
1576598227,18.998,5
1576598228,18.998,5
1576598229,22.028,5
1576598230,20.588,5
1576598231,59.853,5
1576598232,123.654,5
1576598233,172.526,5
1576598234,204.091,5
1576598235,205.345,5
1576598237,207.86,5
1576598239,71.058,5
1576598240,0.002,5
1576598241,24.03,5
1576598242,26.712,5
1576598243,26.516,5
1576598244,26.485,5
1576598245,25.341,5
1576598247,31.26,5
1576598248,65.904,5
1576598249,0.348,5
1576598251,14.611,5
1576598252,10.79,5
1576598253,1.442,5
1576598254,6.0395,5
1576598256,0.033,5
1576598257,0.011,5
1576598259,0.011,5
1576598262,0.011,5
1576598270,0.011,5
1576598285,0.011,5
1576598293,0.132,5
1576598295,4.605,5
1576598296,19.202,5
1576598297,21.153,5
1576598299,21.324,5
1576598300,18.889,5
1576598301,19.858,5
1576598302,23.248,5
1576598303,21.969,5
1576598304,22.339,5
1576598305,23.619,5
1576598306,22.032,5
1576598307,12.672,5
1576598309,0.002,5
1576598310,12.775,5
1576598311,30.789,5
1576598312,38.105,5
1576598313,62.119,5
1576598314,44.565,5
1576598315,48.002,5
1576598316,29.713,5
1576598317,40.233,5
1576598319,40.869,5
1576598320,47.834,5
1576598322,4.975,5
1576598323,2.6545,5
1576598324,9.425,5
1576598325,10.242,5
1576598326,10.889,5
1576598327,7.448,5
1576598328,6.939,5
1576598330,5.085,5
1576598331,12.925,5
1576598332,34.628,5
1576598333,21.502,5
1576598334,16.785,5
1576598335,20.391,5
1576598336,0.043,5
1576598337,0.4335,5
1576598338,13.357,5
1576598339,27.604,5
1576598340,34.37,5
1576598341,46.194,5
1576598342,42.8,5
1576598343,4.397,5
1576598346,3.678,5
1576598347,18.585,5
1576598348,9.095,5
1576598349,5.946,5
1576598350,0.008,5
1576598351,5.424,5
1576598352,12.462,5
1576598354,11.139,5
1576598355,5.991,5
1576598356,4.888,5
1576598357,10.608,5
1576598358,3.454,5
1576598359,2.609,5
1576598360,13.207,5
1576598361,15.379,5
1576598363,11.282,5
1576598365,0.0015,5
1576598366,6.629,5
1576598367,15.096,5
1576598368,14.032,5
1576598369,11.95,5
1576598370,15.175,5
1576598372,13.069,5
1576598373,2.51,5
1576598374,0.011,5
1576598375,8.093,5
1576598376,13.696,5
1576598377,11.484,5
1576598378,0.001,5
1576598379,19.219,5
1576598381,26.574,5
1576598382,23.315,5
1576598383,22.883,5
1576598384,17.028,5
1576598385,11.683,5
1576598386,9.147,5
1576598387,3.078,5
1576598388,0.011,5
1576598391,0.366,5
1576598393,4.269,5
1576598394,17.83,5
1576598395,9.287,5
1576598396,6.333,5
1576598397,1.507,5
1576598399,0.591,5
1576598400,8.004,5
1576598401,7.287,5
1576598402,6.038,5
1576598403,5.289,5
1576598404,5.708,5
1576598405,1.3,5
1576598406,1.3,5
1576598407,0.421,5
1576598408,8.422,5
1576598409,8.67,5
1576598410,8.072,5
1576598411,9.625,5
1576598412,9.262,5
1576598413,10.202,5
1576598414,9.177,5
1576598416,10.055,5
1576598417,8.422,5
1576598419,4.734,5
1576598420,0.002,5
1576598421,4.829,5
1576598422,7.216,5
1576598423,6.146,5
1576598425,7.44,5
1576598426,10.527,5
1576598427,7.235,5
1576598428,7.158,5
1576598429,9.674,5
1576598430,9.901,5
1576598431,11.838,5
1576598433,9.793,5
1576598434,0.001,5
1576598435,10.357,5
1576598436,16.47,5
1576598437,17.27,5
1576598438,20.014,5
1576598439,22.251,5
1576598441,21.629,5
1576598442,18.207,5
1576598443,17.701,5
1576598444,20.262,5
1576598445,19.385,5
1576598446,12.722,5
1576598449,6.707,5
1576598450,17.809,5
1576598451,11.863,5
1576598452,14.211,5
1576598453,14.094,5
1576598454,14.686,5
1576598455,18.36,5
1576598456,18.113,5
1576598458,15.819,5
1576598459,16.816,5
1576598461,2.777,5
1576598462,1.901,5
1576598463,11.194,5
1576598464,7.249,5
1576598465,16.106,5
1576598467,15.854,5
1576598468,13.44,5
1576598469,16.194,5
1576598470,19.115,5
1576598471,7.698,5
1576598472,4.091,5
1576598473,5.96,5
1576598475,2.204,5
1576598476,0.002,5
1576598477,7.317,5
1576598478,13.83,5
1576598479,8.033,5
1576598480,5.36,5
1576598481,6.13,5
1576598483,8.456,5
1576598484,6.267,5
1576598485,6.697,5
1576598486,12.088,5
1576598487,9.273,5
1576598488,9.201,5
1576598489,0.001,5
1576598490,2.7285,5
1576598492,7.87,5
1576598493,12.705,5
1576598494,8.816,5
1576598495,6.072,5
1576598496,8.651,5
1576598497,11.246,5
1576598498,10.802,5
1576598500,7.766,5
1576598501,7.528,5
1576598502,7.301,5
1576598504,0.7675,5
1576598505,14.783,5
1576598506,65.474,5
1576598507,49.87,5
1576598509,26.957,5
1576598510,61.477,5
1576598511,54.657,5
1576598512,68.416,5
1576598513,38.819,5
1576598514,33.62,5
1576598517,6.2,5
1576598518,1.439,5
1576598519,6.102,5
1576598520,0.544,5
1576598521,1.926,5
1576598522,3.973,5
1576598524,4.476,5
1576598525,1.237,5
1576598526,3.32,5
1576598527,6.855,5
1576598528,8.21,5
1576598529,6.803,5
1576598530,1.852,5
1576598531,0.002,5
1576598533,4.081,5
1576598534,4.943,5
1576598535,4.25,5
1576598536,4.98,5
1576598537,6.328,5
1576598538,6.796,5
1576598539,8.276,5
1576598540,9.447,5
1576598541,23.175,5
1576598544,47.645,5
1576598546,5.354,5
1576598547,11.529,5
1576598548,14.912,5
1576598549,33.777,5
1576598550,43.832,5
1576598552,36.405,5
1576598553,31.095,5
1576598554,30.088,5
1576598555,29.831,5
1576598556,27.636,5
1576598558,6.637,5
1576598559,3.32,5
1576598560,9.085,5
1576598561,9.0,5
1576598563,11.495,5
1576598564,16.625,5
1576598565,23.869,5
1576598566,32.401,5
1576598567,36.338,5
1576598568,31.694,5
1576598569,33.171,5
1576598570,44.261,5
1576598571,41.708,5
1576598574,2.355,5
1576598575,4.934,5
1576598576,4.963,5
1576598577,5.216,5
1576598578,4.265,5
1576598579,3.97,5
1576598580,4.335,5
1576598581,3.817,5
1576598582,4.47,5
1576598584,4.213,5
1576598586,1.199,5
1576598587,0.003,5
1576598588,4.808,5
1576598589,6.923,5
1576598590,6.943,5
1576598591,6.646,5
1576598592,6.646,5
1576598593,8.082,5
1576598594,7.226,5
1576598595,7.856,5
1576598596,10.401,5
1576598597,15.704,5
1576598598,20.498,5
1576598599,12.166,5
1576598600,0.001,5
1576598601,1.7935,5
1576598602,6.747,5
1576598604,4.795,5
1576598605,6.419,5
1576598606,7.254,5
1576598607,4.794,5
1576598608,6.041,5
1576598609,4.594,5
1576598610,10.181,5
1576598612,14.107,5
1576598613,11.212,5
1576598614,0.011,5
1576598615,0.8795,5
1576598616,11.773,5
1576598617,8.443,5
1576598618,4.388,5
1576598619,8.402,5
1576598621,7.41,5
1576598622,7.322,5
1576598623,8.831,5
1576598624,5.801,5
1576598625,7.551,5
1576598626,5.179,5
1576598627,2.43,5
1576598628,0.002,5
1576598630,4.056,5
1576598631,4.647,5
1576598632,6.663,5
1576598633,7.487,5
1576598634,6.685,5
1576598635,6.503,5
1576598636,5.113,5
1576598637,7.706,5
1576598639,5.784,5
1576598641,4.911,5
1576598642,0.001,5
1576598643,1.909,5
1576598644,4.097,5
1576598645,4.559,5
1576598646,5.054,5
1576598648,4.689,5
1576598649,3.693,5
1576598650,4.139,5
1576598651,6.582,5
1576598652,4.726,5
1576598653,5.194,5
1576598656,0.401,5
1576598657,0.763,5
1576598658,3.907,5
1576598659,4.971,5
1576598660,6.013,5
1576598661,6.805,5
1576598662,7.858,5
1576598663,6.443,5
1576598665,6.876,5
1576598666,5.835,5
1576598667,6.482,5
1576598669,1.571,5
1576598670,0.002,5
1576598672,6.884,5
1576598673,5.874,5
1576598674,7.922,5
1576598675,10.661,5
1576598676,6.655,5
1576598677,5.219,5
1576598678,14.702,5
1576598679,7.659,5
1576598681,13.491,5
1576598683,11.588,5
1576598684,0.001,5
1576598685,4.944,5
1576598686,6.293,5
1576598687,4.827,5
1576598688,6.301,5
1576598690,5.356,5
1576598691,7.821,5
1576598692,10.229,5
1576598693,12.182,5
1576598694,10.187,5
1576598695,6.834,5
1576598696,13.742,5
1576598699,3.446,5
1576598700,12.244,5
1576598701,8.146,5
1576598702,8.223,5
1576598703,7.138,5
1576598704,6.744,5
1576598705,8.507,5
1576598707,14.198,5
1576598708,14.033,5
1576598709,12.948,5
1576598711,2.109,5
1576598712,1.4965,5
1576598715,11.379,5
1576598716,12.052,5
1576598717,4.359,5
1576598718,7.45,5
1576598719,5.504,5
1576598720,5.347,5
1576598721,5.692,5
1576598722,8.259,5
1576598725,3.527,5
1576598726,0.002,5
1576598727,3.688,5
1576598728,1.699,5
1576598729,2.871,5
1576598730,5.547,5
1576598731,5.64,5
1576598733,7.481,5
1576598734,7.814,5
1576598735,8.383,5
1576598736,7.457,5
1576598737,7.991,5
1576598738,7.323,5
1576598740,1.519,5
1576598742,5.168,5
1576598743,7.043,5
1576598744,6.168,5
1576598745,6.622,5
1576598746,6.305,5
1576598747,4.577,5
1576598748,8.502,5
1576598749,7.319,5
1576598751,9.485,5
1576598753,0.111,5
1576598754,0.1695,5
1576598755,6.706,5
1576598756,6.882,5
1576598757,6.022,5
1576598759,6.602,5
1576598760,5.582,5
1576598761,6.138,5
1576598762,5.638,5
1576598763,6.228,5
1576598764,8.131,5
1576598765,7.498,5
1576598766,3.486,5
1576598768,0.002,5
1576598769,4.572,5
1576598770,5.569,5
1576598771,5.765,5
1576598772,5.53,5
1576598773,5.251,5
1576598774,3.515,5
1576598776,5.938,5
1576598777,5.616,5
1576598778,5.758,5
1576598779,4.697,5
1576598780,4.379,5
1576598781,0.001,5
1576598782,0.7035,5
1576598783,4.628,5
1576598785,5.572,5
1576598786,7.473,5
1576598787,7.242,5
1576598788,2.47,5
1576598789,3.786,5
1576598790,1.34,5
1576598791,2.223,5
1576598793,23.636,5
1576598795,9.146,5
1576598796,0.002,5
1576598799,3.078,5
1576598800,6.747,5
1576598801,15.302,5
1576598803,16.025,5
1576598804,16.96,5
1576598805,16.152,5
1576598806,16.725,5
1576598807,17.163,5
1576598809,0.002,5
1576598811,14.342,5
1576598812,15.137,5
1576598813,16.828,5
1576598814,15.642,5
1576598815,13.75,5
1576598816,15.208,5
1576598817,13.806,5
1576598818,14.749,5
1576598820,10.669,5
1576598821,1.757,5
1576598822,10.655,5
1576598823,0.001,5
1576598824,9.36,5
1576598825,15.435,5
1576598826,21.301,5
1576598828,74.164,5
1576598829,203.249,5
1576598830,252.959,5
1576598831,252.35,5
1576598832,278.044,5
1576598833,277.221,5
1576598834,274.547,5
1576598836,27.798,5
1576598837,13.9005,5
1576598838,6.852,5
1576598840,10.088,5
1576598841,11.414,5
1576598842,7.31,5
1576598843,6.966,5
1576598844,10.414,5
1576598845,16.822,5
1576598846,17.437,5
1576598847,21.9015,5
1576598849,17.498,5
1576598850,10.395,5
1576598851,0.002,5
1576598852,6.451,5
1576598853,7.653,5
1576598854,7.537,5
1576598855,10.089,5
1576598857,17.138,5
1576598858,10.559,5
1576598859,14.091,5
1576598860,18.636,5
1576598861,54.414,5
1576598862,54.447,5
1576598863,62.563,5
1576598864,0.001,5
1576598865,0.001,5
1576598866,17.162,5
1576598867,34.178,5
1576598868,183.208,5
1576598869,190.633,5
1576598870,276.964,5
1576598871,198.471,5
1576598872,317.745,5
1576598873,321.518,5
1576598874,199.649,5
1576598875,191.516,5
1576598878,4.395,5
1576598880,4.621,5
1576598881,8.315,5
1576598882,6.269,5
1576598883,4.62,5
1576598884,4.62,5
1576598885,6.286,5
1576598886,4.814,5
1576598887,6.497,5
1576598888,1.441,5
1576598889,6.272,5
1576598890,10.46,5
1576598891,23.857,5
1576598893,1.11,5
1576598895,4.801,5
1576598896,4.275,5
1576598897,6.886,5
1576598898,6.57,5
1576598899,9.365,5
1576598900,19.881,5
1576598901,23.642,5
1576598902,16.882,5
1576598903,46.401,5
1576598906,11.106,5
1576598907,3.491,5
1576598908,2.932,5
1576598909,17.449,5
1576598910,15.331,5
1576598911,18.86,5
1576598912,20.92,5
1576598914,71.623,5
1576598915,173.676,5
1576598916,202.875,5
1576598917,197.992,5
1576598918,209.823,5
1576598919,191.239,5
1576598921,2.468,5
1576598922,23.438,5
1576598924,25.136,5
1576598925,24.072,5
1576598926,23.799,5
1576598927,23.093,5
1576598928,24.34,5
1576598929,24.455,5
1576598930,22.398,5
1576598932,62.163,5
1576598934,37.528,5
1576598935,19.282,5
1576598936,148.054,5
1576598937,194.794,5
1576598938,200.167,5
1576598939,202.172,5
1576598940,232.558,5
1576598941,227.154,5
1576598942,213.787,5
1576598944,223.638,5
1576598945,220.864,5
1576598946,195.122,5
1576598947,185.502,5
1576598949,7.472,5
1576598950,23.111,5
1576598951,24.589,5
1576598952,23.274,5
1576598954,21.737,5
1576598955,20.778,5
1576598956,22.33,5
1576598957,20.536,5
1576598958,20.689,5
1576598959,18.558,5
1576598962,5.256,5
1576598963,5.138,5
1576598964,29.395,5
1576598965,143.094,5
1576598966,226.417,5
1576598967,206.3,5
1576598968,189.296,5
1576598969,4.123,5
1576598972,4.102,5
1576598973,48.346,5
1576598974,184.921,5
1576598975,128.233,5
1576598976,0.001,5
1576598977,2.497,5
1576598978,6.731,5
1576598979,0.275,5
1576598980,0.066,5
1576598982,0.022,5
1576598984,0.011,5
1576598999,1.426,5
1576599000,7.353,5
1576599001,13.476,5
1576599002,11.608,5
1576599003,5.268,5
1576599004,0.001,5
1576599005,2.254,5
1576599006,7.7585,5
1576599008,11.793,5
1576599009,10.837,5
1576599010,9.027,5
1576599011,10.784,5
1576599012,8.502,5
1576599013,8.816,5
1576599014,7.793,5
1576599015,11.884,5
1576599018,0.427,5
1576599019,1.623,5
1576599020,6.876,5
1576599021,12.663,5
1576599022,7.687,5
1576599023,10.388,5
1576599024,13.391,5
1576599026,12.838,5
1576599027,17.596,5
1576599028,17.596,5
1576599029,29.18,5
1576599031,21.695,5
1576599032,21.695,5
1576599033,0.18,5
1576599034,23.018,5
1576599035,21.673,5
1576599036,23.302,5
1576599037,29.215,5
1576599038,132.117,5
1576599039,138.425,5
1576599041,139.733,5
1576599042,136.252,5
1576599043,147.896,5
1576599045,82.963,5
1576599046,0.002,5
1576599047,19.137,5
1576599048,22.816,5
1576599049,21.973,5
1576599051,23.622,5
1576599052,21.715,5
1576599053,22.512,5
1576599054,21.956,5
1576599055,63.439,5
1576599056,138.657,5
1576599058,179.369,5
1576599059,134.905,5
1576599060,0.001,5
1576599061,7.354,5
1576599062,31.374,5
1576599063,135.778,5
1576599064,173.479,5
1576599065,221.391,5
1576599066,217.827,5
1576599067,201.788,5
1576599069,215.971,5
1576599070,219.156,5
1576599071,195.053,5
1576599073,69.017,5
1576599074,34.5095,5
1576599075,36.856,5
1576599076,205.53,5
1576599077,211.137,5
1576599079,204.576,5
1576599080,204.03,5
1576599081,214.806,5
1576599082,198.632,5
1576599083,180.322,5
1576599084,215.262,5
1576599085,209.633,5
1576599086,180.341,5
1576599088,26.645,5
1576599090,196.635,5
1576599091,175.618,5
1576599092,139.594,5
1576599093,132.558,5
1576599094,12.033,5
1576599095,32.471,5
1576599096,12.333,5
1576599097,17.671,5
1576599098,19.046,5
1576599099,19.046,5
1576599101,9.703,5
1576599102,0.002,5
1576599103,3.489,5
1576599104,4.195,5
1576599105,3.462,5
1576599106,0.29,5
1576599107,0.022,5
1576599109,0.099,5
1576599110,0.044,5
1576599112,0.033,5
1576599113,1.341,5
1576599114,1.296,5
1576599115,0.001,5
1576599116,1.077,5
1576599118,5.858,5
1576599119,2.436,5
1576599120,10.064,5
1576599121,9.297,5
1576599122,11.474,5
1576599123,6.73,5
1576599124,4.79,5
1576599125,4.256,5
1576599126,5.075,5
1576599129,4.711,5
1576599130,2.524,5
1576599131,10.037,5
1576599132,9.154,5
1576599133,9.679,5
1576599134,9.8095,5
1576599136,10.952,5
1576599137,10.174,5
1576599138,9.789,5
1576599139,7.937,5
1576599140,7.931,5
1576599141,2.758,5
1576599142,0.135,5
1576599143,0.002,5
1576599144,0.002,5
1576599145,6.399,5
1576599146,10.644,5
1576599147,10.777,5
1576599148,7.947,5
1576599149,7.38,5
1576599150,8.994,5
1576599151,8.709,5
1576599152,7.428,5
1576599154,7.142,5
1576599155,15.337,5
1576599156,21.697,5
1576599158,2.002,5
1576599159,3.259,5
1576599160,5.576,5
1576599161,6.718,5
1576599162,8.546,5
1576599164,7.639,5
1576599165,8.875,5
1576599166,7.826,5
1576599167,8.059,5
1576599168,10.099,5
1576599170,1.794,5
1576599171,1.794,5
1576599172,0.003,5
1576599173,9.034,5
1576599174,8.758,5
1576599175,10.0,5
1576599176,10.467,5
1576599177,10.361,5
1576599178,9.881,5
1576599179,28.588,5
1576599181,27.871,5
1576599182,27.321,5
1576599184,13.699,5
1576599185,0.002,5
1576599186,5.493,5
1576599188,7.476,5
1576599189,5.485,5
1576599190,3.618,5
1576599191,7.826,5
1576599192,7.03,5
1576599193,3.015,5
1576599194,2.216,5
1576599196,7.53,5
1576599197,8.364,5
1576599198,5.023,5
1576599199,0.002,5
1576599200,5.829,5
1576599201,11.948,5
1576599202,12.545,5
1576599203,14.142,5
1576599205,22.012,5
1576599206,57.46,5
1576599207,65.923,5
1576599208,67.27,5
1576599209,69.828,5
1576599210,51.534,5
1576599211,65.656,5
1576599214,11.052,5
1576599215,17.693,5
1576599216,18.264,5
1576599217,18.925,5
1576599218,28.562,5
1576599219,122.369,5
1576599221,136.083,5
1576599222,129.914,5
1576599223,128.775,5
1576599224,136.545,5
1576599225,138.237,5
1576599226,0.745,5
1576599227,0.99,5
1576599228,23.158,5
1576599230,23.968,5
1576599231,22.614,5
1576599232,23.3,5
1576599233,22.881,5
1576599234,52.796,5
1576599235,171.796,5
1576599236,150.398,5
1576599238,161.174,5
1576599240,69.394,5
1576599241,0.002,5
1576599242,28.844,5
1576599243,30.915,5
1576599244,31.198,5
1576599245,32.138,5
1576599247,31.822,5
1576599248,258.219,5
1576599249,197.413,5
1576599250,262.648,5
1576599251,250.623,5
1576599252,244.892,5
1576599253,227.442,5
1576599255,2.9885,5
1576599256,19.797,5
1576599257,14.928,5
1576599259,20.247,5
1576599260,43.564,5
1576599261,147.192,5
1576599262,337.164,5
1576599263,244.321,5
1576599264,379.664,5
1576599265,377.988,5
1576599266,339.14,5
1576599267,216.987,5
1576599268,0.002,5
1576599270,15.689,5
1576599271,17.319,5
1576599272,10.994,5
1576599273,19.333,5
1576599274,21.548,5
1576599275,21.048,5
1576599276,25.233,5
1576599277,94.775,5
1576599278,172.141,5
1576599280,164.712,5
1576599281,162.304,5
1576599283,5.351,5
1576599284,24.466,5
1576599285,24.028,5
1576599286,23.275,5
1576599287,23.797,5
1576599288,25.203,5
1576599289,25.383,5
1576599290,24.006,5
1576599292,24.967,5
1576599293,24.802,5
1576599294,23.65,5
1576599295,18.29,5
1576599296,0.001,5
1576599297,16.209,5
1576599298,176.669,5
1576599299,198.071,5
1576599300,214.076,5
1576599302,375.274,5
1576599303,437.717,5
1576599304,377.746,5
1576599305,441.378,5
1576599306,462.254,5
1576599307,437.845,5
1576599309,134.439,5
1576599310,0.002,5
1576599311,14.599,5
1576599312,21.714,5
1576599313,21.316,5
1576599315,21.275,5
1576599316,19.979,5
1576599317,18.073,5
1576599318,19.003,5
1576599319,17.201,5
1576599320,1.884,5
1576599321,2.069,5
1576599322,4.738,5
1576599325,9.915,5
1576599326,21.938,5
1576599327,22.721,5
1576599328,22.406,5
1576599329,21.97,5
1576599330,12.327,5
1576599331,0.041,5
1576599332,0.503,5
1576599334,1.862,5
1576599335,5.83,5
1576599337,1.571,5
1576599338,0.002,5
1576599339,8.006,5
1576599340,6.568,5
1576599341,7.724,5
1576599343,8.508,5
1576599344,5.516,5
1576599345,3.346,5
1576599346,0.011,5
1576599347,0.033,5
1576599348,5.616,5
1576599349,9.612,5
1576599350,8.204,5
1576599352,1.283,5
1576599354,6.381,5
1576599355,8.826,5
1576599356,8.681,5
1576599357,5.39,5
1576599358,2.558,5
1576599359,6.53,5
1576599360,7.399,5
1576599361,8.203,5
1576599362,8.082,5
1576599363,7.6625,5
1576599365,3.003,5
1576599366,0.002,5
1576599367,8.262,5
1576599368,7.189,5
1576599369,6.597,5
1576599370,9.556,5
1576599371,11.554,5
1576599372,10.74,5
1576599373,9.833,5
1576599374,11.491,5
1576599375,11.454,5
1576599376,11.914,5
1576599377,8.674,5
1576599378,0.335,5
1576599380,0.002,5
1576599381,4.032,5
1576599382,0.168,5
1579188404,0.001,6
1579188409,0.001,6
1579188410,0.001,6
1579188411,0.001,6
1579188413,8.254,6
1579188414,8.958,6
1579188415,4.082,6
1579188416,15.492,6
1579188417,10.893,6
1579188419,11.688,6
1579188420,15.58,6
1579188421,13.716,6
1579188422,11.36,6
1579188423,0.001,6
1579188425,10.74,6
1579188426,13.04,6
1579188427,9.122,6
1579188428,12.277,6
1579188429,14.753,6
1579188430,12.684,6
1579188432,10.039,6
1579188433,9.083,6
1579188434,11.357,6
1579188436,3.271,6
1579188437,0.003,6
1579188438,0.003,6
1579188439,16.725,6
1579188440,15.86,6
1579188441,17.785,6
1579188442,14.486,6
1579188443,9.183,6
1579188445,10.339,6
1579188446,15.572,6
1579188447,15.988,6
1579188448,17.507,6
1579188450,1.205,6
1579188451,1.205,6
1579188452,3.955,6
1579188453,14.387,6
1579188454,10.294,6
1579188455,9.299,6
1579188456,11.204,6
1579188458,7.303,6
1579188459,10.251,6
1579188460,9.823,6
1579188461,10.936,6
1579188462,12.719,6
1579188463,15.249,6
1579188466,6.356,6
1579188467,17.558,6
1579188468,18.665,6
1579188469,14.246,6
1579188470,11.502,6
1579188471,11.502,6
1579188472,17.819,6
1579188473,17.791,6
1579188474,18.363,6
1579188475,13.015,6
1579188476,9.324,6
1579188478,7.016,6
1579188479,0.001,6
1579188480,9.418,6
1579188481,17.97,6
1579188482,16.677,6
1579188483,11.637,6
1579188485,13.009,6
1579188486,8.61,6
1579188487,10.522,6
1579188488,10.097,6
1579188489,12.476,6
1579188490,7.262,6
1579188492,6.64,6
1579188493,0.035,6
1579188494,8.049,6
1579188495,17.184,6
1579188496,14.234,6
1579188498,6.46,6
1579188499,17.614,6
1579188500,14.32,6
1579188501,17.78,6
1579188502,10.224,6
1579188503,19.208,6
1579188504,17.833,6
1579188506,12.747,6
1579188507,0.001,6
1579188508,13.092,6
1579188509,15.44,6
1579188510,17.152,6
1579188511,16.44,6
1579188512,16.44,6
1579188513,14.93,6
1579188514,10.16,6
1579188515,11.887,6
1579188516,0.189,6
1579188517,5.798,6
1579188518,12.472,6
1579188520,9.753,6
1579188521,0.002,6
1579188522,14.58,6
1579188523,19.475,6
1579188524,5.045,6
1579188525,17.06,6
1579188527,15.746,6
1579188528,7.217,6
1579188529,13.66,6
1579188530,12.033,6
1579188531,12.725,6
1579188534,5.378,6
1579188535,1.794,6
1579188536,16.149,6
1579188537,15.77,6
1579188538,17.565,6
1579188539,3.655,6
1579188541,13.272,6
1579188542,10.722,6
1579188543,14.834,6
1579188544,13.221,6
1579188545,12.896,6
1579188546,12.03,6
1579188548,4.785,6
1579188549,1.597,6
1579188550,14.72,6
1579188551,11.703,6
1579188552,9.139,6
1579188553,8.41,6
1579188554,8.939,6
1579188556,12.914,6
1579188557,11.354,6
1579188558,13.771,6
1579188559,11.526,6
1579188560,8.676,6
1579188561,4.751,6
1579188562,0.002,6
1579188564,11.672,6
1579188565,10.705,6
1579188566,12.956,6
1579188567,10.952,6
1579188568,8.906,6
1579188569,8.171,6
1579188570,9.531,6
1579188572,10.182,6
1579188573,9.343,6
1579188575,7.119,6
1579188576,0.002,6
1579188577,8.577,6
1579188579,14.391,6
1579188580,11.376,6
1579188581,11.343,6
1579188582,9.401,6
1579188583,8.078,6
1579188584,5.558,6
1579188585,7.28,6
1579188587,3.514,6
1579188589,6.697,6
1579188590,0.69,6
1579188591,2.816,6
1579188592,3.791,6
1579188593,2.835,6
1579188595,2.641,6
1579188596,1.221,6
1579188597,0.011,6
1579188599,2.699,6
1579188600,3.068,6
1579188603,2.63,6
1579188604,0.006,6
1579188605,3.593,6
1579188606,2.9,6
1579188607,2.953,6
1579188608,0.067,6
1579188610,0.088,6
1579188612,0.033,6
1579188613,0.022,6
1579188615,0.001,6
1579188619,0.001,6
1579188620,0.001,6
1579188624,0.864,6
1579188625,1.631,6
1579188626,0.397,6
1579188627,0.099,6
1579188628,0.342,6
1579188631,0.022,6
1579188632,0.002,6
1579188634,13.003,6
1579188635,8.723,6
1579188637,7.989,6
1579188638,12.114,6
1579188639,10.75,6
1579188640,15.917,6
1579188641,13.193,6
1579188643,9.776,6
1579188645,3.815,6
1579188646,1.9085,6
1579188647,16.437,6
1579188648,14.194,6
1579188650,11.494,6
1579188651,10.837,6
1579188652,10.744,6
1579188653,14.072,6
1579188654,12.79,6
1579188655,9.7695,6
1579188657,0.835,6
1579188659,5.482,6
1579188660,5.7635,6
1579188661,9.291,6
1579188662,9.291,6
1579188663,13.204,6
1579188664,16.801,6
1579188665,14.977,6
1579188666,8.331,6
1579188667,5.986,6
1579188668,10.093,6
1579188669,10.093,6
1579188670,14.557,6
1579188671,10.073,6
1579188672,15.454,6
1579188674,4.366,6
1579188675,18.524,6
1579188676,18.524,6
1579188677,17.825,6
1579188678,18.985,6
1579188679,18.336,6
1579188680,17.22,6
1579188681,19.242,6
1579188683,18.356,6
1579188684,19.423,6
1579188685,19.881,6
1579188686,16.081,6
1579188687,0.001,6
1579188688,4.669,6
1579188690,19.735,6
1579188691,19.742,6
1579188692,18.921,6
1579188693,20.101,6
1579188694,19.163,6
1579188695,18.836,6
1579188697,18.926,6
1579188698,19.638,6
1579188699,19.147,6
1579188700,15.246,6
1579188701,0.001,6
1579188702,14.995,6
1579188704,21.633,6
1579188705,22.746,6
1579188706,23.391,6
1579188707,20.407,6
1579188708,19.99,6
1579188709,20.664,6
1579188711,20.523,6
1579188712,19.462,6
1579188714,14.083,6
1579188715,1.245,6
1579188716,1.245,6
1579188718,0.001,6
1579188719,16.221,6
1579188720,18.1,6
1579188721,13.214,6
1579188722,18.137,6
1579188724,18.958,6
1579188725,19.28,6
1579188726,18.704,6
1579188728,3.151,6
1579188729,3.151,6
1579188730,2.294,6
1579188731,17.467,6
1579188732,17.681,6
1579188733,17.531,6
1579188734,16.055,6
1579188735,18.773,6
1579188736,18.773,6
1579188737,17.53,6
1579188738,17.475,6
1579188739,18.462,6
1579188740,18.225,6
1579188744,4.123,6
1579188745,16.065,6
1579188746,16.051,6
1579188747,15.936,6
1579188748,17.543,6
1579188749,19.429,6
1579188751,18.648,6
1579188752,19.627,6
1579188754,7.459,6
1579188755,7.433,6
1579188758,16.783,6
1579188759,8.689,6
1579188760,10.584,6
1579188761,11.422,6
1579188763,10.674,6
1579188764,11.544,6
1579188765,10.017,6
1579188766,9.0,6
1579188767,3.674,6
1579188768,3.999,6
1579188770,1.219,6
1579188771,0.002,6
1579188772,5.165,6
1579188773,5.83,6
1579188774,4.794,6
1579188775,3.568,6
1579188776,3.568,6
1579188777,2.22,6
1579188778,2.702,6
1579188779,1.591,6
1579188780,1.405,6
1579188781,0.077,6
1579188784,7.867,6
1579188785,3.935,6
1579188786,3.18,6
1579188787,0.915,6
1579188788,0.636,6
1579188790,8.973,6
1579188791,9.062,6
1579188792,8.759,6
1579188793,8.945,6
1579188794,9.723,6
1579188795,9.487,6
1579188796,6.726,6
1579188798,1.807,6
1579188799,0.04,6
1579188800,7.324,6
1579188801,5.494,6
1579188802,5.113,6
1579188803,5.2,6
1579188804,5.623,6
1579188806,7.344,6
1579188807,7.152,6
1579188809,5.797,6
1579188810,5.321,6
1579188812,1.953,6
1579188813,0.003,6
1579188814,4.581,6
1579188815,4.104,6
1579188816,6.5255,6
1579188817,5.938,6
1579188818,8.1,6
1579188820,6.202,6
1579188821,4.971,6
1579188822,4.235,6
1579188823,5.331,6
1579188824,5.331,6
1579188825,6.028,6
1579188826,6.028,6
1579188827,5.8,6
1579188828,8.611,6
1579188829,6.829,6
1579188830,8.535,6
1579188831,6.448,6
1579188832,6.286,6
1579188834,6.54,6
1579188835,5.728,6
1579188836,7.799,6
1579188837,9.445,6
1579188839,6.774,6
1579188840,2.415,6
1579188841,0.641,6
1579188842,8.661,6
1579188843,10.174,6
1579188844,8.401,6
1579188845,9.066,6
1579188846,9.196,6
1579188847,8.405,6
1579188849,4.182,6
1579188850,6.13,6
1579188851,7.746,6
1579188853,5.829,6
1579188854,1.2715,6
1579188855,7.156,6
1579188857,6.707,6
1579188858,7.504,6
1579188859,7.203,6
1579188860,7.978,6
1579188861,6.721,6
1579188862,7.644,6
1579188863,7.129,6
1579188865,5.764,6
1579188867,4.147,6
1579188868,0.002,6
1579188870,6.962,6
1579188871,9.354,6
1579188873,8.819,6
1579188874,8.992,6
1579188875,4.408,6
1579188876,6.182,6
1579188877,7.958,6
1579188878,8.824,6
1579188879,8.709,6
1579188880,5.952,6
1579188881,5.952,6
1579188882,0.002,6
1579188883,2.487,6
1579188884,6.561,6
1579188885,8.558,6
1579188886,6.33,6
1579188887,8.54,6
1579188888,7.2,6
1579188890,6.409,6
1579188891,2.386,6
1579188892,2.605,6
1579188893,3.274,6
1579188894,3.295,6
1579188895,1.6475,6
1579188896,1.8245,6
1579188898,3.66,6
1579188899,6.636,6
1579188900,6.293,6
1579188901,7.301,6
1579188902,7.946,6
1579188903,5.135,6
1579188904,5.135,6
1579188905,6.253,6
1579188906,7.071,6
1579188907,6.759,6
1579188908,2.937,6
1579188909,0.124,6
1579188910,1.4105,6
1579188912,5.022,6
1579188913,5.089,6
1579188914,4.442,6
1579188915,4.394,6
1579188916,2.134,6
1579188917,2.462,6
1579188918,2.846,6
1579188920,4.827,6
1579188921,7.245,6
1579188922,7.151,6
1579188924,3.153,6
1579188925,7.698,6
1579188927,9.659,6
1579188928,6.849,6
1579188929,5.515,6
1579188930,8.237,6
1579188931,9.168,6
1579188932,7.888,6
1579188933,7.774,6
1579188935,9.084,6
1579188936,9.434,6
1579188938,3.72,6
1579188939,6.837,6
1579188940,9.786,6
1579188941,9.197,6
1579188942,11.015,6
1579188944,10.175,6
1579188945,10.705,6
1579188946,11.775,6
1579188947,12.762,6
1579188948,12.2135,6
1579188950,1.877,6
1579188951,1.877,6
1579188952,0.973,6
1579188953,12.891,6
1579188954,11.058,6
1579188955,9.916,6
1579188956,10.604,6
1579188957,10.947,6
1579188959,10.753,6
1579188960,11.089,6
1579188961,12.368,6
1579188962,7.788,6
1579188964,1.834,6
1579188965,1.834,6
1579188966,0.114,6
1579188967,1.093,6
1579188968,2.596,6
1579188969,4.733,6
1579188970,6.933,6
1579188971,8.139,6
1579188972,7.395,6
1579188974,9.137,6
1579188975,11.406,6
1579188976,12.152,6
1579188978,3.36,6
1579188979,2.0695,6
1579188981,12.031,6
1579188982,10.781,6
1579188983,11.085,6
1579188984,11.474,6
1579188985,10.474,6
1579188986,9.578,6
1579188987,11.696,6
1579188989,11.514,6
1579188990,9.7,6
1579188992,0.201,6
1579188993,0.1245,6
1579188994,11.069,6
1579188996,12.797,6
1579188997,11.545,6
1579188998,11.317,6
1579188999,11.047,6
1579189000,11.886,6
1579189001,12.223,6
1579189002,12.015,6
1579189004,12.787,6
1579189006,3.56,6
1579189007,1.953,6
1579189008,11.215,6
1579189009,11.352,6
1579189011,12.772,6
1579189012,12.599,6
1579189013,11.38,6
1579189014,11.827,6
1579189015,12.562,6
1579189016,12.165,6
1579189017,12.181,6
1579189020,3.051,6
1579189021,0.001,6
1579189022,8.278,6
1579189023,11.339,6
1579189024,12.048,6
1579189025,12.068,6
1579189027,11.375,6
1579189028,12.141,6
1579189029,12.296,6
1579189030,10.892,6
1579189031,12.079,6
1579189032,11.95,6
1579189034,7.845,6
1579189035,0.001,6
1579189036,6.987,6
1579189037,12.016,6
1579189038,12.1155,6
1579189039,12.082,6
1579189040,12.107,6
1579189042,12.267,6
1579189043,11.397,6
1579189044,12.182,6
1579189045,10.178,6
1579189046,12.247,6
1579189047,10.935,6
1579189048,0.598,6
1579189049,0.598,6
1579189050,5.847,6
1579189051,11.508,6
1579189052,12.294,6
1579189053,10.222,6
1579189054,10.819,6
1579189055,12.223,6
1579189057,12.409,6
1579189058,10.518,6
1579189059,11.157,6
1579189060,10.048,6
1579189061,5.748,6
1579189062,0.001,6
1579189063,3.899,6
1579189065,12.719,6
1579189066,3.66,6
1579189067,11.372,6
1579189068,12.164,6
1579189069,11.125,6
1579189070,12.153,6
1579189071,15.66,6
1579189073,14.943,6
1579189074,6.174,6
1579189075,14.539,6
1579189076,0.78,6
1579189077,4.212,6
1579189078,9.038,6
1579189079,7.735,6
1579189081,11.435,6
1579189082,11.669,6
1579189083,9.642,6
1579189085,12.138,6
1579189086,9.045,6
1579189088,11.773,6
1579189089,9.9515,6
1579189091,3.432,6
1579189092,6.762,6
1579189093,9.779,6
1579189094,8.605,6
1579189096,7.449,6
1579189097,9.839,6
1579189098,10.615,6
1579189099,12.252,6
1579189100,7.794,6
1579189101,7.9805,6
1579189105,1.944,6
1579189106,12.638,6
1579189107,4.748,6
1579189108,12.254,6
1579189109,13.069,6
1579189110,12.392,6
1579189111,12.392,6
1579189112,11.436,6
1579189113,11.646,6
1579189114,11.007,6
1579189115,10.518,6
1579189117,2.015,6
1579189118,1.254,6
1579189120,8.76,6
1579189121,9.171,6
1579189122,11.227,6
1579189123,10.258,6
1579189124,9.242,6
1579189125,10.67,6
1579189126,9.464,6
1579189127,8.828,6
1579189128,8.828,6
1579189129,8.607,6
1579189131,3.325,6
1579189132,0.002,6
1579189133,7.702,6
1579189134,8.665,6
1579189136,3.322,6
1579189137,7.629,6
1579189138,9.021,6
1579189139,9.458,6
1579189140,8.408,6
1579189141,8.862,6
1579189142,9.77,6
1579189145,4.393,6
1579189146,2.1975,6
1579189147,3.924,6
1579189148,6.012,6
1579189149,7.84,6
1579189150,8.454,6
1579189152,9.034,6
1579189153,11.056,6
1579189154,9.058,6
1579189155,9.542,6
1579189156,9.786,6
1579189157,10.681,6
1579189158,4.844,6
1579189160,0.002,6
1579189161,1.38,6
1579189162,2.509,6
1579189163,0.256,6
1579189164,1.032,6
1579189165,3.986,6
1579189167,10.654,6
1579189168,17.17,6
1579189169,18.132,6
1579189171,17.114,6
1579189172,9.813,6
1579189173,0.002,6
1579189174,0.002,6
1579189175,21.853,6
1579189176,22.698,6
1579189177,22.715,6
1579189178,20.844,6
1579189179,23.483,6
1579189181,23.385,6
1579189182,22.422,6
1579189183,22.749,6
1579189184,21.573,6
1579189186,13.7175,6
1579189187,0.002,6
1579189188,0.002,6
1579189189,22.012,6
1579189190,20.296,6
1579189191,21.052,6
1579189192,19.436,6
1579189193,20.679,6
1579189194,9.544,6
1579189196,5.743,6
1579189197,4.909,6
1579189198,3.666,6
1579189200,0.033,6
1579189201,0.033,6
1579189202,1.204,6
1579189203,19.241,6
1579189204,16.834,6
1579189205,20.465,6
1579189206,9.324,6
1579189207,10.668,6
1579189209,22.335,6
1579189210,19.737,6
1579189211,14.97,6
1579189212,20.595,6
1579189213,23.977,6
1579189216,7.418,6
1579189217,22.395,6
1579189218,23.064,6
1579189219,22.147,6
1579189220,22.371,6
1579189221,22.763,6
1579189223,21.634,6
1579189224,23.807,6
1579189225,24.165,6
1579189226,23.181,6
1579189227,22.95,6
1579189230,14.76,6
1579189231,33.355,6
1579189232,35.229,6
1579189233,32.806,6
1579189234,30.715,6
1579189235,26.821,6
1579189236,30.082,6
1579189238,16.741,6
1579189239,30.361,6
1579189240,33.549,6
1579189241,23.214,6
1579189243,4.303,6
1579189244,15.805,6
1579189246,21.796,6
1579189247,23.593,6
1579189248,23.68,6
1579189249,22.959,6
1579189250,25.895,6
1579189251,22.597,6
1579189253,23.338,6
1579189254,12.754,6
1579189255,8.08,6
1579189257,4.4485,6
1579189258,21.536,6
1579189260,18.497,6
1579189261,20.814,6
1579189262,12.214,6
1579189263,14.614,6
1579189264,19.192,6
1579189266,17.701,6
1579189267,22.232,6
1579189268,23.018,6
1579189269,12.87,6
1579189272,0.3,6
1579189273,20.638,6
1579189274,19.248,6
1579189275,20.104,6
1579189276,22.107,6
1579189278,22.724,6
1579189279,21.705,6
1579189280,21.053,6
1579189281,24.099,6
1579189282,21.797,6
1579189284,23.565,6
1579189286,11.648,6
1579189287,30.558,6
1579189288,31.313,6
1579189289,31.257,6
1579189291,31.244,6
1579189292,30.879,6
1579189293,31.633,6
1579189294,29.672,6
1579189295,31.253,6
1579189298,17.186,6
1579189299,0.013,6
1579189300,12.497,6
1579189301,19.415,6
1579189302,16.316,6
1579189304,21.695,6
1579189305,19.057,6
1579189306,21.054,6
1579189307,20.32,6
1579189308,20.775,6
1579189310,22.41,6
1579189312,1.18,6
1579189313,1.566,6
1579189314,22.549,6
1579189315,23.714,6
1579189317,23.319,6
1579189318,22.495,6
1579189319,22.893,6
1579189320,21.693,6
1579189321,16.592,6
1579189323,22.407,6
1579189324,19.684,6
1579189325,19.718,6
1579189327,3.529,6
1579189328,12.109,6
1579189330,24.888,6
1579189331,17.822,6
1579189332,13.01,6
1579189333,19.297,6
1579189334,18.896,6
1579189336,22.246,6
1579189337,25.553,6
1579189338,24.118,6
1579189339,16.009,6
1579189340,0.005,6
1579189341,2.1115,6
1579189343,23.078,6
1579189344,12.548,6
1579189345,23.321,6
1579189346,11.603,6
1579189347,22.237,6
1579189349,22.757,6
1579189350,23.879,6
1579189351,3.286,6
1579189352,22.382,6
1579189353,2.736,6
1579189354,0.004,6
1579189356,19.047,6
1579189357,19.639,6
1579189358,19.212,6
1579189359,14.363,6
1579189360,5.35,6
1579189361,3.71,6
1579189363,1.4,6
1579189364,5.892,6
1579189365,8.521,6
1579189367,4.6605,6
1579189368,1.871,6
1579189369,0.003,6
1579189370,2.033,6
1579189371,4.151,6
1579189372,2.292,6
1579189374,0.374,6
1579189375,1.767,6
1579189376,1.897,6
1579189377,13.848,6
1579189378,15.6505,6
1579189381,6.905,6
1579189382,0.001,6
1579189383,5.811,6
1579189384,8.624,6
1579189385,6.706,6
1579189387,6.614,6
1579189388,3.907,6
1579189389,5.428,6
1579189390,6.877,6
1579189391,8.0,6
1579189392,10.111,6
1579189394,11.099,6
1579189395,7.7,6
1579189396,0.001,6
1579189397,5.996,6
1579189398,8.382,6
1579189399,10.333,6
1579189400,8.541,6
1579189401,7.21,6
1579189403,9.637,6
1579189404,8.348,6
1579189405,7.859,6
1579189406,7.924,6
1579189407,9.615,6
1579189408,5.619,6
1579189410,0.001,6
1579189411,0.356,6
1579189412,13.894,6
1579189413,16.333,6
1579189414,15.724,6
1579189416,6.607,6
1579189417,8.723,6
1579189418,8.557,6
1579189419,7.214,6
1579189420,8.633,6
1579189421,8.983,6
1579189423,6.629,6
1579189424,0.002,6
1579189425,7.366,6
1579189426,6.601,6
1579189427,8.453,6
1579189428,8.076,6
1579189429,8.076,6
1579189430,4.446,6
1579189431,9.551,6
1579189432,8.61,6
1579189433,9.838,6
1579189434,10.163,6
1579189435,5.458,6
1579189436,1.025,6
1579189438,0.002,6
1579189439,2.278,6
1579189440,4.827,6
1579189441,6.776,6
1579189443,7.07,6
1579189444,6.373,6
1579189445,5.444,6
1579189446,8.312,6
1579189447,8.415,6
1579189448,6.842,6
1579189449,3.168,6
1579189450,1.726,6
1579189452,0.002,6
1579189453,7.054,6
1579189454,6.939,6
1579189455,5.998,6
1579189456,6.6535,6
1579189457,6.029,6
1579189458,0.984,6
1579189460,2.665,6
1579189461,3.733,6
1579189462,4.2,6
1579189463,3.932,6
1579189464,1.752,6
1579189465,0.002,6
1579189466,0.002,6
1579189467,4.211,6
1579189468,9.315,6
1579189469,6.906,6
1579189470,15.902,6
1579189471,15.817,6
1579189472,16.431,6
1579189474,15.388,6
1579189475,15.647,6
1579189476,15.282,6
1579189478,10.283,6
1579189479,5.569,6
1579189480,1.019,6
1579189481,8.69,6
1579189482,5.75,6
1579189483,3.669,6
1579189484,16.055,6
1579189485,19.27,6
1579189487,16.615,6
1579189488,15.77,6
1579189489,16.7,6
1579189490,17.789,6
1579189493,8.315,6
1579189494,10.322,6
1579189495,16.156,6
1579189496,14.655,6
1579189497,11.673,6
1579189498,10.134,6
1579189500,10.119,6
1579189501,12.487,6
1579189502,10.51,6
1579189503,11.978,6
1579189504,9.338,6
1579189505,10.335,6
1579189510,3.952,6
1579189511,9.76,6
1579189512,5.669,6
1579189514,0.595,6
1579189515,4.219,6
1579189516,12.879,6
1579189517,16.904,6
1579189518,17.002,6
1579189521,0.633,6
1579189522,2.398,6
1579189523,18.448,6
1579189525,16.824,6
1579189526,17.245,6
1579189528,15.669,6
1579189529,19.212,6
1579189530,17.829,6
1579189531,18.867,6
1579189532,19.009,6
1579189534,17.643,6
1579189536,11.665,6
1579189537,21.473,6
1579189538,21.559,6
1579189540,21.868,6
1579189541,22.137,6
1579189542,21.143,6
1579189543,22.999,6
1579189544,22.202,6
1579189546,22.06,6
1579189548,15.606,6
1579189549,0.981,6
1579189550,20.911,6
1579189552,22.084,6
1579189553,21.659,6
1579189554,22.163,6
1579189555,22.931,6
1579189556,22.618,6
1579189557,22.82,6
1579189559,22.34,6
1579189560,23.33,6
1579189561,23.439,6
1579189563,3.528,6
1579189565,20.762,6
1579189566,20.721,6
1579189567,20.33,6
1579189568,20.404,6
1579189569,20.757,6
1579189571,21.706,6
1579189572,20.298,6
1579189573,18.785,6
1579189574,20.422,6
1579189575,14.483,6
1579189576,0.061,6
1579189577,0.061,6
1579189578,18.246,6
1579189579,28.814,6
1579189580,29.028,6
1579189581,31.174,6
1579189582,28.342,6
1579189584,25.756,6
1579189585,26.272,6
1579189586,27.777,6
1579189587,26.6,6
1579189588,26.222,6
1579189590,17.474,6
1579189591,1.164,6
1579189592,22.767,6
1579189593,27.119,6
1579189594,27.494,6
1579189596,26.865,6
1579189597,25.47,6
1579189598,24.371,6
1579189599,25.418,6
1579189600,25.25,6
1579189604,0.001,6
1579189605,9.268,6
1579189606,23.415,6
1579189607,21.901,6
1579189609,23.417,6
1579189610,20.01,6
1579189611,20.14,6
1579189612,19.967,6
1579189613,18.167,6
1579189615,19.958,6
1579189617,16.078,6
1579189618,1.178,6
1579189619,18.77,6
1579189621,22.812,6
1579189622,20.457,6
1579189623,20.78,6
1579189624,19.561,6
1579189625,21.586,6
1579189626,22.058,6
1579189628,22.699,6
1579189629,19.717,6
1579189631,1.437,6
1579189632,0.8865,6
1579189634,15.269,6
1579189635,18.471,6
1579189636,16.982,6
1579189637,17.69,6
1579189638,17.374,6
1579189640,17.36,6
1579189641,17.226,6
1579189642,17.847,6
1579189643,18.451,6
1579189644,17.86,6
1579189647,9.184,6
1579189648,24.42,6
1579189649,27.068,6
1579189650,25.405,6
1579189651,24.458,6
1579189652,23.948,6
1579189654,23.895,6
1579189655,22.763,6
1579189656,22.089,6
1579189657,21.976,6
1579189658,20.1975,6
1579189659,0.001,6
1579189660,0.001,6
1579189661,13.698,6
1579189662,23.327,6
1579189663,24.215,6
1579189664,22.916,6
1579189665,12.386,6
1579189667,14.45,6
1579189668,13.299,6
1579189669,14.17,6
1579189670,13.906,6
1579189671,14.189,6
1579189673,7.139,6
1579189674,0.057,6
1579189675,11.952,6
1579189676,15.048,6
1579189677,14.961,6
1579189678,14.7445,6
1579189680,14.885,6
1579189681,13.993,6
1579189682,14.902,6
1579189683,14.567,6
1579189684,14.775,6
1579189685,14.504,6
1579189687,3.116,6
1579189688,1.5595,6
1579189689,12.618,6
1579189690,14.448,6
1579189691,14.652,6
1579189692,14.611,6
1579189694,14.468,6
1579189695,15.141,6
1579189696,12.695,6
1579189697,9.267,6
1579189698,8.279,6
1579189701,0.595,6
1579189702,1.656,6
1579189703,4.152,6
1579189704,4.839,6
1579189706,5.824,6
1579189707,6.239,6
1579189708,7.808,6
1579189709,6.453,6
1579189710,8.645,6
1579189711,9.731,6
1579189712,9.451,6
1579189714,6.565,6
1579189715,0.598,6
1579189716,2.002,6
1579189717,8.459,6
1579189718,11.976,6
1579189720,11.451,6
1579189721,11.496,6
1579189722,9.356,6
1579189723,10.218,6
1579189724,9.601,6
1579189725,9.381,6
1579189726,11.925,6
1579189728,9.485,6
1579189730,4.627,6
1579189731,10.786,6
1579189732,10.221,6
1579189733,10.109,6
1579189735,11.95,6
1579189736,12.02,6
1579189737,11.488,6
1579189738,10.925,6
1579189739,12.132,6
1579189740,11.088,6
1579189741,9.093,6
1579189744,3.007,6
1579189745,10.55,6
1579189746,11.76,6
1579189747,7.65,6
1579189748,6.497,6
1579189750,7.464,6
1579189751,10.777,6
1579189752,12.355,6
1579189753,12.722,6
1579189754,12.023,6
1579189755,12.04,6
1579189758,3.257,6
1579189759,12.484,6
1579189760,12.131,6
1579189761,12.164,6
1579189762,12.104,6
1579189763,11.832,6
1579189764,11.381,6
1579189765,11.381,6
1579189766,12.115,6
1579189767,12.641,6
1579189768,12.473,6
1579189771,0.725,6
1579189772,11.008,6
1579189774,10.488,6
1579189775,10.172,6
1579189776,9.609,6
1579189777,10.089,6
1579189778,10.8425,6
1579189779,9.989,6
1579189780,8.405,6
1579189782,8.497,6
1579189784,1.2,6
1579189785,0.9475,6
1579189786,6.224,6
1579189787,6.205,6
1579189788,8.842,6
1579189790,9.35,6
1579189791,10.916,6
1579189792,11.514,6
1579189793,12.07,6
1579189794,11.301,6
1579189795,12.166,6
1579189798,7.79,6
1579189799,7.5955,6
1579189800,7.07,6
1579189801,6.088,6
1579189802,9.563,6
1579189803,9.955,6
1579189805,2.456,6
1579189806,0.022,6
1579189807,8.935,6
1579189808,19.797,6
1579189809,20.761,6
1579189812,0.753,6
1579189813,5.736,6
1579189814,29.297,6
1579189815,31.614,6
1579189817,34.415,6
1579189818,36.417,6
1579189819,35.231,6
1579189820,39.857,6
1579189821,38.015,6
1579189822,37.963,6
1579189824,47.477,6
1579189825,45.648,6
1579189826,0.001,6
1579189827,10.873,6
1579189828,24.96,6
1579189829,24.792,6
1579189831,24.763,6
1579189832,25.498,6
1579189833,24.804,6
1579189834,25.564,6
1579189835,24.898,6
1579189837,25.008,6
1579189839,16.6,6
1579189840,0.002,6
1579189841,28.189,6
1579189843,33.507,6
1579189844,32.345,6
1579189845,31.933,6
1579189846,31.754,6
1579189847,32.558,6
1579189848,32.932,6
1579189850,32.896,6
1579189851,30.773,6
1579189853,6.336,6
1579189854,3.1705,6
1579189856,15.871,6
1579189857,17.94,6
1579189858,17.169,6
1579189859,17.796,6
1579189860,3.69,6
1579189861,3.69,6
1579189862,3.028,6
1579189863,5.322,6
1579189864,8.064,6
1579189865,8.394,6
1579189866,9.178,6
1579189869,0.068,6
1579189870,0.904,6
1579189871,2.794,6
1579189872,7.338,6
1579189873,7.5065,6
1579189875,8.029,6
1579189876,7.583,6
1579189877,7.183,6
1579189878,8.468,6
1579189879,3.899,6
1579189880,1.371,6
1579189882,0.002,6
1579189883,2.943,6
1579189884,3.75,6
1579189885,4.326,6
1579189886,6.721,6
1579189887,7.812,6
1579189889,5.72,6
1579189890,3.669,6
1579189891,0.567,6
1579189892,0.903,6
1579189896,0.002,6
1579189897,4.5,6
1579189899,6.913,6
1579189900,7.006,6
1579189901,7.16,6
1579189903,10.263,6
1579189904,10.262,6
1579189905,10.916,6
1579189906,10.272,6
1579189907,10.747,6
1579189908,10.747,6
1579189909,8.561,6
1579189910,0.619,6
1579189911,4.676,6
1579189912,7.794,6
1579189913,8.796,6
1579189914,9.442,6
1579189916,8.21,6
1579189917,9.672,6
1579189918,6.581,6
1579189919,4.955,6
1579189920,5.251,6
1579189921,6.157,6
1579189923,1.562,6
1579189924,0.801,6
1579189925,9.248,6
1579189926,10.455,6
1579189927,3.11,6
1579189929,5.106,6
1579189930,4.478,6
1579189931,2.699,6
1579189932,3.882,6
1579189933,3.068,6
1579189936,3.8455,6
1579189938,1.821,6
1579189939,8.805,6
1579189940,10.197,6
1579189942,9.47,6
1579189943,12.397,6
1579189944,11.682,6
1579189945,6.716,6
1579189946,9.096,6
1579189947,6.977,6
1579189950,6.615,6
1579189952,4.665,6
1579189953,9.617,6
1579189954,8.499,6
1579189956,8.487,6
1579189957,9.96,6
1579189958,7.765,6
1579189959,11.375,6
1579189960,8.124,6
1579189962,5.204,6
1579189964,3.778,6
1579189965,0.002,6
1579189966,7.069,6
1579189967,12.516,6
1579189969,9.708,6
1579189970,7.5,6
1579189971,8.113,6
1579189972,9.162,6
1579189973,2.905,6
1579189974,4.607,6
1579189976,4.517,6
1579189978,1.612,6
1579189979,0.5386666666666666,6
1579189980,7.856,6
1579189982,11.129,6
1579189983,7.995,6
1579189984,5.568,6
1579189985,6.652,6
1579189986,8.347,6
1579189987,11.438,6
1579189989,8.693,6
1579189990,6.914,6
1579189992,0.331,6
1579189993,0.3775,6
1579189994,4.134,6
1579189996,3.444,6
1579189997,4.525,6
1579189998,6.389,6
1579189999,7.697,6
1579190000,7.665,6
1579190002,9.572,6
1579190003,11.81,6
1579190004,8.518,6
1579190005,6.392,6
1579190007,2.0275,6
1579190009,11.997,6
1579190010,10.014,6
1579190011,7.297,6
1579190012,5.381,6
1579190013,3.703,6
1579190014,3.525,6
1579190016,3.071,6
1579190017,2.488,6
1579190018,4.712,6
1579190019,3.73,6
1579190023,0.002,6
1579190024,4.259,6
1579190025,2.334,6
1579190026,3.81,6
1579190027,6.102,6
1579190029,6.372,6
1579190030,7.712,6
1579190031,7.58,6
1579190032,7.272,6
1579190033,8.781,6
1579190034,8.11,6
1579190036,2.943,6
1579190037,1.4725,6
1579190038,10.189,6
1579190039,5.916,6
1579190040,10.102,6
1579190042,8.587,6
1579190043,8.114,6
1579190044,4.389,6
1579190045,10.88,6
1579190046,10.872,6
1579190048,9.599,6
1579190051,0.698,6
1579190052,10.857,6
1579190053,9.095,6
1579190055,5.878,6
1579190056,6.192,6
1579190057,4.499,6
1579190058,3.848,6
1579190059,3.628,6
1579190061,5.179,6
1579190062,4.545,6
1579190065,3.918,6
1579190066,12.116,6
1579190067,11.703,6
1579190068,12.273,6
1579190070,11.448,6
1579190071,12.739,6
1579190072,12.662,6
1579190073,12.536,6
1579190074,11.208,6
1579190075,11.985,6
1579190079,3.383,6
1579190080,12.026,6
1579190081,12.668,6
1579190083,11.931,6
1579190084,12.153,6
1579190085,10.47,6
1579190086,12.502,6
1579190087,10.672,6
1579190088,9.544,6
1579190091,8.505,6
1579190092,0.001,6
1579190093,6.401,6
1579190094,9.199,6
1579190095,6.559,6
1579190097,12.139,6
1579190098,6.991,6
1579190099,6.605,6
1579190100,8.026,6
1579190101,8.497,6
1579190102,9.416,6
1579190105,6.555,6
1579190106,0.002,6
1579190107,7.693,6
1579190108,7.114,6
1579190110,2.603,6
1579190111,5.941,6
1579190112,6.374,6
1579190113,5.878,6
1579190114,7.134,6
1579190115,9.228,6
1579190117,11.399,6
1579190119,3.231,6
1579190120,1.6165,6
1579190121,10.208,6
1579190123,10.161,6
1579190124,5.552,6
1579190125,7.13,6
1579190126,8.479,6
1579190127,11.672,6
1579190128,6.54,6
1579190130,7.201,6
1579190131,3.877,6
1579190132,1.553,6
1579190133,0.534,6
1579190134,0.6366666666666666,6
1579190136,2.739,6
1579190137,2.838,6
1579190138,2.334,6
1579190139,2.748,6
1579190140,3.652,6
1579190141,3.258,6
1579190143,2.255,6
1579190144,2.01,6
1579190145,3.261,6
1579190146,5.892,6
1579190148,0.937,6
1579190150,7.177,6
1579190151,8.008,6
1579190152,3.87,6
1579190153,3.474,6
1579190154,5.314,6
1579190155,8.05,6
1579190157,4.819,6
1579190158,3.98,6
1579190159,7.254,6
1579190160,3.428,6
1579190161,0.001,6
1579190162,0.001,6
1579190163,1.207,6
1579190164,3.043,6
1579190165,3.498,6
1579190166,2.447,6
1579190167,2.1,6
1579190168,4.864,6
1579190170,3.261,6
1579190171,3.268,6
1579190172,1.92,6
1579190173,1.33,6
1579190174,1.642,6
1579190175,0.069,6
1579190177,1.645,6
1579190178,1.608,6
1579190179,1.107,6
1579190180,2.612,6
1579190181,4.912,6
1579190183,1.777,6
1579190184,2.758,6
1579190185,4.41,6
1579190186,2.972,6
1579190187,1.676,6
1579190188,0.971,6
1579190189,0.003,6
1579190190,0.003,6
1579190191,3.773,6
1579190192,2.009,6
1579190193,1.999,6
1579190194,2.78,6
1579190196,3.529,6
1579190197,2.461,6
1579190198,5.035,6
1579190199,6.701,6
1579190200,8.655,6
1579190202,11.138,6
1579190203,1.412,6
1579190204,1.4,6
1579190205,10.227,6
1579190206,11.035,6
1579190207,11.59,6
1579190208,10.948,6
1579190210,5.957,6
1579190211,12.098,6
1579190212,11.166,6
1579190213,12.387,6
1579190214,13.088,6
1579190216,12.699,6
1579190217,0.002,6
1579190218,4.037,6
1579190219,12.932,6
1579190220,13.427,6
1579190221,11.876,6
1579190223,11.586,6
1579190224,8.484,6
1579190225,12.286,6
1579190226,12.186,6
1579190227,12.825,6
1579190229,11.093,6
1579190230,6.049,6
1579190231,1.189,6
1579190232,5.375,6
1579190233,12.751,6
1579190235,12.177,6
1579190236,12.002,6
1579190237,12.825,6
1579190238,12.768,6
1579190239,12.677,6
1579190240,11.523,6
1579190242,11.424,6
1579190244,7.136,6
1579190245,0.002,6
1579190246,6.975,6
1579190247,12.075,6
1579190249,11.995,6
1579190250,10.846,6
1579190251,12.194,6
1579190252,12.518,6
1579190253,4.754,6
1579190255,7.243,6
1579190256,6.042,6
1579190258,3.902,6
1579190259,0.002,6
1579190260,6.678,6
1579190262,6.77,6
1579190263,8.86,6
1579190264,12.072,6
1579190265,12.065,6
1579190266,11.642,6
1579190268,11.753,6
1579190269,12.574,6
1579190270,6.054,6
1579190272,1.085,6
1579190273,0.9315,6
1579190275,12.93,6
1579190276,11.807,6
1579190277,12.339,6
1579190278,11.965,6
1579190279,3.369,6
1579190280,4.437,6
1579190282,6.11,6
1579190283,8.083,6
1579190284,8.444,6
1579190285,9.779,6
1579190287,1.623,6
1579190289,12.232,6
1579190290,6.737,6
1579190291,8.99,6
1579190292,10.986,6
1579190293,10.058,6
1579190295,8.54,6
1579190296,11.466,6
1579190297,10.209,6
1579190298,11.474,6
1579190299,10.186,6
1579190300,1.194,6
1579190301,1.194,6
1579190302,7.112,6
1579190303,12.828,6
1579190304,11.998,6
1579190305,12.126,6
1579190306,12.014,6
1579190308,9.718,6
1579190309,11.356,6
1579190310,11.385,6
1579190311,31.42,6
1579190312,22.25,6
1579190314,19.331,6
1579190315,1.091,6
1579190316,12.259,6
1579190317,12.655,6
1579190318,12.088,6
1579190320,7.817,6
1579190321,7.01,6
1579190322,10.746,6
1579190323,9.447,6
1579190324,9.432,6
1579190325,10.215,6
1579190326,10.215,6
1579190328,0.453,6
1579190329,0.7705,6
1579190330,9.65,6
1579190331,10.814,6
1579190333,11.137,6
1579190334,10.537,6
1579190335,12.023,6
1579190336,8.912,6
1579190337,11.335,6
1579190339,9.558,6
1579190340,10.266,6
1579190341,10.42,6
1579190343,6.605,6
1579190344,12.212,6
1579190346,11.56,6
1579190347,12.194,6
1579190348,12.131,6
1579190349,12.248,6
1579190350,11.127,6
1579190351,12.424,6
1579190353,12.032,6
1579190355,4.655,6
1579190356,0.002,6
1579190357,5.333,6
1579190358,10.951,6
1579190360,11.175,6
1579190361,11.224,6
1579190362,9.445,6
1579190363,8.454,6
1579190364,9.864,6
1579190366,9.232,6
1579190367,7.955,6
1579190369,1.654,6
1579190370,0.828,6
1579190371,5.755,6
1579190373,7.7,6
1579190374,6.166,6
1579190375,7.625,6
1579190376,8.821,6
1579190377,8.263,6
1579190378,7.77,6
1579190380,6.503,6
1579190381,5.793,6
1579190383,5.656,6
1579190384,2.764,6
1579190386,3.391,6
1579190387,5.844,6
1579190388,7.805,6
1579190389,3.87,6
1579190390,5.72,6
1579190392,5.217,6
1579190393,6.596,6
1579190394,6.444,6
1579190395,5.156,6
1579190396,5.373,6
1579190397,7.963,6
1579190399,5.234,6
1579190400,0.001,6
1579190401,5.294,6
1579190402,6.448,6
1579190403,5.382,6
1579190404,7.284,6
1579190406,8.401,6
1579190407,10.423,6
1579190408,7.23,6
1579190409,4.908,6
1579190410,3.461,6
1579190412,2.521,6
1579190413,2.122,6
1579190414,0.002,6
1579190415,5.182,6
1579190416,3.276,6
1579190417,4.886,6
1579190419,3.568,6
1579190420,4.216,6
1579190421,4.051,6
1579190422,5.166,6
1579190423,5.907,6
1579190424,5.461,6
1579190426,6.163,6
1579190427,1.418,6
1579190428,1.55,6
1579190429,10.48,6
1579190430,7.872,6
1579190432,6.113,6
1579190433,2.555,6
1579190434,1.956,6
1579190435,1.095,6
1579190436,1.196,6
1579190437,1.151,6
1579190439,1.465,6
1579190441,0.602,6
1579190442,1.139,6
1579190443,5.755,6
1579190444,4.322,6
1579190446,3.668,6
1579190447,6.656,6
1579190448,8.688,6
1579190449,9.413,6
1579190450,9.072,6
1579190452,8.256,6
1579190453,8.936,6
1579190454,8.467,6
1579190455,0.355,6
1579190456,4.791,6
1579190458,8.14,6
1579190459,9.808,6
1579190460,8.005,6
1579190461,9.235,6
1579190462,3.304,6
1579190463,3.348,6
1579190465,7.449,6
1579190466,8.475,6
1579190468,7.35,6
1579190469,0.203,6
1579190470,4.362,6
1579190472,8.504,6
1579190473,9.039,6
1579190474,6.847,6
1579190475,8.483,6
1579190476,8.703,6
1579190477,5.476,6
1579190479,9.265,6
1579190480,8.246,6
1579190482,6.448,6
1579190483,3.375,6
1579190484,4.531,6
1579190486,6.536,6
1579190487,7.169,6
1579190488,7.096,6
1579190489,7.21,6
1579190490,6.259,6
1579190491,0.363,6
1579190492,0.363,6
1579197416,0.129,7
1579197417,0.065,7
1579197419,0.043,7
1579197420,0.023,7
1579197422,18.586,7
1579197423,18.723,7
1579197424,17.582,7
1579197425,16.185,7
1579197426,17.557,7
1579197427,18.702,7
1579197428,18.389,7
1579197429,18.086,7
1579197431,18.969,7
1579197432,14.395,7
1579197433,7.862,7
1579197434,0.002,7
1579197435,15.44,7
1579197436,17.579,7
1579197438,15.908,7
1579197439,17.737,7
1579197440,17.159,7
1579197441,16.808,7
1579197442,19.569,7
1579197443,18.368,7
1579197444,19.053,7
1579197447,11.628,7
1579197448,0.002,7
1579197449,7.3235,7
1579197450,17.037,7
1579197451,11.168,7
1579197452,14.631,7
1579197454,15.157,7
1579197455,6.836,7
1579197456,15.47,7
1579197457,11.709,7
1579197458,16.819,7
1579197459,16.5685,7
1579197461,11.302,7
1579197462,0.002,7
1579197463,10.257,7
1579197464,16.675,7
1579197465,18.44,7
1579197466,19.182,7
1579197468,13.34,7
1579197469,16.459,7
1579197471,14.556,7
1579197472,18.85,7
1579197473,18.015,7
1579197474,12.681,7
1579197476,0.094,7
1579197477,9.783,7
1579197478,1.551,7
1579197479,7.519,7
1579197480,7.519,7
1579197481,7.388,7
1579197482,7.325,7
1579197483,7.054,7
1579197484,2.725,7
1579197485,7.798,7
1579197487,14.101,7
1579197489,0.569,7
1579197490,0.38,7
1579197491,13.174,7
1579197493,13.918,7
1579197494,9.113,7
1579197495,14.012,7
1579197496,10.752,7
1579197497,6.914,7
1579197498,8.23,7
1579197500,3.662,7
1579197501,6.029,7
1579197502,6.818,7
1579197503,0.602,7
1579197504,2.9455,7
1579197506,8.233,7
1579197507,8.117,7
1579197508,3.074,7
1579197509,3.734,7
1579197510,7.521,7
1579197511,3.712,7
1579197513,9.196,7
1579197514,6.825,7
1579197515,15.184,7
1579197516,22.946,7
1579197517,0.001,7
1579197518,8.69,7
1579197519,8.69,7
1579197520,7.262,7
1579197521,22.804,7
1579197522,24.557,7
1579197523,21.831,7
1579197524,6.775,7
1579197525,5.002,7
1579197527,15.827,7
1579197528,11.931,7
1579197531,0.002,7
1579197532,2.358,7
1579197534,5.513,7
1579197535,7.147,7
1579197536,13.533,7
1579197537,14.2865,7
1579197538,10.687,7
1579197539,7.623,7
1579197540,3.417,7
1579197542,5.018,7
1579197543,5.297,7
1579197544,1.823,7
1579197546,0.045,7
1579197547,0.711,7
1579197548,4.67,7
1579197550,3.014,7
1579197551,0.866,7
1579197552,4.525,7
1579197553,3.393,7
1579197554,1.729,7
1579197555,0.983,7
1579197557,1.851,7
1579197559,0.452,7
1579197560,1.028,7
1579197561,15.099,7
1579197562,14.89,7
1579197563,16.057,7
1579197565,16.25,7
1579197566,16.302,7
1579197567,10.999,7
1579197568,5.587,7
1579197569,6.608,7
1579197570,7.585,7
1579197571,8.573,7
1579197573,6.871,7
1579197574,0.816,7
1579197575,7.858,7
1579197576,2.49,7
1579197577,7.039,7
1579197579,3.011,7
1579197580,0.022,7
1579197581,0.077,7
1579197582,8.611,7
1579197583,9.528,7
1579197584,6.598,7
1579197585,3.151,7
1579197588,4.504,7
1579197589,19.863,7
1579197590,19.649,7
1579197591,21.284,7
1579197593,20.031,7
1579197594,21.061,7
1579197595,21.16,7
1579197596,20.328,7
1579197597,95.271,7
1579197598,111.288,7
1579197600,119.869,7
1579197601,5.833,7
1579197602,12.041,7
1579197603,19.598,7
1579197605,19.547,7
1579197606,19.957,7
1579197607,19.653,7
1579197608,20.24,7
1579197609,19.471,7
1579197610,18.711,7
1579197612,10.102,7
1579197614,11.165,7
1579197615,0.288,7
1579197616,8.172,7
1579197618,12.574,7
1579197619,13.88,7
1579197620,13.665,7
1579197621,14.4,7
1579197622,14.2045,7
1579197624,15.03,7
1579197625,12.538,7
1579197626,12.813,7
1579197628,1.247,7
1579197629,2.566,7
1579197631,26.175,7
1579197632,43.78,7
1579197633,59.881,7
1579197634,134.781,7
1579197635,122.487,7
1579197636,122.65,7
1579197638,147.695,7
1579197639,159.78,7
1579197640,149.247,7
1579197641,165.181,7
1579197642,85.0105,7
1579197643,2.421,7
1579197646,11.094,7
1579197647,14.078,7
1579197648,11.271,7
1579197649,14.241,7
1579197651,18.91,7
1579197652,58.062,7
1579197653,56.563,7
1579197654,60.843,7
1579197655,40.471,7
1579197656,0.001,7
1579197657,0.001,7
1579197658,13.617,7
1579197659,15.797,7
1579197660,16.248,7
1579197661,17.143,7
1579197662,18.524,7
1579197664,16.248,7
1579197665,17.681,7
1579197666,16.426,7
1579197667,17.098,7
1579197668,16.827,7
1579197670,10.599,7
1579197671,7.81,7
1579197672,22.192,7
1579197673,22.497,7
1579197674,43.861,7
1579197676,60.166,7
1579197677,76.264,7
1579197678,130.385,7
1579197679,122.2015,7
1579197680,134.104,7
1579197682,146.583,7
1579197683,130.108,7
1579197684,3.181,7
1579197685,6.985,7
1579197686,15.007,7
1579197687,14.925,7
1579197689,15.371,7
1579197690,14.373,7
1579197691,13.065,7
1579197692,15.267,7
1579197694,15.024,7
1579197695,14.621,7
1579197697,5.934,7
1579197700,1.012,7
1579197701,15.492,7
1579197702,16.63,7
1579197703,16.237,7
1579197704,16.791,7
1579197706,28.28,7
1579197707,108.156,7
1579197708,105.31,7
1579197709,102.705,7
1579197710,112.57,7
1579197711,135.356,7
1579197712,20.824,7
1579197713,13.273,7
1579197715,21.151,7
1579197716,62.82,7
1579197717,65.809,7
1579197718,106.428,7
1579197719,102.224,7
1579197720,133.227,7
1579197721,128.385,7
1579197723,111.224,7
1579197724,137.293,7
1579197726,18.803,7
1579197727,10.0345,7
1579197728,16.251,7
1579197730,15.941,7
1579197731,17.47,7
1579197732,17.072,7
1579197733,53.559,7
1579197734,74.516,7
1579197736,90.391,7
1579197737,140.313,7
1579197738,112.291,7
1579197739,98.389,7
1579197740,5.133,7
1579197741,5.9945,7
1579197742,15.308,7
1579197744,16.408,7
1579197745,16.841,7
1579197746,17.468,7
1579197747,15.62,7
1579197748,17.202,7
1579197750,18.564,7
1579197751,18.458,7
1579197752,17.84,7
1579197753,9.239,7
1579197754,0.002,7
1579197756,13.383,7
1579197757,16.921,7
1579197758,17.413,7
1579197759,17.61,7
1579197760,17.093,7
1579197762,16.559,7
1579197763,17.063,7
1579197764,17.793,7
1579197765,17.649,7
1579197766,18.392,7
1579197767,6.234,7
1579197768,6.234,7
1579197769,1.044,7
1579197770,17.482,7
1579197771,18.281,7
1579197772,19.159,7
1579197773,17.863,7
1579197775,18.865,7
1579197776,18.467,7
1579197777,18.854,7
1579197778,17.01,7
1579197779,19.068,7
1579197781,17.096,7
1579197783,7.723,7
1579197784,19.304,7
1579197785,20.477,7
1579197786,19.509,7
1579197788,19.246,7
1579197789,19.367,7
1579197790,87.221,7
1579197791,103.545,7
1579197792,148.215,7
1579197795,3.904,7
1579197796,4.097,7
1579197797,2.274,7
1579197798,3.477,7
1579197799,5.527,7
1579197801,4.887,7
1579197802,3.196,7
1579197803,0.859,7
1579197804,7.023,7
1579197805,7.394,7
1579197806,7.394,7
1579197807,7.602,7
1579197809,6.342,7
1579197810,4.444,7
1579197811,3.618,7
1579197812,3.865,7
1579197813,6.484,7
1579197815,7.858,7
1579197817,12.621,7
1579197818,8.736,7
1579197819,10.596,7
1579197820,5.383,7
1579197823,0.033,7
1579197824,0.012333333333333333,7
1579197825,8.229,7
1579197826,19.632,7
1579197827,0.982,7
1579197829,0.458,7
1579197830,2.625,7
1579197831,12.312,7
1579197832,17.2555,7
1579197833,20.575,7
1579197834,26.745,7
1579197837,16.483,7
1579197838,0.002,7
1579197839,5.842,7
1579197840,8.346,7
1579197841,8.693,7
1579197842,6.808,7
1579197844,7.897,7
1579197845,6.484,7
1579197847,6.76,7
1579197848,2.336,7
1579197849,0.615,7
1579197850,7.35,7
1579197852,0.814,7
1579197853,6.499,7
1579197854,6.9765,7
1579197855,7.717,7
1579197856,9.068,7
1579197857,8.416,7
1579197858,12.277,7
1579197860,26.408,7
1579197861,31.063,7
1579197862,36.84,7
1579197863,29.146,7
1579197864,24.4875,7
1579197865,0.002,7
1579197866,0.002,7
1579197867,5.224,7
1579197868,8.517,7
1579197869,9.308,7
1579197870,8.701,7
1579197871,7.893,7
1579197872,5.456,7
1579197873,6.967,7
1579197875,5.992,7
1579197876,5.606,7
1579197877,7.73,7
1579197878,4.874,7
1579197879,0.174,7
1579197880,7.0,7
1579197882,10.508,7
1579197883,11.611,7
1579197884,13.186,7
1579197885,19.288,7
1579197886,10.953,7
1579197887,10.983,7
1579197888,8.92,7
1579197890,7.427,7
1579197892,2.77,7
1579197893,0.9246666666666666,7
1579197894,4.084,7
1579197895,7.509,7
1579197896,2.242,7
1579197898,1.273,7
1579197899,0.525,7
1579197900,3.266,7
1579197901,1.651,7
1579197902,17.253,7
1579197904,19.06,7
1579197906,12.637,7
1579197907,0.002,7
1579197908,19.024,7
1579197909,20.027,7
1579197911,18.926,7
1579197912,18.626,7
1579197913,6.335,7
1579197914,5.763,7
1579197915,6.46,7
1579197917,7.76,7
1579197918,3.426,7
1579197920,2.475,7
1579197921,0.002,7
1579197923,5.026,7
1579197925,2.032,7
1579197926,6.282,7
1579197927,1.805,7
1579197935,0.001,7
1579197936,11.082,7
1579197938,24.191,7
1579197939,16.928,7
1579197940,13.736,7
1579197941,3.882,7
1579197942,3.803,7
1579197943,3.803,7
1579197944,14.693,7
1579197945,73.0,7
1579197946,185.685,7
1579197948,77.466,7
1579197949,0.003,7
1579197950,0.003,7
1579197951,37.975,7
1579197952,88.635,7
1579197953,107.017,7
1579197954,115.37,7
1579197955,91.307,7
1579197957,95.462,7
1579197958,98.973,7
1579197959,102.75,7
1579197960,107.134,7
1579197962,6.485,7
1579197963,6.485,7
1579197964,4.082,7
1579197965,60.852,7
1579197966,150.065,7
1579197967,162.7,7
1579197968,152.308,7
1579197969,154.18,7
1579197971,148.352,7
1579197972,149.659,7
1579197973,155.067,7
1579197974,158.086,7
1579197975,144.263,7
1579197977,0.001,7
1579197978,11.023,7
1579197979,26.931,7
1579197980,28.727,7
1579197981,29.849,7
1579197983,25.987,7
1579197984,29.01,7
1579197985,29.756,7
1579197986,29.212,7
1579197987,30.247,7
1579197989,29.422,7
1579197990,33.289,7
1579197991,0.002,7
1579197992,24.568,7
1579197993,28.332,7
1579197994,31.183,7
1579197996,31.924,7
1579197997,32.592,7
1579197998,31.513,7
1579197999,30.659,7
1579198000,33.786,7
1579198002,31.384,7
1579198004,5.127,7
1579198005,2.73,7
1579198006,25.019,7
1579198007,26.938,7
1579198009,27.028,7
1579198010,27.683,7
1579198011,26.434,7
1579198012,126.672,7
1579198013,157.713,7
1579198015,157.548,7
1579198016,134.53,7
1579198017,139.379,7
1579198018,10.356,7
1579198019,7.923,7
1579198020,18.856,7
1579198022,19.237,7
1579198023,20.67,7
1579198024,19.742,7
1579198025,19.791,7
1579198026,20.498,7
1579198028,18.782,7
1579198029,18.479,7
1579198030,19.216,7
1579198031,12.151,7
1579198032,0.003,7
1579198033,0.003,7
1579198034,20.012,7
1579198035,32.722,7
1579198036,150.772,7
1579198037,152.318,7
1579198038,155.693,7
1579198039,75.87,7
1579198041,92.423,7
1579198042,133.081,7
1579198043,7.22,7
1579198044,67.08,7
1579198045,93.731,7
1579198046,0.002,7
1579198048,72.378,7
1579198049,113.601,7
1579198050,152.186,7
1579198051,151.475,7
1579198052,140.992,7
1579198053,152.237,7
1579198055,66.769,7
1579198056,121.722,7
1579198057,166.611,7
1579198059,133.167,7
1579198060,0.003,7
1579198062,15.799,7
1579198063,16.296,7
1579198064,17.707,7
1579198065,116.364,7
1579198066,118.805,7
1579198067,115.56,7
1579198069,118.576,7
1579198070,99.046,7
1579198071,108.923,7
1579198073,17.564,7
1579198074,17.564,7
1579198075,6.32,7
1579198076,22.815,7
1579198077,22.9485,7
1579198078,24.183,7
1579198079,25.295,7
1579198080,25.119,7
1579198082,43.971,7
1579198083,245.57,7
1579198084,290.796,7
1579198085,201.058,7
1579198086,192.424,7
1579198087,98.278,7
1579198088,4.132,7
1579198089,8.4,7
1579198090,22.226,7
1579198091,21.389,7
1579198092,18.152,7
1579198093,73.001,7
1579198094,114.995,7
1579198095,114.995,7
1579198096,259.602,7
1579198097,269.355,7
1579198098,235.078,7
1579198099,62.431,7
1579198100,231.637,7
1579198102,5.308,7
1579198104,23.215,7
1579198105,26.574,7
1579198106,25.955,7
1579198107,24.554,7
1579198108,26.312,7
1579198109,22.8,7
1579198111,25.468,7
1579198112,25.079,7
1579198113,25.914,7
1579198114,21.98,7
1579198115,0.002,7
1579198116,9.825,7
1579198118,309.064,7
1579198119,319.827,7
1579198120,389.891,7
1579198121,327.496,7
1579198122,300.237,7
1579198123,250.681,7
1579198124,17.385,7
1579198125,19.466,7
1579198127,35.935,7
1579198128,51.842,7
1579198129,23.932,7
1579198130,5.423,7
1579198131,23.951,7
1579198132,26.625,7
1579198134,35.425,7
1579198135,31.139,7
1579198136,19.529,7
1579198137,14.387,7
1579198138,1.516,7
1579198139,4.177,7
1579198140,12.931,7
1579198142,26.378,7
1579198143,2.488,7
1579198144,3.017,7
1579198145,6.1255,7
1579198146,9.019,7
1579198147,8.709,7
1579198149,9.726,7
1579198150,12.754,7
1579198151,12.028,7
1579198152,10.999,7
1579198153,7.812,7
1579198154,4.348,7
1579198155,0.022,7
1579198158,2.645,7
1579198160,9.923,7
1579198161,4.276,7
1579198162,5.227,7
1579198163,1.418,7
1579198165,2.582,7
1579198167,3.853,7
1579198168,6.977,7
1579198169,0.222,7
1579198172,3.011,7
1579198173,17.978,7
1579198174,19.096,7
1579198175,4.627,7
1579198176,4.135,7
1579198177,6.673,7
1579198179,9.509,7
1579198180,14.321,7
1579198181,16.739,7
1579198182,15.365,7
1579198183,16.7375,7
1579198186,2.665,7
1579198187,7.243,7
1579198188,8.705,7
1579198189,5.799,7
1579198190,1.432,7
1579198191,58.873,7
1579198192,92.897,7
1579198194,91.383,7
1579198195,94.586,7
1579198196,93.021,7
1579198197,90.676,7
1579198198,0.001,7
1579198199,0.001,7
1579198200,13.9,7
1579198201,133.541,7
1579198202,162.242,7
1579198203,151.562,7
1579198204,152.575,7
1579198205,156.492,7
1579198207,137.691,7
1579198208,140.336,7
1579198209,159.647,7
1579198210,162.638,7
1579198211,98.586,7
1579198212,0.002,7
1579198213,0.002,7
1579198214,20.862,7
1579198215,25.226,7
1579198216,28.194,7
1579198217,30.529,7
1579198218,29.683,7
1579198220,29.925,7
1579198221,28.79,7
1579198222,31.914,7
1579198223,27.851,7
1579198224,27.301,7
1579198226,5.264,7
1579198227,1.08,7
1579198228,44.487,7
1579198229,154.77,7
1579198230,152.751,7
1579198231,166.041,7
1579198233,182.322,7
1579198234,177.831,7
1579198235,160.109,7
1579198236,154.111,7
1579198237,162.214,7
1579198238,148.282,7
1579198240,21.079,7
1579198241,6.609,7
1579198242,23.216,7
1579198243,23.307,7
1579198244,23.166,7
1579198246,22.287,7
1579198247,22.571,7
1579198248,22.897,7
1579198249,22.397,7
1579198250,22.426,7
1579198253,17.969,7
1579198254,0.001,7
1579198255,13.689,7
1579198256,28.841,7
1579198257,25.71,7
1579198259,28.388,7
1579198260,29.173,7
1579198261,29.155,7
1579198262,28.5075,7
1579198263,28.325,7
1579198265,29.028,7
1579198267,14.058,7
1579198268,0.002,7
1579198269,26.162,7
1579198271,28.607,7
1579198272,26.764,7
1579198273,30.02,7
1579198274,29.056,7
1579198275,26.543,7
1579198276,29.902,7
1579198278,29.199,7
1579198279,36.921,7
1579198281,11.525,7
1579198282,6.9735,7
1579198284,16.02,7
1579198285,17.279,7
1579198286,17.254,7
1579198287,18.568,7
1579198288,19.546,7
1579198290,19.665,7
1579198291,20.049,7
1579198292,19.102,7
1579198293,19.874,7
1579198294,15.214,7
1579198295,0.001,7
1579198296,0.001,7
1579198297,13.494,7
1579198298,23.38,7
1579198299,22.124,7
1579198300,24.722,7
1579198301,23.425,7
1579198303,23.533,7
1579198304,130.601,7
1579198305,136.235,7
1579198306,148.426,7
1579198307,115.107,7
1579198308,85.493,7
1579198310,0.002,7
1579198311,14.175,7
1579198312,16.9335,7
1579198313,52.325,7
1579198314,105.502,7
1579198316,135.338,7
1579198317,122.488,7
1579198318,103.206,7
1579198319,15.513,7
1579198320,15.765,7
1579198323,7.93,7
1579198324,1.27,7
1579198325,5.782,7
1579198326,3.294,7
1579198327,4.299,7
1579198329,3.681,7
1579198330,3.516,7
1579198331,4.048,7
1579198332,4.493,7
1579198333,6.44,7
1579198336,6.439,7
1579198338,1.968,7
1579198339,7.056,7
1579198340,6.261,7
1579198341,7.87,7
1579198343,6.629,7
1579198344,5.513,7
1579198345,6.675,7
1579198346,4.641,7
1579198347,5.724,7
1579198350,9.015,7
1579198351,0.012,7
1579198352,5.314,7
1579198353,11.812,7
1579198354,11.683,7
1579198356,9.389,7
1579198357,7.105,7
1579198358,10.301,7
1579198359,7.998,7
1579198360,3.727,7
1579198362,8.917,7
1579198363,15.397,7
1579198364,35.263,7
1579198365,15.842333333333334,7
1579198366,4.503,7
1579198367,22.566,7
1579198369,26.895,7
1579198370,22.02,7
1579198371,0.379,7
1579198372,38.581,7
1579198373,1.523,7
1579198375,2.836,7
1579198376,6.149,7
1579198378,3.282,7
1579198379,1.849,7
1579198380,0.939,7
1579198382,12.548,7
1579198383,13.381,7
1579198384,9.992,7
1579198385,13.618,7
1579198387,18.324,7
1579198388,23.694,7
1579198389,18.007,7
1579198390,17.445,7
1579198391,20.147,7
1579198393,10.493,7
1579198394,1.125,7
1579198395,7.207,7
1579198396,9.299,7
1579198397,9.872,7
1579198398,8.292,7
1579198400,8.084,7
1579198401,5.692,7
1579198402,8.604,7
1579198403,9.304,7
1579198404,9.764,7
1579198407,0.628,7
1579198408,1.65,7
1579198409,8.544,7
1579198410,6.487,7
1579198411,11.369,7
1579198413,17.598,7
1579198414,16.032,7
1579198415,15.506,7
1579198416,3.491,7
1579198417,0.43,7
1579198418,23.58,7
1579198420,31.084,7
1579198421,1.039,7
1579198422,3.426,7
1579198423,19.071,7
1579198424,11.502,7
1579198426,6.21,7
1579198427,2.164,7
1579198428,0.815,7
1579198429,1.663,7
1579198430,2.781,7
1579198431,2.4345,7
1579198433,5.726,7
1579198434,9.22,7
1579198435,0.001,7
1579198436,6.547,7
1579198437,10.391,7
1579198438,12.217,7
1579198440,12.154,7
1579198441,11.556,7
1579198442,11.434,7
1579198443,10.978,7
1579198444,12.339,7
1579198446,11.799,7
1579198448,5.18,7
1579198449,0.002,7
1579198450,8.195,7
1579198451,12.097,7
1579198453,10.637,7
1579198454,11.312,7
1579198455,10.563,7
1579198456,8.434,7
1579198457,10.196,7
1579198459,10.768,7
1579198460,9.479,7
1579198462,1.788,7
1579198463,1.8325,7
1579198465,12.009,7
1579198466,11.7,7
1579198467,10.231,7
1579198468,11.195,7
1579198469,14.689,7
1579198471,43.557,7
1579198472,37.723,7
1579198473,43.555,7
1579198474,50.523,7
1579198475,32.947,7
1579198476,0.001,7
1579198477,0.001,7
1579198478,5.331,7
1579198480,9.411,7
1579198481,9.812,7
1579198482,11.04,7
1579198484,8.392,7
1579198485,10.614,7
1579198486,10.943,7
1579198487,9.226,7
1579198488,9.13,7
1579198489,9.32,7
1579198491,0.635,7
1579198492,7.023,7
1579198493,9.229,7
1579198494,7.505,7
1579198495,7.243,7
1579198496,6.602,7
1579198498,5.961,7
1579198499,6.821,7
1579198500,5.577,7
1579198501,3.797,7
1579198502,3.124,7
1579198504,5.478,7
1579198505,3.059,7
1579198506,1.804,7
1579198507,0.456,7
1579198508,14.227,7
1579198510,18.924,7
1579198511,35.692,7
1579198512,74.591,7
1579198513,71.907,7
1579198514,73.932,7
1579198515,71.192,7
1579198518,24.076,7
1579198519,12.039,7
1579198520,60.783,7
1579198521,59.6965,7
1579198522,57.218,7
1579198524,46.33,7
1579198525,78.782,7
1579198526,105.786,7
1579198527,111.168,7
1579198528,125.535,7
1579198529,126.946,7
1579198531,127.649,7
1579198532,37.703,7
1579198533,18.853,7
1579198534,30.339,7
1579198535,84.169,7
1579198536,230.098,7
1579198537,217.004,7
1579198538,217.004,7
1579198539,206.372,7
1579198540,238.89,7
1579198541,142.867,7
1579198542,128.119,7
1579198543,153.697,7
1579198544,100.195,7
1579198545,80.051,7
1579198546,59.907,7
1579198547,0.002,7
1579198548,11.537,7
1579198549,6.293,7
1579198550,10.253,7
1579198551,10.383,7
1579198552,6.091,7
1579198553,4.222,7
1579198555,5.134,7
1579198556,10.0,7
1579198557,14.038,7
1579198558,16.0695,7
1579198559,19.717,7
1579198560,2.771,7
1579198563,0.113,7
1579198564,8.39,7
1579198565,8.323,7
1579198566,7.651,7
1579198567,7.862,7
1579198569,8.473,7
1579198570,8.859,7
1579198571,7.692,7
1579198573,5.2035,7
1579198574,0.002,7
1579198575,3.217,7
1579198577,3.706,7
1579198578,1.845,7
1579198579,7.943,7
1579198580,7.843,7
1579198581,9.9685,7
1579198582,16.857,7
1579198584,15.056,7
1579198585,11.749,7
1579198587,22.284,7
1579198588,2.287,7
1579198589,8.243,7
1579198590,8.243,7
1579198591,7.163,7
1579198592,11.108,7
1579198593,7.483,7
1579198594,4.601,7
1579198595,8.947,7
1579198597,19.286,7
1579198598,37.889,7
1579198599,2.759,7
1579198601,27.593,7
1579198602,18.521,7
1579198603,8.13,7
1579198605,9.3,7
1579198606,6.906,7
1579198607,8.306,7
1579198608,4.457,7
1579198609,0.758,7
1579198610,4.111,7
1579198612,9.697,7
1579198613,9.291,7
1579198615,0.598,7
1579198616,0.43,7
1579198617,8.204,7
1579198618,8.469,7
1579198620,11.981,7
1579198621,16.895,7
1579198622,15.255,7
1579198623,12.5855,7
1579198624,12.727,7
1579198625,20.459,7
1579198627,8.788,7
1579198629,5.005,7
1579198630,2.827,7
1579198631,9.141,7
1579198632,7.423,7
1579198633,9.696,7
1579198635,8.624,7
1579198636,9.562,7
1579198637,8.409,7
1579198638,7.884,7
1579198639,2.489,7
1579198640,7.621,7
1579198641,7.621,7
1579198642,9.735,7
1579198643,2.423,7
1579198644,0.001,7
1579198645,6.883,7
1579198646,18.164,7
1579198647,16.05,7
1579198648,21.088,7
1579198649,21.088,7
1579198650,18.34,7
1579198651,19.448,7
1579198652,18.872,7
1579198653,18.868,7
1579198654,23.351,7
1579198655,17.199,7
1579198656,23.649,7
1579198657,23.649,7
1579198658,1.04,7
1579198659,5.878,7
1579198660,9.247,7
1579198661,25.746,7
1579198662,24.609,7
1579198663,28.54,7
1579198664,27.8185,7
1579198666,32.016,7
1579198667,32.325,7
1579198668,36.746,7
1579198669,26.811,7
1579198670,9.255,7
1579198671,0.001,7
1579198672,0.8166666666666667,7
1579198674,3.445,7
1579198675,3.831,7
1579198676,2.055,7
1579198677,2.837,7
1579198678,3.579,7
1579198679,11.956,7
1579198680,11.956,7
1579198681,2.512,7
1579198682,3.783,7
1579198683,13.744,7
1579198684,8.014,7
1579198686,3.582,7
1579198687,8.915,7
1579198688,8.915,7
1579198689,8.998,7
1579198690,8.4,7
1579198691,8.988,7
1579198692,9.076,7
1579198693,10.579,7
1579198694,10.78,7
1579198695,9.049,7
1579198696,9.049,7
1579198697,11.7,7
1579198700,2.631,7
1579198701,11.796,7
1579198702,15.873,7
1579198703,42.231,7
1579198704,42.231,7
1579198705,37.455,7
1579198706,36.5,7
1579198707,41.567,7
1579198708,43.34,7
1579198709,34.466,7
1579198710,39.964,7
1579198711,42.889,7
1579198712,42.889,7
1579198713,2.634,7
1579198714,2.2,7
1579198715,11.544,7
1579198716,12.079,7
1579198717,12.793,7
1579198718,24.728,7
1579198720,50.965,7
1579198721,52.014,7
1579198722,49.668,7
1579198723,52.1,7
1579198724,39.397,7
1579198728,1.651,7
1579198729,11.231,7
1579198730,33.346,7
1579198731,31.83,7
1579198732,31.7755,7
1579198733,28.554,7
1579198735,21.288,7
1579198736,32.103,7
1579198737,26.831,7
1579198738,31.228,7
1579198740,2.542,7
1579198741,2.542,7
1579198742,4.039,7
1579198743,11.401,7
1579198744,11.982,7
1579198745,12.387,7
1579198746,11.994,7
1579198747,12.026,7
1579198749,12.438,7
1579198750,12.076,7
1579198751,12.221,7
1579198752,11.419,7
1579198755,0.72,7
1579198757,11.323,7
1579198758,12.6,7
1579198759,11.436,7
1579198760,11.363,7
1579198761,12.529,7
1579198762,12.147,7
1579198763,12.083,7
1579198765,11.364,7
1579198766,11.317,7
1579198768,2.388,7
1579198769,1.707,7
1579198770,10.876,7
1579198771,33.966,7
1579198773,36.969,7
1579198774,44.893,7
1579198775,40.15,7
1579198776,31.78,7
1579198777,24.486,7
1579198778,30.731,7
1579198780,21.491,7
1579198782,1.798,7
1579198783,1.3343333333333331,7
1579198784,5.753,7
1579198785,0.556,7
1579198788,17.452,7
1579198789,18.17,7
1579198790,16.24,7
1579198791,17.331,7
1579198792,18.919,7
1579198794,18.231,7
1579198796,0.621,7
1579198797,6.76,7
1579198798,20.6395,7
1579198799,33.623,7
1579198800,33.383,7
1579198802,32.227,7
1579198803,29.022,7
1579198804,28.488,7
1579198805,32.969,7
1579198806,30.4025,7
1579198807,27.969,7
1579198809,26.278,7
1579198811,5.491,7
1579198812,66.572,7
1579198813,90.26,7
1579198814,92.7545,7
1579198816,91.976,7
1579198817,94.767,7
1579198818,93.173,7
1579198819,93.888,7
1579198820,96.029,7
1579198822,94.328,7
1579198823,78.626,7
1579198824,6.953,7
1579198825,8.634,7
1579198826,18.489,7
1579198827,18.517,7
1579198829,17.874,7
1579198830,18.499,7
1579198831,59.783,7
1579198832,71.272,7
1579198833,72.705,7
1579198835,160.654,7
1579198836,218.984,7
1579198837,111.879,7
1579198838,0.002,7
1579198839,14.46,7
1579198840,22.813,7
1579198842,21.869,7
1579198843,21.889,7
1579198844,18.78,7
1579198845,20.552,7
1579198846,21.531,7
1579198847,74.262,7
1579198849,195.368,7
1579198851,98.413,7
1579198852,49.2675,7
1579198853,19.016,7
1579198854,18.853,7
1579198856,20.62,7
1579198857,19.942,7
1579198858,20.112,7
1579198859,45.082,7
1579198860,92.642,7
1579198862,240.101,7
1579198863,352.419,7
1579198865,13.757,7
1579198866,9.3155,7
1579198868,13.034,7
1579198869,20.797,7
1579198870,21.285,7
1579198871,20.583,7
1579198872,20.038,7
1579198873,25.743,7
1579198875,38.74,7
1579198876,42.658,7
1579198877,52.381,7
1579198878,49.637,7
1579198880,15.043,7
1579198882,108.159,7
1579198883,124.712,7
1579198884,127.657,7
1579198885,128.69,7
1579198886,209.724,7
1579198887,272.899,7
1579198889,219.116,7
1579198890,247.741,7
1579198891,241.941,7
1579198892,205.145,7
1579198893,0.001,7
1579198894,12.083,7
1579198895,31.011,7
1579198897,33.743,7
1579198898,29.898,7
1579198899,32.387,7
1579198900,29.291,7
1579198901,29.322,7
1579198902,25.087,7
1579198904,28.488,7
1579198905,27.01,7
1579198906,22.0125,7
1579198907,0.002,7
1579198908,15.966,7
1579198910,18.839,7
1579198911,19.91,7
1579198912,61.509,7
1579198913,112.181,7
1579198914,110.945,7
1579198916,109.483,7
1579198917,111.972,7
1579198918,108.122,7
1579198920,36.81,7
1579198921,18.4065,7
1579198923,22.089,7
1579198924,21.416,7
1579198925,22.541,7
1579198926,21.837,7
1579198927,20.657,7
1579198928,20.054,7
1579198930,13.242,7
1579198931,16.175,7
1579198934,10.155,7
1579198935,4.888,7
1579198937,47.344,7
1579198938,295.123,7
1579198939,247.019,7
1579198940,214.718,7
1579198941,304.977,7
1579198942,289.212,7
1579198943,274.371,7
1579198944,305.413,7
1579198946,338.146,7
1579198947,321.437,7
1579198948,187.398,7
1579198949,0.001,7
1579198950,17.712,7
1579198951,82.7245,7
1579198952,176.978,7
1579198953,181.484,7
1579198955,49.856,7
1579198956,0.011,7
1579198957,0.011,7
1579198959,2.382,7
1579198960,0.011,7
1579198962,69.972,7
1579198963,0.002,7
1579198964,22.375,7
1579198965,56.367,7
1579198966,199.532,7
1579198967,161.667,7
1579198969,104.833,7
1579198970,128.353,7
1579198971,100.051,7
1579198972,101.92,7
1579198973,106.17,7
1579198974,101.533,7
1579198976,93.702,7
1579198977,0.002,7
1579198978,11.927,7
1579198979,21.178,7
1579198980,20.566,7
1579198981,18.831,7
1579198983,17.311,7
1579198984,22.557,7
1579198985,70.046,7
1579198986,96.369,7
1579198987,104.055,7
1579198990,72.362,7
1579198991,36.1845,7
1579198992,17.32,7
1579198993,23.871,7
1579198994,74.532,7
1579198996,70.629,7
1579198997,97.213,7
1579198998,91.917,7
1579198999,85.366,7
1579199000,96.323,7
1579199001,87.323,7
1579199004,9.527,7
1579199005,5.939,7
1579199006,91.569,7
1579199007,176.911,7
1579199009,191.845,7
1579199010,167.355,7
1579199011,147.582,7
1579199012,172.756,7
1579199013,137.724,7
1579199014,138.566,7
1579199016,100.272,7
1579199017,124.366,7
1579199018,0.378,7
1579199019,9.332,7
1579199020,24.054,7
1579199021,109.273,7
1579199022,143.047,7
1579199024,118.773,7
1579199025,138.362,7
1579199026,145.775,7
1579199027,113.685,7
1579199028,135.457,7
1579199029,137.034,7
1579199031,160.04,7
1579199033,6.045,7
1579199034,13.674,7
1579199035,20.611,7
1579199036,21.164,7
1579199038,21.783,7
1579199039,21.846,7
1579199040,21.765,7
1579199041,20.866,7
1579199042,20.71,7
1579199043,21.183,7
1579199045,20.949,7
1579199047,15.808,7
1579199048,51.378,7
1579199049,193.523,7
1579199050,185.852,7
1579199051,185.852,7
1579199052,199.162,7
1579199053,243.026,7
1579199054,246.217,7
1579199055,214.377,7
1579199056,175.635,7
1579199057,188.133,7
1579199058,203.404,7
1579199059,0.001,7
1579199060,0.001,7
1579199061,10.803,7
1579199062,26.406,7
1579199063,26.892,7
1579199064,43.211,7
1579199065,180.477,7
1579199066,224.2995,7
1579199067,134.881,7
1579199069,198.63,7
1579199070,309.125,7
1579199071,247.892,7
1579199072,195.613,7
1579199073,7.656,7
1579199074,7.9565,7
1579199075,8.257,7
1579199076,33.034,7
1579199077,166.373,7
1579199078,294.929,7
1579199079,294.725,7
1579199080,242.458,7
1579199081,145.778,7
1579199082,127.58,7
1579199083,107.9025,7
1579199085,144.474,7
1579199087,2.151,7
1579199088,7.979,7
1579199089,89.645,7
1579199090,171.14,7
1579199092,217.548,7
1579199093,85.45,7
1579199094,70.415,7
1579199095,79.287,7
1579199096,145.129,7
1579199097,106.878,7
1579199099,122.385,7
1579199100,88.794,7
1579199101,29.598,7
1579199102,10.284,7
1579199103,88.052,7
1579199104,228.303,7
1579199106,239.929,7
1579199107,239.058,7
1579199108,192.604,7
1579199109,201.895,7
1579199110,205.602,7
1579199111,201.444,7
1579199112,206.033,7
1579199113,198.768,7
1579199115,6.858,7
1579199116,4.008,7
1579199117,16.369,7
1579199118,20.114,7
1579199119,15.844,7
1579199121,22.867,7
1579199122,17.185,7
1579199123,22.342,7
1579199124,23.034,7
1579199125,22.656,7
1579199128,20.325,7
1579199129,0.001,7
1579199130,9.5955,7
1579199131,26.85,7
1579199132,21.701,7
1579199133,21.751,7
1579199135,20.554,7
1579199136,23.99,7
1579199137,25.275,7
1579199138,65.297,7
1579199139,79.597,7
1579199140,86.466,7
1579199142,68.616,7
1579199143,5.158,7
1579199144,17.336,7
1579199145,22.986,7
1579199146,22.842,7
1579199148,22.346,7
1579199149,22.228,7
1579199150,20.573,7
1579199151,22.347,7
1579199152,133.363,7
1579199153,158.585,7
1579199156,56.405,7
1579199157,37.604,7
1579199158,84.363,7
1579199159,230.007,7
1579199160,156.174,7
1579199162,148.277,7
1579199163,158.531,7
1579199164,161.001,7
1579199165,159.283,7
1579199166,157.143,7
1579199167,147.075,7
1579199168,147.075,7
1579199169,160.729,7
1579199170,45.7,7
1579199171,22.8515,7
1579199172,30.085,7
1579199173,30.591,7
1579199175,26.163,7
1579199176,24.045,7
1579199177,17.383,7
1579199178,30.438,7
1579199179,20.226,7
1579199180,31.779,7
1579199182,192.669,7
1579199184,6.338,7
1579199185,9.544,7
1579199186,22.428,7
1579199187,32.5155,7
1579199189,97.635,7
1579199190,149.375,7
1579199191,93.769,7
1579199192,106.831,7
1579199193,172.195,7
1579199194,143.263,7
1579199196,263.118,7
1579199197,146.15,7
1579199198,0.001,7
1579199199,1.322,7
1579199200,30.544,7
1579199201,32.827,7
1579199202,30.743,7
1579199204,29.028,7
1579199205,31.255,7
1579199206,29.753,7
1579199207,34.63,7
1579199208,31.249,7
1579199209,32.934,7
1579199212,2.045,7
1579199213,4.452,7
1579199214,22.828,7
1579199215,23.723,7
1579199216,23.013,7
1579199218,22.848,7
1579199219,22.363,7
1579199220,23.225,7
1579199221,24.003,7
1579199222,23.828,7
1579199223,22.188,7
1579199226,1.218,7
1579199227,7.159,7
1579199228,25.312,7
1579199229,24.284,7
1579199230,25.23,7
1579199232,24.027,7
1579199233,21.222,7
1579199234,21.617,7
1579199235,104.069,7
1579199236,224.101,7
1579199237,217.048,7
1579199239,8.83,7
1579199240,8.83,7
1579205403,0.001,8
1579205404,0.0005,8
1579205405,0.035,8
1579205409,28.357,8
1579205410,189.616,8
1579205411,265.45,8
1579205412,271.578,8
1579205413,241.673,8
1579205414,258.397,8
1579205415,251.158,8
1579205416,232.907,8
1579205417,213.063,8
1579205418,221.45,8
1579205419,205.918,8
1579205421,2.46,8
1579205422,10.107,8
1579205423,19.584,8
1579205424,21.038,8
1579205425,20.859,8
1579205426,18.113,8
1579205427,19.639,8
1579205429,21.544,8
1579205430,86.819,8
1579205431,94.855,8
1579205432,163.044,8
1579205433,189.388,8
1579205434,10.835,8
1579205435,9.473,8
1579205436,201.742,8
1579205438,214.095,8
1579205439,195.081,8
1579205440,69.295,8
1579205441,88.008,8
1579205442,74.835,8
1579205443,185.658,8
1579205444,159.373,8
1579205445,170.296,8
1579205448,55.635,8
1579205449,27.8185,8
1579205450,15.546,8
1579205451,14.854,8
1579205452,18.73,8
1579205453,20.731,8
1579205454,13.401,8
1579205456,75.319,8
1579205457,222.349,8
1579205458,231.34,8
1579205459,226.878,8
1579205460,213.02,8
1579205461,247.708,8
1579205462,0.001,8
1579205463,8.851,8
1579205464,15.676,8
1579205466,19.557,8
1579205467,13.838,8
1579205468,16.713,8
1579205469,21.328,8
1579205470,23.128,8
1579205471,22.714,8
1579205472,84.779,8
1579205473,84.779,8
1579205474,213.904,8
1579205475,231.012,8
1579205476,2.084,8
1579205477,8.418,8
1579205478,23.686,8
1579205479,25.275,8
1579205480,105.567,8
1579205481,120.799,8
1579205482,106.462,8
1579205484,107.98,8
1579205485,101.905,8
1579205486,86.717,8
1579205487,159.44,8
1579205489,60.978,8
1579205490,30.6995,8
1579205491,20.348,8
1579205493,55.694,8
1579205494,144.022,8
1579205495,223.527,8
1579205496,240.017,8
1579205497,207.309,8
1579205498,261.862,8
1579205499,268.007,8
1579205500,248.253,8
1579205501,245.881,8
1579205503,197.284,8
1579205504,0.001,8
1579205505,22.209,8
1579205506,96.92,8
1579205507,224.729,8
1579205508,296.93,8
1579205509,310.134,8
1579205510,327.97,8
1579205511,243.975,8
1579205512,334.705,8
1579205514,326.388,8
1579205515,199.638,8
1579205517,82.177,8
1579205518,43.401,8
1579205519,277.729,8
1579205520,244.693,8
1579205521,236.91,8
1579205522,207.271,8
1579205524,194.391,8
1579205525,220.088,8
1579205526,184.152,8
1579205527,175.362,8
1579205528,213.841,8
1579205529,169.634,8
1579205530,137.965,8
1579205531,0.001,8
1579205532,34.681,8
1579205534,196.766,8
1579205535,229.81,8
1579205536,225.498,8
1579205537,272.332,8
1579205538,226.451,8
1579205539,208.171,8
1579205540,206.614,8
1579205541,224.31,8
1579205542,228.532,8
1579205545,14.621,8
1579205546,4.137,8
1579205547,311.303,8
1579205548,270.348,8
1579205549,249.031,8
1579205550,166.978,8
1579205551,201.363,8
1579205552,160.636,8
1579205553,185.565,8
1579205555,185.806,8
1579205556,184.734,8
1579205557,191.82,8
1579205558,155.304,8
1579205559,6.828,8
1579205560,209.871,8
1579205561,266.55,8
1579205563,270.419,8
1579205564,283.773,8
1579205565,244.851,8
1579205566,235.634,8
1579205567,251.066,8
1579205568,273.214,8
1579205569,254.726,8
1579205570,222.376,8
1579205571,252.402,8
1579205573,5.6185,8
1579205575,192.184,8
1579205576,242.343,8
1579205577,371.824,8
1579205578,274.426,8
1579205579,285.107,8
1579205580,263.204,8
1579205581,248.087,8
1579205582,297.996,8
1579205583,300.83,8
1579205585,223.864,8
1579205586,111.885,8
1579205587,0.002,8
1579205588,80.308,8
1579205589,132.518,8
1579205590,199.667,8
1579205591,258.63,8
1579205592,162.716,8
1579205593,236.626,8
1579205595,184.406,8
1579205596,139.936,8
1579205597,148.521,8
1579205598,106.935,8
1579205599,135.148,8
1579205600,0.034,8
1579205601,7.4445,8
1579205602,86.249,8
1579205604,134.265,8
1579205605,119.181,8
1579205606,93.131,8
1579205607,81.106,8
1579205608,98.724,8
1579205609,94.62,8
1579205610,88.226,8
1579205611,104.404,8
1579205614,54.267,8
1579205615,2.616,8
1579205616,52.998,8
1579205617,142.299,8
1579205618,163.183,8
1579205619,169.674,8
1579205620,178.044,8
1579205622,177.395,8
1579205623,99.57,8
1579205624,180.357,8
1579205625,182.715,8
1579205626,179.873,8
1579205627,69.136,8
1579205628,0.002,8
1579205629,16.826,8
1579205631,54.443,8
1579205632,266.501,8
1579205633,297.801,8
1579205634,316.509,8
1579205635,328.861,8
1579205636,269.056,8
1579205637,169.428,8
1579205638,133.593,8
1579205639,51.718,8
1579205641,112.077,8
1579205643,31.658,8
1579205644,198.813,8
1579205645,241.931,8
1579205646,193.213,8
1579205647,128.77,8
1579205648,215.658,8
1579205650,247.985,8
1579205651,161.474,8
1579205652,145.024,8
1579205653,117.76,8
1579205655,4.844,8
1579205656,3.4745,8
1579205657,26.891,8
1579205659,76.939,8
1579205660,183.238,8
1579205661,139.182,8
1579205662,113.978,8
1579205663,121.786,8
1579205664,103.804,8
1579205665,97.631,8
1579205666,103.469,8
1579205669,49.631,8
1579205670,0.002,8
1579205671,289.097,8
1579205672,368.405,8
1579205673,361.136,8
1579205674,303.606,8
1579205675,329.965,8
1579205676,321.959,8
1579205677,300.831,8
1579205679,347.509,8
1579205680,297.735,8
1579205681,279.866,8
1579205682,336.532,8
1579205684,2.627,8
1579205685,63.864,8
1579205686,137.714,8
1579205687,123.578,8
1579205688,265.393,8
1579205689,352.468,8
1579205690,261.875,8
1579205691,304.518,8
1579205692,243.564,8
1579205693,272.664,8
1579205695,228.505,8
1579205696,220.663,8
1579205697,78.705,8
1579205698,10.124,8
1579205699,34.831,8
1579205700,33.884,8
1579205701,32.882,8
1579205702,34.203,8
1579205703,32.864,8
1579205705,33.898,8
1579205706,33.915,8
1579205707,33.906,8
1579205708,33.001,8
1579205710,7.964,8
1579205711,0.002,8
1579205715,17.193,8
1579205716,19.595,8
1579205717,10.209,8
1579205718,18.555,8
1579205719,74.749,8
1579205720,88.241,8
1579205721,70.595,8
1579205724,85.096,8
1579205725,0.001,8
1579205726,15.678,8
1579205727,142.386,8
1579205728,104.658,8
1579205729,53.141,8
1579205730,53.401,8
1579205731,48.478,8
1579205732,39.218,8
1579205733,30.594,8
1579205735,20.595,8
1579205736,101.326,8
1579205737,148.255,8
1579205738,75.796,8
1579205739,37.9,8
1579205740,25.204,8
1579205741,27.232,8
1579205742,29.944,8
1579205743,94.534,8
1579205744,132.964,8
1579205746,143.247,8
1579205747,170.236,8
1579205748,158.683,8
1579205749,171.5,8
1579205750,185.458,8
1579205751,120.018,8
1579205752,3.608,8
1579205753,7.789,8
1579205755,20.061,8
1579205756,19.898,8
1579205757,20.569,8
1579205758,20.111,8
1579205759,20.617,8
1579205760,20.262,8
1579205761,19.562,8
1579205762,20.231,8
1579205763,19.951,8
1579205764,69.372,8
1579205765,24.679,8
1579205766,24.679,8
1579205767,0.003,8
1579205768,22.297,8
1579205769,126.752,8
1579205770,172.766,8
1579205771,159.481,8
1579205772,165.809,8
1579205773,142.302,8
1579205774,189.973,8
1579205775,227.203,8
1579205776,189.578,8
1579205779,145.0,8
1579205781,6.896,8
1579205782,17.406,8
1579205783,76.235,8
1579205784,112.567,8
1581627804,0.024,9
1581627805,0.003,9
1581627809,0.018,9
1581627810,2.013,9
1581627812,14.348,9
1581627813,17.229,9
1581627814,10.414,9
1581627815,8.445,9
1581627816,5.816,9
1581627817,4.196,9
1581627819,5.252,9
1581627820,6.198,9
1581627822,3.376,9
1581627823,4.291,9
1581627825,14.607,9
1581627826,11.938,9
1581627827,14.205,9
1581627828,15.122,9
1581627829,21.587,9
1581627830,15.154,9
1581627832,14.103,9
1581627833,16.752,9
1581627834,14.651,9
1581627836,0.002,9
1581627837,1.865,9
1581627839,18.772,9
1581627840,12.262,9
1581627841,15.545,9
1581627842,13.408,9
1581627843,9.378,9
1581627844,11.188,9
1581627846,10.195,9
1581627847,8.88,9
1581627848,6.256,9
1581627849,8.816,9
1581627851,1.935,9
1581627853,6.904,9
1581627854,4.205,9
1581627855,2.02,9
1581627856,2.783,9
1581627857,8.134,9
1581627859,10.238,9
1581627860,8.266,9
1581627861,9.292,9
1581627862,6.881,9
1581627863,6.501,9
1581627864,0.001,9
1581627865,0.001,9
1581627866,8.223,9
1581627867,9.94,9
1581627868,4.951,9
1581627869,4.227,9
1581627870,11.614,9
1581627872,8.904,9
1581627873,8.348,9
1581627874,16.074,9
1581627875,15.494,9
1581627876,8.108,9
1581627877,6.544,9
1581627878,0.002,9
1581627879,0.002,9
1581627880,13.65,9
1581627881,10.094,9
1581627882,8.622,9
1581627883,6.659,9
1581627884,8.815,9
1581627886,9.798,9
1581627887,8.537,9
1581627888,6.173,9
1581627889,4.342,9
1581627891,6.6435,9
1581627892,4.107,9
1581627893,0.003,9
1581627894,3.6845,9
1581627895,9.771,9
1581627896,10.349,9
1581627897,11.095,9
1581627898,14.69,9
1581627900,11.519,9
1581627901,11.443,9
1581627902,9.761,9
1581627903,13.255,9
1581627904,13.255,9
1581627906,1.995,9
1581627907,2.883,9
1581627908,8.038,9
1581627909,15.994,9
1581627910,17.259,9
1581627911,16.612,9
1581627913,17.452,9
1581627914,17.31,9
1581627915,17.33,9
1581627916,15.476,9
1581627917,8.723,9
1581627918,3.212,9
1581627920,0.122,9
1581627921,4.036,9
1581627922,17.631,9
1581627923,16.624,9
1581627924,10.693,9
1581627925,7.846,9
1581627927,5.912,9
1581627928,3.592,9
1581627929,4.32,9
1581627930,2.367,9
1581627931,3.879,9
1581627933,5.766,9
1581627934,0.001,9
1581627935,10.312,9
1581627936,22.079,9
1581627937,16.346,9
1581627938,5.705,9
1581627940,3.716,9
1581627941,3.656,9
1581627942,3.5,9
1581627943,5.091,9
1581627944,10.807,9
1581627947,7.434,9
1581627948,0.002,9
1581627949,8.898,9
1581627950,3.72,9
1581627951,7.997,9
1581627953,7.473,9
1581627954,12.762,9
1581627955,13.441,9
1581627956,15.083,9
1581627957,5.363,9
1581627959,5.697,9
1581627961,3.546,9
1581627962,2.3215,9
1581627963,14.772,9
1581627964,12.186,9
1581627966,10.567,9
1581627967,11.272,9
1581627968,17.452,9
1581627969,17.241,9
1581627970,10.051,9
1581627971,11.414,9
1581627973,6.099,9
1581627976,0.0565,9
1581627977,7.935,9
1581627979,5.238,9
1581627980,4.503,9
1581627981,6.482,9
1581627982,8.419,9
1581627984,8.174,9
1581627985,8.829,9
1581627986,8.827,9
1581627987,8.804,9
1581627988,7.12,9
1581627991,5.764,9
1581627992,1.782,9
1581627993,16.17,9
1581627994,7.153,9
1581627995,9.172,9
1581627996,8.271,9
1581627997,8.271,9
1581627998,4.264,9
1581627999,5.389,9
1581628000,4.052,9
1581628001,5.989,9
1581628002,6.982,9
1581628003,0.002,9
1581628004,0.002,9
1581628005,9.17,9
1581628006,8.194,9
1581628007,5.962,9
1581628008,6.4405,9
1581628009,6.998,9
1581628011,5.281,9
1581628012,6.504,9
1581628013,7.395,9
1581628014,7.885,9
1581628015,7.307,9
1581628016,5.141,9
1581628017,0.002,9
1581628018,0.002,9
1581628019,4.7835,9
1581628020,8.3,9
1581628021,8.712,9
1581628022,11.522,9
1581628024,9.777,9
1581628025,10.868,9
1581628026,11.12,9
1581628027,9.172,9
1581628028,9.143,9
1581628029,13.852,9
1581628030,3.168,9
1581628031,3.168,9
1581628032,0.003,9
1581628033,3.044,9
1581628034,6.145,9
1581628035,5.44,9
1581628036,5.539,9
1581628038,9.578,9
1581628039,6.909,9
1581628040,2.509,9
1581628041,5.079,9
1581628042,5.58,9
1581628044,5.471,9
1581628045,0.584,9
1581628046,2.929,9
1581628047,6.919,9
1581628048,8.554,9
1581628049,8.93,9
1581628050,7.706,9
1581628052,5.959,9
1581628053,10.152,9
1581628054,9.136,9
1581628055,7.549,9
1581628056,6.89,9
1581628058,7.623,9
1581628060,6.307,9
1581628061,14.202,9
1581628062,12.072,9
1581628063,12.404,9
1581628065,10.689,9
1581628066,9.759,9
1581628067,3.777,9
1581628068,9.386,9
1581628069,13.738,9
1581628071,14.358,9
1581628072,4.822,9
1581628073,0.001,9
1581628074,14.332,9
1581628075,13.205,9
1581628076,11.947,9
1581628078,19.854,9
1581628079,15.379,9
1581628080,13.858,9
1581628081,13.062,9
1581628082,11.658,9
1581628084,15.108,9
1581628086,5.427,9
1581628087,2.715,9
1581628088,12.826,9
1581628089,9.948,9
1581628091,8.838,9
1581628092,9.839,9
1581628093,6.503,9
1581628094,7.221,9
1581628095,8.935,9
1581628097,9.337,9
1581628098,4.865,9
1581628100,0.616,9
1581628101,1.8285,9
1581628103,10.587,9
1581628104,7.889,9
1581628105,7.567,9
1581628106,7.279,9
1581628107,7.609,9
1581628108,9.331,9
1581628110,8.188,9
1581628111,8.729,9
1581628112,9.834,9
1581628113,5.41,9
1581628114,4.206,9
1581628115,4.206,9
1581628116,12.97,9
1581628117,15.445,9
1581628118,21.34,9
1581628119,29.501,9
1581628120,26.287,9
1581628121,8.695,9
1581628123,4.771,9
1581628124,7.849,9
1581628125,8.676,9
1581628126,13.641,9
1581628127,9.163,9
1581628128,0.002,9
1581628130,15.944,9
1581628131,11.199,9
1581628132,8.436,9
1581628133,11.383,9
1581628135,12.704,9
1581628136,19.706,9
1581628137,16.97,9
1581628138,10.33,9
1581628139,11.626,9
1581628140,11.898,9
1581628142,0.82,9
1581628143,0.901,9
1581628144,12.257,9
1581628145,10.29,9
1581628146,15.207,9
1581628147,12.147,9
1581628149,14.864,9
1581628150,13.757,9
1581628151,13.646,9
1581628152,10.979,9
1581628153,14.157,9
1581628155,21.012,9
1581628156,0.155,9
1581628157,4.578,9
1581628158,14.926,9
1581628159,18.63,9
1581628160,16.309,9
1581628162,23.107,9
1581628163,26.453,9
1581628164,22.352,9
1581628165,6.106,9
1581628166,9.64,9
1581628169,12.223,9
1581628170,0.001,9
1581628171,7.913,9
1581628172,6.634,9
1581628173,9.034,9
1581628175,11.955,9
1581628176,10.581,9
1581628177,8.087,9
1581628178,10.804,9
1581628179,12.054,9
1581628181,13.643,9
1581628182,9.139,9
1581628183,5.758,9
1581628184,2.8805,9
1581628185,16.208,9
1581628187,15.421,9
1581628188,9.383,9
1581628189,9.962,9
1581628190,9.214,9
1581628191,7.516,9
1581628192,8.919,9
1581628194,5.672,9
1581628195,7.882,9
1581628197,0.34,9
1581628198,1.17,9
1581628200,5.959,9
1581628201,4.29,9
1581628202,6.992,9
1581628203,8.765,9
1581628204,7.404,9
1581628205,9.386,9
1581628207,8.807,9
1581628208,5.254,9
1581628209,9.029,9
1581628210,8.348,9
1581628211,0.306,9
1581628212,0.306,9
1581628213,6.2,9
1581628214,11.112,9
1581628215,17.257,9
1581628216,9.559,9
1581628217,15.834,9
1581628219,13.982,9
1581628220,14.144,9
1581628221,11.78,9
1581628222,13.347,9
1581628223,6.918,9
1581628224,4.923,9
1581628226,0.002,9
1581628227,11.691,9
1581628228,12.663,9
1581628229,11.499,9
1581628230,9.611,9
1581628232,4.312,9
1581628233,3.761,9
1581628234,3.986,9
1581628235,7.996,9
1581628236,4.617,9
1581628237,6.396,9
1581628239,2.371,9
1581628240,0.332,9
1581628241,9.294,9
1581628242,14.648,9
1581628243,15.556,9
1581628244,12.32,9
1581628246,14.038,9
1581628247,14.032,9
1581628248,11.548,9
1581628249,11.914,9
1581628250,8.907,9
1581628252,8.899,9
1581628253,0.33,9
1581628254,4.264,9
1581628255,13.799,9
1581628256,6.306,9
1581628258,5.075,9
1581628259,7.568,9
1581628260,6.866,9
1581628261,8.445,9
1581628262,10.825,9
1581628263,9.378,9
1581628266,7.923,9
1581628267,0.001,9
1581628268,10.26,9
1581628269,9.486,9
1581628271,8.745,9
1581628272,10.415,9
1581628273,8.229,9
1581628274,9.716,9
1581628275,9.15,9
1581628276,12.255,9
1581628278,5.054,9
1581628280,4.033,9
1581628281,0.002,9
1581628282,10.055,9
1581628283,10.397,9
1581628285,13.503,9
1581628286,14.809,9
1581628287,13.904,9
1581628288,6.324,9
1581628289,11.159,9
1581628291,14.789,9
1581628292,7.023,9
1581628294,1.116,9
1581628295,1.411,9
1581628297,15.981,9
1581628298,9.176,9
1581628299,7.389,9
1581628300,8.329,9
1581628301,10.341,9
1581628302,11.925,9
1581628304,10.105,9
1581628305,8.952,9
1581628306,9.873,9
1581628308,0.033,9
1581628309,0.033,9
1581628310,2.24,9
1581628311,9.265,9
1581628312,8.848,9
1581628313,10.883,9
1581628314,8.549,9
1581628315,7.276,9
1581628317,10.582,9
1581628318,16.483,9
1581628319,8.807,9
1581628320,9.883,9
1581628321,7.44,9
1581628323,0.001,9
1581628324,9.876,9
1581628325,5.861,9
1581628326,7.184,9
1581628327,5.906,9
1581628328,10.037,9
1581628330,8.077,9
1581628331,6.823,9
1581628332,8.814,9
1581628333,9.451,9
1581628334,9.066,9
1581628336,3.247,9
1581628337,1.625,9
1581628338,14.944,9
1581628339,13.02,9
1581628340,5.694,9
1581628342,8.399,9
1581628343,11.244,9
1581628344,13.287,9
1581628345,10.407,9
1581628346,7.89,9
1581628347,11.533,9
1581628349,14.777,9
1581628351,6.146,9
1581628352,14.635,9
1581628353,11.019,9
1581628354,5.749,9
1581628356,9.552,9
1581628357,9.988,9
1581628358,9.304,9
1581628359,14.586,9
1581628360,9.794,9
1581628363,6.905,9
1581628365,3.407,9
1581628366,7.184,9
1581628367,3.394,9
1581628369,7.274,9
1581628370,3.816,9
1581628371,6.168,9
1581628372,8.236,9
1581628373,5.021,9
1581628375,7.561,9
1581628377,7.961,9
1581628378,0.078,9
1581628379,4.433,9
1581628380,2.498,9
1581628382,8.645,9
1581628383,9.243,9
1581628384,10.475,9
1581628385,8.406,9
1581628386,4.813,9
1581628388,6.419,9
1581628389,5.621,9
1581628391,3.806,9
1581628392,1.9045,9
1581628394,10.837,9
1581628395,8.733,9
1581628396,9.514,9
1581628397,10.71,9
1581628398,8.05,9
1581628399,10.897,9
1581628401,14.493,9
1581628402,7.669,9
1581628403,11.691,9
1581628405,0.612,9
1581628406,2.129,9
1581628408,21.123,9
1581628409,21.751,9
1581628410,10.324,9
1581628411,11.145,9
1581628412,10.007,9
1581628413,4.189,9
1581628415,7.508,9
1581628416,8.449,9
1581628417,13.514,9
1581628418,11.19,9
1581628421,5.712,9
1581628422,9.084,9
1581628423,7.26,9
1581628424,9.551,9
1581628425,8.747,9
1581628426,15.234,9
1581628428,18.486,9
1581628429,9.728,9
1581628430,8.875,9
1581628431,10.622,9
1581628432,11.07,9
1581628434,0.493,9
1581628435,8.829,9
1581628436,11.48,9
1581628437,10.336,9
1581628438,7.977,9
1581628439,10.82,9
1581628441,9.562,9
1581628442,8.446,9
1581628443,5.824,9
1581628444,7.642,9
1581628445,7.975,9
1581628447,2.997,9
1581628448,0.003,9
1581628449,15.716,9
1581628450,10.076,9
1581628451,5.994,9
1581628452,2.853,9
1581628454,7.963,9
1581628455,9.071,9
1581628456,13.553,9
1581628457,14.313,9
1581628458,8.598,9
1581628461,1.529,9
1581628462,1.622,9
1581628463,10.198,9
1581628464,9.347,9
1581628465,7.53,9
1581628467,6.505,9
1581628468,7.387,9
1581628469,3.973,9
1581628470,8.844,9
1581628471,7.201,9
1581628474,8.0895,9
1581628476,1.752,9
1581628477,9.297,9
1581628478,8.086,9
1581628480,12.321,9
1581628481,8.709,9
1581628482,10.586,9
1581628483,16.557,9
1581628484,13.674,9
1581628486,11.36,9
1581628488,11.216,9
1581628489,0.339,9
1581628490,9.428,9
1581628491,12.038,9
1581628493,8.533,9
1581628494,6.477,9
1581628495,5.651,9
1581628496,5.107,9
1581628497,9.199,9
1581628499,10.585,9
1581628500,12.744,9
1581628502,2.008,9
1581628503,0.003,9
1581628504,16.498,9
1581628506,8.828,9
1581628507,5.219,9
1581628508,5.728,9
1581628509,4.875,9
1581628510,6.512,9
1581628512,8.635,9
1581628513,5.737,9
1581628514,7.509,9
1581628516,0.893,9
1581628517,1.7385,9
1581628519,6.601,9
1581628520,7.761,9
1581628521,7.768,9
1581628522,8.915,9
1581628523,9.337,9
1581628525,9.8,9
1581628526,9.877,9
1581628527,7.146,9
1581628528,7.529,9
1581628529,8.579,9
1581628532,5.131,9
1581628533,9.486,9
1581628534,11.799,9
1581628535,8.933,9
1581628536,10.368,9
1581628538,8.349,9
1581628539,8.481,9
1581628540,7.489,9
1581628541,11.105,9
1581628542,7.084,9
1581628544,6.948,9
1581628545,0.002,9
1581628546,11.098,9
1581628547,10.999,9
1581628548,7.325,9
1581628549,4.208,9
1581628551,3.139,9
1581628552,6.599,9
1581628553,7.79,9
1581628554,5.353,9
1581628555,9.21,9
1581628558,2.428,9
1581628559,1.2155,9
1581628560,8.007,9
1581628561,8.312,9
1581628562,7.834,9
1581628564,8.645,9
1581628565,10.339,9
1581628566,8.077,9
1581628567,6.9,9
1581628568,4.695,9
1581628570,7.683,9
1581628571,8.426,9
1581628573,6.029,9
1581628574,9.47,9
1581628575,8.735,9
1581628577,4.024,9
1581628578,5.435,9
1581628579,9.01,9
1581628580,6.536,9
1581628581,7.357,9
1581628582,5.516,9
1581628585,3.941,9
1581628586,0.001,9
1581628587,6.268,9
1581628588,3.7,9
1581628590,4.231,9
1581628591,9.071,9
1581628592,4.785,9
1581628593,8.088,9
1581628594,12.549,9
1581628596,11.282,9
1581628597,9.498,9
1581628599,5.005,9
1581628600,0.002,9
1581628601,10.316,9
1581628603,11.353,9
1581628604,10.24,9
1581628605,7.082,9
1581628606,8.953,9
1581628607,3.373,9
1581628609,6.688,9
1581628610,7.62,9
1581628611,8.729,9
1581628613,0.646,9
1581628614,1.1015,9
1581628616,12.172,9
1581628617,10.088,9
1581628618,4.913,9
1581628619,6.575,9
1581628620,7.04,9
1581628622,7.077,9
1581628623,2.662,9
1581628624,7.658,9
1581628625,13.648,9
1581628626,9.546,9
1581628629,6.807,9
1581628630,11.631,9
1581628631,6.119,9
1581628632,6.819,9
1581628633,13.963,9
1581628635,11.978,9
1581628636,12.074,9
1581628637,14.806,9
1581628638,16.132,9
1581628641,4.892,9
1581628642,0.002,9
1581628643,3.418,9
1581628644,6.204,9
1581628645,8.992,9
1581628647,14.053,9
1581628648,14.533,9
1581628649,5.573,9
1581628650,7.325,9
1581628651,7.024,9
1581628653,3.289,9
1581628655,1.446,9
1581628656,1.8345,9
1581628657,19.215,9
1581628658,16.11,9
1581628660,12.306,9
1581628661,4.721,9
1581628662,5.525,9
1581628663,9.185,9
1581628664,11.382,9
1581628665,13.067,9
1581628667,1.822,9
1581628669,0.198,9
1581628670,0.002,9
1581628671,7.655,9
1581628672,4.732,9
1581628673,5.351,9
1581628674,6.984,9
1581628718,2.5255,9
1581628719,2.538,9
1581628720,1.126,9
1581628721,2.015,9
1581628723,2.566,9
1581628725,1.835,9
1581628726,0.9755,9
1581628727,4.391,9
1581628728,3.669,9
1581628729,3.686,9
1581628731,6.246,9
1581628732,3.11,9
1581628733,1.356,9
1581628734,2.686,9
1581628735,3.394,9
1581628737,3.685,9
1581628738,1.101,9
1581628740,1.026,9
1581628741,1.696,9
1581628742,0.861,9
1581628744,0.984,9
1581628745,0.609,9
1581628746,0.178,9
1581628747,0.758,9
1581628748,0.49,9
1581628750,0.123,9
1581628752,0.112,9
1581628754,0.051,9
1581628755,0.21,9
1581628757,0.255,9
1581628758,0.268,9
1581628759,0.402,9
1581628760,0.011,9
1581628761,0.011,9
1581628763,0.022,9
1581628765,2.74,9
1581628766,7.826,9
1581628768,9.762,9
1581628770,20.33,9
1581628771,11.796,9
1581628772,7.842,9
1581628773,9.998,9
1581628774,6.705,9
1581628776,10.917,9
1581628777,14.654,9
1581628778,13.019,9
1581628779,13.281,9
1581628780,6.036,9
1581628781,0.002,9
1581628782,0.002,9
1581628783,14.489,9
1581628784,8.679,9
1581628785,8.972,9
1581628786,5.196,9
1581628787,6.935,9
1581628789,8.596,9
1581628790,13.083,9
1581628791,19.348,9
1581628792,14.256,9
1581628793,16.707,9
1581628795,4.435,9
1581628796,2.388,9
1581628797,17.836,9
1581628798,17.663,9
1581628799,14.975,9
1581628800,8.695,9
1581628802,6.088,9
1581628803,4.208,9
1581628804,4.734,9
1581628805,7.494,9
1581628806,10.634,9
1581628807,8.671,9
1581628810,3.276,9
1581628811,14.749,9
1581628812,9.364,9
1581628813,6.674,9
1581628815,6.984,9
1581628816,6.755,9
1581628817,7.949,9
1581628818,8.73,9
1581628819,9.334,9
1581628820,5.356,9
1581628822,4.798,9
1581628824,6.189,9
1581628825,6.345,9
1581628826,2.742,9
1581628828,5.393,9
1581628829,8.596,9
1581628830,8.953,9
1581628831,7.558,9
1581628832,11.016,9
1581628833,9.695,9
1581628836,5.952,9
1581628837,0.002,9
1581628838,7.599,9
1581628839,5.576,9
1581628840,2.368,9
1581628842,5.265,9
1581628843,7.885,9
1581628844,8.318,9
1581628845,8.786,9
1581628846,8.633,9
1581628848,5.618,9
1581628850,3.609,9
1581628851,0.002,9
1581628852,10.218,9
1581628853,8.274,9
1581628855,6.451,9
1581628856,8.22,9
1581628857,6.386,9
1581628858,3.948,9
1581628859,3.122,9
1581628860,3.705,9
1581628862,4.323,9
1581628863,8.723,9
1581628864,0.912,9
1581628865,0.9305,9
1581628866,9.515,9
1581628868,4.128,9
1581628869,4.668,9
1581628870,5.328,9
1581628871,5.608,9
1581628872,6.447,9
1581628873,4.581,9
1581628875,5.066,9
1581628876,3.434,9
1581628878,0.809,9
1581628879,2.3753333333333333,9
1581628881,7.014,9
1581628882,6.272,9
1581628883,4.949,9
1581628884,3.314,9
1581628885,1.047,9
1581628886,1.355,9
1581628888,1.535,9
1581628889,5.269,9
1581628890,5.436,9
1581628891,5.278,9
1581628893,2.6715,9
1581628895,9.002,9
1581628896,4.329,9
1581628897,2.762,9
1581628898,3.485,9
1581628899,8.068,9
1581628901,4.394,9
1581628902,3.48,9
1581628903,5.122,9
1581628904,9.591,9
1581628905,4.647,9
1581628906,0.001,9
1581628907,0.001,9
1581628908,7.793,9
1581628909,9.82,9
1581628910,9.243,9
1581628911,5.555,9
1581628912,6.089,9
1581628914,6.471,9
1581628915,9.426,9
1581628916,13.838,9
1581628917,13.057,9
1581628918,10.327,9
1581628919,4.095,9
1581628921,0.002,9
1581628922,6.8255,9
1581628923,9.119,9
1581628924,4.338,9
1581628925,7.078,9
1581628927,8.162,9
1581628928,6.1,9
1581628929,6.704,9
1581628930,7.307,9
1581628931,5.201,9
1581628932,5.441,9
1581628934,0.89,9
1581628935,2.965,9
1581628936,10.35,9
1581628937,8.167,9
1581628938,6.843,9
1581628940,3.742,9
1581628942,7.986,9
1581628943,7.178,9
1581628944,3.948,9
1581628945,4.726,9
1581628947,4.281,9
1581628948,0.329,9
1581628949,4.304,9
1581628950,9.593,9
1581628951,9.605,9
1581628953,9.241,9
1581628954,10.828,9
1581628955,9.448,9
1581628956,5.64,9
1581628957,8.82,9
1581628959,4.345,9
1581628961,1.29,9
1581628962,0.002,9
1581628963,4.787,9
1581628964,6.918,9
1581628966,5.354,9
1581628967,5.214,9
1581628968,4.979,9
1581628969,4.727,9
1581628970,4.963,9
1581628972,3.322,9
1581628973,3.693,9
1581628975,0.368,9
1581628976,0.002,9
1581628977,11.005,9
1581628979,11.763,9
1581628980,4.355,9
1581628981,5.672,9
1581628982,5.423,9
1581628983,5.229,9
1581628985,6.82,9
1581628986,7.831,9
1581628987,8.026,9
1581628988,8.621,9
1581628989,2.526,9
1581628990,1.6385,9
1581628992,10.346,9
1581628993,9.373,9
1581628994,9.808,9
1581628995,11.459,9
1581628996,11.847,9
1581628997,11.356,9
1581628999,6.549,9
1581629000,5.391,9
1581629001,4.969,9
1581629003,0.442,9
1581629004,0.442,9
1581629005,2.236,9
1581629006,6.857,9
1581629007,6.719,9
1581629008,10.631,9
1581629009,7.129,9
1581629011,10.573,9
1581629012,12.537,9
1581629013,9.767,9
1581629014,7.596,9
1581629015,6.374,9
1581629016,4.411,9
1581629018,0.001,9
1581629019,7.114,9
1581629020,10.104,9
1581629021,9.804,9
1581629022,7.136,9
1581629024,8.415,9
1581629025,3.256,9
1581629026,5.081,9
1581629027,7.134,9
1581629028,5.758,9
1581629029,5.862,9
1581629031,3.188,9
1581629032,0.003,9
1581629033,4.14,9
1581629034,6.646,9
1581629035,5.832,9
1581629037,4.768,9
1581629038,4.592,9
1581629039,4.844,9
1581629040,6.846,9
1581629041,5.89,9
1581629042,3.925,9
1581629045,5.766,9
1581629046,5.1095,9
1581629047,12.59,9
1581629048,7.913,9
1581629050,5.977,9
1581629051,6.029,9
1581629052,5.505,9
1581629053,6.821,9
1581629054,6.779,9
1581629056,7.161,9
1581629057,5.239,9
1581629058,4.645,9
1581629059,0.001,9
1581629060,2.576,9
1581629062,10.92,9
1581629063,10.58,9
1581629064,9.594,9
1581629065,8.814,9
1581629066,7.56,9
1581629067,9.25,9
1581629069,10.573,9
1581629070,10.167,9
1581629071,11.871,9
1581629072,7.854,9
1581629073,0.001,9
1581629074,10.625,9
1581629076,10.399,9
1581629077,9.323,9
1581629078,9.059,9
1581629079,9.764,9
1581629080,10.629,9
1581629082,10.529,9
1581629083,14.659,9
1581629084,10.189,9
1581629085,5.299,9
1581629086,2.075,9
1581629087,2.075,9
1581629088,0.003,9
1581629089,11.818,9
1581629090,7.202,9
1581629091,10.904,9
1581629092,8.668,9
1581629093,3.923,9
1581629095,8.086,9
1581629096,6.343,9
1581629097,5.524,9
1581629098,5.218,9
1581629101,0.155,9
1581629102,3.486,9
1581629103,9.502,9
1581629104,3.11,9
1581629105,6.344,9
1581629106,6.667,9
1581629108,3.132,9
1581629109,5.395,9
1581629110,5.629,9
1581629111,1.699,9
1581629112,2.967,9
1581629114,5.411,9
1581629115,0.001,9
1581629116,7.07,9
1581629117,7.779,9
1581629118,3.878,9
1581629119,4.077,9
1581629121,2.906,9
1581629122,4.414,9
1581629123,5.649,9
1581629124,4.897,9
1581629125,6.575,9
1581629128,2.182,9
1581629129,0.002,9
1581629130,8.358,9
1581629131,7.414,9
1581629132,5.286,9
1581629134,6.63,9
1581629135,10.0,9
1581629136,5.414,9
1581629137,3.956,9
1581629138,5.22,9
1581629140,7.027,9
1581629142,3.251,9
1581629143,1.6825,9
1581629144,8.542,9
1581629146,4.6,9
1581629147,4.146,9
1581629148,3.828,9
1581629149,4.59,9
1581629150,4.342,9
1581629151,3.669,9
1581629153,2.076,9
1581629154,4.781,9
1581629156,0.142,9
1581629157,0.5885,9
1581629158,3.415,9
1581629160,7.861,9
1581629161,9.95,9
1581629162,9.538,9
1581629163,9.279,9
1581629164,10.616,9
1581629166,8.188,9
1581629167,6.705,9
1581629168,7.428,9
1581629169,9.28,9
1581629170,0.387,9
1581629171,0.387,9
1581629172,6.744,9
1581629173,7.487,9
1581629174,6.195,9
1581629175,9.511,9
1581629176,9.347,9
1581629177,7.799,9
1581629179,5.77,9
1581629180,9.518,9
1581629181,8.934,9
1581629182,9.016,9
1581629183,3.463,9
1581629184,0.002,9
1581629185,0.002,9
1581629186,5.839,9
1581629187,10.931,9
1581629188,8.188,9
1581629189,9.02,9
1581629191,6.468,9
1581629192,7.327,9
1581629193,5.948,9
1581629194,11.754,9
1581629195,6.38,9
1581629198,1.047,9
1581629199,1.612,9
1581629200,13.32,9
1581629201,14.771,9
1581629202,11.686,9
1581629203,9.552,9
1581629205,11.595,9
1581629206,8.942,9
1581629207,9.806,9
1581629208,10.025,9
1581629209,7.161,9
1581629211,7.137,9
1581629213,4.802,9
1581629214,10.941,9
1581629215,10.733,9
1581629216,10.853,9
1581629218,8.404,9
1581629219,10.264,9
1581629220,8.254,9
1581629221,10.745,9
1581629222,7.371,9
1581629225,4.17,9
1581629226,0.002,9
1581629227,6.277,9
1581629228,5.048,9
1581629229,4.181,9
1581629231,5.982,9
1581629232,9.806,9
1581629233,6.307,9
1581629234,7.546,9
1581629235,8.748,9
1581629237,8.147,9
1581629239,5.485,9
1581629240,2.7435,9
1581629241,9.151,9
1581629242,6.521,9
1581629244,3.802,9
1581629245,4.931,9
1581629246,8.172,9
1581629247,9.481,9
1581629248,3.22,9
1581629249,4.354,9
1581629251,7.284,9
1581629253,0.344,9
1581629254,0.729,9
1581629255,13.168,9
1581629257,12.688,9
1581629258,8.376,9
1581629259,6.772,9
1581629260,8.241,9
1581629261,10.628,9
1581629262,6.353,9
1581629264,6.391,9
1581629265,4.743,9
1581629266,7.49,9
1581629268,2.2665,9
1581629269,3.845,9
1581629271,1.104,9
1581629272,1.779,9
1581629273,4.452,9
1581629274,5.329,9
1581629275,3.71,9
1581629277,5.478,9
1581629278,3.333,9
1581629279,4.448,9
1581629280,5.53,9
1581629282,2.933,9
1581629284,10.92,9
1581629285,9.878,9
1581629286,8.384,9
1581629287,5.099,9
1581629288,7.052,9
1581629289,9.82,9
1581629291,6.142,9
1581629292,6.235,9
1581629293,7.108,9
1581629294,6.45,9
1581629295,0.001,9
1581629296,0.001,9
1581629297,8.677,9
1581629298,7.1,9
1581629299,7.214,9
1581629300,5.076,9
1581629301,4.602,9
1581629302,6.864,9
1581629304,2.925,9
1581629305,5.499,9
1581629306,7.435,9
1581629307,5.946,9
1581629308,2.235,9
1581629309,0.002,9
1581629310,0.002,9
1581629311,7.799,9
1581629312,6.576,9
1581629313,4.68,9
1581629314,6.33,9
1581629315,0.802,9
1581629317,3.0,9
1581629318,8.699,9
1581629319,3.269,9
1581629320,5.369,9
1581629321,9.506,9
1581629323,0.977,9
1581629324,2.224,9
1581629325,9.145,9
1581629326,6.323,9
1581629327,2.931,9
1581629328,3.292,9
1581629330,5.456,9
1581629331,2.734,9
1581629332,2.668,9
1581629333,3.262,9
1581629334,3.74,9
1581629336,5.913,9
1581629338,2.855,9
1581629339,9.704,9
1581629340,9.264,9
1581629341,7.561,9
1581629342,8.418,9
1581629343,12.158,9
1581629344,10.877,9
1581629346,6.863,9
1581629347,8.182,9
1581629348,4.724,9
1581629350,4.637,9
1581629351,0.002,9
1581629352,3.043,9
1581629353,6.732,9
1581629354,7.973,9
1581629356,5.653,9
1581629357,8.63,9
1581629358,5.633,9
1581629359,5.142,9
1581629360,5.009,9
1581629361,7.105,9
1581629362,4.424,9
1581629364,5.425,9
1581629365,0.285,9
1581629366,6.095,9
1581629367,10.138,9
1581629368,8.509,9
1581629369,6.829,9
1581629371,7.311,9
1581629372,6.072,9
1581629373,7.858,9
1581629374,4.945,9
1581629375,4.697,9
1581629378,4.583,9
1581629379,0.002,9
1581629380,12.625,9
1581629381,7.222,9
1581629383,7.418,9
1581629384,4.219,9
1581629385,5.297,9
1581629386,9.582,9
1581629387,9.974,9
1581629389,9.742,9
1581629390,10.947,9
1581629393,1.971,9
1581629394,8.523,9
1581629396,10.432,9
1581629397,7.074,9
1581629398,6.816,9
1581629399,6.18,9
1581629400,8.776,9
1581629402,11.119,9
1581629403,5.127,9
1581629404,5.991,9
1581629405,5.019,9
1581629407,3.4865,9
1581629409,7.859,9
1581629410,6.236,9
1581629411,11.15,9
1581629412,11.504,9
1581629413,15.274,9
1581629414,11.606,9
1581629416,13.254,9
1581629417,11.658,9
1581629418,9.34,9
1581629419,6.877,9
1581629420,0.002,9
1581629422,10.238,9
1581629423,7.408,9
1581629424,5.315,9
1581629425,8.051,9
1581629426,9.524,9
1581629428,8.836,9
1581629429,7.253,9
1581629430,10.204,9
1581629431,7.468,9
1581629432,8.877,9
1581629434,3.579,9
1581629435,1.658,9
1581629436,8.388,9
1581629437,6.706,9
1581629438,6.106,9
1581629439,8.574,9
1581629441,9.784,9
1581629442,5.401,9
1581629443,5.884,9
1581629444,8.257,9
1581629445,10.725,9
1581629447,13.193,9
1581629449,5.218,9
1581629450,7.281,9
1581629451,2.759,9
1581629452,3.161,9
1581629454,5.811,9
1581629455,7.071,9
1581629456,8.153,9
1581629457,11.892,9
1581629458,13.416,9
1581629459,7.452,9
1581629461,10.736,9
1581629462,0.263,9
1581629463,10.944,9
1581629464,9.83,9
1581629465,6.172,9
1581629467,6.915,9
1581629468,10.178,9
1581629469,7.265,9
1581629470,8.428,9
1581629471,10.128,9
1581629473,6.818,9
1581629475,4.264,9
1581629476,0.002,9
1581629477,13.424,9
1581629478,10.145,9
1581629480,8.79,9
1581629481,8.413,9
1581629482,8.46,9
1581629483,7.043,9
1581629484,9.211,9
1581629486,7.648,9
1581629487,4.856,9
1581629489,0.219,9
1581629490,1.669,9
1581629491,10.819,9
1581629493,10.188,9
1581629494,18.678,9
1581629495,15.177,9
1581629496,18.704,9
1581629497,20.307,9
1581629499,15.681,9
1581629500,8.597,9
1581629501,11.3,9
1581629502,9.263,9
1581629503,4.632,9
1581629504,3.5595,9
1581629506,13.433,9
1581629507,8.922,9
1581629508,8.862,9
1581629509,11.656,9
1581629510,11.885,9
1581629511,10.358,9
1581629513,9.118,9
1581629514,6.845,9
1581629515,7.699,9
1581629516,6.239,9
1581629517,0.001,9
1581629518,7.863,9
1581629520,6.657,9
1581629521,7.444,9
1581629522,5.375,9
1581629523,9.397,9
1581629524,9.227,9
1581629525,9.501,9
1581629527,10.834,9
1581629528,9.065,9
1581629530,4.7185,9
1581629531,0.002,9
1581629533,1.63,9
1581629534,1.398,9
1581629535,4.808,9
1581629536,8.858,9
1581629537,14.418,9
1581629538,14.418,9
1581629539,14.815,9
1581629540,15.37,9
1581629541,16.918,9
1581629542,15.492,9
1581629543,16.019,9
1581629544,4.508,9
1581629546,0.002,9
1581629547,6.7545,9
1581629548,73.83,9
1581629549,110.865,9
1581629550,170.061,9
1581629551,25.43,9
1581629553,31.395,9
1581629554,14.765,9
1581629555,7.35,9
1581629556,7.469,9
1581629557,5.247,9
1581629558,2.928,9
1581629559,0.002,9
1581629560,0.002,9
1581629561,4.566,9
1581629562,6.01,9
1581629563,7.176,9
1581629564,9.465,9
1581629566,10.17,9
1581629567,6.593,9
1581629568,8.947,9
1581629569,9.869,9
1581629570,8.8165,9
1581629571,10.675,9
1581629573,0.481,9
1581629574,4.208,9
1581629575,19.134,9
1581629576,19.685,9
1581629577,18.231,9
1581629578,12.881,9
1581629580,8.087,9
1581629581,7.7185,9
1581629582,5.853,9
1581629583,8.829,9
1581629584,9.04,9
1581629586,8.439,9
1581629587,0.035,9
1581629588,1.1165,9
1581629589,5.678,9
1581629590,1.413,9
1581629591,1.329,9
1581629592,6.009,9
1581629594,10.869,9
1581629595,10.669,9
1581629596,8.397,9
1581629597,7.353,9
1581629600,5.373,9
1581629601,0.001,9
1581629602,6.777,9
1581629603,6.1965,9
1581629604,8.417,9
1581629606,11.144,9
1581629607,19.205,9
1581629608,19.191,9
1581629609,18.387,9
1581629610,4.743,9
1581629611,6.5515,9
1581629614,4.231,9
1581629615,0.002,9
1581629616,6.276,9
1581629617,5.92,9
1581629618,4.306,9
1581629620,5.255,9
1581629621,8.524,9
1581629622,10.136,9
1581629623,7.291,9
1581629624,8.825,9
1581629626,8.293,9
1581629627,9.433,9
1581629628,2.19,9
1581629629,1.096,9
1581629630,4.753,9
1581629632,2.402,9
1581629633,5.619,9
1581629634,8.051,9
1581629635,8.207,9
1581629636,8.519,9
1581629637,6.933,9
1581629638,8.715,9
1581629640,9.042,9
1581629642,0.816,9
1581629643,0.5456666666666666,9
1581629644,6.238,9
1581629645,8.423,9
1581629647,6.413,9
1581629648,0.949,9
1581629649,0.626,9
1581629650,1.87,9
1581629651,2.999,9
1581629652,2.999,9
1581629653,4.911,9
1581629654,5.253,9
1581629655,8.993,9
1581629657,2.008,9
1581629658,12.963,9
1581629660,9.576,9
1581629661,8.941,9
1581629662,6.347,9
1581629663,8.546,9
1581629664,5.99,9
1581629665,6.735,9
1581629667,7.569,9
1581629668,7.247,9
1581629669,5.998,9
1581629670,0.298,9
1581629671,0.4335,9
1581629672,1.11,9
1581629674,0.311,9
1581629675,0.2055,9
1581629676,0.022,9
1581629678,0.366,9
1581629679,2.551,9
1581629680,3.772,9
1581629681,3.772,9
1581629682,3.29,9
1581629683,3.785,9
1581629684,0.058,9
1581629685,1.634,9
1581629686,4.632,9
1581629687,4.615,9
1581629688,5.293,9
1581629690,6.477,9
1581629691,7.204,9
1581629692,7.074,9
1581629693,5.827,9
1581629694,2.332,9
1581629695,5.483,9
1581629697,7.619,9
1581629699,3.445,9
1581629700,4.258,9
1581629701,4.604,9
1581629702,4.604,9
1581629703,6.292,9
1581629704,4.171,9
1581629705,2.326,9
1581629706,0.212,9
1581629711,0.201,9
1581629712,0.001,9
1581629713,0.773,9
1581629714,0.357,9
1581629716,0.816,9
1581629717,0.615,9
1581629718,2.154,9
1581629719,2.898,9
1581629720,5.302,9
1581629721,3.954,9
1581629722,4.343,9
1581629725,3.942,9
1581629726,0.002,9
1581629727,1.253,9
1581629728,3.13,9
1581629729,4.567,9
1581629730,4.258,9
1581629732,3.62,9
1581629733,3.051,9
1581629734,5.058,9
1581629735,4.013,9
1581629736,3.425,9
1581629737,2.432,9
1581629739,2.335,9
1581629740,0.357,9
1581629741,1.028,9
1581629742,3.25,9
1581629743,2.536,9
1581629744,1.967,9
1581629746,4.861,9
1581629747,4.717,9
1581629748,2.276,9
1581629749,2.694,9
1581629750,1.967,9
1581629751,2.068,9
1581629752,1.543,9
1581629754,0.001,9
1581629755,2.836,9
1581629756,13.83,9
1581629757,23.213,9
1581629758,45.779,9
1581629760,44.489,9
1581629761,33.699,9
1581629762,40.0735,9
1581629763,69.386,9
1581629764,133.112,9
1581629765,143.143,9
1581629767,90.719,9
1581629768,45.361,9
1581629769,11.67,9
1581629770,19.955,9
1581629771,57.499,9
1581629773,91.737,9
1581629774,158.74,9
1581629775,161.48,9
1581629776,4.568,9
1581629777,7.11,9
1581629778,109.826,9
1581629781,11.455,9
1581629782,6.097,9
1581629783,13.225,9
1581629784,15.471,9
1581629785,16.255,9
1581629787,22.669,9
1581629788,55.894,9
1581629789,59.254,9
1581629790,59.69,9
1581629791,56.062,9
1581629792,121.297,9
1581629795,7.983,9
1581629796,3.143,9
1581629797,12.567,9
1581629798,15.476,9
1581629799,21.845,9
1581629801,55.023,9
1581629802,54.68,9
1581629803,50.332,9
1581629804,41.138,9
1581629805,42.201,9
1581629806,58.102,9
1581629808,56.997,9
1581629809,6.282,9
1581629810,3.415,9
1581629811,12.553,9
1581629812,14.896,9
1581629813,14.845,9
1581629815,16.839,9
1581629816,50.406,9
1581629817,86.941,9
1581629818,123.255,9
1581629819,115.673,9
1581629820,113.575,9
1581629822,108.772,9
1581629823,20.973,9
1581629824,5.728,9
1581629825,12.889,9
1581629826,15.536,9
1581629827,14.194,9
1581629829,14.941,9
1581629830,14.932,9
1581629831,14.856,9
1581629832,21.045,9
1581629833,25.775,9
1581629834,29.761,9
1581629836,27.755,9
1581629837,1.056,9
1581629838,6.274,9
1581629839,29.708,9
1581629840,31.756,9
1581629841,26.177,9
1581629843,36.229,9
1581629844,38.543,9
1581629845,33.494,9
1581629846,33.576,9
1581629847,38.555,9
1581629848,35.64,9
1581629850,26.415,9
1581629851,0.001,9
1581629852,8.178,9
1581629853,16.832,9
1581629854,37.918,9
1581629855,32.998,9
1581629856,22.603,9
1581629858,34.416,9
1581629859,19.083,9
1581629867,0.819,9
1581629868,1.127,9
1581629869,1.563,9
1581629870,1.563,9
1581629871,0.949,9
1581629872,0.558,9
1581629873,0.457,9
1581629883,0.135,9
1581629884,0.135,9
1581629885,0.081,9
1581629886,2.267,9
1581629887,1.726,9
1581629888,1.866,9
1581629889,1.228,9
1581629890,0.992,9
1581629891,1.895,9
1581629892,1.895,9
1581629893,1.461,9
1581629894,1.907,9
1581629895,1.396,9
1581629897,1.157,9
1581629898,0.376,9
1581629899,0.4105,9
1581629902,0.0005,9
1581629903,2.83,9
1581629904,4.791,9
1581629905,4.5005,9
1581629906,2.771,9
1581629907,2.3,9
1581629909,1.318,9
1581629910,0.123,9
1581629911,0.0615,9
1581629914,0.033,9
1581629920,0.044,9
1581629921,0.121,9
1581629925,0.516,9
1581629926,0.268,9
1581629927,0.95,9
1581629928,1.297,9
1581629929,0.6485,9
1581629930,0.0015,9
1581629931,0.659,9
1581629932,1.27,9
1581629934,0.402,9
1581629935,0.481,9
1581629936,0.452,9
1581629937,0.388,9
1581629938,0.078,9
1581629939,0.377,9
1581629940,0.268,9
1581629943,0.782,9
1581629944,0.393,9
1581629945,0.224,9
1581629946,0.894,9
1581629947,1.096,9
1581629948,1.497,9
1581629950,0.603,9
1581629951,1.531,9
1581629952,0.436,9
1581629953,1.789,9
1581629954,1.721,9
1581629955,1.565,9
1581629957,0.569,9
1581629958,0.002,9
1581629959,0.002,9
1581629960,0.022,9
1581629961,0.011,9
1581629962,0.011,9
1581629969,0.1,9
1581629970,0.011,9
1581629974,0.074,9
1581629975,0.055,9
1581629976,0.033,9
1581629977,0.022,9
1581629980,0.033,9
1581629981,0.055,9
1581629982,0.055,9
1581629983,0.067,9
1581629985,0.055,9
1581629987,0.022,9
1581629988,0.011,9
1581629989,0.011,9
1581629990,0.022,9
1581629992,0.011,9
1581629993,0.0165,9
1581629994,0.011,9
1581629995,0.011,9
1581629996,0.022,9
1581629998,0.011,9
1581629999,0.011,9
1581630000,0.018,9
1581630002,0.008,9
1581630003,0.01,9
1581630005,0.022,9
1581630006,0.011,9
1581630007,0.011,9
1581630008,0.022,9
1581630009,0.011,9
1581630010,0.011,9
1581630012,2.033,9
1581630013,1.502,9
1581630014,0.47,9
1581630015,0.348,9
1581630016,3.436,9
1581630017,3.314,9
1581630018,0.287,9
1581630022,0.52,9
1581630023,0.044,9
1581630024,0.067,9
1581630025,0.267,9
1581630026,0.4,9
1581630028,0.022,9
1581630029,0.022,9
1581630030,0.011,9
1581630034,0.407,9
1581630036,4.254,9
1581630037,4.345,9
1581630038,2.528,9
1581630039,1.272,9
1581630040,1.296,9
1581630041,1.168,9
1581630043,2.837,9
1581630044,0.893,9
1581630045,0.402,9
1581630047,0.4525,9
1581630048,0.178,9
1581630049,0.223,9
1581630051,0.212,9
1581630052,0.161,9
1581630053,0.078,9
1581630054,0.011,9
1581630056,0.011,9
1581630062,0.012,9
1581630063,0.0085,9
1581630066,0.011,9
1581630067,0.012,9
1581630068,0.324,9
1581630070,0.011,9
1581630072,0.022,9
1581630074,0.058,9
1581630075,0.058,9
1581630076,0.062,9
1581630077,0.043,9
1581630079,0.067,9
1581630080,0.055,9
1581630081,0.055,9
1581630082,0.055,9
1581630083,0.055,9
1581630086,0.067,9
1581630087,0.055,9
1581630088,0.055,9
1581630094,0.378,9
1581630095,0.038,9
1581630096,0.093,9
1581630098,0.48,9
1581630099,0.279,9
1581630100,1.207,9
1581630101,2.858,9
1581630102,1.4345,9
1581630103,0.011,9
1581630104,0.145,9
1581630106,0.738,9
1581630107,1.25,9
1581630108,0.782,9
1581630109,0.011,9
1581630110,0.0055,9
1581630112,0.17,9
1581630115,1.898,9
1581630116,1.53,9
1581630117,2.009,9
1581630118,3.791,9
1581630119,1.861,9
1581630120,1.861,9
1581630121,1.725,9
1581630123,1.237,9
1581630124,0.637,9
1581630125,1.457,9
1581630126,0.288,9
1581630127,1.827,9
1581630128,0.939,9
1581630130,0.905,9
1581630131,5.099,9
1581630132,5.601,9
1581630133,4.926,9
1581630134,4.907,9
1581630135,4.551,9
1581630137,2.128,9
1581630138,0.002,9
1581630139,0.88,9
1581630140,0.773,9
1581630141,0.011,9
1581630142,0.722,9
1581630143,0.639,9
1581630145,0.212,9
1581630146,0.067,9
1581630150,0.307,9
1581630151,0.002,9
1581630152,0.002,9
1581630153,1.154,9
1581630154,4.082,9
1581630155,4.296,9
1581630156,5.483,9
1581630157,6.267,9
1581630158,5.527,9
1581630159,2.086,9
1581630160,2.086,9
1581630161,5.061,9
1581630162,4.339,9
1581630163,6.989,9
1581630164,7.027,9
1581630165,3.6083333333333334,9
1581630166,2.826,9
1581630167,4.65,9
1581630169,5.244,9
1581630170,5.475,9
1581630171,5.888,9
1581630172,5.094,9
1581630173,7.971,9
1581630174,7.386,9
1581630176,7.176,9
1581630177,7.614,9
1581630178,7.781,9
1581630179,4.328,9
1581630180,2.206,9
1581630181,5.277,9
1581630183,4.825,9
1581630184,5.245,9
1581630185,6.201,9
1581630186,6.101,9
1581630187,6.396,9
1581630188,6.395,9
1581630189,6.515,9
1581630192,6.45,9
1581630193,2.165,9
1581630194,2.498,9
1581630195,5.542,9
1581630196,5.764,9
1581630197,4.914,9
1581630199,5.01,9
1581630200,5.427,9
1581630201,3.44,9
1581630202,3.269,9
1581630203,6.021,9
1581630204,2.929,9
1581630205,5.822,9
1581630207,0.786,9
1581630208,1.261,9
1581630209,4.605,9
1581630210,4.763,9
1581630211,4.917,9
1581630212,6.347,9
1581630213,6.347,9
1581630214,6.761,9
1581630215,5.167,9
1581630216,5.534,9
1581630217,5.802,9
1581630218,3.363,9
1581630220,2.93,9
1581630221,2.93,9
1581630222,0.617,9
1581630223,2.39,9
1581630224,4.971,9
1581630225,3.723,9
1581630226,5.266,9
1581630227,4.96,9
1581630228,1.864,9
1581630229,1.864,9
1581630230,1.953,9
1581630231,4.101,9
1581630232,2.112,9
1581630234,0.915,9
1581630235,0.459,9
1581630236,3.604,9
1581630238,3.92,9
1581630239,3.518,9
1581630240,3.766,9
1581630241,3.761,9
1581630242,4.017,9
1581630243,3.543,9
1581630244,4.582,9
1581630246,4.985,9
1581630248,4.057,9
1581630249,2.2875,9
1581630250,3.585,9
1581630251,4.117,9
1581630252,4.37,9
1581630254,4.191,9
1581630255,4.396,9
1581630256,3.766,9
1581630257,3.911,9
1581630258,4.033,9
1581630259,3.462,9
1581630262,3.82,9
1581630263,0.841,9
1581630264,3.909,9
1581630265,4.123,9
1581630266,4.348,9
1581630267,3.962,9
1581630269,4.343,9
1581630270,4.399,9
1581630271,4.512,9
1581630272,3.851,9
1581630273,4.501,9
1581630274,4.319,9
1581630276,2.297,9
1581630277,0.002,9
1581630278,3.807,9
1581630279,4.31,9
1581630280,2.242,9
1581630281,3.219,9
1581630282,3.495,9
1581630284,3.151,9
1581630285,2.602,9
1581630286,3.104,9
1581630287,2.556,9
1581630288,2.553,9
1581630289,2.317,9
1581630290,0.002,9
1581630291,0.002,9
1581630292,2.435,9
1581630293,3.597,9
1581630294,3.634,9
1581630295,3.689,9
1581630296,2.938,9
1581630297,2.861,9
1581630298,3.371,9
1581630300,3.403,9
1581630301,3.139,9
1581630302,3.117,9
1581630303,1.885,9
1581630304,0.001,9
1581630305,2.067,9
1581630307,2.778,9
1581630308,1.151,9
1581630309,1.083,9
1581630310,0.575,9
1581630311,0.055,9
1581630312,0.011,9
1581630315,0.055,9
1581630317,0.022,9
1581630320,0.251,9
1581630321,2.102,9
1581630322,2.102,9
1581630323,1.587,9
1581630324,4.771,9
1581630325,5.002,9
1581630326,4.749,9
1581630327,5.126,9
1581630328,5.289,9
1581630330,5.323,9
1581630331,5.642,9
1581630333,3.631,9
1581630334,0.604,9
1581630335,3.913,9
1581630336,4.467,9
1581630338,4.297,9
1581630339,4.429,9
1581630340,4.699,9
1581630341,2.754,9
1581630342,3.632,9
1581630343,4.1735,9
1581630344,1.847,9
1581630347,0.601,9
1581630348,0.001,9
1581630349,0.739,9
1581630350,0.704,9
1581630351,0.011,9
1581630353,0.011,9
1581630354,0.055,9
1581630355,0.067,9
1581630356,0.067,9
1581630357,0.055,9
1581630358,0.067,9
1581630361,0.603,9
1581630362,0.20833333333333334,9
1581630363,0.011,9
1581630364,0.044,9
1581630366,0.055,9
1581630368,0.067,9
1581630369,0.055,9
1581630370,0.067,9
1581630371,0.055,9
1581630372,0.055,9
1581630373,0.045,9
1581630375,0.067,9
1581630376,0.055,9
1581630377,0.067,9
1581630378,0.0345,9
1581630380,0.045,9
1581630381,0.067,9
1581630382,0.29,9
1581630383,0.334,9
1581630384,0.402,9
1581630385,0.357,9
1581630386,1.073,9
1581630388,2.301,9
1581630389,2.235,9
1581630391,0.589,9
1581630392,0.39366666666666666,9
1581630393,4.921,9
1581630394,6.805,9
1581630396,6.525,9
1581630397,5.417,9
1581630398,6.259,9
1581630399,5.873,9
1581630400,5.999,9
1581630401,7.032,9
1581630403,4.876,9
1581630405,2.145,9
1581630406,0.002,9
1581630407,4.679,9
1581630408,5.581,9
1581630409,5.511,9
1581630411,6.643,9
1581630412,5.185,9
1581630413,6.088,9
1581630414,3.492,9
1581630415,4.92,9
1581630416,5.903,9
1581630417,7.258,9
1581630419,2.829,9
1581630420,0.002,9
1581630421,3.48,9
1581630422,5.542,9
1581630423,6.908,9
1581630424,4.593,9
1581630426,5.262,9
1581630427,5.613,9
1581630428,4.432,9
1581630429,5.214,9
1581630430,6.136,9
1581630431,6.038,9
1581630432,3.603,9
1581630434,0.002,9
1581630435,4.508,9
1581630436,5.776,9
1581630437,5.453,9
1581630438,5.263,9
1581630439,6.117,9
1581630440,6.72,9
1581630442,6.724,9
1581630443,7.206,9
1581630444,7.0,9
1581630445,6.31,9
1581630446,4.818,9
1581630447,0.001,9
1581630448,3.428,9
1581630450,5.704,9
1581630451,6.348,9
1581630452,7.379,9
1581630453,7.203,9
1581630454,7.654,9
1581630455,6.653,9
1581630457,7.405,9
1581630458,7.669,9
1581630460,6.658,9
1581630461,0.001,9
1581630462,3.538,9
1581630463,7.655,9
1581630464,7.265,9
1581630465,7.815,9
1581630467,7.374,9
1581630468,7.921,9
1581630469,8.085,9
1581630470,1.197,9
1581634925,0.029,10
1581634927,0.008,10
1581634928,10.935,10
1581634929,58.15,10
1581634930,76.065,10
1581634931,75.617,10
1581634933,88.352,10
1581634934,80.987,10
1581634935,91.754,10
1581634936,125.602,10
1581634937,95.524,10
1581634938,112.916,10
1581634940,44.061,10
1581634941,22.032,10
1581634942,20.574,10
1581634943,19.411,10
1581634944,20.303,10
1581634946,48.966,10
1581634947,106.362,10
1581634948,98.75,10
1581634949,116.546,10
1581634950,113.447,10
1581634951,103.654,10
1581634954,27.246,10
1581634955,13.789,10
1581634956,77.306,10
1581634957,81.317,10
1581634958,104.605,10
1581634960,116.78,10
1581634961,86.135,10
1581634962,86.076,10
1581634963,80.913,10
1581634964,97.397,10
1581634965,121.257,10
1581634968,36.267,10
1581634969,0.001,10
1581634970,50.649,10
1581634971,124.658,10
1581634972,132.155,10
1581634974,102.761,10
1581634975,76.329,10
1581634976,98.931,10
1581634977,125.444,10
1581634978,126.27,10
1581634979,88.433,10
1581634982,124.583,10
1581634984,8.5,10
1581634985,68.167,10
1581634986,207.862,10
1581634988,233.202,10
1581634989,201.576,10
1581634990,70.82,10
1581634991,143.672,10
1581634992,47.896,10
1581634993,97.867,10
1581634996,103.652,10
1581634997,3.45,10
1581634998,13.533,10
1581634999,117.267,10
1581635000,66.504,10
1581635002,63.866,10
1581635003,34.908,10
1581635004,59.981,10
1581635005,42.592,10
1581635006,64.025,10
1581635007,79.67,10
1581635010,79.12,10
1581635012,11.714,10
1581635013,18.517,10
1581635014,19.84,10
1581635016,18.5,10
1581635017,14.664,10
1581635018,39.184,10
1581635019,60.948,10
1581635020,108.843,10
1581635022,110.704,10
1581635024,116.346,10
1581635025,0.002,10
1581635026,1.503,10
1581635027,15.889,10
1581635028,16.743,10
1581635030,110.295,10
1581635031,206.113,10
1581635032,256.54,10
1581635033,260.4175,10
1581635034,263.557,10
1581635035,222.037,10
1581635036,122.398,10
1581635038,124.509,10
1581635039,0.074,10
1581635040,107.877,10
1581635041,259.996,10
1581635042,268.116,10
1581635043,223.726,10
1581635044,235.398,10
1581635045,265.279,10
1581635046,249.174,10
1581635048,250.523,10
1581635049,273.659,10
1581635050,238.104,10
1581635051,273.746,10
1581635052,68.073,10
1581635053,34.038,10
1581635054,22.194,10
1581635056,22.445,10
1581635057,22.446,10
1581635058,23.431,10
1581635059,28.292,10
1581635060,90.937,10
1581635061,117.549,10
1581635063,78.396,10
1581635064,77.822,10
1581635066,47.312,10
1581635067,0.006,10
1581635068,11.795,10
1581635069,18.93,10
1581635071,35.653,10
1581635072,32.772,10
1581635073,35.1695,10
1581635074,60.782,10
1581635075,64.021,10
1581635076,61.194,10
1581635078,77.898,10
1581635080,30.347,10
1581635081,0.003,10
1581635082,33.764,10
1581635084,52.544,10
1581635085,52.96,10
1581635086,56.319,10
1581635087,54.68,10
1581635088,54.155,10
1581635090,166.644,10
1581635091,219.644,10
1581635092,281.586,10
1581635093,279.898,10
1581635094,59.316,10
1581635095,30.887,10
1581635096,30.382,10
1581635098,31.134,10
1581635099,32.251,10
1581635100,31.102,10
1581635101,17.494,10
1581635102,26.492,10
1581635104,138.51,10
1581635105,212.426,10
1581635106,270.643,10
1581635108,19.978,10
1581635109,14.643333333333334,10
1581635110,17.733,10
1581635112,17.857,10
1581635113,18.388,10
1581635114,18.17,10
1581635115,18.164,10
1581635116,53.698,10
1581635117,132.745,10
1581635119,186.284,10
1581635120,82.872,10
1581635121,139.937,10
1581635123,3.5035,10
1581635124,20.213,10
1581635126,34.699,10
1581635127,49.516,10
1581635128,56.625,10
1581635129,63.872,10
1581635130,72.747,10
1581635131,80.471,10
1581635132,80.471,10
1581635133,88.313,10
1581635134,97.076,10
1581635135,82.243,10
1581635136,3.099,10
1581635138,36.358,10
1581635139,178.905,10
1581635140,180.819,10
1581635141,180.512,10
1581635142,165.506,10
1581635143,177.041,10
1581635145,175.756,10
1581635146,179.842,10
1581635147,180.204,10
1581635149,68.789,10
1581635150,0.002,10
1581635151,0.002,10
1581635152,17.287,10
1581635153,20.046,10
1581635154,19.868,10
1581635155,20.419,10
1581635156,20.856,10
1581635157,21.067,10
1581635159,11.18,10
1581635161,16.838,10
1581635162,18.484,10
1581635163,3.705,10
1581635164,1.9535,10
1581635166,30.426,10
1581635167,32.334,10
1581635168,30.238,10
1581635169,31.101,10
1581635170,66.948,10
1581635171,145.536,10
1581635173,112.153,10
1581635175,58.43,10
1581635177,21.611,10
1581635178,11.039,10
1581635180,4.293,10
1581635181,16.502,10
1581635182,12.219,10
1581635183,5.3,10
1581635184,0.365,10
1581635188,0.001,10
1581635189,6.208,10
1581635190,22.192,10
1581635193,9.563,10
1581635194,25.049,10
1581635195,23.803,10
1581635196,24.562,10
1581635197,24.701,10
1581635199,24.895,10
1581635200,25.045,10
1581635201,24.003,10
1581635202,24.631,10
1581635203,23.703,10
1581635205,18.389,10
1581635206,1.227,10
1581635207,71.962,10
1581635208,87.737,10
1581635209,89.478,10
1581635210,77.273,10
1581635212,325.551,10
1581635213,291.419,10
1581635214,251.917,10
1581635215,190.059,10
1581635216,211.864,10
1581635217,225.41,10
1581635218,127.061,10
1581635220,0.002,10
1581635221,106.632,10
1581635222,288.126,10
1581635223,284.946,10
1581635224,254.49,10
1581635225,263.081,10
1581635226,267.502,10
1581635227,272.153,10
1581635228,260.455,10
1581635230,247.537,10
1581635231,228.888,10
1581635232,243.198,10
1581635233,7.402,10
1581635234,7.583,10
1581635235,23.757,10
1581635237,23.046,10
1581635238,23.059,10
1581635239,23.081,10
1581635240,23.056,10
1581635241,22.742,10
1581635243,23.035,10
1581635244,22.457,10
1581635246,16.003,10
1581635247,0.002,10
1581635248,15.518,10
1581635250,20.509,10
1581635251,57.577,10
1581635252,129.321,10
1581635253,205.588,10
1581635254,187.296,10
1581635255,246.668,10
1581635256,228.658,10
1581635258,228.336,10
1581635260,162.366,10
1581635261,0.001,10
1581635262,13.302,10
1581635263,15.663,10
1581635265,45.924,10
1581635266,113.929,10
1581635267,99.325,10
1581635268,168.088,10
1581635269,126.657,10
1581635270,96.252,10
1581635271,104.341,10
1581635274,61.946,10
1581635275,0.002,10
1581635276,16.038,10
1581635277,84.794,10
1581635279,114.743,10
1581635280,184.466,10
1581635281,111.354,10
1581635282,188.081,10
1581635283,150.984,10
1581635284,126.952,10
1581635285,160.519,10
1581635287,120.587,10
1581635288,80.894,10
1581635289,4.029,10
1581635290,10.692,10
1581635291,30.02,10
1581635293,30.994,10
1581635294,280.679,10
1581635295,255.498,10
1581635296,240.999,10
1581635297,202.742,10
1581635298,204.677,10
1581635299,211.739,10
1581635300,222.128,10
1581635302,157.316,10
1581635303,0.001,10
1581635304,36.289,10
1581635305,229.699,10
1581635306,158.988,10
1581635307,148.671,10
1581635309,153.462,10
1581635310,162.915,10
1581635311,162.842,10
1581635312,163.381,10
1581635313,171.014,10
1581635314,175.515,10
1581635316,126.159,10
1581635317,0.001,10
1581635318,26.199,10
1581635319,156.762,10
1581635320,160.049,10
1581635322,200.118,10
1581635323,203.481,10
1581635324,214.632,10
1581635325,220.397,10
1581635326,210.974,10
1581635327,181.015,10
1581635328,180.978,10
1581635330,151.917,10
1581635331,0.253,10
1581635332,175.918,10
1581635333,104.499,10
1581635334,208.059,10
1581635335,234.018,10
1581635336,223.571,10
1581635337,223.571,10
1581635338,266.95,10
1581635339,209.239,10
1581635340,173.207,10
1581635341,181.891,10
1581635342,173.143,10
1581635343,141.731,10
1581635344,0.001,10
1581635345,0.001,10
1581635346,15.566,10
1581635347,37.182,10
1581635348,79.486,10
1581635349,326.246,10
1581635350,272.86,10
1581635351,207.147,10
1581635353,185.741,10
1581635354,201.248,10
1581635355,190.138,10
1581635356,205.115,10
1581635357,135.398,10
1581635358,0.002,10
1581635359,38.668,10
1581635361,236.596,10
1581635362,185.9,10
1581635363,203.052,10
1581635364,213.692,10
1581635365,202.793,10
1581635366,128.197,10
1581635367,209.327,10
1581635369,205.845,10
1581635371,202.8855,10
1581635373,95.615,10
1581635374,278.597,10
1581635375,294.235,10
1581635376,230.699,10
1581635378,253.3,10
1581635379,257.3,10
1581635380,256.613,10
1581635381,267.665,10
1581635382,270.561,10
1581635383,209.968,10
1581635385,24.042,10
1581635386,24.042,10
1581635387,4.442,10
1581635388,219.114,10
1581635389,240.403,10
1581635390,253.832,10
1581635391,267.388,10
1581635392,200.7,10
1581635393,255.163,10
1581635395,256.53,10
1581635396,238.271,10
1581635399,57.331,10
1581635400,28.9655,10
1581635401,13.07,10
1581635403,12.992,10
1581635404,12.49,10
1581635405,12.17,10
1581635406,11.935,10
1581635407,24.022,10
1581635408,42.626,10
1581635410,100.231,10
1581635411,266.556,10
1581635413,37.79,10
1581635414,19.1055,10
1581635415,20.751,10
1581635416,20.175,10
1581635418,19.859,10
1581635419,19.077,10
1581635420,19.59,10
1581635421,21.022,10
1581635422,19.571,10
1581635424,20.511,10
1581635425,19.938,10
1581635426,18.887,10
1581635428,2.163,10
1581635430,17.539,10
1581635431,17.594,10
1581635432,19.243,10
1581635433,12.004,10
1581635434,14.153,10
1581635435,16.357,10
1581635437,15.496,10
1581635438,14.504,10
1581635439,11.792,10
1581635440,9.606,10
1581635441,0.001,10
1581635442,1.7125,10
1581635443,9.074,10
1581635445,0.992,10
1581635449,3.213,10
1581635452,6.545,10
1581635453,16.057,10
1581635454,17.305,10
1581635456,7.253,10
1581635457,56.631,10
1581635459,85.049,10
1581635460,121.418,10
1581635461,64.259,10
1581635462,72.878,10
1581635463,56.847,10
1581635464,53.425,10
1581635466,51.228,10
1581635468,60.524,10
1581635469,3.799,10
1581635470,5.127,10
1581635471,10.819,10
1581635472,9.577,10
1581635474,13.171,10
1581635475,12.669,10
1581635476,11.498,10
1581635477,12.795,10
1581635478,12.182,10
1581635479,10.832,10
1581635482,11.994,10
1581635483,0.001,10
1581635484,3.911,10
1581635485,9.061,10
1581635486,6.723,10
1581635488,1.319,10
1581635489,5.277,10
1581635490,4.897,10
1581635491,4.958,10
1581635492,8.78,10
1581635493,9.669,10
1581635494,9.1,10
1581635496,8.69,10
1581635497,0.001,10
1581635498,2.898,10
1581635499,8.903,10
1581635500,8.106,10
1581635501,9.044,10
1581635502,8.464,10
1581635504,8.833,10
1581635506,10.94,10
1581635507,9.937,10
1581635508,9.648,10
1581635509,10.707,10
1581635512,3.787,10
1581635513,10.793,10
1581635514,11.1465,10
1581635515,11.213,10
1581635516,23.709,10
1581635517,63.16,10
1581635519,49.059,10
1581635520,24.677,10
1581635521,25.926,10
1581635522,30.047,10
1581635523,34.088,10
1581635524,17.8045,10
1581635525,1.6045,10
1581635527,12.224,10
1581635528,12.099,10
1581635529,11.921,10
1581635530,12.168,10
1581635531,12.754,10
1581635532,12.304,10
1581635533,18.053,10
1581635535,34.671,10
1581635536,42.758,10
1581635538,6.995,10
1581635539,3.578,10
1581635540,11.611,10
1581635541,11.976,10
1581635542,11.976,10
1581635543,11.903,10
1581635544,12.077,10
1581635545,11.397,10
1581635546,12.116,10
1581635547,12.419,10
1581635548,11.571,10
1581635549,12.063,10
1581635550,12.063,10
1581635552,3.617,10
1581635553,0.003,10
1581635554,7.886,10
1581635555,10.186,10
1581635556,9.404,10
1581635557,8.894,10
1581635558,8.894,10
1581635559,12.034,10
1581635560,11.595,10
1581635561,12.626,10
1581635562,11.87,10
1581635563,12.05,10
1581635564,11.222,10
1581635565,7.924,10
1581635567,0.002,10
1581635568,8.348,10
1581635569,12.229,10
1581635570,12.427,10
1581635571,12.183,10
1581635572,11.746,10
1581635573,15.403,10
1581635575,35.923,10
1581635576,31.833,10
1581635577,35.508,10
1581635578,37.922,10
1581635579,24.812,10
1581635580,0.002,10
1581635581,2.9545,10
1581635583,30.932,10
1581635584,49.212,10
1581635585,43.9995,10
1581635586,48.262,10
1581635587,45.409,10
1581635588,40.319,10
1581635590,46.954,10
1581635591,44.704,10
1581635592,39.872,10
1581635593,27.171,10
1581635594,0.001,10
1581635595,2.9245,10
1581635596,9.735,10
1581635598,9.953,10
1581635599,9.86,10
1581635600,9.649,10
1581635601,8.544,10
1581635602,8.354,10
1581635603,8.607,10
1581635604,11.233,10
1581635607,6.48,10
1581635608,3.3293333333333335,10
1581635609,1.892,10
1581635610,6.253,10
1581635611,4.765,10
1581635612,3.516,10
1581635614,2.854,10
1581635615,1.017,10
1581635616,3.777,10
1581635617,2.207,10
1581635618,3.541,10
1581635619,8.356,10
1581635620,9.032,10
1581635621,9.032,10
1581635623,2.822,10
1581635624,6.198,10
1581635625,9.744,10
1581635626,8.959,10
1581635628,12.256,10
1581635629,13.49,10
1581635630,5.72,10
1581635631,6.4835,10
1581635632,6.388,10
1581635633,5.666,10
1581635635,10.063,10
1581635637,1.909,10
1581635638,6.766,10
1581635639,7.3875,10
1581635641,10.516,10
1581635642,9.521,10
1581635643,6.987,10
1581635644,10.307,10
1581635645,9.363,10
1581635646,12.854,10
1581635647,12.854,10
1581635649,13.122,10
1581635650,0.001,10
1581635651,4.896,10
1581635652,9.885,10
1581635653,11.993,10
1581635654,11.993,10
1581635655,33.294,10
1581635656,26.487,10
1581635657,35.431,10
1581635658,33.724,10
1581635659,36.283,10
1581635660,57.363,10
1581635661,57.363,10
1581635663,32.525,10
1581635664,0.002,10
1581635665,8.124,10
1581635666,10.774,10
1581635667,15.216,10
1581635669,36.378,10
1581635670,26.849,10
1581635671,45.831,10
1581635672,42.86,10
1581635673,41.406,10
1581635675,47.433,10
1581635677,18.308,10
1581635678,9.1555,10
1581635679,12.453,10
1581635680,12.263,10
1581635682,11.484,10
1581635683,11.493,10
1581635684,12.677,10
1581635685,25.414,10
1581635686,29.307,10
1581635688,27.174,10
1581635689,31.067,10
1581635691,2.14,10
1581635692,1.282,10
1581635693,10.766,10
1581635695,15.834,10
1581635696,41.734,10
1581635697,36.807,10
1581635698,36.621,10
1581635699,36.875,10
1581635700,22.666,10
1581635702,22.359,10
1581635703,22.17,10
1581635706,1.988,10
1581635708,12.289,10
1581635709,12.35,10
1581635710,12.452,10
1581635711,12.891,10
1581635712,12.618,10
1581635713,12.197,10
1581635715,12.675,10
1581635716,12.183,10
1581635717,12.66,10
1581635718,8.572,10
1581635719,0.002,10
1581635720,0.002,10
1581635721,5.644,10
1581635722,12.25,10
1581635723,11.961,10
1581635724,11.458,10
1581635725,11.323,10
1581635726,11.989,10
1581635728,12.153,10
1581635729,12.216,10
1581635730,12.511,10
1581635731,12.04,10
1581635732,6.607,10
1581635733,0.002,10
1581635734,0.002,10
1581635735,10.164,10
1581635736,11.397,10
1581635737,11.695,10
1581635738,11.971,10
1581635739,11.942,10
1581635741,11.965,10
1581635742,11.934,10
1581635743,11.981,10
1581635744,11.751,10
1581635747,1.151,10
1581635748,0.114,10
1581635749,6.83,10
1581635750,10.599,10
1581635751,15.157,10
1581635752,18.496,10
1581635754,21.559,10
1581635755,25.592,10
1581635756,28.812,10
1581635757,32.349,10
1581635758,33.928,10
1581635760,28.972,10
1581635762,9.077,10
1581635763,36.653,10
1581635764,21.529,10
1581635765,21.157,10
1581635767,12.629,10
1581635768,18.191,10
1581635769,15.688,10
1581635770,15.032,10
1581635771,18.307,10
1581635774,11.486,10
1581635775,0.001,10
1581635776,6.129,10
1581635777,12.04,10
1581635778,12.999,10
1581635779,12.8,10
1581635781,12.345,10
1581635782,12.14,10
1581635783,12.069,10
1581635784,12.093,10
1581635785,12.059,10
1581635789,2.55,10
1581635790,35.13,10
1581635791,35.764,10
1581635793,37.174,10
1581635794,36.752,10
1581635795,31.61,10
1581635796,28.9785,10
1581635797,11.697,10
1581635798,10.309,10
1581635800,6.953,10
1581635802,0.178,10
1581635803,0.002,10
1581635804,52.61,10
1581635805,31.2665,10
1581635806,8.321,10
1581635808,7.159,10
1581635809,1.885,10
1581635810,11.698,10
1581635811,232.988,10
1581635813,238.967,10
1581635814,234.503,10
1581635816,68.36,10
1581635817,35.014,10
1581635818,5.624,10
1581635819,8.087,10
1581635820,5.233,10
1581635822,6.694,10
1581635823,6.127,10
1581635824,6.632,10
1581635825,6.486,10
1581635826,6.787,10
1581635827,6.803,10
1581635828,6.778,10
1581635830,5.128,10
1581635831,0.75,10
1581635832,5.835,10
1581635833,7.78,10
1581635834,7.319,10
1581635835,8.555,10
1581635837,8.979,10
1581635838,9.205,10
1581635839,8.376,10
1581635840,7.58,10
1581635841,12.339,10
1581635842,11.798,10
1581635843,8.797,10
1581635844,8.797,10
1581635845,4.311,10
1581635846,9.189,10
1581635847,9.549,10
1581635848,7.515,10
1581635849,5.998,10
1581635850,5.125,10
1581635851,4.441,10
1581635853,7.462,10
1581635854,11.986,10
1581635855,9.341,10
1581635857,11.303,10
1581635858,0.002,10
1581635860,5.492,10
1581635861,7.801,10
1581635862,9.13,10
1581635863,7.718,10
1581635864,7.72,10
1581635865,7.331,10
1581635866,7.949,10
1581635868,8.406,10
1581635869,11.59,10
1581635871,7.563,10
1581635872,0.002,10
1581635873,7.013,10
1581635875,22.345,10
1581635876,11.464,10
1581635877,12.29,10
1581635878,7.645,10
1581635879,4.648,10
1581635880,1.184,10
1581635881,3.622,10
1581635883,42.94,10
1581635885,42.597,10
1581635886,1.723,10
1581635887,26.733,10
1581635889,32.159,10
1581635890,30.68,10
1581635891,143.845,10
1581635892,170.8245,10
1581635893,189.85,10
1581635894,201.712,10
1581635895,217.859,10
1581635897,198.582,10
1581635898,170.493,10
1581635899,112.983,10
1581635900,0.006,10
1581635901,25.978,10
1581635902,25.412,10
1581635904,58.523,10
1581635905,210.38,10
1581635906,238.767,10
1581635907,219.951,10
1581635908,235.213,10
1581635909,239.357,10
1581635910,237.748,10
1581635911,222.277,10
1581635913,159.615,10
1581635914,0.002,10
1581635915,13.88,10
1581635916,108.383,10
1581635917,312.386,10
1581635918,402.783,10
1581635919,261.128,10
1581635920,361.225,10
1581635922,304.817,10
1581635923,304.802,10
1581635924,305.746,10
1581635925,314.093,10
1581635926,258.906,10
1581635927,129.453,10
1581635928,34.0305,10
1581635929,258.632,10
1581635930,319.403,10
1581635932,258.825,10
1581635933,101.639,10
1581635934,168.916,10
1581635935,181.618,10
1581635936,319.61,10
1581635937,321.551,10
1581635938,305.642,10
1581635939,339.409,10
1581635941,48.249,10
1581635942,1.758,10
1581635943,13.036,10
1581635944,121.683,10
1581635945,290.171,10
1581635946,340.489,10
1581635947,324.474,10
1581635949,226.463,10
1581635950,210.387,10
1581635951,261.31,10
1581635952,72.681,10
1581635954,71.003,10
1581635955,35.503,10
1581635957,31.075,10
1581635958,32.137,10
1581635959,28.766,10
1581635960,30.283,10
1581635961,29.19,10
1581635963,171.96,10
1581635964,151.185,10
1581635965,119.46,10
1581635966,126.934,10
1581635967,126.934,10
1581635968,10.416,10
1581635969,10.416,10
1581635970,0.785,10
1581635971,6.875,10
1581635972,4.186,10
1581635973,5.879,10
1581635974,9.074,10
1581635975,10.511,10
1581635977,9.012,10
1581635978,9.556,10
1581635979,8.696,10
1581635980,7.701,10
1581635981,6.782,10
1581635983,5.375,10
1581635984,2.39,10
1581635985,3.568,10
1581635986,5.453,10
1581635987,6.233,10
1581635988,9.756,10
1581635990,18.724,10
1581635991,20.707,10
1581635992,15.655,10
1581635993,24.322,10
1581635994,16.113,10
1581635996,14.076,10
1581635997,1.317,10
1581635998,4.918,10
1581635999,12.276,10
1581636000,9.002,10
1581636001,10.05,10
1581636003,6.962,10
1581636005,14.645,10
1581636006,12.595,10
1581636007,9.74,10
1581636010,14.248,10
1581636011,0.002,10
1581636012,3.303,10
1581636013,5.005,10
1581636014,6.916,10
1581636016,2.291,10
1581636017,3.085,10
1581636018,2.323,10
1581636019,1.575,10
1581636020,0.8655,10
1581636022,0.343,10
1581636025,0.618,10
1581636026,37.194,10
1581636027,15.538,10
1581636029,2.301,10
1581636030,5.777,10
1581636031,9.552,10
1581636032,4.606,10
1581636033,6.62,10
1581636034,6.834,10
1581636036,1.946,10
1581636039,4.0975,10
1581636040,166.438,10
1581636041,192.7125,10
1581636043,139.459,10
1581636044,267.705,10
1581636045,343.426,10
1581636046,352.34,10
1581636047,341.375,10
1581636048,362.89,10
1581636049,358.397,10
1581636050,373.519,10
1581636052,170.113,10
1581636053,85.058,10
1581636054,325.668,10
1581636055,386.462,10
1581636056,368.53,10
1581636057,363.6375,10
1581636058,348.097,10
1581636059,367.051,10
1581636061,369.581,10
1581636062,367.234,10
1581636063,359.35,10
1581636064,305.093,10
1581636065,266.277,10
1581636066,6.236,10
1581636067,23.289,10
1581636068,117.569,10
1581636070,78.293,10
1581636071,178.653,10
1581636072,192.356,10
1581636073,194.59,10
1581636074,204.195,10
1581636075,202.686,10
1581636076,202.757,10
1581636078,206.553,10
1581636079,171.518,10
1581636080,0.001,10
1581636081,13.271,10
1581636082,33.052,10
1581636083,174.262,10
1581636085,294.157,10
1581636086,307.639,10
1581636087,313.3,10
1581636088,301.117,10
1581636089,306.202,10
1581636090,317.433,10
1581636091,311.737,10
1581636092,298.34233333333333,10
1581636093,29.183,10
1581636094,29.183,10
1581636095,6.259,10
1581636096,16.934,10
1581636097,17.836,10
1581636098,20.82,10
1581636099,20.917,10
1581636101,21.739,10
1581636102,21.734,10
1581636103,19.997,10
1581636104,19.278,10
1581636105,19.715,10
1581636106,17.215,10
1581636108,0.001,10
1581636109,9.447,10
1581636110,16.909,10
1581636111,18.152,10
1581636112,16.612,10
1581636113,17.462,10
1581636115,16.188,10
1581636116,17.284,10
1581636117,16.649,10
1581636118,54.253,10
1581636119,50.557,10
1581636121,32.872,10
1581636122,0.062,10
1581636123,16.305,10
1581636124,17.988,10
1581636125,19.734,10
1581636126,19.409,10
1581636128,20.284,10
1581636129,17.165,10
1581636130,16.13,10
1581636131,18.974,10
1581636132,17.989,10
1581636133,18.707,10
1581636135,2.506,10
1581636136,1.2545,10
1581636137,0.166,10
1581636138,0.033,10
1581636139,8.945,10
1581636141,18.958,10
1581636142,57.045,10
1581636143,75.505,10
1581636144,75.742,10
1581636145,181.091,10
1581636147,214.622,10
1581636149,15.481,10
1581636150,6.454,10
1581636151,14.7345,10
1581636152,22.031,10
1581636154,11.908,10
1581636155,20.668,10
1581636156,22.419,10
1581636157,21.646,10
1581636158,16.971,10
1581636159,13.224,10
1581636162,12.725,10
1581636164,3.926,10
1581636165,8.237,10
1581636166,6.278,10
1581636167,0.022,10
1581636170,4.237,10
1581636171,7.366,10
1581636172,7.891,10
1581636173,8.062,10
1581636174,8.1,10
1581636177,0.794,10
1581636178,1.646,10
1581636179,7.441,10
1581636180,12.947,10
1581636181,12.115,10
1581636182,10.726,10
1581636183,11.115,10
1581636185,10.489,10
1581636186,11.408,10
1581636187,12.327,10
1581636188,14.179,10
1581636190,4.366,10
1581636191,4.366,10
1581636192,2.653,10
1581636193,15.801,10
1581636194,12.1,10
1581636195,27.124,10
1581636196,30.641,10
1581636197,16.448,10
1581636199,22.282,10
1581636200,28.008,10
1581636201,23.371,10
1581636202,30.915,10
1581636206,5.458,10
1581636207,14.872,10
1581636208,37.054,10
1581636209,49.16,10
1581636210,50.041,10
1581636211,56.232,10
1581636213,52.221,10
1581636214,45.786,10
1581636215,31.83,10
1581636216,49.048,10
1581636217,36.418,10
1581636219,1.8935,10
1581636221,25.687,10
1581636222,23.824,10
1581636223,32.541,10
1581636224,39.348,10
1581636225,38.261,10
1581636226,36.812,10
1581636227,40.214,10
1581636229,42.63,10
1581636230,45.572,10
1581636232,0.36,10
1581636233,2.9225,10
1581636234,21.952,10
1581636236,55.774,10
1581636237,59.032,10
1581636238,66.088,10
1581636239,44.252,10
1581636240,24.015,10
1581636241,46.345,10
1581636242,53.537,10
1581636244,35.168,10
1581636247,1.191,10
1581636248,11.983,10
1581636249,27.756,10
1581636250,0.244,10
1581636252,5.31,10
1581636253,28.877,10
1581636254,56.474,10
1581636255,41.92,10
1581636256,71.177,10
1581636257,54.668,10
1581636261,3.712,10
1581636262,5.488,10
1581636263,13.27,10
1581636264,19.494,10
1581636266,20.07,10
1581636267,31.703,10
1581636268,21.565,10
1581636269,31.16,10
1581636270,37.62,10
1581636271,43.338,10
1581636273,48.23,10
1581636275,6.53,10
1581636276,10.34,10
1581636277,24.941,10
1581636278,28.607,10
1581636279,35.044,10
1581636281,24.741,10
1581636282,32.53,10
1581636283,23.859,10
1581636284,29.817,10
1581636285,8.989,10
1581636286,19.811,10
1581636289,1.754,10
1581636290,0.52,10
1581636291,3.673,10
1581636292,4.651,10
1581636293,6.261,10
1581636295,8.992,10
1581636296,6.098,10
1581636297,7.503,10
1581636298,11.643,10
1581636299,14.757,10
1581636300,13.567,10
1581636303,18.31,10
1581636304,23.973,10
1581636305,34.333,10
1581636306,23.7,10
1581636307,24.024,10
1581636308,25.753,10
1581636310,21.511,10
1581636311,14.831,10
1581636312,12.147,10
1581636313,19.157,10
1581636314,14.595,10
1581636317,6.985,10
1581636318,15.953,10
1581636319,28.268,10
1581636320,14.921,10
1581636321,15.597,10
1581636322,14.05,10
1581636324,14.906,10
1581636325,24.865,10
1581636326,27.283,10
1581636327,21.366,10
1581636328,29.308,10
1581636330,1.3405,10
1581636332,2.367,10
1581636333,1.549,10
1581636334,19.145,10
1581636335,41.944,10
1581636336,33.172,10
1581636337,19.568,10
1581636338,20.381,10
1581636340,31.285,10
1581636341,31.808,10
1581636343,0.275,10
1581636344,2.111,10
1581636345,11.949,10
1581636347,4.199,10
1581636348,14.111,10
1581636349,6.571,10
1581636350,14.662,10
1581636351,22.48,10
1581636352,17.032,10
1581636354,19.967,10
1581636355,22.671,10
1581636358,1.397,10
1581636359,11.262,10
1581636361,1.112,10
1581636362,1.237,10
1581636363,4.471,10
1581636364,7.265,10
1581636365,1.079,10
1581636366,0.422,10
1581636367,5.226,10
1581636369,2.418,10
1581636371,0.022,10
1581636372,0.0115,10
1581636373,5.115,10
1581636374,5.024,10
1581636376,0.309,10
1581636377,3.129,10
1581636378,3.227,10
1581636379,2.937,10
1581636380,2.668,10
1581636381,2.241,10
1581636383,2.168,10
1581636385,2.265,10
1581636386,1.1905,10
1581636387,3.29,10
1581636388,4.424,10
1581636390,2.388,10
1581636391,3.259,10
1581636392,3.635,10
1581636393,2.3,10
1581636394,2.656,10
1581636395,1.853,10
1581636396,1.062,10
1581636399,1.943,10
1581636400,1.1295,10
1581636401,1.318,10
1581636402,1.698,10
1581636403,1.938,10
1581636404,1.294,10
1581636405,2.536,10
1581636406,3.18,10
1581636407,3.554,10
1581636409,2.358,10
1581636410,2.491,10
1581636411,2.513,10
1581636412,3.201,10
1581636413,2.263,10
1581636414,2.113,10
1581636415,2.1795,10
1581636416,1.866,10
1581636417,1.635,10
1581636419,2.399,10
1581636420,2.668,10
1581636421,2.865,10
1581636422,2.169,10
1581636423,1.118,10
1581636424,3.195,10
1581636426,4.466,10
1581636428,1.252,10
1581636429,1.7,10
1581636430,4.97,10
1581636431,2.498,10
1581636432,2.904,10
1581636434,2.477,10
1581636435,3.436,10
1581636436,1.485,10
1581636437,1.698,10
1581636438,1.406,10
1581636439,0.692,10
1581636440,1.619,10
1581636441,1.619,10
1581636442,1.454,10
1581636443,0.278,10
1581636444,0.928,10
1581636445,1.621,10
1581636446,1.966,10
1581636447,1.364,10
1581636449,1.239,10
1581636450,1.207,10
1581636451,1.297,10
1581636452,1.073,10
1581636453,0.771,10
1581636455,0.927,10
1581636456,0.927,10
1581636457,0.07,10
1581636458,3.119,10
1581636459,7.156,10
1581636460,8.279,10
1581636461,9.115,10
1581636462,8.256,10
1581636463,5.823,10
1581636464,9.819,10
1581636465,7.277,10
1581636466,3.771,10
1581636467,4.381,10
1581636468,3.202,10
1581636469,2.531,10
1581636470,2.531,10
1581636471,0.899,10
1581636472,2.448,10
1581636473,6.263,10
1581636474,9.502,10
1581636475,10.289,10
1581636476,10.4,10
1581636477,9.807,10
1581636478,5.253,10
1581636480,6.425,10
1581636481,8.83,10
1581636483,7.688,10
1581636484,4.03,10
1581636485,10.677,10
1581636487,10.927,10
1581636488,12.072,10
1581636489,10.151,10
1581636490,8.75,10
1581636491,11.623,10
1581636493,9.657,10
1581636494,8.793,10
1581636495,8.044,10
1581636496,13.093,10
1581636497,2.754,10
1581636498,2.004,10
1581636500,7.235,10
1581636501,9.031,10
1581636502,6.332,10
1581636503,5.649,10
1581636504,6.674,10
1581636505,9.513,10
1581636507,10.029,10
1581636508,9.894,10
1581636509,11.393,10
1581636510,11.462,10
1581636511,0.003,10
1581636512,0.003,10
1581636513,2.888,10
1581636514,6.606,10
1581636515,11.866,10
1581636516,10.051,10
1581636517,7.837,10
1581636518,8.725,10
1581636520,7.674,10
1581636521,11.412,10
1581636522,9.266,10
1581636523,10.273,10
1581636524,10.054,10
1581636526,1.609,10
1581636527,6.555,10
1581636528,7.302,10
1581636529,7.353,10
1581636530,5.327,10
1581636531,6.034,10
1581636533,5.324,10
1581636534,3.485,10
1581636535,3.222,10
1581636536,4.595,10
1581636537,7.528,10
1581636539,8.051,10
1581636540,2.386,10
1581636541,6.503,10
1581636542,9.238,10
1581636543,8.406,10
1581636544,9.94,10
1581636546,7.69,10
1581636547,5.06,10
1581636548,3.71,10
1581636549,5.036,10
1581636550,3.78,10
1581636552,3.218,10
1581636553,5.281,10
1581636554,3.592,10
1581636555,7.299,10
1581636556,6.613,10
1581636557,5.965,10
1581636559,5.542,10
1581636560,5.337,10
1581636561,6.141,10
1581636562,8.999,10
1581636563,8.979,10
1581636566,5.295,10
1581636567,3.473,10
1581636568,5.026,10
1581636569,6.989,10
1581636570,3.724,10
1581636572,4.235,10
1581636573,3.624,10
1581636574,3.571,10
1581636575,5.497,10
1581636576,5.448,10
1581636578,7.356,10
1581636580,6.615,10
1581636581,0.002,10
1581636582,6.066,10
1581636583,9.139,10
1581636585,3.617,10
1581636586,6.206,10
1581636587,3.964,10
1581636588,3.919,10
1581636589,6.625,10
1581636591,8.801,10
1581636592,11.046,10
1581636594,7.651,10
1581636595,4.023,10
1581636596,9.365,10
1581636598,5.914,10
1581636599,7.24,10
1581636600,10.465,10
1581636601,4.955,10
1581636602,0.436,10
1581636604,0.659,10
1581636605,0.815,10
1581636606,0.615,10
1581636607,0.234,10
1581636608,0.111,10
1581636609,3.302,10
1581636610,3.302,10
1581636611,3.112,10
1581636612,7.007,10
1581636613,10.724,10
1581636614,11.697,10
1581636615,10.715,10
1581636616,10.733,10
1581636618,9.278,10
1581636619,8.503,10
1581636620,9.385,10
1581636621,9.654,10
1581636622,9.377,10
1581636624,0.001,10
1581636625,4.085,10
1581636626,8.355,10
1581636627,6.577,10
1581636628,7.341,10
1581636629,5.789,10
1581636631,5.652,10
1581636632,5.433,10
1581636633,6.074,10
1581636634,5.431,10
1581636635,5.192,10
1581636636,2.362,10
1581636638,0.002,10
1581636639,5.737,10
1581636640,7.055,10
1581636641,7.943,10
1581636642,7.728,10
1581636643,5.038,10
1581636645,4.626,10
1581636646,6.173,10
1581636647,6.679,10
1581636648,3.786,10
1581636649,7.027,10
1581636651,5.424,10
1581636652,0.249,10
1581636653,7.831,10
1581636654,7.665,10
1581636655,3.893,10
1581636656,4.894,10
1581636658,7.751,10
1581636659,7.357,10
1581636660,7.241,10
1581636661,7.158,10
1581636662,11.918,10
1581636665,2.475,10
1581636666,0.261,10
1581636667,4.759,10
1581636668,4.686,10
1581636669,3.847,10
1581636670,2.946,10
1581636672,1.572,10
1581636673,1.475,10
1581636674,2.144,10
1581636675,2.667,10
1581636676,3.49,10
1581636678,3.047,10
1581636680,1.495,10
1581636681,3.648,10
1581636682,3.222,10
1581636683,1.16,10
1581636685,3.546,10
1581636686,2.633,10
1581636687,2.729,10
1581636688,1.306,10
1581636689,2.834,10
1581636692,1.836,10
1581636693,0.113,10
1581636694,1.811,10
1581636695,1.216,10
1581636696,3.316,10
1581636697,1.262,10
1581636698,1.239,10
1581636700,2.698,10
1581636701,0.971,10
1581636702,1.949,10
1581636703,1.685,10
1581636704,3.6,10
1581636705,3.879,10
1581636707,0.503,10
1581636708,0.75,10
1581636709,2.055,10
1581636710,2.446,10
1581636711,2.873,10
1581636712,2.422,10
1581636713,2.744,10
1581636714,1.303,10
1581636715,3.167,10
1581636716,2.317,10
1581636718,1.821,10
1581636720,0.257,10
1581636721,0.357,10
1581636722,0.258,10
1581636723,0.111,10
1581636725,0.156,10
1581636726,0.15,10
1581636727,0.223,10
1581636728,0.089,10
1581636729,0.111,10
1581636730,0.201,10
1581636732,0.223,10
1581636733,0.257,10
1581636735,0.413,10
1581636736,0.201,10
1581636738,0.156,10
1581636739,0.105,10
1581636740,0.089,10
1581636741,0.055,10
1581636742,0.1,10
1581636744,0.078,10
1581636745,0.167,10
1581636746,0.204,10
1581636747,0.241,10
1581636750,0.156,10
1581636751,0.435,10
1581636752,0.537,10
1581636753,0.615,10
1581636754,0.447,10
1581636755,0.313,10
1581636757,0.369,10
1581636758,0.469,10
1581636759,0.301,10
1581636760,0.29,10
1581636761,0.301,10
1581636762,0.413,10
1581636764,0.67,10
1581636765,0.716,10
1581636766,3.986,10
1581636767,2.022,10
1581636768,3.283,10
1581636770,4.276,10
1581636771,4.814,10
1581636772,2.984,10
1581636773,2.84,10
1581636774,5.826,10
1581636776,5.386,10
1581636777,2.883,10
1581636778,0.703,10
1581636779,0.997,10
1581636780,3.271,10
1581636781,2.09,10
1581636782,1.9,10
1581636784,1.676,10
1581636785,1.363,10
1581636786,1.342,10
1581636787,0.782,10
1581636788,0.011,10
1581636790,2.286,10
1581636791,2.585,10
1581636793,8.719,10
1581636794,7.332,10
1581636795,4.9605,10
1581636797,10.2,10
1581636798,3.569,10
1581636799,7.096,10
1581636800,4.901,10
1581636801,4.467,10
1581636802,6.526,10
1581636805,1.629,10
1581636806,0.002,10
1581636807,0.313,10
1581636808,2.653,10
1581636810,4.794,10
1581636811,4.129,10
1581636812,2.335,10
1581636813,10.032,10
1581636814,6.431,10
1581636815,3.547,10
1581636817,11.466,10
1581636818,18.281,10
1581636819,13.476,10
1581636820,4.492666666666667,10
1581636821,18.474,10
1581636822,22.338,10
1581636824,22.347,10
1581636825,23.612,10
1581636826,23.304,10
1581636827,23.698,10
1581636828,49.707,10
1581636830,169.928,10
1581636831,160.686,10
1581636833,81.458,10
1581636834,0.003,10
1581636835,22.373,10
1581636837,12.009,10
1581636838,19.756,10
1581636839,22.608,10
1581636840,21.921,10
1581636841,21.9585,10
1581636843,22.12,10
1581636844,20.406,10
1581636845,22.341,10
1581636847,0.83,10
1581636848,2.237,10
1581636850,18.459,10
1581636851,20.492,10
1581636852,21.083,10
1581636853,21.244,10
1581636854,21.679,10
1581636856,25.72,10
1581636857,111.976,10
1581636858,118.418,10
1581636859,128.144,10
1581636860,114.76,10
1581636862,5.985,10
1581636864,27.582,10
1581636865,77.775,10
1581636866,185.308,10
1581636867,259.679,10
1581636868,265.269,10
1581636869,232.883,10
1581636870,285.648,10
1581636872,242.691,10
1581636873,249.421,10
1581636875,47.026,10
1581636876,24.4315,10
1581636877,56.637,10
1581636878,31.245,10
1581636879,2.767,10
1581636881,15.091,10
1581636882,2.043,10
1581636883,4.245,10
1581636884,18.604,10
1581636886,26.386,10
1581636887,35.54,10
1581636888,40.631,10
1581636890,3.76,10
1581636891,45.0,10
1581636893,76.339,10
1581636894,206.716,10
1581636895,335.777,10
1581636896,295.681,10
1581636897,1.998,10
1581636898,38.605,10
1581636900,100.233,10
1581636901,69.619,10
1581636902,116.392,10
1581636903,15.514,10
1581636904,34.289,10
1581636905,100.666,10
1581636907,112.967,10
1581636908,131.348,10
1581636909,129.752,10
1581636910,100.628,10
1581636911,114.393,10
1581636912,135.879,10
1581636914,108.155,10
1581636916,70.746,10
1581636917,0.002,10
1581636918,22.067,10
1581636919,116.031,10
1581636921,105.623,10
1581636922,115.003,10
1581636923,110.832,10
1581636924,136.737,10
1581636925,126.292,10
1581636927,133.265,10
1581636928,143.305,10
1581636930,62.098,10
1581636931,0.002,10
1581636932,115.844,10
1581636934,145.495,10
1581636935,130.691,10
1581636936,123.615,10
1581636937,133.518,10
1581636938,157.697,10
1581636940,122.899,10
1581636941,118.083,10
1581636942,128.921,10
1581636944,11.256,10
1581636945,11.256,10
1581636946,12.793,10
1581636947,108.852,10
1581636948,105.816,10
1581636949,109.953,10
1581636950,132.158,10
1581636951,127.196,10
1581636953,111.455,10
1581636954,108.443,10
1581636955,137.738,10
1581636956,143.488,10
1581636957,102.459,10
1581636959,14.407,10
1581636960,67.075,10
1581636961,108.444,10
1581636962,120.042,10
1581636963,111.026,10
1581636964,125.961,10
1581636966,120.653,10
1581636967,103.026,10
1581636968,114.211,10
1581636969,101.017,10
1581636970,115.931,10
1581636972,103.227,10
1581636973,0.002,10
1581636974,19.116,10
1581636975,22.996,10
1581636976,23.599,10
1581636978,21.23,10
1581636979,21.292,10
1581636980,23.849,10
1581636981,22.563,10
1581636982,21.889,10
1581636983,24.011,10
1581636986,52.297,10
1581636987,27.2545,10
1581636988,109.337,10
1581636989,112.295,10
1581636990,125.542,10
1581636992,112.88,10
1581636993,108.014,10
1581636994,99.487,10
1581636995,112.291,10
1581636996,120.514,10
1581636998,102.283,10
1581636999,108.771,10
1581637001,2.785,10
1581637002,19.965,10
1581637004,0.078,10
1581637005,0.659,10
1581637006,0.895,10
1581637007,0.1,10
1581637008,2.394,10
1581637010,6.162,10
1581637011,0.022,10
1581637013,1.809,10
1581637014,0.001,10
1581637015,3.959,10
1581637017,14.296,10
1581637018,13.829,10
1581637019,13.608,10
1581637020,11.371,10
1581637021,9.184,10
1581637023,5.681,10
1581637024,9.786,10
1581637025,13.578,10
1581637027,5.726,10
1581637028,0.002,10
1581637030,7.25,10
1581637031,8.236,10
1581637032,4.951,10
1581637033,7.057,10
1581637034,8.019,10
1581637036,3.831,10
1581637037,0.917,10
1581637039,36.419,10
1581637041,29.207,10
1581637042,29.207,10
1581637043,4.235,10
1581637044,22.082,10
1581637045,20.404,10
1581637046,22.188,10
1581637047,22.978,10
1581637049,23.127,10
1581637050,106.515,10
1581637051,117.753,10
1581637052,111.316,10
1581637053,119.412,10
1581637054,96.013,10
1581637056,0.001,10
1581637057,7.71,10
1581637058,25.686,10
1581637059,26.555,10
1581637060,25.7575,10
1581637061,26.258,10
1581637063,22.18,10
1581637064,22.353,10
1581637065,21.867,10
1581637066,21.567,10
1581637067,19.989,10
1581637069,16.504,10
1581637070,0.001,10
1581637071,19.633,10
1581637072,26.586,10
1581637073,26.898,10
1581637074,27.994,10
1581637076,30.238,10
1581637077,44.143,10
1581637078,26.936,10
1581637079,28.072,10
1581637080,29.052,10
1581637083,9.673,10
1581637084,4.838,10
1581637085,25.639,10
1581637086,25.708,10
1581637087,28.557,10
1581637089,28.192,10
1581637090,28.46,10
1581637091,27.866,10
1581637092,26.422,10
1581637093,28.135,10
1581637095,26.933,10
1581637097,1.894,10
1581637098,4.013,10
1581637099,27.489,10
1581637100,27.01,10
1581637102,26.869,10
1581637103,27.749,10
1581637104,28.644,10
1581637105,86.462,10
1581637106,98.954,10
1581637108,97.855,10
1581637109,101.659,10
1581637110,102.239,10
1581637111,10.192,10
1581637112,7.656,10
1581637113,23.879,10
1581637115,22.929,10
1581637116,95.339,10
1581637117,110.509,10
1581637118,92.197,10
1581637119,113.116,10
1581637120,111.905,10
1581637122,106.231,10
1581637123,114.885,10
1581637124,102.913,10
1581637125,0.001,10
1581637126,12.93,10
1581637127,18.579,10
1581637129,20.192,10
1581637130,19.005,10
1581637131,19.855,10
1581637132,19.017,10
1581637133,20.013,10
1581637135,19.647,10
1581637136,18.899,10
1581637137,63.42,10
1581637138,42.105,10
1581637139,0.002,10
1581637140,17.424,10
1581637142,20.651,10
1581637143,19.992,10
1581637144,18.286,10
1581637145,19.477,10
1581637146,19.146,10
1581637148,20.042,10
1581637149,18.426,10
1581637150,19.687,10
1581637152,1.279,10
1581637153,1.279,10
1581637154,4.954,10
1581637155,26.042,10
1581637156,24.697,10
1581637157,83.651,10
1581637158,87.991,10
1581637159,100.233,10
1581637161,99.708,10
1581637162,98.956,10
1581637163,110.623,10
1581637164,129.198,10
1581637165,110.849,10
1581637166,0.001,10
1581637167,0.001,10
1581637168,7.491,10
1581637169,21.264,10
1581637170,20.502,10
1581637171,20.64,10
1581637173,64.129,10
1581637174,115.845,10
1581637175,117.539,10
1581637176,107.05,10
1581637177,96.699,10
1581637178,104.189,10
1581637180,100.993,10
1581637181,2.136,10
1581637182,22.165,10
1581637183,22.745,10
1581637184,23.098,10
1581637186,24.323,10
1581637187,22.444,10
1581637188,22.156,10
1581637189,109.742,10
1581637190,118.945,10
1581637192,121.019,10
1581637194,8.653,10
1581637195,5.469,10
1581637196,17.955,10
1581637198,17.745,10
1581637199,18.939,10
1581637200,18.463,10
1581637201,60.281,10
1581637202,72.73,10
1581637203,70.858,10
1581637205,79.808,10
1581637206,76.765,10
1581637207,69.561,10
1581637209,11.222,10
1581637211,16.794,10
1581637212,18.812,10
1581637213,17.941,10
1581637214,17.916,10
1581637215,16.732,10
1581637216,29.317,10
1581637217,29.317,10
1581637218,34.705,10
1581637219,1.994,10
1581637221,4.935,10
1581637222,1.539,10
1581637223,0.004,10
1581637224,3.512,10
1581637225,4.222,10
1581637226,3.02,10
1581637228,0.57,10
1581637229,0.894,10
1581637230,0.715,10
1581637231,0.939,10
1581637232,0.816,10
1581637233,0.648,10
1581637234,0.872,10
1581637236,0.424,10
1581637237,0.183,10
1581637239,4.105,10
1581637240,1.307,10
1581637241,7.47,10
1581637242,9.289,10
1581637244,5.181,10
1581637245,7.564,10
1581637246,1.656,10
1581637247,1.084,10
1581637249,2.428,10
1581637250,2.428,10
1581637251,0.003,10
1581637252,7.85,10
1581637253,19.937,10
1581637254,16.8175,10
1581637255,8.032,10
1581637256,7.091,10
1581637257,6.925,10
1581637258,11.564,10
1581637260,13.066,10
1581637261,11.472,10
1581637262,11.472,10
1581637263,3.663,10
1581637264,1.554,10
1581637265,3.027,10
1581637267,2.84,10
1581637268,1.822,10
1581637269,2.39,10
1581637270,1.748,10
1581637271,0.648,10
1581637273,0.065,10
1581637274,9.37,10
1581637275,69.741,10
1581637277,139.685,10
1581637279,0.0565,10
1581637281,15.395,10
1581637282,23.52,10
1581637283,25.483,10
1581637284,23.787,10
1581637285,22.872,10
1581637286,23.985,10
1581637288,24.187,10
1581637289,24.34,10
1581637290,24.012,10
1581637293,4.6525,10
1581637294,22.899,10
1581637296,22.496,10
1581637297,23.148,10
1581637298,23.786,10
1581637299,23.585,10
1581637300,64.617,10
1581637301,136.781,10
1581637303,118.817,10
1581637304,117.942,10
1581637305,127.317,10
1581637306,66.1005,10
1581637307,6.77,10
1581637308,140.242,10
1581637310,341.44,10
1581637311,357.409,10
1581637312,251.371,10
1581637313,226.3405,10
1581637314,368.617,10
1581637315,417.213,10
1581637316,346.585,10
1581637317,334.941,10
1581637318,311.594,10
1581637320,95.005,10
1581637321,0.113,10
1581637322,39.054,10
1581637323,107.444,10
1581637324,119.158,10
1581637325,123.726,10
1581637327,126.639,10
1581637328,122.065,10
1581637329,121.889,10
1581637330,126.384,10
1581637331,124.115,10
1581637332,127.912,10
1581637334,7.395,10
1581637335,1.69,10
1581637336,23.09,10
1581637337,20.766,10
1581637338,21.932,10
1581637340,21.503,10
1581637341,19.914,10
1581637342,21.771,10
1581637343,28.246,10
1581637344,154.911,10
1581637345,291.043,10
1581637348,10.196,10
1581637349,4.597,10
1581637350,17.878,10
1581637351,18.972,10
1581637352,20.583,10
1581637354,18.983,10
1581637355,19.887,10
1581637356,20.791,10
1581637357,19.712,10
1581637358,19.823,10
1581637359,20.245,10
1581637361,17.522,10
1581637362,0.001,10
1581637363,14.17,10
1581637364,30.375,10
1581637365,32.296,10
1581637367,30.135,10
1581637368,31.265,10
1581637369,28.953,10
1581637370,28.626,10
1581637371,30.346,10
1581637372,27.641,10
1581637375,16.837,10
1581637376,0.002,10
1581637377,26.343,10
1581637378,27.615,10
1581637380,65.192,10
1581637381,151.75,10
1581637382,156.306,10
1581637383,154.664,10
1581637384,149.721,10
1581637385,159.542,10
1581637387,160.59,10
1581637389,34.455,10
1581637390,0.002,10
1581637391,28.245,10
1581637392,38.485,10
1581637394,290.352,10
1581637395,386.209,10
1581637396,397.391,10
1581637397,343.359,10
1581637398,261.243,10
1581637399,297.321,10
1581637400,295.387,10
1581637401,272.07,10
1581637402,261.244,10
1581637403,261.244,10
1581637404,0.002,10
1581637405,16.27,10
1581637406,22.041,10
1581637407,121.513,10
1581637408,51.969,10
1581637410,103.296,10
1581637411,144.48,10
1581637412,143.9865,10
1581637413,144.993,10
1581637414,157.485,10
1581637415,146.736,10
1581637417,95.573,10
1581637418,47.788,10
1581637419,19.403,10
1581637420,20.33,10
1581637421,17.98,10
1581637422,19.32,10
1581637424,21.831,10
1581637425,21.04,10
1581637426,20.458,10
1581637427,21.852,10
1581637428,70.294,10
1581637429,138.912,10
1581637431,29.135,10
1581637432,3.891,10
1581637433,84.874,10
1581637434,155.073,10
1581637435,187.589,10
1581637436,190.603,10
1581637438,161.296,10
1581637439,159.256,10
1581637440,147.85,10
1581637441,37.857,10
1581637442,22.701,10
1581637444,20.848,10
1581637445,2.816,10
1581637446,0.204,10
1581637447,4.818,10
1581637448,5.953,10
1581637449,9.574,10
1581637450,7.081,10
1581637451,7.551,10
1581637453,3.745,10
1581637454,0.391,10
1581637455,1.156,10
1581637456,18.819,10
1581637457,18.819,10
1581637458,14.5425,10
1581637460,0.002,10
1581637461,12.107,10
1581637462,13.19,10
1581637463,13.8265,10
1581637464,13.92,10
1581637466,2.489,10
1581637467,3.563,10
1581637468,2.594,10
1581637469,2.821,10
1581637470,2.704,10
1581637471,4.647,10
1581637473,1.183,10
1581637474,0.593,10
1581637475,0.658,10
1581637476,4.256,10
1581637477,6.465,10
1581637479,2.506,10
1581637480,2.694,10
1581637481,2.0665,10
1581637482,1.383,10
1581637483,2.168,10
1581637484,4.51,10
1581637487,0.391,10
1581637488,0.197,10
1581637489,7.1,10
1581637490,5.13,10
1581637492,10.154,10
1581637493,12.591,10
1581637494,9.86,10
1581637495,9.21,10
1581637496,5.576,10
1581637497,4.477,10
1581637499,4.86,10
1581637501,3.7685,10
1581637502,0.7235,10
1581637503,5.0,10
1581637504,7.842,10
1581637506,11.999,10
1581637507,12.693,10
1581637508,13.423,10
1581637509,9.392,10
1581637510,2.868,10
1581637512,1.414,10
1581637513,1.765,10
1581637514,4.956,10
1581637515,0.067,10
1581637516,2.509,10
1581637517,8.454,10
1581637519,6.428,10
1581637520,10.302,10
1581637521,7.399,10
1581637522,4.903,10
1581637523,1.117,10
1581637524,0.748,10
1581637526,2.277,10
1581637528,1.9865,10
1581637529,0.002,10
1581637530,1.967,10
1581637531,1.775,10
1581637533,0.827,10
1581637534,0.704,10
1581637535,1.163,10
1581637536,1.1125,10
1581637537,2.356,10
1581637539,2.313,10
1581637540,4.208,10
1581637542,1.983,10
1581637543,0.002,10
1581637545,0.112,10
1581637546,1.398,10
1581637547,1.162,10
1581637548,1.565,10
1581637549,0.973,10
1581637550,0.961,10
1581637552,1.073,10
1581637553,2.727,10
1581637554,3.707,10
1581637555,3.707,10
1581637556,1.129,10
1581637557,0.566,10
1581637559,3.796,10
1581637560,2.781,10
1581637561,1.419,10
1581637562,1.9,10
1581637563,1.685,10
1581637565,2.378,10
1581637566,3.289,10
1581637567,2.18,10
1581637568,2.814,10
1581637570,0.376,10
1581637571,0.376,10
1581637572,0.048,10
1581637573,6.224,10
1581637574,3.855,10
1581637575,3.595,10
1581637576,2.608,10
1581637578,1.263,10
1581637579,1.719,10
1581637580,1.04,10
1581637581,1.284,10
1581637582,1.017,10
1581637585,0.099,10
1581637586,0.26,10
1581637587,0.592,10
1581637588,0.8715,10
1581637589,3.664,10
1581637591,2.873,10
1581637592,0.626,10
1581637593,1.151,10
1581637594,1.653,10
1581637595,2.864,10
1581637596,4.0115,10
1581637598,2.716,10
1581637600,2.101,10
1581637601,1.552,10
1581637602,2.035,10
1581637603,2.8815,10
1581637605,3.793,10
1581637606,5.29,10
1581637607,4.767,10
1581637608,2.868,10
1581637609,4.415,10
1581637610,5.2555,10
1581637612,6.129,10
1581637613,0.002,10
1581637614,3.27,10
1581637615,7.759,10
1581637616,27.421,10
1581637617,16.0235,10
1581637619,2.794,10
1581637620,3.186,10
1581637621,2.022,10
1581637622,1.498,10
1581637623,1.37,10
1581637626,0.111,10
1581637627,0.001,10
1581637628,2.435,10
1581637629,2.202,10
1581637630,2.068,10
1581637632,2.761,10
1581637633,1.997,10
1581637634,4.887,10
1581637635,1.822,10
1581637636,1.431,10
1581637637,1.431,10
1581637638,1.375,10
1581637640,0.268,10
1581637641,0.002,10
1581637643,3.194,10
1581637644,3.194,10
1581637645,3.421,10
1581637646,5.766,10
1581637647,8.862,10
1581637648,0.581,10
1581637649,4.518,10
1581637651,3.333,10
1581637652,7.694,10
1581637654,0.223,10
1581637655,0.002,10
1581637657,3.63,10
1581637658,2.689,10
1581637659,1.495,10
1581637660,2.861,10
1581637661,3.138,10
1581637662,1.841,10
1581637664,1.565,10
1581637665,1.408,10
1581637666,1.599,10
1581637667,1.7715,10
1581637668,0.369,10
1581637669,0.369,10
1581637670,0.003,10
1581637671,1.9,10
1581637672,0.201,10
1581637673,1.407,10
1581637674,3.464,10
1581637675,3.5585,10
1581637677,2.892,10
1581637678,3.945,10
1581637679,3.978,10
1581637680,3.028,10
1581637682,0.759,10
1581637683,0.759,10
1581637684,0.35,10
1581637685,5.093,10
1581637686,3.798,10
1581637687,3.062,10
1581637688,1.699,10
1581637689,3.293,10
1581637690,3.207,10
1581637692,1.875,10
1581637693,1.598,10
1581637694,2.256,10
1581637696,0.832,10
1581637697,0.418,10
1581637698,3.756,10
1581637700,2.898,10
1581637701,7.633,10
1581637702,2.855,10
1581637703,2.636,10
1581637704,1.564,10
1581637705,1.551,10
1581637707,1.833,10
1581637708,2.694,10
1581637710,0.357,10
1581637711,0.1795,10
1581637712,2.849,10
1581637713,5.632,10
1581637715,5.103,10
1581637716,0.567,10
1581637717,9.693,10
1581637718,7.819,10
1581637719,7.567,10
1581637720,9.157,10
1581637722,7.995,10
1581637724,3.75,10
1581637725,0.002,10
1581637726,2.3625,10
1581637727,10.293,10
1581637728,11.403,10
1581637730,11.081,10
1581637731,9.369,10
1581637732,27.532,10
1581637733,41.251,10
1581637734,33.943,10
1581637735,26.459,10
1581637736,6.028,10
1581637738,4.019,10
1581637739,0.005,10
1581637740,11.41,10
1581637741,9.8755,10
1581637742,4.915,10
1581637743,0.915,10
1581637744,44.727,10
1581637746,52.548,10
1581637747,52.405,10
1581637748,57.673,10
1581637749,58.9985,10
1581637750,61.417,10
1581637752,31.988,10
1581637753,0.002,10
1581637754,25.769,10
1581637755,125.671,10
1581637756,154.425,10
1581637757,154.884,10
1581637758,160.863,10
1581637760,159.776,10
1581637761,157.42,10
1581637762,139.468,10
1581637763,148.262,10
1581637764,150.126,10
1581637765,77.017,10
1581637766,38.5095,10
1581637767,0.002,10
1581637768,23.504,10
1581637769,30.951,10
1581637770,36.354,10
1581637771,45.601,10
1581637772,53.792,10
1581637774,57.039,10
1581637775,64.132,10
1581637776,65.1035,10
1581637777,11.323,10
1581637778,12.745,10
1581637780,3.047,10
1581637781,3.39,10
1581637782,158.269,10
1581637783,129.056,10
1581637784,136.6205,10
1581637785,129.113,10
1581637787,132.854,10
1581637788,139.358,10
1581637789,137.667,10
1581637790,142.583,10
1581637791,131.555,10
1581637793,132.838,10
1581637794,15.865,10
1581637795,9.843,10
1581637796,137.878,10
1581637797,157.951,10
1581637798,155.835,10
1581637799,157.876,10
1581637800,160.557,10
1581637802,151.356,10
1581637803,160.681,10
1581637804,156.403,10
1581637805,164.363,10
1581637807,9.862,10
1581637808,5.7525,10
1581637810,51.349,10
1581637811,146.887,10
1581637812,160.071,10
1581637813,159.686,10
1581637814,133.577,10
1581637815,147.547,10
1581637817,124.817,10
1581637818,121.569,10
1581637819,126.321,10
1581637821,27.516,10
1581637822,14.651,10
1581637824,36.245,10
1581637825,122.191,10
1581637826,159.134,10
1581637827,153.162,10
1581637828,120.869,10
1581637829,149.351,10
1581637831,166.327,10
1581637832,156.296,10
1581637835,24.435,10
1581637836,0.002,10
1581637837,11.276,10
1581637839,32.965,10
1581637840,121.37,10
1581637841,133.3215,10
1581637842,122.665,10
1581637843,75.573,10
1581637844,0.011,10
1581637846,0.865,10
1581637849,0.133,10
1581637850,0.0675,10
1581637851,1.731,10
1581637853,4.143,10
1581637854,15.204,10
1581637855,12.309,10
1581637856,9.5635,10
1581637857,6.936,10
1581637858,8.202,10
1581637860,8.401,10
1581637861,9.527,10
1581637863,1.302,10
1581637864,0.978,10
1581637865,4.073,10
1581637867,8.668,10
1581637868,8.736,10
1581637869,9.406,10
1581637870,8.199,10
1581637871,5.104,10
1581637873,7.152,10
1581637874,10.395,10
1581637875,4.908,10
1581637876,9.164,10
1581637879,3.249,10
1581637880,8.07,10
1581637881,7.967,10
1581637882,7.004,10
1581637883,6.31,10
1581637884,12.986,10
1581637886,4.602,10
1581637887,4.105,10
1581637888,5.368,10
1581637889,10.298,10
1581637890,6.185,10
1581637891,0.002,10
1581637892,0.002,10
1581637893,9.622,10
1581637894,12.294,10
1581637895,7.215,10
1581637896,8.403,10
1581637897,5.313,10
1581637899,4.623,10
1581637900,2.15,10
1581637901,4.529,10
1581637902,5.448,10
1581637903,4.855,10
1581637904,4.855,10
1581637905,2.087,10
1581637906,1.0445,10
1581637907,11.358,10
1581637908,11.345,10
1581637909,5.467,10
1581637910,7.4,10
1581637912,6.338,10
1581637913,9.102,10
1581637914,14.63,10
1581637915,6.576,10
1581637916,4.679,10
1581637919,0.571,10
1581637920,1.1535,10
1581637921,10.919,10
1581637922,8.532,10
1581637924,10.171,10
1581637925,9.259,10
1581637926,8.023,10
1581637927,5.535,10
1581637928,4.487,10
1581637929,5.484,10
1581637931,6.974,10
1581637932,4.882,10
1581637933,0.317,10
1581637934,6.707,10
1581637935,8.19,10
1581637937,4.956,10
1581637938,6.905,10
1581637939,8.948,10
1581637940,8.117,10
1581637941,6.375,10
1581637943,5.811,10
1581637944,6.083,10
1581637946,6.7275,10
1581637947,0.241,10
1581637948,8.902,10
1581637950,6.067,10
1581637951,4.395,10
1581637952,4.745,10
1581637953,4.621,10
1581637954,8.806,10
1581637955,6.244,10
1581637957,4.497,10
1581637958,10.548,10
1581637960,0.442,10
1581637961,0.6075,10
1581637963,6.008,10
1581637964,7.251,10
1581637965,7.371,10
1581637966,8.262,10
1581637967,8.497,10
1581637968,9.281,10
1581637970,10.037,10
1581637971,14.822,10
1581637972,8.829,10
1581637973,14.293,10
1581637976,0.646,10
1581637977,6.592,10
1581637978,8.036,10
1581637979,7.628,10
1581637980,9.698,10
1581637982,9.259,10
1581637983,9.461,10
1581637984,8.904,10
1581637985,9.279,10
1581637986,12.427,10
1581637987,6.633,10
1581637989,0.253,10
1581637990,9.391,10
1581637991,11.137,10
1581637992,9.8,10
1581637993,14.148,10
1581637995,17.596,10
1581637996,16.582,10
1581637997,11.293,10
1581637998,10.207,10
1581637999,10.3105,10
1581638000,8.036,10
1581638002,6.102,10
1581638003,0.002,10
1581638004,17.468,10
1581638005,22.284,10
1581638006,21.514,10
1581638008,16.312,10
1581638009,12.427,10
1581638010,9.193,10
1581638011,8.935,10
1581638012,12.306,10
1581638014,18.229,10
1581638016,2.535,10
1581638017,2.705,10
1581638018,21.037,10
1581638019,13.954,10
1581638020,13.954,10
1581638021,9.232,10
1581638022,11.331,10
1581638023,12.458,10
1581638024,11.244,10
1581638025,7.017,10
1581638027,6.966,10
1581638028,12.159,10
1581638030,0.001,10
1581638031,2.491,10
1581638032,17.022,10
1581638034,9.274,10
1581638035,6.562,10
1581638036,9.091,10
1581638037,9.087,10
1581638038,10.97,10
1581638040,12.857,10
1581638041,15.82,10
1581638042,15.742,10
1581638043,12.022,10
1581638044,0.001,10
1581638045,7.279,10
1581638047,8.793,10
1581638048,7.993,10
1581638049,11.711,10
1581638050,10.1775,10
1581638051,11.562,10
1581638052,13.383,10
1581638054,5.65,10
1581638055,11.357,10
1581638057,3.714,10
1581638058,0.002,10
1581638059,4.55,10
1581638689,0.668,10
1581638690,0.073,10
1581638691,7.11,10
1581638692,6.102,10
1581638693,6.772,10
1581638694,8.0075,10
1581638695,11.08,10
1581694145,0.001,11
1581694146,4.148,11
1581694147,23.363,11
1581694148,12.045,11
1581694150,13.071,11
1581694151,12.349,11
1581694152,11.899,11
1581694153,15.682,11
1581694154,22.959,11
1581694156,24.8,11
1581694158,12.352,11
1581694159,0.002,11
1581694160,9.149,11
1581694161,10.751,11
1581694163,14.331,11
1581694164,10.75,11
1581694165,11.852,11
1581694166,11.065,11
1581694167,12.617,11
1581694168,12.001,11
1581694170,11.306,11
1581694172,4.727,11
1581694173,0.01,11
1581694174,11.76,11
1581694175,13.822,11
1581694176,26.366,11
1581694178,15.904,11
1581694179,19.831,11
1581694180,24.773,11
1581694181,25.284,11
1581694182,26.875,11
1581694184,25.752,11
1581694186,5.491,11
1581694187,3.2695,11
1581694188,13.307,11
1581694189,17.464,11
1581694191,15.368,11
1581694192,13.723,11
1581694193,16.201,11
1581694194,16.224,11
1581694195,20.323,11
1581694196,28.958,11
1581694198,35.293,11
1581694201,2.362,11
1581694202,13.491,11
1581694204,15.686,11
1581694205,15.45,11
1581694206,13.665,11
1581694207,15.474,11
1581694208,16.991,11
1581694209,17.092,11
1581694210,17.092,11
1581694211,12.071,11
1581694212,13.574,11
1581694213,10.316,11
1581694215,10.561,11
1581694216,16.84,11
1581694218,14.657,11
1581694219,14.834,11
1581694220,12.927,11
1581694221,19.796,11
1581694222,26.189,11
1581694223,28.166,11
1581694225,29.46,11
1581694227,22.1115,11
1581694228,0.002,11
1581694229,3.7075,11
1581694230,15.701,11
1581694232,11.913,11
1581694233,15.927,11
1581694234,15.17,11
1581694235,12.967,11
1581694236,11.314,11
1581694237,19.179,11
1581694239,19.233,11
1581694241,12.263,11
1581694242,0.002,11
1581694243,96.884,11
1581694245,154.118,11
1581694246,155.199,11
1581694247,159.928,11
1581694248,161.443,11
1581694249,156.453,11
1581694250,161.665,11
1581694252,160.379,11
1581694253,141.429,11
1581694255,59.059,11
1581694256,0.002,11
1581694257,142.471,11
1581694259,159.214,11
1581694260,40.333,11
1581694261,42.09,11
1581694262,31.93,11
1581694263,21.801,11
1581694265,24.538,11
1581694266,12.178,11
1581694267,18.594,11
1581694268,20.514,11
1581694269,0.676,11
1581694270,0.676,11
1581694271,9.024,11
1581694272,21.51,11
1581694273,22.542,11
1581694274,13.157,11
1581694275,19.108,11
1581694276,24.689,11
1581694277,24.689,11
1581694278,25.471,11
1581694279,22.531,11
1581694280,23.713,11
1581694281,19.751,11
1581694282,14.756,11
1581694283,0.001,11
1581694284,0.001,11
1581694285,7.888,11
1581694286,19.149,11
1581694287,23.781,11
1581694288,20.056,11
1581694289,21.433,11
1581694290,23.201,11
1581694292,0.123,11
1581694293,6.146,11
1581694294,6.87,11
1581694295,6.279,11
1581694296,12.775,11
1581694297,0.001,11
1581694298,0.001,11
1581694299,17.398,11
1581694300,17.951,11
1581694301,17.267,11
1581694302,19.6975,11
1581694303,21.058,11
1581694305,18.237,11
1581694306,20.196,11
1581694307,11.873,11
1581694308,11.341,11
1581694309,10.94,11
1581694310,8.062,11
1581694312,0.002,11
1581694313,16.453,11
1581694314,14.038,11
1581694315,16.893,11
1581694316,18.176,11
1581694317,18.326,11
1581694319,24.052,11
1581694320,31.655,11
1581694321,21.849,11
1581694322,13.043,11
1581694323,11.162,11
1581694325,3.753,11
1581694326,2.489,11
1581694327,14.489,11
1581694328,15.414,11
1581694329,21.594,11
1581694331,21.317,11
1581694332,25.156,11
1581694333,19.499,11
1581694334,17.224,11
1581694335,16.108,11
1581694336,16.274,11
1581694338,18.538,11
1581694340,4.866,11
1581694341,11.02,11
1581694342,12.501,11
1581694343,15.881,11
1581694345,10.498,11
1581694346,17.479,11
1581694348,15.697,11
1581694349,9.416,11
1581694352,14.7,11
1581694353,0.362,11
1581694354,19.222,11
1581694355,30.626,11
1581694357,26.27,11
1581694358,17.793,11
1581694359,17.574,11
1581694360,23.807,11
1581694361,21.842,11
1581694362,26.357,11
1581694364,15.572,11
1581694366,4.902,11
1581694367,0.002,11
1581694368,11.9105,11
1581694369,22.999,11
1581694371,17.911,11
1581694372,15.61,11
1581694373,22.809,11
1581694374,10.286,11
1581694375,18.959,11
1581694377,24.855,11
1581694378,19.031,11
1581694380,0.925,11
1581694381,1.981,11
1581694383,18.024,11
1581694384,18.865,11
1581694385,18.729,11
1581694386,17.209,11
1581694387,13.475,11
1581694388,15.236,11
1581694390,16.251,11
1581694391,23.331,11
1581694392,23.624,11
1581694393,24.503,11
1581694394,0.001,11
1581694395,0.001,11
1581694396,6.735,11
1581694397,12.369,11
1581694398,16.896,11
1581694400,16.297,11
1581694401,17.795,11
1581694403,10.726,11
1581694404,12.216,11
1581694405,15.838,11
1581694406,15.34,11
1581694407,10.664,11
1581694408,0.001,11
1581694409,0.001,11
1581694410,13.662,11
1581694411,16.106,11
1581694412,11.973,11
1581694413,13.8015,11
1581694414,15.975,11
1581694416,13.46,11
1581694417,11.159,11
1581694418,8.912,11
1581694419,15.21,11
1581694420,19.453,11
1581694421,12.6755,11
1581694423,0.002,11
1581694424,16.235,11
1581694425,14.697,11
1581694426,19.243,11
1581694427,10.619,11
1581694428,15.653,11
1581694429,15.653,11
1581694430,16.573,11
1581694431,22.188,11
1581694432,18.665,11
1581694433,9.953,11
1581694434,6.496,11
1581694436,1.153,11
1581694437,1.055,11
1581694438,10.971,11
1581694439,4.392,11
1581694440,10.317,11
1581694441,13.399,11
1581694443,13.825,11
1581694444,16.614,11
1581694445,15.604,11
1581694446,16.185,11
1581694447,16.918,11
1581694449,23.448,11
1581694450,0.001,11
1581694451,4.088,11
1581694452,17.47,11
1581694453,6.62,11
1581694455,8.395,11
1581694456,0.011,11
1581694459,3.44,11
1581694461,13.873,11
1581694463,15.078,11
1581694464,0.001,11
1581694465,0.419,11
1581694466,9.2845,11
1581694468,63.147,11
1581694469,124.142,11
1581694470,157.158,11
1581694471,162.372,11
1581694472,175.004,11
1581694473,172.849,11
1581694475,168.349,11
1581694476,171.152,11
1581694477,158.716,11
1581694478,0.002,11
1581694479,13.442,11
1581694480,40.0565,11
1581694482,136.294,11
1581694483,151.521,11
1581694484,155.274,11
1581694485,157.845,11
1581694486,153.851,11
1581694487,152.784,11
1581694489,151.426,11
1581694491,163.924,11
1581694492,0.002,11
1581694493,13.404,11
1581694494,15.654,11
1581694495,16.634,11
1581694497,18.012,11
1581694498,19.472,11
1581694499,83.677,11
1581694500,171.902,11
1581694501,163.785,11
1581694502,167.9625,11
1581694505,99.46,11
1581694506,0.002,11
1581694507,103.964,11
1581694508,175.781,11
1581694509,173.786,11
1581694510,173.1245,11
1581694512,171.443,11
1581694513,169.584,11
1581694514,162.346,11
1581694515,175.504,11
1581694516,172.888,11
1581694517,168.297,11
1581694518,141.894,11
1581694519,141.894,11
1581694520,0.001,11
1581694521,39.012,11
1581694522,159.809,11
1581694523,169.46,11
1581694524,161.488,11
1581694525,163.647,11
1581694527,165.49,11
1581694528,172.823,11
1581694529,169.522,11
1581694530,170.083,11
1581694531,163.805,11
1581694532,154.005,11
1581694534,0.165,11
1581694535,8.58,11
1581694536,17.616,11
1581694537,18.9105,11
1581694538,21.068,11
1581694540,22.52,11
1581694541,43.767,11
1581694542,148.684,11
1581694543,123.629,11
1581694544,160.824,11
1581694545,152.66,11
1581694547,138.84,11
1581694548,0.003,11
1581694549,19.646,11
1581694550,21.995,11
1581694551,18.391,11
1581694552,20.013,11
1581694554,20.866,11
1581694555,20.055,11
1581694556,39.943,11
1581694557,115.45,11
1581694558,140.734,11
1581694559,115.664,11
1581694561,15.876,11
1581694562,1.019,11
1581694563,14.612,11
1581694564,15.786,11
1581694565,19.407,11
1581694566,18.06,11
1581694568,18.137,11
1581694569,17.367,11
1581694570,16.157,11
1581694572,15.81,11
1581694574,9.946,11
1581694575,0.603,11
1581694576,0.307,11
1581694577,1.102,11
1581694578,6.976,11
1581694579,14.2,11
1581694580,17.773,11
1581694582,14.436,11
1581694583,16.99,11
1581694584,11.371,11
1581694585,10.594,11
1581694586,16.121,11
1581694587,10.98,11
1581694588,8.588,11
1581694590,1.23,11
1581694591,4.814,11
1581694592,5.616,11
1581694593,5.725,11
1581694594,5.889,11
1581694595,3.681,11
1581694596,3.681,11
1581694597,8.499,11
1581694598,6.388,11
1581694599,10.237,11
1581694600,11.924,11
1581694601,12.929,11
1581694602,6.927,11
1581694603,0.002,11
1581694605,6.457,11
1581694606,11.01,11
1581694607,8.478,11
1581694608,3.684,11
1581694609,4.946,11
1581694611,26.486,11
1581694612,54.861,11
1581694613,43.083,11
1581694614,3.731,11
1581694616,6.059,11
1581694617,1.332,11
1581694619,4.72,11
1581694620,6.336,11
1581694621,9.189,11
1581694622,3.488,11
1581694623,8.452,11
1581694624,6.191,11
1581694626,5.042,11
1581694627,5.787,11
1581694628,1.285,11
1581694629,4.802,11
1581694630,1.889,11
1581694631,0.002,11
1581694632,2.65,11
1581694633,5.615,11
1581694635,0.346,11
1581694636,11.387,11
1581694637,5.459,11
1581694638,7.935,11
1581694639,7.8565,11
1581694640,9.124,11
1581694642,6.555,11
1581694644,2.5,11
1581694645,0.001,11
1581694646,3.979,11
1581694647,9.97,11
1581694648,9.827,11
1581694650,7.731,11
1581694651,7.894,11
1581694652,12.663,11
1581694653,4.994,11
1581694654,7.261,11
1581694655,10.313,11
1581694656,14.34,11
1581694658,5.118,11
1581694660,3.603,11
1581694661,17.624,11
1581694662,11.217,11
1581694663,13.492,11
1581694665,7.929,11
1581694666,5.83,11
1581694667,12.728,11
1581694668,16.963,11
1581694669,2.902,11
1581694670,7.923,11
1581694671,6.753,11
1581694672,6.753,11
1581694675,0.002,11
1581694676,6.698,11
1581694677,17.27,11
1581694678,32.132,11
1581694679,32.132,11
1581694680,24.392,11
1581694681,15.484,11
1581694682,21.859,11
1581694683,16.35,11
1581694684,8.843,11
1581694685,13.827,11
1581694686,19.682,11
1581694688,22.971,11
1581694689,0.001,11
1581694690,3.774,11
1581694691,17.341,11
1581694692,15.889,11
1581694693,16.812,11
1581694694,17.843,11
1581694696,17.57,11
1581694697,20.908,11
1581694698,16.754,11
1581694699,10.138,11
1581694700,10.2445,11
1581694701,9.268,11
1581694703,0.586,11
1581694704,4.856,11
1581694705,11.289,11
1581694706,8.04,11
1581694707,10.19,11
1581694708,9.718,11
1581694709,10.928,11
1581694711,11.04,11
1581694712,8.44,11
1581694713,8.063,11
1581694714,10.463,11
1581694715,10.6985,11
1581694717,2.499,11
1581694719,5.07,11
1581694720,5.568,11
1581694721,10.949,11
1581694723,23.511,11
1581694724,30.969,11
1581694726,28.108,11
1581694727,20.994,11
1581694728,13.542,11
1581694730,0.522,11
1581694731,1.5585,11
1581694732,9.224,11
1581694734,6.952,11
1581694735,8.229,11
1581694736,6.045,11
1581694737,6.188,11
1581694738,8.341,11
1581694739,0.246,11
1581694741,0.447,11
1581694742,2.51,11
1581694743,5.396,11
1581694745,3.416,11
1581694746,6.747,11
1581694748,6.41,11
1581694749,7.85,11
1581694750,7.818,11
1581694751,13.12,11
1581694752,14.667,11
1581694753,15.858,11
1581694755,13.041,11
1581694756,12.453,11
1581694757,9.741,11
1581694758,0.002,11
1581694759,3.383,11
1581694760,6.2285,11
1581694761,10.329,11
1581694762,9.011,11
1581694764,9.991,11
1581694765,11.779,11
1581694766,13.347,11
1581694767,17.456,11
1581694768,22.321,11
1581694769,23.335,11
1581694771,25.572,11
1581694773,0.949,11
1581694774,6.317,11
1581694775,8.329,11
1581694776,9.645,11
1581694778,10.701,11
1581694779,11.734,11
1581694780,10.591,11
1581694781,13.237,11
1581694782,15.546,11
1581694783,12.668,11
1581694785,14.423,11
1581694786,0.974,11
1581694787,3.119,11
1581694788,8.724,11
1581694789,10.755,11
1581694790,9.892,11
1581694792,5.342,11
1581694793,6.246,11
1581694794,9.948,11
1581694795,8.013,11
1581694796,10.79,11
1581694797,13.535,11
1581694799,9.935,11
1581694800,0.828,11
1581694801,4.815,11
1581694802,10.277,11
1581694803,8.625,11
1581694804,8.903,11
1581694805,6.828,11
1581694807,8.195,11
1581694808,9.786,11
1581694809,10.618,11
1581694810,39.339,11
1581694811,31.727,11
1581694812,28.345,11
1581694813,0.001,11
1581694814,0.001,11
1581694815,3.411,11
1581694816,12.942,11
1581694817,11.838,11
1581694818,12.063,11
1581694819,12.681,11
1581694820,12.405,11
1581694821,13.478,11
1581694823,12.499,11
1581694824,13.165,11
1581694825,24.504,11
1581694826,44.81,11
1581694828,2.1045,11
1581694829,11.218,11
1581694831,9.778,11
1581694832,8.671,11
1581694833,12.568,11
1581694834,12.729,11
1581694835,14.908,11
1581694837,18.289,11
1581694838,17.483,11
1581694839,12.942,11
1581694840,8.782,11
1581694841,0.463,11
1581694842,1.368,11
1581694843,15.192,11
1581694845,16.573,11
1581694846,12.735,11
1581694847,10.78,11
1581694848,14.116,11
1581694849,18.109,11
1581694850,10.397,11
1581694852,9.875,11
1581694853,14.085,11
1581694854,12.884,11
1581694856,1.753,11
1581694857,31.911,11
1581694859,19.692,11
1581694860,17.171,11
1581694861,15.645,11
1581694862,9.168,11
1581694863,10.049,11
1581694864,14.621,11
1581694866,18.905,11
1581694867,22.585,11
1581694868,21.675,11
1581694870,1.225,11
1581694871,16.941,11
1581694872,20.555,11
1581694874,19.593,11
1581694875,21.518,11
1581694876,26.985,11
1581694877,28.798,11
1581694878,28.854,11
1581694879,30.028,11
1581694881,31.358,11
1581694883,1.25,11
1581694884,2.032,11
1581694885,18.832,11
1581694886,33.056,11
1581694887,25.332,11
1581694889,32.257,11
1581694890,34.427,11
1581694891,32.682,11
1581694892,22.173,11
1581694893,20.005,11
1581694894,17.962,11
1581694896,20.599,11
1581694898,2.394,11
1581694899,11.422,11
1581694900,12.076,11
1581694901,12.126,11
1581694902,12.077,11
1581694904,14.46,11
1581694905,19.168,11
1581694906,20.431,11
1581694907,24.585,11
1581694908,27.697,11
1581694910,5.023,11
1581694911,5.023,11
1581694912,1.38,11
1581694913,4.366,11
1581694914,1.53,11
1581694915,3.618,11
1581694916,5.8,11
1581694917,6.343,11
1581694918,7.462,11
1581694919,7.462,11
1581694920,7.173,11
1581694921,7.737,11
1581694922,4.089,11
1581694924,0.975,11
1581694925,0.833,11
1581694926,0.691,11
1581694927,12.379,11
1581694928,23.396,11
1581694929,27.495,11
1581694930,28.125,11
1581694931,32.609,11
1581694932,24.021,11
1581694933,28.051,11
1581694935,13.441,11
1581694936,11.221,11
1581694938,3.528,11
1581694939,1.9375,11
1581694940,9.556,11
1581694942,11.24,11
1581694943,6.991,11
1581694944,10.605,11
1581694945,11.446,11
1581694946,10.949,11
1581694947,10.258,11
1581694948,17.271,11
1581694950,20.565,11
1581694952,2.486,11
1581694953,1.333,11
1581694954,6.009,11
1581694955,8.835,11
1581694957,12.862,11
1581694958,16.173,11
1581694959,19.676,11
1581694960,21.295,11
1581694961,24.814,11
1581694962,27.57,11
1581694963,29.664,11
1581694964,29.155,11
1581694966,32.672,11
1581694967,0.016,11
1581694968,3.64,11
1581694969,5.76,11
1581694970,6.559,11
1581694971,8.262,11
1581694972,10.193,11
1581694973,9.266,11
1581694974,8.91,11
1581694975,10.312,11
1581694977,10.276,11
1581694978,13.779,11
1581694979,16.083,11
1581694980,0.702,11
1581694981,6.266,11
1581694982,16.637,11
1581694983,11.866,11
1581694985,7.922,11
1581694986,9.416,11
1581694987,14.523,11
1581694989,18.006,11
1581694990,16.835,11
1581694991,19.84,11
1581694994,2.35,11
1581694995,2.571,11
1581694996,16.626,11
1581694997,15.05,11
1581694999,10.352,11
1581695000,23.454,11
1581695001,26.282,11
1581695002,2.687,11
1581695003,1.424,11
1581695004,0.033,11
1581695005,6.5815,11
1581695007,11.72,11
1581695009,1.803,11
1581695010,5.237,11
1581695011,9.865,11
1581695012,22.533,11
1581695013,22.428,11
1581695015,12.217,11
1581695016,22.103,11
1581695017,17.587,11
1581695019,25.61,11
1581695022,0.436,11
1581695023,1.447,11
1581695024,4.266,11
1581695025,7.749,11
1581695026,7.852,11
1581695027,11.246,11
1581695028,11.1905,11
1581695030,13.08,11
1581695031,15.056,11
1581695032,14.299,11
1581695033,12.696,11
1581695035,1.629,11
1581695036,1.629,11
1581695037,0.163,11
1581695038,13.123,11
1581695039,16.744,11
1581695040,23.518,11
1581695041,27.858,11
1581695042,24.465,11
1581695043,23.627,11
1581695045,24.478,11
1581695046,23.876,11
1581695047,21.509,11
1581695049,3.638,11
1581695050,2.227,11
1581695052,5.819,11
1581695053,0.122,11
1581695054,23.459,11
1581695055,42.884,11
1581695056,62.13,11
1581695058,57.64,11
1581695059,63.634,11
1581695060,63.206,11
1581695061,60.513,11
1581695062,35.739,11
1581695063,0.001,11
1581695064,0.001,11
1581695065,7.617,11
1581695066,19.201,11
1581695068,22.118,11
1581695069,21.573,11
1581695071,122.478,11
1581695072,270.157,11
1581695073,346.367,11
1581695074,335.81,11
1581695075,324.598,11
1581695076,305.656,11
1581695077,0.012,11
1581695078,0.012,11
1581695079,17.337,11
1581695080,34.608,11
1581695081,34.327,11
1581695082,34.86,11
1581695083,38.194,11
1581695084,37.488,11
1581695086,38.206,11
1581695087,34.559,11
1581695088,39.201,11
1581695089,35.439,11
1581695090,20.428,11
1581695092,0.002,11
1581695093,21.206,11
1581695094,24.186,11
1581695095,25.038,11
1581695096,25.725,11
1581695097,102.522,11
1581695099,159.952,11
1581695100,178.075,11
1581695101,175.34,11
1581695102,171.317,11
1581695103,169.172,11
1581695104,103.893,11
1581695105,103.893,11
1581695106,0.002,11
1581695107,29.439,11
1581695108,30.308,11
1581695110,33.676,11
1581695112,32.096,11
1581695113,28.703,11
1581695114,27.636,11
1581695115,28.589,11
1581695116,27.522,11
1581695117,27.522,11
1581695118,28.021,11
1581695120,4.063,11
1581695121,20.694,11
1581695122,23.609,11
1581695123,24.867,11
1581695124,24.101,11
1581695126,24.354,11
1581695127,24.169,11
1581695128,24.658,11
1581695129,23.446,11
1581695130,42.786,11
1581695132,157.421,11
1581695133,5.023,11
1581695134,6.257,11
1581695135,17.96,11
1581695136,19.101,11
1581695137,20.154,11
1581695138,19.994,11
1581695140,20.131,11
1581695141,20.172,11
1581695142,19.685,11
1581695143,18.701,11
1581695144,20.045,11
1581695145,19.606,11
1581695148,8.811,11
1581695149,33.1,11
1581695150,30.751,11
1581695152,28.885,11
1581695153,27.426,11
1581695155,29.292,11
1581695156,30.213,11
1581695157,28.17,11
1581695158,28.887,11
1581695159,29.3505,11
1581695160,0.784,11
1581695161,0.784,11
1581695162,12.339,11
1581695163,31.544,11
1581695164,30.382,11
1581695165,20.688,11
1581695166,7.979,11
1581695167,8.2845,11
1581695168,9.552,11
1581695170,30.713,11
1581695171,21.462,11
1581695172,29.126,11
1581695173,32.971,11
1581695175,0.705,11
1581695176,10.052,11
1581695178,25.215,11
1581695179,22.109,11
1581695180,7.076,11
1581695181,13.873,11
1581695182,19.49,11
1581695183,24.271,11
1581695185,30.38,11
1581695186,22.044,11
1581695187,15.709,11
1581695188,6.185,11
1581695189,4.021,11
1581695190,8.757,11
1581695191,8.744,11
1581695193,5.367,11
1581695194,3.304,11
1581695195,3.292,11
1581695196,9.426,11
1581695197,8.8045,11
1581695198,9.003,11
1581695200,9.114,11
1581695202,1.132,11
1581695203,0.8585,11
1581695204,7.857,11
1581695205,7.13,11
1581695206,8.705,11
1581695207,8.705,11
1581695208,9.129,11
1581695209,9.504,11
1581695210,10.364,11
1581695211,13.096,11
1581695212,8.22,11
1581695213,21.683,11
1581695214,16.76,11
1581695216,9.208,11
1581695217,0.593,11
1581695218,12.542,11
1581695219,12.48,11
1581695220,11.551,11
1581695221,6.935,11
1581695222,6.35,11
1581695224,5.114,11
1581695225,3.008,11
1581695226,2.279,11
1581695227,0.078,11
1581695229,2.299,11
1581695230,2.299,11
1581695231,0.003,11
1581695232,4.042,11
1581695233,4.838,11
1581695234,4.045,11
1581695235,4.578,11
1581695236,3.659,11
1581695238,2.509,11
1581695239,5.888,11
1581695240,10.321,11
1581695241,6.909,11
1581695243,12.49,11
1581695244,6.77,11
1581695246,7.045,11
1581695247,10.431,11
1581695248,9.414,11
1581695249,11.992,11
1581695250,6.386,11
1581695251,7.013,11
1581695252,10.076,11
1581695254,5.769,11
1581695255,1.803,11
1581695257,1.286,11
1581695258,0.126,11
1581695259,1.956,11
1581695261,3.282,11
1581695262,1.873,11
1581695263,3.843,11
1581695264,2.381,11
1581695265,3.905,11
1581695266,10.396,11
1581695267,4.934,11
1581695269,7.512,11
1581695271,3.784,11
1581695272,1.893,11
1581695273,6.385,11
1581695274,2.691,11
1581695275,4.402,11
1581695277,4.497,11
1581695278,8.024,11
1581695279,12.139,11
1581695280,15.443,11
1581695281,16.872,11
1581695282,18.751,11
1581695285,10.404,11
1581695286,2.314,11
1581695287,11.718,11
1581695288,18.832,11
1581695289,17.658,11
1581695291,17.93,11
1581695292,18.41,11
1581695293,18.618,11
1581695294,63.509,11
1581695295,124.526,11
1581695297,157.082,11
1581695299,45.17,11
1581695301,0.471,11
1581695302,2.517,11
1581695303,1.784,11
1581695305,1.79,11
1581695306,2.065,11
1581695307,2.423,11
1581695308,2.453,11
1581695309,2.835,11
1581695310,2.886,11
1581695313,1.692,11
1581695314,0.002,11
1581695315,0.079,11
1581695316,0.624,11
1581695317,0.658,11
1581695319,0.513,11
1581695320,0.257,11
1581695321,0.927,11
1581695322,1.27,11
1581695323,1.211,11
1581695324,1.312,11
1581695327,0.996,11
1581695328,0.002,11
1581695329,1.015,11
1581695330,2.088,11
1581695331,2.337,11
1581695333,3.346,11
1581695334,2.057,11
1581695335,7.344,11
1581695336,16.782,11
1581695337,12.606,11
1581695339,11.776,11
1581695341,17.84,11
1581695342,16.647,11
1581695343,9.938,11
1581695345,13.618,11
1581695346,17.142,11
1581695347,14.586,11
1581695348,15.503,11
1581695349,17.585,11
1581695350,23.641,11
1581695352,13.357,11
1581695353,14.474,11
1581695354,8.428,11
1581695355,1.908,11
1581695356,2.474,11
1581695357,4.858,11
1581695359,6.004,11
1581695360,4.196,11
1581695361,6.87,11
1581695362,6.669,11
1581695363,8.14,11
1581695365,6.378,11
1581695366,5.213,11
1581695367,4.521,11
1581695368,5.643,11
1581695369,0.002,11
1581695370,1.094,11
1581695372,2.824,11
1581695373,2.352,11
1581695374,4.48,11
1581695375,5.351,11
1581695376,4.256,11
1581695377,20.035,11
1581695379,13.403,11
1581695380,15.891,11
1581695381,4.971,11
1581695382,24.713,11
1581695383,8.106,11
1581695385,7.552,11
1581695386,5.207,11
1581695387,5.437,11
1581695388,4.006,11
1581695389,6.199,11
1581695391,7.95,11
1581695392,4.534,11
1581695393,1.338,11
1581695394,0.209,11
1581695396,1.988,11
1581695397,1.988,11
1581695398,0.064,11
1581695399,6.614,11
1581695400,7.362,11
1581695401,8.373,11
1581695402,6.316,11
1581695403,4.033,11
1581695404,13.148,11
1581695406,7.467,11
1581695407,9.098,11
1581695408,8.247,11
1581695410,0.177,11
1581695411,0.195,11
1581695413,6.613,11
1581695414,7.298,11
1581695415,6.704,11
1581695416,10.204,11
1581695417,25.446,11
1581695418,51.943,11
1581695420,61.442,11
1581695421,65.008,11
1581695422,89.467,11
1581695424,15.11,11
1581695425,7.5565,11
1581695427,0.212,11
1581695428,1.169,11
1581695429,9.273,11
1581695430,17.659,11
1581695431,25.858,11
1581695433,33.744,11
1581695434,41.476,11
1581695435,49.975,11
1581695436,66.111,11
1581695437,95.741,11
1581695439,5.941,11
1581695440,16.945,11
1581695441,26.572,11
1581695442,28.945,11
1581695443,30.392,11
1581695445,156.827,11
1581695446,197.563,11
1581695447,166.64,11
1581695448,179.061,11
1581695449,211.024,11
1581695450,230.465,11
1581695451,142.783,11
1581695453,0.002,11
1581695454,14.367,11
1581695455,28.391,11
1581695456,31.447,11
1581695457,30.982,11
1581695458,30.52,11
1581695460,27.735,11
1581695461,179.522,11
1581695462,182.461,11
1581695463,186.362,11
1581695464,210.814,11
1581695465,123.281,11
1581695466,0.001,11
1581695467,0.001,11
1581695468,21.721,11
1581695469,28.826,11
1581695470,29.27,11
1581695471,31.012,11
1581695472,137.267,11
1581695474,180.766,11
1581695475,188.379,11
1581695476,211.777,11
1581695477,194.286,11
1581695478,194.344,11
1581695479,5.949,11
1581695480,5.949,11
1581695481,0.003,11
1581695482,19.275,11
1581695483,19.22,11
1581695484,20.012,11
1581695486,4.295,11
1581695487,0.011,11
1581695488,0.033,11
1581695489,11.324,11
1581695490,34.849,11
1581695491,124.261,11
1581695493,105.197,11
1581695495,0.002,11
1581695496,16.249,11
1581695497,27.108,11
1581695498,27.154,11
1581695500,86.659,11
1581695501,134.815,11
1581695502,133.513,11
1581695503,125.297,11
1581695504,132.384,11
1581695505,124.902,11
1581695507,96.054,11
1581695508,0.001,11
1581695509,24.26,11
1581695510,101.951,11
1581695511,119.994,11
1581695512,122.966,11
1581695514,125.877,11
1581695515,134.636,11
1581695516,134.661,11
1581695517,134.351,11
1581695518,132.381,11
1581695519,131.826,11
1581695521,119.202,11
1581695522,0.001,11
1581695523,9.937,11
1581695524,18.027,11
1581695525,19.95,11
1581695526,10.556,11
1581695527,12.2455,11
1581695529,21.095,11
1581695530,69.26,11
1581695531,75.259,11
1581695532,73.514,11
1581695533,73.51,11
1581695534,52.923,11
1581695536,0.002,11
1581695537,14.377,11
1581695538,27.215,11
1581695539,22.778,11
1581695540,24.057,11
1581695541,24.779,11
1581695542,22.154,11
1581695544,23.674,11
1581695545,63.14,11
1581695546,134.726,11
1581695547,134.154,11
1581695548,99.499,11
1581695549,0.001,11
1581695550,0.001,11
1581695551,17.322,11
1581695552,27.148,11
1581695553,28.185,11
1581695554,26.893,11
1581695555,26.184,11
1581695556,28.431,11
1581695558,29.37,11
1581695559,24.079,11
1581695560,91.765,11
1581695561,121.322,11
1581695562,77.337,11
1581695563,0.002,11
1581695565,15.78,11
1581695566,26.986,11
1581695567,24.866,11
1581695568,29.364,11
1581695569,28.361,11
1581695570,14.787,11
1581695571,7.891,11
1581695573,17.857,11
1581695574,14.38,11
1581695575,0.011,11
1581695576,0.155,11
1581695577,0.002,11
1581695579,12.216,11
1581695580,17.27,11
1581695581,17.814,11
1581695582,17.824,11
1581695583,16.673,11
1581695585,0.972,11
1581695586,8.638,11
1581695587,13.087,11
1581695588,16.762,11
1581695590,1.18,11
1581695591,1.18,11
1581695592,1.703,11
1581695593,20.746,11
1581695594,22.732,11
1581695595,21.419,11
1581695596,73.406,11
1581695598,127.85,11
1581695599,130.182,11
1581695600,131.238,11
1581695601,142.551,11
1581695602,319.536,11
1581695605,13.063,11
1581695606,11.183,11
1581695607,33.406,11
1581695608,32.942,11
1581695609,33.011,11
1581695610,95.703,11
1581695612,310.539,11
1581695613,274.358,11
1581695614,312.128,11
1581695615,385.542,11
1581695616,28.187,11
1581695619,0.0005,11
1581695621,0.001,11
1581695622,13.934,11
1581695623,115.805,11
1581695624,165.933,11
1581695625,0.011,11
1581695627,0.087,11
1581695628,5.126,11
1581695629,55.313,11
1581695630,247.928,11
1581695632,26.885,11
1581695633,26.885,11
1581695634,0.338,11
1581695635,4.779,11
1581695636,45.898,11
1581695637,136.47,11
1581695638,253.432,11
1581695640,217.184,11
1581695641,193.698,11
1581695642,206.757,11
1581695643,231.125,11
1581695644,253.097,11
1581695648,59.903,11
1581695649,274.968,11
1581695650,291.862,11
1581695651,180.987,11
1581695652,276.546,11
1581695653,245.971,11
1581695654,242.332,11
1581695655,267.054,11
1581695657,298.408,11
1581695658,296.094,11
1581695660,132.12,11
1581695661,66.9305,11
1581695662,61.27,11
1581695664,212.077,11
1581695665,207.298,11
1581695666,213.761,11
1581695667,238.365,11
1581695668,240.84,11
1581695669,238.198,11
1581695670,241.93,11
1581695671,264.958,11
1581695672,293.724,11
1581695674,105.431,11
1581695675,0.002,11
1581695676,43.755,11
1581695677,126.601,11
1581695678,186.814,11
1581695679,249.981,11
1581695680,245.411,11
1581695682,222.812,11
1581695683,162.875,11
1581695684,152.381,11
1581695685,189.731,11
1581695686,141.707,11
1581695687,94.821,11
1581695689,2.151,11
1581695690,15.11,11
1581695691,46.596,11
1581695692,57.888,11
1581695693,47.605,11
1581695695,47.914,11
1581695696,37.234,11
1581695697,53.62,11
1581695698,42.109,11
1581695699,35.079,11
1581695700,23.524,11
1581695702,47.035,11
1581695703,4.063,11
1581695704,9.407,11
1581695705,10.794,11
1581695706,11.257,11
1581695707,26.878,11
1581695708,33.095,11
1581695710,27.297,11
1581695711,34.312,11
1581695712,38.204,11
1581695713,31.857,11
1581695714,28.689,11
1581695715,21.903,11
1581695716,0.002,11
1581695717,0.002,11
1581695718,5.165,11
1581695719,16.338,11
1581695720,11.341,11
1581695721,14.207,11
1581695722,9.491,11
1581695723,9.491,11
1581695724,11.916,11
1581695725,36.038,11
1581695726,71.353,11
1581695727,81.529,11
1581695728,50.11,11
1581695729,43.24,11
1581695730,43.24,11
1581695731,1.472,11
1581695732,20.557,11
1581695734,18.5,11
1581695735,8.771,11
1581695737,22.884,11
1581695738,25.638,11
1581695739,33.548,11
1581695740,38.476,11
1581695741,43.508,11
1581695743,47.946,11
1581695744,7.798,11
1581695745,1.433,11
1581695746,5.826,11
1581695747,5.995,11
1581695748,9.066,11
1581695749,22.447,11
1581695751,21.522,11
1581695752,24.968,11
1581695753,25.258,11
1581695754,26.995,11
1581695755,22.155,11
1581695756,24.646,11
1581695757,24.646,11
1581695759,2.247,11
1581695760,14.422,11
1581695761,22.794,11
1581695762,27.278,11
1581695764,32.935,11
1581695765,27.643,11
1581695766,26.926,11
1581695767,23.737,11
1581695768,28.386,11
1581695771,19.512,11
1581695772,16.459,11
1581695773,5.363,11
1581695774,21.81,11
1581695775,21.037,11
1581695777,22.882,11
1581695778,20.175,11
1581695779,24.517,11
1581695780,12.854,11
1581695781,12.598,11
1581695783,17.055,11
1581695785,23.783,11
1581695786,0.002,11
1581695787,10.222,11
1581695788,24.162,11
1581695790,23.648,11
1581695791,21.454,11
1581695792,26.167,11
1581695793,21.643,11
1581695794,20.599,11
1581695796,23.077,11
1581695797,26.007,11
1581695799,20.62,11
1581695800,12.7565,11
1581695801,11.718,11
1581695803,10.034,11
1581695804,23.029,11
1581695805,25.738,11
1581695806,14.775,11
1581695807,9.247,11
1581695809,8.385,11
1581695810,7.035,11
1581695811,7.13,11
1581695812,9.008,11
1581695813,3.288,11
1581695814,2.545,11
1581695816,10.076,11
1581695817,8.675,11
1581695818,9.649,11
1581695819,6.34,11
1581695820,4.857,11
1581695822,8.614,11
1581695823,9.386,11
1581695824,9.617,11
1581695825,10.155,11
1581695826,10.629,11
1581695827,6.958,11
1581695828,6.958,11
1581695829,4.607,11
1581695830,6.028,11
1581695831,5.765,11
1581695832,3.517,11
1581695833,4.399,11
1581695834,5.104,11
1581695836,3.629,11
1581695837,3.776,11
1581695838,4.768,11
1581695839,2.714,11
1581695840,2.995,11
1581695841,1.955,11
1581695842,1.532,11
1581695844,2.492,11
1581695845,3.973,11
1581695846,3.451,11
1581695847,2.913,11
1581695848,2.277,11
1581695850,2.881,11
1581695851,2.168,11
1581695852,2.011,11
1581695853,3.917,11
1581695854,1.531,11
1581695855,0.336,11
1581695856,0.336,11
1581695857,2.66,11
1581695858,2.414,11
1581695859,3.297,11
1581695860,2.166,11
1581695861,3.083,11
1581695863,1.907,11
1581695864,2.478,11
1581695865,1.274,11
1581695866,1.677,11
1581695868,2.459,11
1581695869,2.709,11
1581695870,0.015,11
1581695871,1.374,11
1581695872,1.296,11
1581695873,3.608,11
1581695874,3.861,11
1581695876,2.223,11
1581695877,3.497,11
1581695878,3.447,11
1581695879,3.113,11
1581695880,3.684,11
1581695882,0.592,11
1581695883,0.022,11
1581695884,3.966,11
1581695885,14.402,11
1581695886,12.1825,11
1581695887,43.246,11
1581695889,39.43,11
1581695890,68.547,11
1581695891,55.469,11
1581695892,63.759,11
1581695893,68.056,11
1581695894,70.45,11
1581695896,68.338,11
1581695897,0.001,11
1581695898,13.044,11
1581695899,71.66,11
1581695900,70.074,11
1581695901,91.962,11
1581695903,66.992,11
1581695904,84.906,11
1581695905,78.543,11
1581695906,83.67,11
1581695907,75.717,11
1581695910,66.709,11
1581695911,0.002,11
1581695912,15.67,11
1581695913,31.881,11
1581695914,87.231,11
1581695916,72.797,11
1581695917,68.174,11
1581695918,85.932,11
1581695919,99.849,11
1581695920,98.675,11
1581695922,69.264,11
1581695924,29.685,11
1581695925,14.844,11
1581695926,27.026,11
1581695927,77.546,11
1581695929,74.569,11
1581695930,43.781,11
1581695931,67.102,11
1581695932,65.919,11
1581695933,81.321,11
1581695935,87.805,11
1581695936,85.419,11
1581695937,80.175,11
1581695938,0.207,11
1581695939,1.8706666666666667,11
1581695941,5.623,11
1581695942,12.776,11
1581695943,13.767,11
1581695944,18.509,11
1581695945,22.606,11
1581695946,18.973,11
1581695948,52.826,11
1581695949,113.815,11
1581695950,88.9,11
1581695951,117.837,11
1581695952,0.001,11
1581695953,3.545,11
1581695955,46.047,11
1581695956,94.367,11
1581695957,64.869,11
1581695958,94.603,11
1581695959,90.43,11
1581695961,75.122,11
1581695962,74.062,11
1581695963,79.439,11
1581695964,79.673,11
1581695965,71.498,11
1581695966,1.145,11
1581695967,1.145,11
1581695968,16.47,11
1581695969,45.776,11
1581695970,57.266,11
1581695971,79.127,11
1581695973,78.37,11
1581695974,98.423,11
1581695975,85.865,11
1581695976,42.147,11
1581695977,97.011,11
1581695979,11.876,11
1581695980,11.876,11
1581695981,0.004,11
1581695982,0.693,11
1581695983,14.85,11
1581695984,16.358,11
1581695985,15.031,11
1581695987,10.481,11
1581695988,13.828,11
1581695989,11.794,11
1581695990,15.317,11
1581695991,4.708,11
1581695992,11.6675,11
1581695993,18.627,11
1581695994,0.742,11
1581695995,7.964,11
1581695996,35.819,11
1581695997,47.945,11
1581695999,79.471,11
1581696000,94.147,11
1581696001,106.437,11
1581696002,100.209,11
1581696003,92.229,11
1581696005,112.523,11
1581696007,55.159,11
1581696008,0.002,11
1581696009,15.693,11
1581696010,17.017,11
1581696012,17.57,11
1581696013,16.404,11
1581696014,18.406,11
1581696015,17.161,11
1581696016,18.915,11
1581696018,17.818,11
1581696019,17.227,11
1581696021,2.009,11
1581696022,1.801,11
1581696023,14.417,11
1581696025,17.02,11
1581696026,15.756,11
1581696027,16.159,11
1581696028,12.686,11
1581696029,13.118,11
1581696031,7.605,11
1581696032,10.379,11
1581696033,15.744,11
1581696034,20.591,11
1581696035,10.8055,11
1581696036,1.911,11
1581696038,14.536,11
1581696039,20.903,11
1581696040,20.176,11
1581696041,24.113,11
1581696042,30.971,11
1581696044,39.119,11
1581696045,42.77,11
1581696046,25.077,11
1581696047,43.887,11
1581696048,44.716,11
1581696050,0.077,11
1581696051,22.57,11
1581696052,89.26,11
1581696053,113.435,11
1581696054,101.842,11
1581696056,63.619,11
1581696057,87.424,11
1581696058,66.941,11
1581696059,105.144,11
1581696060,84.241,11
1581696063,24.864,11
1581696064,12.4335,11
1581696065,7.137,11
1581696066,61.983,11
1581696067,76.56,11
1581696069,87.143,11
1581696070,82.345,11
1581696071,79.518,11
1581696072,73.805,11
1581696073,95.652,11
1581696075,76.724,11
1581696077,4.284,11
1581696078,41.785,11
1581696079,87.297,11
1581696081,93.622,11
1581696082,82.176,11
1581696083,71.358,11
1581696084,94.09,11
1581696085,94.567,11
1581696087,81.134,11
1581696088,92.129,11
1581696090,78.134,11
1581696091,1.96,11
1581696092,39.869,11
1581696094,70.289,11
1581696095,88.408,11
1581696096,92.035,11
1581696097,89.744,11
1581696098,92.589,11
1581696100,90.024,11
1581696101,79.074,11
1581696102,80.671,11
1581696104,58.204,11
1581696105,58.204,11
1581696106,0.772,11
1581696107,51.161,11
1581696108,77.886,11
1581696109,79.411,11
1581696110,84.997,11
1581696112,83.971,11
1581696113,50.497,11
1581696114,87.59,11
1581696115,78.719,11
1581696116,68.077,11
1581696117,101.736,11
1581696119,2.028,11
1581696120,28.253,11
1581696121,71.282,11
1581696122,77.742,11
1581696123,94.086,11
1581696125,91.382,11
1581696126,62.538,11
1581696127,44.686,11
1581696128,59.6025,11
1581696129,63.712,11
1581696132,6.608,11
1581696133,0.002,11
1581696134,12.73,11
1581696135,60.633,11
1581696136,53.83,11
1581696138,75.954,11
1581696139,78.273,11
1581696140,63.983,11
1581696141,60.445,11
1581696142,57.341,11
1581696144,78.712,11
1581696145,80.022,11
1581696146,69.555,11
1581696147,0.002,11
1581696148,30.583,11
1581696150,96.811,11
1581696151,103.899,11
1581696152,78.565,11
1581696153,56.46,11
1581696154,4.713,11
1581696155,2.746,11
1581696157,4.155,11
1581696158,5.945,11
1581696160,3.382,11
1581696161,1.6925,11
1581696162,7.442,11
1581696163,8.018,11
1581696165,7.576,11
1581696166,3.051,11
1581696167,3.136,11
1581696168,4.023,11
1581696169,3.993,11
1581696170,3.664,11
1581696171,3.474,11
1581696174,1.351,11
1581696175,0.002,11
1581696176,7.138,11
1581696177,10.345,11
1581696178,9.689,11
1581696180,6.306,11
1581696181,5.466,11
1581696182,8.326,11
1581696183,5.777,11
1581696184,7.688,11
1581696185,7.098,11
1581696186,5.98,11
1581696188,2.804,11
1581696189,0.002,11
1581696190,2.903,11
1581696191,1.651,11
1581696192,1.687,11
1581696193,3.391,11
1581696195,5.323,11
1581696196,5.856,11
1581696197,4.402,11
1581696198,4.598,11
1581696199,5.259,11
1581696200,6.8,11
1581696201,3.413,11
1581696203,0.002,11
1581696204,3.431,11
1581696205,7.207,11
1581696206,2.959,11
1581696207,2.4455,11
1581696208,5.872,11
1581696210,7.815,11
1581696211,7.135,11
1581696212,6.802,11
1581696213,6.266,11
1581696214,6.856,11
1581696215,3.964,11
1581696216,0.002,11
1581696217,0.002,11
1581696218,3.336,11
1581696219,4.476,11
1581696220,4.73,11
1581696221,5.858,11
1581696222,5.916,11
1581696224,6.644,11
1581696225,6.567,11
1581696226,6.564,11
1581696227,7.432,11
1581696228,9.018,11
1581696229,5.099,11
1581696231,1.83,11
1581696232,0.537,11
1581696233,3.907,11
1581696234,3.936,11
1581696235,2.901,11
1581696236,3.283,11
1581696238,3.861,11
1581696239,1.462,11
1581696240,3.493,11
1581696241,2.658,11
1581696242,4.12,11
1581696243,2.621,11
1581696244,0.427,11
1581696245,0.427,11
1581696246,2.833,11
1581696247,3.928,11
1581696248,3.725,11
1581696249,5.031,11
1581696250,5.123,11
1581696251,6.525,11
1581696253,6.907,11
1581696254,4.207,11
1581696255,6.378,11
1581696256,9.356,11
1581696257,6.031,11
1581696258,0.301,11
1581696259,1.527,11
1581696261,2.909,11
1581696262,4.608,11
1581696263,2.563,11
1581696264,2.183,11
1581696265,1.9495,11
1581696266,3.532,11
1581696268,3.736,11
1581696269,4.173,11
1581696270,3.266,11
1581696271,1.214,11
1581696272,0.615,11
1581696273,2.266,11
1581696275,2.986,11
1581696276,3.523,11
1581696277,4.256,11
1581696278,4.584,11
1581696279,4.648,11
1581696280,3.713,11
1581696282,8.024,11
1581696283,9.002,11
1581696285,6.143,11
1581696286,0.002,11
1581696287,3.836,11
1581696289,4.866,11
1581696290,5.812,11
1581696291,5.286,11
1581696292,5.452,11
1581696293,5.363,11
1581696294,5.52,11
1581696296,4.821,11
1581696297,6.026,11
1581696299,3.26,11
1581696300,0.002,11
1581696301,4.089,11
1581696302,4.83,11
1581696304,4.903,11
1581696305,3.34,11
1581696306,3.74,11
1581696307,5.28,11
1581696308,3.877,11
1581696309,5.053,11
1581696311,3.994,11
1581696313,2.43,11
1581696314,0.014,11
1581696315,4.571,11
1581696316,3.901,11
1581696318,5.219,11
1581696319,4.626,11
1581696320,3.613,11
1581696321,2.958,11
1581696322,2.134,11
1581696323,2.702,11
1581696325,6.089,11
1581696327,3.774,11
1581696328,0.002,11
1581696329,4.872,11
1581696330,6.035,11
1581696331,4.51,11
1581696333,4.968,11
1581696334,5.957,11
1581696335,5.454,11
1581696336,4.4885,11
1581696337,2.691,11
1581696338,2.401,11
1581696341,5.342,11
1581696342,0.002,11
1581696343,2.26,11
1581696344,4.412,11
1581696345,4.582,11
1581696347,6.074,11
1581696348,5.531,11
1581696349,3.725,11
1581696351,3.078,11
1581696352,2.548,11
1581696355,2.826,11
1581696356,2.241,11
1581696357,2.574,11
1581696358,3.921,11
1581696359,4.493,11
1581696360,3.66,11
1581696362,4.404,11
1581696363,5.335,11
1581696364,4.727,11
1581696365,3.916,11
1581696366,4.768,11
1581696369,1.378,11
1581696370,0.6905,11
1581696371,4.301,11
1581696372,7.136,11
1581696373,7.036,11
1581696375,8.531,11
1581696376,8.78,11
1581696377,7.911,11
1581696378,5.136,11
1581696379,7.441,11
1581696380,1.872,11
1581696383,3.79,11
1581696384,0.437,11
1581696385,6.194,11
1581696386,9.314,11
1581696387,4.467,11
1581696389,8.537,11
1581696390,7.104,11
1581696391,6.369,11
1581696392,9.255,11
1581696393,7.199,11
1581696394,8.114,11
1581696396,8.396,11
1581696397,6.129,11
1581696398,0.115,11
1581696399,5.664,11
1581696400,6.076,11
1581696401,5.937,11
1581696402,6.771,11
1581696404,6.436,11
1581696405,5.611,11
1581696406,5.001,11
1581696407,5.446,11
1581696408,6.244,11
1581696410,1.335,11
1581701908,0.002,12
1581701909,0.001,12
1581701910,7.082,12
1581701912,9.125,12
1581701913,9.298,12
1581701914,8.411,12
1581701915,7.735,12
1581701916,4.851,12
1581701918,7.993,12
1581701919,5.236,12
1581701920,5.073,12
1581701921,5.58,12
1581701922,4.183,12
1581701923,8.851,12
1581701925,8.101,12
1581701926,8.32,12
1581701927,5.299,12
1581701928,6.906,12
1581701929,7.195,12
1581701930,5.973,12
1581701932,1.807,12
1581701933,1.206,12
1581701935,0.447,12
1581701936,0.2245,12
1581701938,0.102,12
1581701939,7.582,12
1581701940,4.702,12
1581701941,2.492,12
1581701942,4.326,12
1581701943,8.109,12
1581701945,7.345,12
1581701946,5.346,12
1581701947,4.001,12
1581701949,0.289,12
1581701952,1.894,12
1581701953,5.404,12
1581701954,6.513,12
1581701955,8.026,12
1581701956,12.992,12
1581701958,17.324,12
1581701959,18.976,12
1581701960,14.801,12
1581701961,12.372,12
1581701962,7.125,12
1581701963,6.436,12
1581701966,8.748,12
1581701967,18.785,12
1581701968,20.801,12
1581701969,16.508,12
1581701970,10.143,12
1581701972,5.37,12
1581701973,5.014,12
1581701974,9.125,12
1581701975,11.986,12
1581701976,6.624,12
1581701977,9.541,12
1581701979,0.768,12
1581701980,3.214,12
1581701981,10.928,12
1581701982,3.26,12
1581701983,6.307,12
1581701985,6.18,12
1581701986,7.225,12
1581701987,11.457,12
1581701988,10.412,12
1581701989,12.595,12
1581701990,9.241,12
1581701992,9.819,12
1581701993,0.489,12
1581701994,0.039,12
1581701995,4.735,12
1581701996,4.831,12
1581701998,8.099,12
1581701999,6.006,12
1581702000,5.443,12
1581702001,5.847,12
1581702002,6.1,12
1581702003,5.777,12
1581702006,3.232,12
1581702007,1.618,12
1581702008,2.957,12
1581702009,2.888,12
1581702011,6.606,12
1581702012,10.272,12
1581702013,8.941,12
1581702014,11.422,12
1581702015,5.544,12
1581702016,5.861,12
1581702018,6.652,12
1581702021,2.659,12
1581702022,6.283,12
1581702023,8.733,12
1581702025,10.542,12
1581702026,9.45,12
1581702027,10.78,12
1581702028,8.928,12
1581702029,8.985,12
1581702030,7.783,12
1581702032,8.171,12
1581702033,6.005,12
1581702035,0.326,12
1581702036,3.575,12
1581702037,4.686,12
1581702039,7.126,12
1581702040,10.908,12
1581702041,7.371,12
1581702042,8.966,12
1581702043,7.958,12
1581702044,8.587,12
1581702047,6.973,12
1581702048,0.001,12
1581702049,5.919,12
1581702050,7.358,12
1581702052,4.705,12
1581702053,7.486,12
1581702054,9.185,12
1581702055,3.327,12
1581702056,1.151,12
1581702058,1.933,12
1581702059,2.43,12
1581702061,0.725,12
1581702063,0.028,12
1581702064,0.028,12
1581702065,0.791,12
1581702066,7.967,12
1581702067,5.934,12
1581702068,5.661,12
1581702069,5.782,12
1581702071,7.807,12
1581702072,7.577,12
1581702073,5.428,12
1581702074,11.323,12
1581702075,11.729,12
1581702076,4.319,12
1581702079,2.823,12
1581702080,4.087,12
1581702081,3.87,12
1581702082,6.576,12
1581702083,9.907,12
1581702085,6.21,12
1581702086,4.341,12
1581702087,2.9,12
1581702088,1.698,12
1581702089,2.969,12
1581702091,0.838,12
1581702092,0.001,12
1581702093,3.457,12
1581702094,8.28,12
1581702095,3.573,12
1581702096,6.263,12
1581702098,6.647,12
1581702099,2.84,12
1581702100,2.771,12
1581702101,2.11,12
1581702102,3.082,12
1581702105,1.965,12
1581702106,0.002,12
1581702107,6.081,12
1581702108,8.645,12
1581702109,14.843,12
1581702111,11.063,12
1581702112,14.781,12
1581702113,18.066,12
1581702114,12.279,12
1581702115,7.569,12
1581702117,4.874,12
1581702119,2.177,12
1581702120,0.002,12
1581702121,5.645,12
1581702122,8.281,12
1581702124,8.825,12
1581702125,8.824,12
1581702126,1.453,12
1581702127,0.794,12
1581702128,1.228,12
1581702129,0.915,12
1581702131,1.195,12
1581702133,0.201,12
1581702134,0.559,12
1581702135,10.44,12
1581702137,2.781,12
1581702138,3.327,12
1581702139,2.779,12
1581702140,2.526,12
1581702141,0.469,12
1581702143,0.793,12
1581702144,0.033,12
1581702145,1.017,12
1581702146,1.81,12
1581702148,0.9035,12
1581702150,8.93,12
1581702151,6.01,12
1581702152,8.168,12
1581702153,4.107,12
1581702154,3.969,12
1581702155,3.653,12
1581702157,5.283,12
1581702158,3.351,12
1581702159,4.022,12
1581702160,3.211,12
1581702161,0.001,12
1581702162,0.944,12
1581702164,5.122,12
1581702165,1.953,12
1581702166,2.256,12
1581702167,2.244,12
1581702168,1.386,12
1581702170,2.694,12
1581702171,2.803,12
1581702172,6.124,12
1581702173,5.924,12
1581702174,3.479,12
1581702175,0.002,12
1581702176,0.002,12
1581702177,2.498,12
1581702178,5.249,12
1581702179,6.301,12
1581702180,6.376,12
1581702181,6.254,12
1581702183,7.346,12
1581702184,7.222,12
1581702185,8.211,12
1581702186,8.665,12
1581702187,12.482,12
1581702188,5.897,12
1581702189,5.897,12
1581702190,0.735,12
1581702191,6.952,12
1581702192,8.226,12
1581702193,7.868,12
1581702194,4.463,12
1581702196,4.82,12
1581702197,6.422,12
1581702198,5.196,12
1581702199,6.549,12
1581702200,6.107,12
1581702201,4.811,12
1581702203,0.419,12
1581702204,1.114,12
1581702205,7.886,12
1581702206,6.909,12
1581702207,2.522,12
1581702208,7.432,12
1581702210,1.66,12
1581702211,7.851,12
1581702212,6.672,12
1581702213,5.079,12
1581702214,4.252,12
1581702216,6.211,12
1581702217,0.243,12
1581702218,1.667,12
1581702219,2.468,12
1581702220,1.207,12
1581702221,2.536,12
1581702223,4.002,12
1581702224,1.9,12
1581702225,1.341,12
1581702226,1.61,12
1581702227,3.127,12
1581702228,3.295,12
1581702230,3.541,12
1581702231,0.001,12
1581702232,2.391,12
1581702233,5.257,12
1581702234,1.967,12
1581702235,5.033,12
1581702237,3.012,12
1581702238,1.809,12
1581702239,2.926,12
1581702240,2.411,12
1581702241,2.332,12
1581702244,2.438,12
1581702245,0.324,12
1581702246,4.132,12
1581702247,3.9,12
1581702248,4.304,12
1581702250,4.266,12
1581702251,3.864,12
1581702252,5.439,12
1581702253,5.747,12
1581702254,4.248,12
1581702256,4.282,12
1581702258,1.743,12
1581702259,0.002,12
1581702260,6.079,12
1581702261,7.455,12
1581702263,7.733,12
1581702264,7.208,12
1581702265,8.869,12
1581702266,8.335,12
1581702267,7.706,12
1581702268,7.386,12
1581702270,8.855,12
1581702272,2.404,12
1581702273,1.566,12
1581702274,7.018,12
1581702276,3.722,12
1581702277,1.934,12
1581702278,3.131,12
1581702279,5.032,12
1581702280,5.3695,12
1581702281,3.655,12
1581702283,4.166,12
1581702284,3.054,12
1581702285,2.911,12
1581702286,0.001,12
1581702287,0.6415,12
1581702288,6.515,12
1581702289,6.515,12
1581702290,3.687,12
1581702291,5.101,12
1581702292,3.603,12
1581702293,4.833,12
1581702294,4.136,12
1581702296,6.878,12
1581702297,8.398,12
1581702298,6.555,12
1581702299,5.834,12
1581702301,4.016,12
1581702302,8.688,12
1581702304,5.295,12
1581702305,7.044,12
1581702306,4.819,12
1581702307,5.523,12
1581702308,6.3265,12
1581702309,3.724,12
1581702311,3.887,12
1581702312,3.191,12
1581702313,2.928,12
1581702314,0.189,12
1581702315,0.7835,12
1581702317,4.028,12
1581702318,4.4665,12
1581702319,4.553,12
1581702320,7.296,12
1581702321,4.689,12
1581702322,9.2,12
1581702324,7.994,12
1581702325,8.759,12
1581702326,6.226,12
1581702327,5.814,12
1581702328,0.466,12
1581702330,5.9,12
1581702331,9.971,12
1581702332,6.894,12
1581702333,7.247,12
1581702334,5.741,12
1581702335,4.4775,12
1581702337,6.329,12
1581702338,6.497,12
1581702339,6.521,12
1581702340,4.724,12
1581702341,2.847,12
1581702342,0.002,12
1581702343,6.463,12
1581702344,6.463,12
1581702345,9.844,12
1581702346,9.464,12
1581702347,8.476,12
1581702348,6.388,12
1581702350,7.027,12
1581702351,8.616,12
1581702352,6.537,12
1581702353,7.2125,12
1581702355,3.452,12
1581702356,1.651,12
1581702357,0.003,12
1581702358,1.956,12
1581702359,2.941,12
1581702360,4.011,12
1581702361,3.062,12
1581702362,4.615,12
1581702363,4.615,12
1581702364,3.073,12
1581702365,1.274,12
1581702366,0.022,12
1581702367,9.697,12
1581702371,0.393,12
1581702372,2.947,12
1581702373,7.078,12
1581702374,7.179,12
1581702375,7.179,12
1581702376,2.491,12
1581702377,8.295,12
1581702378,4.763,12
1581702379,5.425,12
1581702380,3.884,12
1581702381,2.703,12
1581702383,3.765,12
1581702384,0.733,12
1581702385,2.001,12
1581702386,5.587,12
1581702387,6.494,12
1581702388,5.781,12
1581702390,4.896,12
1581702391,4.007,12
1581702392,4.499,12
1581702393,6.469,12
1581702394,5.503,12
1581702397,5.762,12
1581702398,0.001,12
1581702399,4.165,12
1581702400,5.067,12
1581702401,7.714,12
1581702402,7.714,12
1581702403,9.687,12
1581702404,10.146,12
1581702405,12.034,12
1581702406,12.972,12
1581702407,13.195,12
1581702408,13.618,12
1581702411,10.9,12
1581702412,0.962,12
1581702413,6.456,12
1581702414,11.921,12
1581702415,10.838,12
1581702416,10.838,12
1581702417,32.8,12
1581702418,34.208,12
1581702419,29.922,12
1581702420,25.514,12
1581702421,28.677,12
1581702423,33.899,12
1581702425,15.262,12
1581702426,0.002,12
1581702427,10.667,12
1581702428,12.189,12
1581702430,11.566,12
1581702431,9.816,12
1581702432,10.5905,12
1581702433,18.016,12
1581702434,20.391,12
1581702436,21.39,12
1581702437,21.255,12
1581702439,5.973,12
1581702440,3.487,12
1581702441,8.074,12
1581702443,9.902,12
1581702444,6.539,12
1581702445,10.062,12
1581702446,9.224,12
1581702447,9.966,12
1581702449,11.967,12
1581702450,12.033,12
1581702451,12.136,12
1581702452,12.071,12
1581702453,0.001,12
1581702454,1.3233333333333333,12
1581702456,11.014,12
1581702457,10.221,12
1581702458,10.923,12
1581702459,9.626,12
1581702460,7.581,12
1581702461,10.039,12
1581702463,9.644,12
1581702464,6.817,12
1581702465,5.002,12
1581702466,3.817,12
1581702467,0.604,12
1581702468,1.8675,12
1581702470,2.839,12
1581702471,3.195,12
1581702472,4.536,12
1581702473,4.2485,12
1581702476,13.885,12
1581702477,17.38,12
1581702478,18.953,12
1581702479,18.377,12
1581702480,10.332,12
1581702481,0.002,12
1581702482,0.002,12
1581702483,19.665,12
1581702484,22.741,12
1581702485,67.016,12
1581702486,114.536,12
1581702487,127.966,12
1581702490,110.256,12
1581702491,109.725,12
1581702492,114.0,12
1581702494,61.571,12
1581702495,61.571,12
1581702496,2.64,12
1581702497,30.617,12
1581702498,29.957,12
1581702499,31.491,12
1581702500,10.499,12
1581702502,17.046,12
1581702503,21.464,12
1581702504,22.056,12
1581702505,22.68,12
1581702506,23.974,12
1581702507,13.0135,12
1581702510,3.735,12
1581702511,18.37,12
1581702512,19.498,12
1581702513,20.637,12
1581702514,21.225,12
1581702516,20.584,12
1581702517,21.326,12
1581702518,81.609,12
1581702519,105.782,12
1581702520,119.616,12
1581702522,121.502,12
1581702523,0.001,12
1581702524,0.001,12
1581702525,20.542,12
1581702526,23.473,12
1581702528,22.671,12
1581702529,65.133,12
1581702530,134.901,12
1581702531,114.207,12
1581702532,145.379,12
1581702533,138.324,12
1581702536,55.941,12
1581702537,0.002,12
1581702538,20.568,12
1581702539,23.194,12
1581702541,22.679,12
1581702542,22.801,12
1581702543,22.812,12
1581702544,35.461,12
1581702545,116.144,12
1581702547,141.254,12
1581702548,125.273,12
1581702550,20.483,12
1581702551,12.04,12
1581702552,73.519,12
1581702554,124.989,12
1581702555,110.969,12
1581702556,131.004,12
1581702557,137.33,12
1581702558,140.292,12
1581702559,137.899,12
1581702561,139.482,12
1581702562,127.829,12
1581702563,114.499,12
1581702564,7.58,12
1581702565,8.253,12
1581702567,21.227,12
1581702568,22.851,12
1581702569,21.431,12
1581702570,12.432,12
1581702571,1.295,12
1581702573,14.566,12
1581702574,17.818,12
1581702575,19.746,12
1581702576,18.837,12
1581702577,12.716,12
1581702578,0.001,12
1581702579,16.958,12
1581702581,24.768,12
1581702582,23.192,12
1581702583,24.213,12
1581702584,24.301,12
1581702585,56.335,12
1581702586,157.158,12
1581702588,164.058,12
1581702589,158.499,12
1581702591,103.243,12
1581702592,0.003,12
1581702593,18.958,12
1581702595,79.84,12
1581702596,149.332,12
1581702597,277.228,12
1581702598,335.495,12
1581702599,372.533,12
1581702600,342.788,12
1581702602,346.863,12
1581702603,346.672,12
1581702605,211.599,12
1581702606,0.002,12
1581702607,16.743,12
1581702608,21.046,12
1581702610,19.729,12
1581702611,20.875,12
1581702612,15.935,12
1581702613,18.817,12
1581702614,18.48,12
1581702616,18.961,12
1581702617,19.584,12
1581702619,6.756,12
1581702620,3.3795,12
1581702622,19.168,12
1581702623,21.578,12
1581702624,114.357,12
1581702625,331.805,12
1581702626,314.27,12
1581702627,339.86,12
1581702628,354.326,12
1581702629,323.811,12
1581702631,325.61,12
1581702633,138.145,12
1581702634,69.0735,12
1581702635,28.213,12
1581702636,122.595,12
1581702638,144.282,12
1581702639,155.063,12
1581702640,166.994,12
1581702641,166.594,12
1581702642,169.434,12
1581702643,176.042,12
1581702645,170.769,12
1581702647,70.174,12
1581702648,35.957,12
1581702649,20.725,12
1581702651,21.021,12
1581702652,20.786,12
1581702653,21.734,12
1581702654,21.398,12
1581702655,81.669,12
1581702656,202.645,12
1581702658,299.087,12
1581702659,305.541,12
1581702662,7.942,12
1581702663,23.549,12
1581702665,23.188,12
1581702666,24.006,12
1581702667,23.808,12
1581702668,23.949,12
1581702669,23.252,12
1581702671,23.923,12
1581702672,23.462,12
1581702673,22.503,12
1581702674,14.584,12
1581702675,0.002,12
1581702676,17.597,12
1581702678,7.369,12
1581702679,5.4195,12
1581702680,12.488,12
1581702682,20.041,12
1581702683,0.022,12
1581702684,13.915,12
1581702685,21.919,12
1581702686,29.689,12
1581702687,38.646,12
1581702688,38.646,12
1581702690,10.519,12
1581702691,172.005,12
1581702692,176.487,12
1581702693,161.007,12
1581702694,41.913,12
1581702696,48.232,12
1581702697,33.731,12
1581702698,41.63,12
1581702699,69.109,12
1581702700,39.586,12
1581702701,69.413,12
1581702703,27.272,12
1581702704,6.335,12
1581702705,43.578,12
1581702706,54.632,12
1581702707,45.393,12
1581702708,50.756,12
1581702710,59.301,12
1581702711,57.382,12
1581702712,55.658,12
1581702713,58.465,12
1581702714,49.019,12
1581702715,52.551,12
1581702718,9.816,12
1581702719,17.11,12
1581702720,16.134,12
1581702721,20.118,12
1581702722,56.736,12
1581702724,67.728,12
1581702725,69.105,12
1581702726,83.054,12
1581702727,87.247,12
1581702728,83.586,12
1581702729,66.659,12
1581702731,0.002,12
1581702732,10.457,12
1581702733,44.802,12
1581702734,69.558,12
1581702735,70.8,12
1581702737,94.901,12
1581702738,86.228,12
1581702739,82.824,12
1581702740,76.444,12
1581702741,36.511,12
1581702742,56.228,12
1581702743,24.623,12
1581702745,5.741,12
1581702746,3.039,12
1581702747,3.298,12
1581702748,6.424,12
1581702749,11.024,12
1581702750,3.814,12
1581702752,4.38,12
1581702753,0.906,12
1581702754,0.044,12
1581702755,0.044,12
1581702756,22.625,12
1581702757,16.189,12
1581702759,0.001,12
1581702760,1.157,12
1581702761,2.3,12
1581702762,6.825,12
1581702763,19.659,12
1581702764,8.95,12
1581702766,12.322,12
1581702767,16.191,12
1581702768,16.16,12
1581702769,20.629,12
1581702770,22.475,12
1581702771,18.739,12
1581702772,0.001,12
1581702773,0.001,12
1581702774,6.673,12
1581702775,12.363,12
1581702776,10.267,12
1581702777,7.049,12
1581702778,16.906,12
1581702779,36.656,12
1581702781,25.915,12
1581702782,8.1,12
1581702783,7.416,12
1581702784,38.456,12
1581702785,28.917,12
1581702786,2.579,12
1581702787,2.579,12
1581702788,11.737,12
1581702789,2.502,12
1581702790,0.033,12
1581702791,16.559,12
1581702792,18.056,12
1581702794,14.217,12
1581702795,14.613,12
1581702796,12.039,12
1581702797,13.081,12
1581702798,28.786,12
1581702799,18.931,12
1581702800,0.002,12
1581702801,0.002,12
1581702802,12.145,12
1581702803,8.982,12
1581702804,6.456,12
1581702805,10.776,12
1581702806,7.754,12
1581702807,8.901,12
1581702808,8.901,12
1581702809,15.503,12
1581702810,20.514,12
1581702811,12.148,12
1581702813,4.378,12
1581702814,0.002,12
1581702816,2.872,12
1581702817,2.252,12
1581702818,2.545,12
1581702819,3.917,12
1581702820,4.515,12
1581702821,7.551,12
1581702822,0.771,12
1581702824,1.665,12
1581702825,1.588,12
1581702827,3.504,12
1581702828,0.001,12
1581702829,3.024,12
1581702830,3.504,12
1581702832,2.056,12
1581702833,1.972,12
1581702834,0.033,12
1581702838,0.078,12
1581702839,5.49,12
1581702841,5.305,12
1581702842,0.001,12
1581702843,3.425,12
1581702844,5.865,12
1581702845,4.404,12
1581702846,2.694,12
1581702847,2.207,12
1581702849,3.732,12
1581702850,2.883,12
1581702851,2.794,12
1581702852,1.251,12
1581702854,0.022,12
1581702856,0.024,12
1581702857,8.982,12
1581702858,19.637,12
1581702859,131.112,12
1581702860,227.56,12
1581702861,245.949,12
1581702862,214.03,12
1581702863,251.456,12
1581702865,257.95,12
1581702866,242.078,12
1581702867,250.804,12
1581702869,32.101,12
1581702870,16.8955,12
1581702871,24.414,12
1581702873,24.003,12
1581702874,24.048,12
1581702875,76.519,12
1581702876,156.025,12
1581702877,283.323,12
1581702878,302.978,12
1581702880,321.223,12
1581702881,282.26,12
1581702883,35.035,12
1581702884,19.81,12
1581702885,130.493,12
1581702886,331.135,12
1581702888,311.919,12
1581702889,314.37,12
1581702890,348.843,12
1581702891,443.024,12
1581702892,484.565,12
1581702893,360.997,12
1581702894,373.179,12
1581702895,356.113,12
1581702896,198.401,12
1581702898,0.002,12
1581702899,20.336,12
1581702900,24.599,12
1581702901,23.901,12
1581702902,23.249,12
1581702903,26.619,12
1581702905,145.677,12
1581702906,142.466,12
1581702907,139.479,12
1581702908,197.276,12
1581702909,260.274,12
1581702910,113.853,12
1581702911,56.9275,12
1581702914,18.271,12
1581702915,20.427,12
1581702916,19.233,12
1581702917,21.677,12
1581702919,19.832,12
1581702920,21.885,12
1581702921,18.838,12
1581702922,19.27,12
1581702924,4.437,12
1581702925,4.437,12
1581702926,0.768,12
1581702927,23.12,12
1581702928,119.255,12
1581702929,133.39,12
1581702930,142.92,12
1581702931,140.988,12
1581702933,151.912,12
1581702934,155.747,12
1581702935,128.367,12
1581702936,133.892,12
1581702938,59.741,12
1581702939,0.002,12
1581702940,0.002,12
1581702942,19.822,12
1581702943,53.633,12
1581702944,177.308,12
1581702945,192.589,12
1581702946,217.359,12
1581702948,176.141,12
1581702949,175.397,12
1581702950,193.786,12
1581702952,130.686,12
1581702953,0.002,12
1581702954,63.987,12
1581702956,260.064,12
1581702957,226.166,12
1581702958,230.765,12
1581702959,244.274,12
1581702960,248.309,12
1581702961,246.78,12
1581702962,259.361,12
1581702963,251.722,12
1581702966,234.187,12
1581702967,50.887,12
1581702968,11.265,12
1581702969,12.801,12
1581702970,14.262,12
1581702972,19.724,12
1581702973,65.438,12
1581702974,116.194,12
1581702975,152.165,12
1581702976,180.82,12
1581702977,178.678,12
1581702979,156.545,12
1581702980,107.961,12
1581702981,0.006,12
1581702982,13.694,12
1581702983,17.107,12
1581702984,17.494,12
1581702986,81.51,12
1581702987,151.149,12
1581702988,190.29,12
1581702989,179.104,12
1581702990,155.944,12
1581702991,198.028,12
1581702992,198.028,12
1581702993,175.962,12
1581702994,99.871,12
1581702995,49.9925,12
1581702996,13.213,12
1581702997,12.604,12
1581702999,15.263,12
1581703000,11.416,12
1581703001,8.7,12
1581703002,4.79,12
1581703003,5.836,12
1581703005,6.903,12
1581703006,6.42,12
1581703008,1.5765,12
1581703009,1.0425,12
1581703010,1.34,12
1581703012,0.928,12
1581703013,0.465,12
1581703014,0.9305,12
1581703015,1.531,12
1581703016,1.364,12
1581703018,1.173,12
1581703019,2.51,12
1581703020,1.329,12
1581703021,1.509,12
1581703022,0.011,12
1581703023,1.7715,12
1581703024,4.697,12
1581703026,5.541,12
1581703027,14.204,12
1581703028,10.6695,12
1581703029,5.095,12
1581703030,6.837,12
1581703031,7.414,12
1581703033,7.639,12
1581703034,9.197,12
1581703035,8.26,12
1581703037,1.3555,12
1581703038,22.706,12
1581703039,20.592,12
1581703041,31.074,12
1581703042,9.64,12
1581703043,8.623,12
1581703044,8.008,12
1581703045,9.532,12
1581703046,8.6755,12
1581703047,6.606,12
1581703050,0.602,12
1581703051,1.724,12
1581703052,14.969,12
1581703053,10.055,12
1581703054,9.401,12
1581703055,4.526,12
1581703057,12.409,12
1581703058,8.262,12
1581703059,4.871,12
1581703060,1.268,12
1581703061,0.614,12
1581703064,0.221,12
1581703065,0.743,12
1581703066,16.286,12
1581703067,11.58,12
1581703068,6.124,12
1581703069,3.887,12
1581703070,3.897,12
1581703072,11.645,12
1581703073,30.836,12
1581703074,28.596,12
1581703075,33.276,12
1581703077,2.203,12
1581703078,2.203,12
1581703079,0.781,12
1581703080,6.035,12
1581703081,7.923,12
1581703082,6.491,12
1581703083,5.824,12
1581703084,7.0,12
1581703085,7.243,12
1581703086,7.995,12
1581703088,11.102,12
1581703089,11.093,12
1581703091,3.415,12
1581703092,1.8415,12
1581703093,21.715,12
1581703095,32.645,12
1581703096,22.581,12
1581703097,13.684,12
1581703098,4.759,12
1581703099,6.578,12
1581703100,6.42,12
1581703101,5.629,12
1581703103,6.859,12
1581703105,3.402,12
1581703106,1.702,12
1581703107,8.617,12
1581703108,10.491,12
1581703109,10.57,12
1581703111,9.784,12
1581703112,4.869,12
1581703113,7.423,12
1581703114,5.513,12
1581703115,2.993,12
1581703116,2.748,12
1581703119,4.257,12
1581703120,0.003,12
1581703121,5.825,12
1581703122,5.958,12
1581703123,6.83,12
1581703124,5.293,12
1581703125,3.996,12
1581703127,5.093,12
1581703128,4.8875,12
1581703129,8.377,12
1581703130,8.839,12
1581703131,8.862,12
1581703132,4.021,12
1581703134,0.002,12
1581703135,4.982,12
1581703136,9.787,12
1581703137,10.204,12
1581703138,9.333,12
1581703139,10.092,12
1581703140,7.489,12
1581703142,9.046,12
1581703143,9.292,12
1581703144,8.596,12
1581703145,7.898,12
1581703146,5.625,12
1581703150,0.002,12
1581703151,5.353,12
1581703152,7.423,12
1581703153,6.113,12
1581703154,7.646,12
1581703155,4.73,12
1581703156,6.467,12
1581703158,6.876,12
1581703159,7.641,12
1581703160,8.441,12
1581703161,10.518,12
1581703162,4.253,12
1581703163,2.1275,12
1581703164,0.002,12
1581703165,9.076,12
1581703166,5.943,12
1581703167,5.153,12
1581703168,10.85,12
1581703169,8.591,12
1581703170,9.016,12
1581703171,9.016,12
1581703172,12.979,12
1581703173,15.972,12
1581703174,11.129,12
1581703175,8.574,12
1581703176,6.88,12
1581703177,0.506,12
1581703178,3.4175,12
1581703180,10.44,12
1581703181,9.511,12
1581703182,8.409,12
1581703183,8.787,12
1581703184,11.954,12
1581703185,10.766,12
1581703186,8.026,12
1581703188,8.342,12
1581703190,7.739,12
1581703191,0.001,12
1581703192,2.604,12
1581703193,8.557,12
1581703194,10.33,12
1581703196,7.806,12
1581703197,5.613,12
1581703198,4.584,12
1581703199,6.189,12
1581703200,7.718,12
1581703201,8.139,12
1581703203,7.218,12
1581703204,7.0825,12
1581703205,1.182,12
1581703206,5.248,12
1581703207,8.271,12
1581703208,7.284,12
1581703210,6.767,12
1581703211,7.348,12
1581703212,5.52,12
1581703213,1.676,12
1581703214,1.238,12
1581703215,0.044,12
1581703216,1.173,12
1581703218,1.442,12
1581703219,0.001,12
1581703220,1.675,12
1581703221,2.18,12
1581703222,3.2465,12
1581703223,4.216,12
1581703224,3.541,12
1581703226,3.7,12
1581703227,6.421,12
1581703228,8.097,12
1581703229,8.622,12
1581703230,15.261,12
1581703231,12.965,12
1581703232,0.001,12
1581703233,0.001,12
1581703234,2.462,12
1581703235,8.39,12
1581703236,7.6275,12
1581703237,7.251,12
1581703238,6.436,12
1581703239,5.15,12
1581703240,8.087,12
1581703242,9.048,12
1581703243,8.8555,12
1581703244,5.738,12
1581703245,0.963,12
1581703246,0.635,12
1581703247,1.5665,12
1581703248,4.936,12
1581703250,3.202,12
1581703251,3.3765,12
1581703252,4.302,12
1581703253,6.618,12
1581703254,3.617,12
1581703255,3.869,12
1581703257,5.391,12
1581703258,5.281,12
1581703259,8.478,12
1581703261,0.92,12
1581703262,7.017,12
1581703263,8.143,12
1581703265,6.987,12
1581703266,7.791,12
1581703267,5.466,12
1581703268,7.569,12
1581703269,11.249,12
1581703270,14.228,12
1581703272,11.793,12
1581703273,11.22,12
1581703274,1.479,12
1581703275,2.81,12
1581703276,11.255,12
1581703277,8.254,12
1581703278,8.934,12
1581703280,9.81,12
1581703281,8.293,12
1581703282,18.911,12
1581703283,3.16,12
1581703284,55.625,12
1581703285,121.798,12
1581703287,78.714,12
1581703288,13.48,12
1581703289,0.002,12
1581703290,0.843,12
1581703291,5.232,12
1581703292,5.727,12
1581703293,14.284,12
1581703295,5.27,12
1581703296,7.01,12
1581703297,10.872,12
1581703298,16.034,12
1581703299,13.996,12
1581703300,3.033,12
1581703302,0.508,12
1581703303,12.045,12
1581703304,79.847,12
1581703305,128.4745,12
1581703306,152.383,12
1581703307,158.113,12
1581703309,142.15,12
1581703310,142.615,12
1581703311,130.638,12
1581703312,144.329,12
1581703313,167.336,12
1581703314,139.886,12
1581703316,0.001,12
1581703317,7.478,12
1581703318,50.228,12
1581703319,135.823,12
1581703320,154.514,12
1581703321,137.165,12
1581703323,153.948,12
1581703324,167.394,12
1581703325,155.1,12
1581703326,143.355,12
1581703327,165.278,12
1581703328,135.39,12
1581703329,0.001,12
1581703330,0.001,12
1581703331,25.342,12
1581703332,126.161,12
1581703333,166.606,12
1581703334,111.295,12
1581703335,174.944,12
1581703336,169.15,12
1581703337,110.488,12
1581703338,110.488,12
1581703339,164.833,12
1581703340,169.382,12
1581703341,152.535,12
1581703342,127.047,12
1581703343,0.002,12
1581703344,0.002,12
1581703346,129.947,12
1581703347,170.582,12
1581703348,168.88,12
1581703349,166.528,12
1581703350,175.726,12
1581703352,157.87,12
1581703353,157.1,12
1581703354,152.66,12
1581703355,149.978,12
1581703356,111.655,12
1581703357,0.001,12
1581703359,65.622,12
1581703360,150.011,12
1581703361,163.537,12
1581703362,150.386,12
1581703363,161.694,12
1581703364,159.52,12
1581703366,149.495,12
1581703367,155.64,12
1581703368,166.545,12
1581703369,166.545,12
1581703370,152.659,12
1581703371,0.002,12
1581703372,35.908,12
1581703374,133.325,12
1581703375,164.147,12
1581703376,147.889,12
1581703377,155.157,12
1581703378,158.113,12
1581703379,156.456,12
1581703381,130.42,12
1581703382,142.621,12
1581703383,142.621,12
1581703384,84.664,12
1581703385,0.002,12
1581703386,15.937,12
1581703388,76.996,12
1581703389,159.574,12
1581703390,160.13,12
1581703391,105.207,12
1581703392,105.299,12
1581703393,168.238,12
1581703394,158.275,12
1581703396,136.243,12
1581703397,136.243,12
1581703398,79.24,12
1581703399,2.812,12
1581703400,21.288,12
1581703401,13.064,12
1581703403,10.357,12
1581703404,9.4655,12
1581703405,6.489,12
1581703406,6.364,12
1581703407,11.212,12
1581703409,9.867,12
1581703410,11.801,12
1581703411,6.772,12
1581703412,6.052,12
1581703413,0.002,12
1581703414,11.794,12
1581703416,9.375,12
1581703417,4.369,12
1581703418,5.612,12
1581703419,4.7435,12
1581703420,3.589,12
1581703421,4.066,12
1581703423,7.655,12
1581703424,11.628,12
1581703425,8.933,12
1581703426,0.77,12
1581703427,0.3865,12
1581703429,29.209,12
1581703430,15.369,12
1581703431,11.683,12
1581703432,12.369,12
1581703433,9.983,12
1581703435,7.539,12
1581703436,8.945,12
1581703437,6.53,12
1581703438,8.874,12
1581703440,0.109,12
1581703441,0.109,12
1581703442,12.394,12
1581703443,17.595,12
1581703444,6.801,12
1581703445,4.342,12
1581703446,4.943,12
1581703448,6.568,12
1581703449,6.881,12
1581703450,7.065,12
1581703451,5.9805,12
1581703452,8.03,12
1581703453,5.813,12
1581703455,0.001,12
1581703456,5.453,12
1581703457,15.509,12
1581703458,13.833,12
1581703459,9.08,12
1581703460,9.881,12
1581703461,9.881,12
1581703462,9.958,12
1581703463,11.345,12
1581703464,11.008,12
1581703465,8.984,12
1581703466,10.334,12
1581703468,9.258,12
1581703469,0.002,12
1581703470,12.822,12
1581703471,16.353,12
1581703472,16.015,12
1581703473,18.363,12
1581703474,18.443,12
1581703475,18.443,12
1581703476,18.414,12
1581703477,17.613,12
1581703478,11.146,12
1581703479,12.821,12
1581703482,5.813,12
1581703483,1.939,12
1581703484,17.721,12
1581703485,17.384,12
1581703486,16.06,12
1581703487,14.741,12
1581703489,16.971,12
1581703490,16.429,12
1581703491,17.621,12
1581703492,15.882,12
1581703493,22.093,12
1581703496,3.721,12
1581703497,2.285,12
1581703498,15.055,12
1581703499,14.941,12
1581703500,10.332,12
1581703501,12.833,12
1581703502,12.833,12
1581703503,7.623,12
1581703504,9.482,12
1581703505,6.9,12
1581703506,9.479,12
1581703508,13.029,12
1581703509,14.437,12
1581703510,4.812333333333333,12
1581703511,4.748,12
1581703512,11.855,12
1581703513,4.586,12
1581703514,5.596,12
1581703516,4.742,12
1581703517,6.053,12
1581703518,7.801,12
1581703519,7.45,12
1581703521,9.186,12
1581703522,9.738,12
1581703523,10.49,12
1581703525,14.32,12
1581703526,17.047,12
1581703527,17.0725,12
1581703529,8.444,12
1581703530,8.176,12
1581703531,8.179,12
1581703532,6.808,12
1581703533,4.258,12
1581703535,6.746,12
1581703537,7.991,12
1581703538,0.002,12
1581703539,18.59,12
1581703540,13.158,12
1581703542,10.733,12
1581703543,10.264,12
1581703544,11.971,12
1581703545,18.114,12
1581703546,21.521,12
1581703548,14.807,12
1581703549,13.694,12
1581703550,13.694,12
1581703551,6.484,12
1581703552,3.958,12
1581703554,22.735,12
1581703555,12.485,12
1581703556,10.139,12
1581703557,15.365,12
1581703558,16.415,12
1581703559,18.015,12
1581703561,14.543,12
1581703562,13.454,12
1581703563,19.868,12
1581703564,21.994,12
1581703566,2.476,12
1581703567,24.646,12
1581703568,24.646,12
1581703569,17.662,12
1581703570,17.366,12
1581703571,13.54,12
1581703572,12.467,12
1581703574,11.587,12
1581703575,8.511,12
1581703576,7.531,12
1581703577,11.151,12
1581703578,4.279,12
1581703579,0.166,12
1581703580,0.166,12
1581703581,4.553,12
1581703582,9.876,12
1581703583,9.562,12
1581703584,7.281,12
1581703585,4.0,12
1581703587,8.066,12
1581703588,11.116,12
1581703589,6.986,12
1581703590,8.48,12
1581703591,6.445,12
1581703592,7.181,12
1581703594,0.002,12
1581703595,7.452,12
1581703596,8.001,12
1581703597,11.307,12
1581703598,7.844,12
1581703600,5.439,12
1581703601,7.824,12
1581703602,6.917,12
1581703603,11.853,12
1581703604,11.201,12
1581703605,10.867,12
1581703607,6.125,12
1581703608,0.561,12
1581703609,19.138,12
1581703610,9.214,12
1581703611,6.082,12
1581703613,5.535,12
1581703614,8.441,12
1581703615,10.171,12
1581703616,6.316,12
1581703617,7.022,12
1581703618,8.373,12
1581703619,12.417,12
1581703620,7.771,12
1581713899,0.001,13
1581713900,0.0005,13
1581713902,0.005,13
1581713903,14.834,13
1581713904,10.272,13
1581713905,9.595,13
1581713906,9.179,13
1581713907,11.018,13
1581713909,15.544,13
1581713910,11.105,13
1581713911,10.956,13
1581713912,13.098,13
1581713915,6.434,13
1581713916,8.74,13
1581713917,13.201,13
1581713918,12.685,13
1581713919,7.431,13
1581713920,12.713,13
1581713922,12.956,13
1581713923,12.599,13
1581713924,11.447,13
1581713925,10.249,13
1581713926,16.77,13
1581713927,14.805,13
1581713930,7.485,13
1581713931,32.863,13
1581713932,28.175,13
1581713933,21.798,13
1581713935,27.821,13
1581713936,22.475,13
1581713937,22.54,13
1581713938,20.636,13
1581713939,6.473,13
1581713940,12.039,13
1581713942,9.181,13
1581713943,0.001,13
1581713944,5.024,13
1581713945,6.782,13
1581713946,10.967,13
1581713947,14.51,13
1581713949,9.513,13
1581713950,13.007,13
1581713951,14.262,13
1581713952,19.685,13
1581713953,12.857,13
1581713956,16.234,13
1581713957,0.875,13
1581713958,8.49,13
1581713959,13.304,13
1581713960,7.243,13
1581713962,8.648,13
1581713963,10.381,13
1581713964,0.156,13
1581713965,4.723,13
1581713966,1.228,13
1581713967,1.182,13
1581713970,0.345,13
1581713971,0.033,13
1581713972,0.055,13
1581713973,0.047,13
1581713974,0.001,13
1581713976,0.056,13
1581713977,0.022,13
1581713978,0.023,13
1581713979,0.022,13
1581713981,0.002,13
1581713984,0.313,13
1581713985,0.002,13
1581713986,22.101,13
1581713987,21.1,13
1581713989,14.144,13
1581713990,6.719,13
1581713991,10.99,13
1581713992,6.066,13
1581713993,0.011,13
1581713994,0.011,13
1581713995,0.011,13
1581713996,0.243,13
1581713997,5.552,13
1581713998,5.145,13
1581713999,3.2875,13
1581714000,6.382,13
1581714001,6.702,13
1581714004,9.136,13
1581714005,8.311,13
1581714006,3.285,13
1581714007,5.75,13
1581714008,5.821,13
1581714009,0.983,13
1581714012,0.827,13
1581714013,0.2776666666666667,13
1581714014,1.106,13
1581714015,0.861,13
1581714016,3.219,13
1581714018,1.352,13
1581714019,0.81,13
1581714020,1.165,13
1581714021,1.142,13
1581714022,1.705,13
1581714023,1.006,13
1581714024,0.738,13
1581714026,0.772,13
1581714027,0.6055,13
1581714028,0.436,13
1581714029,0.268,13
1581714030,0.212,13
1581714031,0.29,13
1581714033,0.48,13
1581714034,4.701,13
1581714035,7.239,13
1581714036,7.73,13
1581714037,8.681,13
1581714038,11.191,13
1581714039,4.97,13
1581714040,0.002,13
1581714041,0.002,13
1581714042,8.237,13
1581714043,11.877,13
1581714044,15.809,13
1581714045,19.716,13
1581714046,13.287,13
1581714048,19.511,13
1581714049,17.638,13
1581714050,15.939,13
1581714051,19.005,13
1581714052,18.584,13
1581714053,13.457,13
1581714054,13.457,13
1581714055,0.003,13
1581714056,19.355,13
1581714057,18.576,13
1581714058,16.176,13
1581714059,16.342,13
1581714060,19.108,13
1581714062,20.46,13
1581714063,14.879,13
1581714064,15.591,13
1581714065,16.604,13
1581714067,8.372,13
1581714068,0.003,13
1581714070,9.952,13
1581714071,15.652,13
1581714072,10.043,13
1581714073,1.676,13
1581714074,2.48,13
1581714076,1.576,13
1581714077,1.832,13
1581714078,1.631,13
1581714079,1.835,13
1581714081,1.274,13
1581714082,1.597,13
1581714084,1.742,13
1581714085,2.368,13
1581714086,2.75,13
1581714087,3.173,13
1581714088,5.439,13
1581714089,4.87,13
1581714091,3.008,13
1581714092,4.354,13
1581714093,3.215,13
1581714094,3.475,13
1581714095,2.678,13
1581714096,1.576,13
1581714097,1.991,13
1581714098,1.991,13
1581714099,2.081,13
1581714100,4.288,13
1581714101,3.92,13
1581714102,3.418,13
1581714103,2.223,13
1581714104,2.48,13
1581714106,1.999,13
1581714107,1.451,13
1581714108,0.871,13
1581714109,1.419,13
1581714110,2.097,13
1581714111,2.078,13
1581714112,1.9905,13
1581714114,1.598,13
1581714115,2.325,13
1581714116,2.448,13
1581714117,2.582,13
1581714118,3.263,13
1581714119,2.234,13
1581714121,3.319,13
1581714122,3.794,13
1581714123,2.368,13
1581714124,1.887,13
1581714125,1.996,13
1581714126,2.112,13
1581714127,0.526,13
1581714128,0.526,13
1581714129,1.701,13
1581714130,1.073,13
1581714131,1.475,13
1581714132,1.084,13
1581714133,1.051,13
1581714134,1.006,13
1581714135,1.006,13
1581714136,1.234,13
1581714137,1.579,13
1581714138,0.973,13
1581714140,1.6155,13
1581714141,1.632,13
1581714142,1.632,13
1581714143,1.498,13
1581714144,2.56,13
1581714145,3.474,13
1581714146,2.605,13
1581714147,2.883,13
1581714148,3.039,13
1581714149,2.189,13
1581714151,2.894,13
1581714152,2.079,13
1581714153,2.068,13
1581714154,1.911,13
1581714155,2.39,13
1581714156,1.521,13
1581714158,2.49,13
1581714159,2.546,13
1581714160,1.911,13
1581714161,1.945,13
1581714162,1.988,13
1581714163,1.576,13
1581714164,2.478,13
1581714166,1.352,13
1581714167,1.599,13
1581714169,1.072,13
1581714170,0.9725,13
1581714171,1.386,13
1581714173,1.295,13
1581714174,1.095,13
1581714175,1.084,13
1581714176,1.431,13
1581714177,1.33,13
1581714178,1.564,13
1581714180,1.082,13
1581714181,0.603,13
1581714183,2.249,13
1581714184,1.956,13
1581714185,2.158,13
1581714186,2.86,13
1581714188,1.496,13
1581714189,1.884,13
1581714190,2.032,13
1581714191,2.024,13
1581714192,1.542,13
1581714193,1.016,13
1581714195,1.118,13
1581714197,0.827,13
1581714198,0.76,13
1581714199,0.178,13
1581714203,0.357,13
1581714204,0.596,13
1581714205,0.644,13
1581714206,0.456,13
1581714208,0.485,13
1581714209,0.497,13
1581714211,0.572,13
1581714212,0.002,13
1581714213,0.369,13
1581714214,0.978,13
1581714216,0.667,13
1581714217,0.594,13
1581714218,1.457,13
1581714219,0.51,13
1581714220,0.088,13
1581714221,0.709,13
1581714222,0.357,13
1581714223,0.666,13
1581714225,0.144,13
1581714226,0.276,13
1581714227,0.268,13
1581714228,1.099,13
1581714231,0.129,13
1581714234,0.134,13
1581714236,0.102,13
1581714239,0.1,13
1581714240,0.002,13
1581714241,0.002,13
1581714242,0.359,13
1581714243,0.413,13
1581714244,0.279,13
1581714245,0.346,13
1581714246,1.91,13
1581714247,4.504,13
1581714248,1.741,13
1581714249,2.675,13
1581714251,3.464,13
1581714252,2.82,13
1581714253,0.887,13
1581714254,0.19,13
1581714255,0.281,13
1581714256,0.246,13
1581714257,0.044,13
1581714275,0.015,13
1581714276,0.007,13
1581714277,1.395,13
1581714278,1.392,13
1581714279,1.19,13
1581714280,1.898,13
1581714282,1.402,13
1581714283,2.399,13
1581714284,0.536,13
1581714285,2.265,13
1581714286,2.112,13
1581714287,1.471,13
1581714288,1.795,13
1581714289,1.956,13
1581714291,2.649,13
1581714292,4.278,13
1581714293,4.773,13
1581714294,7.156,13
1581714295,2.368,13
1581714296,3.022,13
1581714297,3.605,13
1581714299,1.574,13
1581714300,2.843,13
1581714301,3.725,13
1581714302,4.91,13
1581714303,0.458,13
1581714304,0.797,13
1581714305,0.6105,13
1581714306,1.875,13
1581714309,1.362,13
1581714310,0.787,13
1581714311,0.742,13
1581714312,0.31,13
1581714313,1.551,13
1581714314,2.713,13
1581714316,2.853,13
1581714318,0.469,13
1581714319,0.482,13
1581714320,2.469,13
1581714321,1.465,13
1581714322,3.224,13
1581714323,2.835,13
1581714325,2.881,13
1581714326,2.117,13
1581714327,2.159,13
1581714328,1.1,13
1581714329,1.622,13
1581714330,0.207,13
1581714331,8.649,13
1581714332,0.002,13
1581714333,0.002,13
1581714334,3.523,13
1581714335,3.413,13
1581714336,4.343,13
1581714337,6.565,13
1581714338,8.765,13
1581714339,8.084,13
1581714340,10.36,13
1581714342,3.902,13
1581714343,5.967,13
1581714344,4.051,13
1581714345,1.79,13
1581714346,2.761,13
1581714347,1.822,13
1581714348,5.092,13
1581714350,2.668,13
1581714351,4.244,13
1581714352,3.013,13
1581714353,3.374,13
1581714354,2.991,13
1581714355,2.503,13
1581714356,2.827,13
1581714358,2.801,13
1581714360,3.085,13
1581714361,1.898,13
1581714362,0.427,13
1581714363,2.111,13
1581714364,1.429,13
1581714366,2.235,13
1581714367,2.479,13
1581714368,2.378,13
1581714369,2.144,13
1581714370,1.011,13
1581714371,2.506,13
1581714372,3.671,13
1581714374,5.89,13
1581714376,0.939,13
1581714377,3.974,13
1581714378,1.719,13
1581714379,2.396,13
1581714380,0.355,13
1581714381,3.449,13
1581714383,2.891,13
1581714384,1.036,13
1581714385,0.65,13
1581714386,0.833,13
1581714388,1.912,13
1581714389,0.9575,13
1581714391,4.49,13
1581714392,4.791,13
1581714393,3.051,13
1581714394,2.783,13
1581714395,3.509,13
1581714396,2.701,13
1581714397,0.632,13
1581714399,1.429,13
1581714400,2.756,13
1581714402,1.493,13
1581714403,0.002,13
1581714404,1.447,13
1581714405,5.675,13
1581714407,7.296,13
1581714408,7.283,13
1581714409,4.973,13
1581714410,3.594,13
1581714411,2.318,13
1581714412,1.623,13
1581714413,1.767,13
1581714414,1.875,13
1581714416,1.737,13
1581714417,1.315,13
1581714418,0.831,13
1581714419,0.98,13
1581714420,0.589,13
1581714421,0.748,13
1581714422,0.167,13
1581714423,0.044,13
1581714425,0.077,13
1581714426,0.011,13
1581714433,0.011,13
1581714434,0.1,13
1581714435,0.118,13
1581714436,0.079,13
1581714437,0.146,13
1581714439,0.055,13
1581714441,0.101,13
1581714442,0.123,13
1581714443,0.111,13
1581714444,1.944,13
1581714446,1.944,13
1581714447,1.944,13
1581714449,2.512,13
1581714450,1.993,13
1581714451,4.17,13
1581714452,4.159,13
1581714453,2.325,13
1581714454,3.19,13
1581714456,1.837,13
1581714457,3.015,13
1581714458,3.36,13
1581714460,0.834,13
1581714461,1.755,13
1581714462,1.756,13
1581714463,1.153,13
1581714465,3.64,13
1581714466,3.376,13
1581714467,0.891,13
1581714468,1.185,13
1581714469,0.965,13
1581714470,1.929,13
1581714471,0.817,13
1581714472,0.387,13
1581714474,0.529,13
1581714475,0.276,13
1581714476,0.222,13
1581714477,0.066,13
1581714478,0.612,13
1581714479,0.5805,13
1581714480,1.945,13
1581714482,2.528,13
1581714483,3.349,13
1581714484,2.345,13
1581714485,1.351,13
1581714486,1.028,13
1581714487,1.506,13
1581714488,0.906,13
1581714489,0.178,13
1581714492,3.302,13
1581714493,2.493,13
1581714494,5.018,13
1581714495,7.968,13
1581714496,4.576,13
1581714497,6.778,13
1581714499,10.739,13
1581714500,8.079,13
1581714501,7.002,13
1581714502,8.731,13
1581714503,5.285,13
1581714504,10.282,13
1581714505,6.815,13
1581714506,3.733,13
1581714507,2.793,13
1581714508,2.793,13
1581714509,4.346,13
1581714510,8.063,13
1581714511,9.093,13
1581714512,11.046,13
1581714513,13.183,13
1581714514,6.416,13
1581714516,14.5,13
1581714517,8.092,13
1581714518,8.58,13
1581714519,9.696,13
1581714520,13.918,13
1581714521,6.084,13
1581714522,3.7245,13
1581714523,8.045,13
1581714525,7.99,13
1581714526,8.096,13
1581714527,9.598,13
1581714528,9.577,13
1581714529,10.798,13
1581714530,9.073,13
1581714531,8.719,13
1581714532,10.932,13
1581714535,7.352,13
1581714536,3.6775,13
1581714537,7.205,13
1581714538,10.021,13
1581714539,7.016,13
1581714540,7.225,13
1581714541,7.632,13
1581714543,8.126,13
1581714544,7.426,13
1581714545,13.369,13
1581714546,11.14,13
1581714547,12.345,13
1581714548,10.315,13
1581714549,0.002,13
1581714551,4.42,13
1581714552,9.509,13
1581714553,8.706,13
1581714554,10.626,13
1581714555,16.251,13
1581714556,17.472,13
1581714557,17.948,13
1581714559,13.997,13
1581714560,17.764,13
1581714562,20.014,13
1581714563,0.002,13
1581714564,9.875,13
1581714565,19.227,13
1581714567,18.919,13
1581714568,18.178,13
1581714569,18.619,13
1581714570,18.308,13
1581714571,20.586,13
1581714572,19.932,13
1581714573,3.917,13
1581714576,14.343,13
1581714577,3.072,13
1581714578,2.872,13
1581714579,7.073,13
1581714580,7.422,13
1581714581,5.406,13
1581714583,6.315,13
1581714584,6.405,13
1581714585,6.192,13
1581714586,6.984,13
1581714587,7.265,13
1581714588,10.421,13
1581714589,7.019,13
1581714591,3.654,13
1581714592,1.565,13
1581714593,4.907,13
1581714594,13.498,13
1581714595,21.442,13
1581714596,21.025,13
1581714597,19.705,13
1581714599,18.278,13
1581714600,19.213,13
1581714601,11.755,13
1581714602,6.473,13
1581714604,14.363,13
1581714605,8.729,13
1581714607,6.833,13
1581714608,6.53,13
1581714609,7.44,13
1581714610,9.384,13
1581714611,14.222,13
1581714612,15.63,13
1581714614,18.319,13
1581714615,14.306,13
1581714616,8.158,13
1581714618,7.479,13
1581714619,0.802,13
1581714620,4.076,13
1581714621,14.391,13
1581714623,9.869,13
1581714624,13.521,13
1581714625,18.147,13
1581714626,18.314,13
1581714627,15.307,13
1581714628,14.885,13
1581714630,19.3,13
1581714632,14.448,13
1581714633,3.78,13
1581714634,3.526,13
1581714635,6.655,13
1581714636,6.369,13
1581714638,6.52,13
1581714639,5.597,13
1581714640,6.347,13
1581714641,5.414,13
1581714642,8.082,13
1581714643,5.543,13
1581714644,7.049,13
1581714645,9.063,13
1581714647,5.14,13
1581714648,2.631,13
1581714649,5.181,13
1581714650,4.794,13
1581714651,4.78,13
1581714652,4.239,13
1581714653,6.921,13
1581714655,4.902,13
1581714656,3.298,13
1581714657,5.464,13
1581714658,5.014,13
1581714660,3.189,13
1581714661,1.259,13
1581714663,3.072,13
1581714664,6.905,13
1581714665,3.886,13
1581714666,5.079,13
1581714667,4.25,13
1581714668,5.608,13
1581714669,4.55,13
1581714670,1.586,13
1581714672,3.052,13
1581714673,3.052,13
1581714674,4.502,13
1581714675,4.413,13
1581714676,1.828,13
1581714677,4.554,13
1581714678,5.552,13
1581714680,5.2,13
1581714681,5.273,13
1581714682,5.581,13
1581714683,4.618,13
1581714684,5.154,13
1581714685,6.03,13
1581714686,8.149,13
1581714687,6.583,13
1581714689,4.294,13
1581714690,4.884,13
1581714691,5.538,13
1581714692,4.989,13
1581714693,4.502,13
1581714694,2.604,13
1581714695,2.302,13
1581714697,5.367,13
1581714698,5.825,13
1581714699,6.058,13
1581714700,3.421,13
1581714701,2.258,13
1581714702,2.758,13
1581714703,1.5485,13
1581714705,4.313,13
1581714706,4.56,13
1581714707,4.447,13
1581714708,3.652,13
1581714709,3.735,13
1581714710,3.438,13
1581714711,3.582,13
1581714713,5.447,13
1581714714,4.297,13
1581714716,1.456,13
1581714717,0.793,13
1581714718,4.471,13
1581714720,3.971,13
1581714721,6.731,13
1581714722,4.238,13
1581714723,6.552,13
1581714724,1.238,13
1581714725,1.037,13
1581714726,2.563,13
1581714727,2.601,13
1581714730,3.792,13
1581714731,1.134,13
1581714732,1.563,13
1581714733,1.034,13
1581714734,1.85,13
1581714735,1.648,13
1581714737,1.056,13
1581714738,3.514,13
1581714739,3.179,13
1581714740,2.088,13
1581714741,2.3,13
1581714742,2.245,13
1581714743,3.079,13
1581714745,4.024,13
1581714746,1.431,13
1581714747,0.023,13
1581714748,3.442,13
1581714749,4.799,13
1581714750,2.84,13
1581714751,1.464,13
1581714752,1.754,13
1581714754,3.287,13
1581714755,5.795,13
1581714756,5.871,13
1581714757,4.019,13
1581714759,5.942,13
1581714760,0.002,13
1581714761,2.289,13
1581714763,5.268,13
1581714764,5.945,13
1581714765,7.85,13
1581714766,4.862,13
1581714767,5.0,13
1581714768,6.949,13
1581714769,8.581,13
1581714771,7.427,13
1581714773,9.001,13
1581714774,3.519,13
1581714775,3.212,13
1581714776,7.737,13
1581714777,6.617,13
1581714778,9.831,13
1581714779,11.839,13
1581714780,11.839,13
1581714781,10.369,13
1581714782,8.516,13
1581714783,11.287,13
1581714784,12.55,13
1581714785,10.948,13
1581714786,7.719,13
1581714788,5.246,13
1581714789,1.166,13
1581714790,5.042,13
1581714791,6.413,13
1581714792,2.259,13
1581714793,1.288,13
1581714794,2.799,13
1581714795,3.266,13
1581714797,3.191,13
1581714798,4.154,13
1581714799,5.828,13
1581714801,3.779,13
1581714802,3.193,13
1581714803,1.372,13
1581714805,3.35,13
1581714806,2.24,13
1581714807,1.2,13
1581714808,1.254,13
1581714809,3.334,13
1581714810,4.464,13
1581714811,1.78,13
1581714813,3.834,13
1581714815,3.197,13
1581714816,2.868,13
1581714817,1.843,13
1581714818,2.516,13
1581714819,2.598,13
1581714821,2.065,13
1581714822,1.069,13
1581714823,3.68,13
1581714824,2.922,13
1581714825,5.17,13
1581714826,3.48,13
1581714827,5.334,13
1581714829,1.818,13
1581714830,1.226,13
1581714831,0.049,13
1581714832,2.923,13
1581714833,2.597,13
1581714834,3.698,13
1581714835,4.54,13
1581714837,3.966,13
1581714838,5.981,13
1581714839,4.443,13
1581714840,4.346,13
1581714841,4.536,13
1581714843,4.147,13
1581714844,0.003,13
1581714846,3.659,13
1581714847,5.82,13
1581714848,4.471,13
1581714849,2.972,13
1581714850,2.448,13
1581714851,2.134,13
1581714853,0.794,13
1581714854,2.661,13
1581714855,2.431,13
1581714857,3.982,13
1581714858,2.658,13
1581714859,2.304,13
1581714861,1.91,13
1581714862,2.09,13
1581714863,3.856,13
1581714864,1.777,13
1581714865,3.046,13
1581714866,5.026,13
1581714867,5.075,13
1581714869,6.415,13
1581714871,4.504,13
1581714872,1.57,13
1581714873,1.127,13
1581714874,3.62,13
1581714875,2.868,13
1581714877,3.25,13
1581714878,1.893,13
1581714879,2.692,13
1581714880,2.031,13
1581714881,2.91,13
1581714882,3.472,13
1581714885,4.397,13
1581714886,5.21,13
1581714887,0.566,13
1581714888,5.425,13
1581714889,3.968,13
1581714890,4.047,13
1581714891,3.812,13
1582853415,0.15,14
1582853416,0.0615,14
1582853417,0.03,14
1582853424,12.607,14
1582853426,12.6,14
1582853427,9.284,14
1582853428,6.386,14
1582853429,4.457,14
1582853430,4.454,14
1582853432,3.021,14
1582853433,3.736,14
1582853434,4.927,14
1582853435,2.075,14
1582853437,2.994,14
1582853439,8.998,14
1582853440,5.564,14
1582853441,4.871,14
1582853442,6.197,14
1582853443,4.847,14
1582853445,5.15,14
1582853446,3.09,14
1582853447,5.622,14
1582853448,3.719,14
1582853449,3.99,14
1582853450,0.001,14
1582853451,0.001,14
1582853452,6.419,14
1582853453,2.074,14
1582853454,1.995,14
1582853455,4.481,14
1582853456,3.608,14
1582853457,2.957,14
1582853459,1.466,14
1582853460,3.292,14
1582853461,3.434,14
1582853462,4.776,14
1582853463,2.002,14
1582853465,0.002,14
1582853466,5.627,14
1582853467,9.593,14
1582853468,6.68,14
1582853469,1.692,14
1582853471,5.745,14
1582853472,3.88,14
1582853473,3.819,14
1582853474,7.824,14
1582853475,6.179,14
1582853478,1.265,14
1582853479,1.704,14
1582853480,9.109,14
1582853481,7.163,14
1582853482,5.143,14
1582853484,7.473,14
1582853485,8.11,14
1582853486,8.013,14
1582853487,9.555,14
1582853488,14.294,14
1582853490,6.952,14
1582853491,7.452,14
1582853492,0.307,14
1582853493,4.714,14
1582853494,7.382,14
1582853495,6.397,14
1582853497,7.307,14
1582853498,8.259,14
1582853499,8.99,14
1582853500,3.629,14
1582853501,4.4,14
1582853503,10.064,14
1582853505,3.079,14
1582853506,0.001,14
1582853507,9.937,14
1582853508,8.912,14
1582853510,5.255,14
1582853511,3.616,14
1582853512,3.032,14
1582853513,3.89,14
1582853514,2.815,14
1582853516,3.775,14
1582853517,3.225,14
1582853519,0.852,14
1582853520,0.002,14
1582853521,0.844,14
1582853523,0.413,14
1582853524,0.636,14
1582853525,0.345,14
1582853526,1.438,14
1582853527,0.458,14
1582853529,0.437,14
1582853530,0.64,14
1582853531,2.621,14
1582853533,0.784,14
1582853534,1.7415,14
1582853536,0.882,14
1582853537,0.614,14
1582853538,2.788,14
1582853539,4.714,14
1582853540,3.649,14
1582853542,0.924,14
1582853543,0.222,14
1582853544,0.586,14
1582853545,0.847,14
1582853546,0.768,14
1582853547,0.231,14
1582853548,0.231,14
1582853549,0.037,14
1582853550,2.067,14
1582853551,2.916,14
1582853552,2.365,14
1582853553,1.92,14
1582853554,2.602,14
1582853556,1.487,14
1582853557,1.599,14
1582853558,1.524,14
1582853559,1.319,14
1582853560,1.409,14
1582853561,0.548,14
1582853562,0.382,14
1582853564,0.671,14
1582853565,0.838,14
1582853566,0.961,14
1582853567,0.984,14
1582853568,0.827,14
1582853570,0.838,14
1582853572,0.838,14
1582853573,0.816,14
1582853575,0.838,14
1582853576,0.4425,14
1582853577,1.102,14
1582853578,1.102,14
1582853579,1.297,14
1582853580,1.174,14
1582853581,2.136,14
1582853582,2.045,14
1582853583,2.292,14
1582853584,1.733,14
1582853585,1.553,14
1582853587,3.332,14
1582853588,4.855,14
1582853589,8.689,14
1582853590,4.9485,14
1582853591,4.536,14
1582853592,2.446,14
1582853594,3.709,14
1582853595,2.099,14
1582853596,3.009,14
1582853597,2.579,14
1582853598,3.302,14
1582853599,2.646,14
1582853600,4.019,14
1582853603,4.719,14
1582853604,1.117,14
1582853605,4.107,14
1582853606,7.492,14
1582853607,4.692,14
1582853609,3.848,14
1582853610,3.159,14
1582853611,4.946,14
1582853612,3.417,14
1582853613,2.678,14
1582853614,5.94,14
1582853615,7.346,14
1582853617,4.204,14
1582853618,0.002,14
1582853619,7.815,14
1582853620,6.941,14
1582853621,7.329,14
1582853622,7.88,14
1582853624,7.468,14
1582853625,4.676,14
1582853626,5.589,14
1582853627,1.722,14
1582853628,1.543,14
1582853629,1.719,14
1582853631,2.348,14
1582853632,3.458,14
1582853633,2.423,14
1582853634,2.849,14
1582853635,3.552,14
1582853636,7.261,14
1582853638,5.271,14
1582853639,5.083,14
1582853640,2.145,14
1582853641,2.424,14
1582853642,2.503,14
1582853643,2.457,14
1582853644,3.174,14
1582853646,3.955,14
1582853647,5.093,14
1582853648,3.797,14
1582853649,5.721,14
1582853650,3.129,14
1582853651,6.294,14
1582853653,4.592,14
1582853654,2.045,14
1582853655,0.156,14
1582853659,0.015,14
1582853660,0.002,14
1582853661,0.495,14
1582853662,0.649,14
1582853663,0.514,14
1582853664,1.173,14
1582853665,0.861,14
1582853666,1.073,14
1582853668,1.14,14
1582853669,1.196,14
1582853670,0.615,14
1582853671,0.961,14
1582853672,1.766,14
1582853673,0.279,14
1582853674,0.47,14
1582853676,0.583,14
1582853677,0.548,14
1582853678,0.402,14
1582853679,0.771,14
1582853680,0.447,14
1582853681,0.536,14
1582853682,1.028,14
1582853683,1.785,14
1582853685,1.028,14
1582853686,0.883,14
1582853687,0.793,14
1582853688,0.615,14
1582853689,0.383,14
1582853690,0.305,14
1582853691,0.559,14
1582853692,0.559,14
1582853693,0.267,14
1582853694,0.189,14
1582853695,0.268,14
1582853696,0.201,14
1582853697,0.246,14
1582853698,0.055,14
1582853700,0.055,14
1582853708,0.013,14
1582853710,0.347,14
1582853711,0.58,14
1582853712,0.434,14
1582853713,0.272,14
1582853714,0.347,14
1582853715,0.434,14
1582853716,0.4235,14
1582853718,0.188,14
1582853719,0.21,14
1582853720,0.179,14
1582853721,0.145,14
1582853722,0.084,14
1582853723,0.436,14
1582853724,0.548,14
1582853726,0.726,14
1582853727,1.418,14
1582853728,1.635,14
1582853729,1.888,14
1582853730,1.216,14
1582853731,1.342,14
1582853732,1.217,14
1582853734,1.24,14
1582853735,0.827,14
1582853736,1.612,14
1582853737,0.963,14
1582853738,1.161,14
1582853739,1.585,14
1582853740,2.21,14
1582853741,2.033,14
1582853743,0.876,14
1582853744,1.239,14
1582853745,1.812,14
1582853746,1.424,14
1582853748,2.317,14
1582853749,0.177,14
1582853751,2.624,14
1582853752,1.6,14
1582853753,0.714,14
1582853754,1.207,14
1582853755,1.028,14
1582853756,0.726,14
1582853757,0.557,14
1582853759,0.379,14
1582853760,0.682,14
1582853761,0.567,14
1582853762,0.424,14
1582853763,0.399,14
1582853764,0.646,14
1582853765,0.737,14
1582853766,0.693,14
1582853767,0.693,14
1582853768,0.145,14
1582853769,0.199,14
1582853770,1.583,14
1582853771,2.045,14
1582853772,3.897,14
1582853774,4.117,14
1582853777,1.209,14
1582853778,2.602,14
1582853779,1.937,14
1582853780,3.162,14
1582853781,2.001,14
1582853782,0.826,14
1582853783,2.04,14
1582853785,1.155,14
1582853786,3.534,14
1582853787,0.266,14
1582853788,1.552,14
1582853789,7.851,14
1582853790,7.87,14
1582853791,5.844,14
1582853793,0.002,14
1582853794,1.936,14
1582853795,3.405,14
1582853796,3.627,14
1582853797,2.55,14
1582853798,6.571,14
1582853799,7.797,14
1582853801,6.909,14
1582853802,7.238,14
1582853803,5.156,14
1582853804,5.963,14
1582853805,5.499,14
1582853806,0.533,14
1582853807,0.3235,14
1582853809,5.681,14
1582853810,6.339,14
1582853811,4.285,14
1582853812,2.994,14
1582853813,6.49,14
1582853814,8.893,14
1582853815,7.757,14
1582853817,5.825,14
1582853818,6.893,14
1582853820,8.284,14
1582853821,4.143,14
1582853822,5.669,14
1582853823,7.176,14
1582853825,6.612,14
1582853826,6.602,14
1582853827,5.826,14
1582853828,5.486,14
1582853829,6.294,14
1582853830,8.033,14
1582853831,5.553,14
1582853832,5.999,14
1582853834,6.023,14
1582853835,1.852,14
1582853836,2.26,14
1582853837,6.332,14
1582853838,4.682,14
1582853839,5.843,14
1582853841,5.517,14
1582853842,7.022,14
1582853843,6.816,14
1582853844,5.704,14
1582853845,3.904,14
1582853846,6.55,14
1582853847,6.605,14
1582853848,0.001,14
1582853849,0.001,14
1582853850,2.246,14
1582853851,7.087,14
1582853852,4.405,14
1582853853,5.934,14
1582853854,4.573,14
1582853855,3.423,14
1582853856,6.955,14
1582853857,6.88,14
1582853859,6.138,14
1582853860,7.247,14
1582853861,1.161,14
1582853862,0.21,14
1582853863,0.173,14
1582853864,2.302,14
1582853866,3.334,14
1582853867,3.466,14
1582853868,2.376,14
1582853869,3.018,14
1582853870,2.287,14
1582853871,2.774,14
1582853872,6.637,14
1582853874,1.37,14
1582853876,0.077,14
1582853878,3.266,14
1582853879,0.661,14
1582853881,0.659,14
1582853883,0.38,14
1582853884,0.433,14
1582853885,1.571,14
1582853886,0.81,14
1582853887,1.016,14
1582853888,5.643,14
1582853889,4.218,14
1582853891,0.001,14
1582853892,2.221,14
1582853893,4.863,14
1582853894,3.407,14
1582853895,2.541,14
1582853896,2.1,14
1582853897,0.69,14
1582853899,0.947,14
1582853900,0.356,14
1582853901,1.203,14
1582853902,1.996,14
1582853903,1.075,14
1582853904,0.581,14
1582853905,0.318,14
1582853906,0.003,14
1582853908,0.022,14
1582853909,0.022,14
1582853910,0.1,14
1582853914,0.011,14
1582853915,0.788,14
1582853916,0.89,14
1582853918,0.189,14
1582853919,0.404,14
1582853920,0.303,14
1582853921,1.154,14
1582853923,1.358,14
1582853924,0.443,14
1582853925,0.527,14
1582853926,0.155,14
1582853927,1.426,14
1582853928,1.302,14
1582853929,0.8705,14
1582853931,0.557,14
1582853933,0.011,14
1582853934,0.13966666666666666,14
1582853935,0.067,14
1582853936,0.123,14
1582853937,0.234,14
1582853939,2.409,14
1582853940,2.099,14
1582853941,1.654,14
1582853942,0.675,14
1582853943,1.885,14
1582853945,2.81,14
1582853946,0.647,14
1582853948,0.054,14
1582853949,2.73,14
1582853950,1.149,14
1582853951,1.418,14
1582853952,1.537,14
1582853953,2.118,14
1582853954,1.857,14
1582853956,1.129,14
1582853957,0.309,14
1582853958,0.055,14
1582853959,0.939,14
1582853960,2.974,14
1582853961,0.892,14
1582853962,1.265,14
1582853964,2.099,14
1582853965,2.398,14
1582853966,2.894,14
1582853967,2.68,14
1582853968,2.785,14
1582853969,1.759,14
1582853970,3.09,14
1582853971,1.697,14
1582853974,0.423,14
1582853975,0.122,14
1582853976,0.438,14
1582853977,3.542,14
1582853978,2.58,14
1582853979,4.287,14
1582853981,6.609,14
1582853982,8.314,14
1582853983,5.68,14
1582853984,7.881,14
1582853985,7.475,14
1582853986,2.897,14
1582853988,6.35,14
1582853989,6.35,14
1582853990,0.103,14
1582853991,5.233,14
1582853992,5.476,14
1582853993,2.734,14
1582853994,3.045,14
1582853995,5.858,14
1582853996,4.152,14
1582853998,4.961,14
1582853999,2.909,14
1582854000,3.186,14
1582854002,2.799,14
1582854003,0.092,14
1582854004,3.536,14
1582854006,4.203,14
1582854007,4.823,14
1582854008,3.673,14
1582854009,1.808,14
1582854010,1.806,14
1582854011,3.836,14
1582854012,4.24,14
1582854013,5.382,14
1582854016,8.781,14
1582854017,0.664,14
1582854018,3.866,14
1582854019,8.922,14
1582854020,5.45,14
1582854022,5.24,14
1582854023,6.144,14
1582854024,5.058,14
1582854025,8.047,14
1582854026,5.713,14
1582854027,8.694,14
1582854028,8.77,14
1582854030,9.682,14
1582854031,2.387,14
1582854032,1.673,14
1582854033,6.988,14
1582854034,6.751,14
1582854035,6.374,14
1582854036,4.775,14
1582854038,5.474,14
1582854039,5.183,14
1582854040,5.508,14
1582854041,5.286,14
1582854042,8.19,14
1582854044,1.709,14
1582854045,1.709,14
1582854046,0.348,14
1582854048,7.225,14
1582854049,6.39,14
1582854050,7.329,14
1582854051,6.215,14
1582854052,9.181,14
1582854053,4.203,14
1582854054,5.64,14
1582854056,5.55,14
1582854058,5.949,14
1582854059,4.496,14
1582854060,0.894,14
1582854061,5.953,14
1582854062,5.242,14
1582854064,5.905,14
1582854065,5.728,14
1582854066,5.463,14
1582854067,5.243,14
1582854068,4.565,14
1582854069,3.05,14
1582854070,3.127,14
1582854072,2.516,14
1582854073,2.946,14
1582854074,1.527,14
1582854075,3.415,14
1582854076,2.602,14
1582854077,3.903,14
1582854078,5.966,14
1582854079,4.366,14
1582854081,3.964,14
1582854082,3.89,14
1582854083,6.428,14
1582854084,5.739,14
1582854086,7.309,14
1582854087,3.444,14
1582854089,2.286,14
1582854090,4.812,14
1582854091,2.713,14
1582854092,2.081,14
1582854093,2.476,14
1582854094,3.879,14
1582854095,2.792,14
1582854096,1.21,14
1582854098,1.242,14
1582854099,1.793,14
1582854100,3.297,14
1582854101,1.331,14
1582854102,1.003,14
1582854103,2.909,14
1582854104,2.716,14
1582854105,2.097,14
1582854107,3.547,14
1582854108,2.181,14
1582854109,2.246,14
1582854110,2.324,14
1582854111,2.41,14
1582854112,3.542,14
1582854114,2.242,14
1582854116,0.74,14
1582854117,4.907,14
1582854118,3.721,14
1582854119,2.822,14
1582854120,2.376,14
1582854121,4.33,14
1582854122,2.969,14
1582854123,4.189,14
1582854124,3.898,14
1582854126,4.328,14
1582854128,2.464,14
1582854129,2.556,14
1582854130,1.492,14
1582854131,3.028,14
1582854132,2.847,14
1582854133,1.429,14
1582854135,2.134,14
1582854136,4.108,14
1582854137,4.977,14
1582854138,9.658,14
1582854139,8.958,14
1582854140,12.513,14
1582854142,7.969,14
1582854143,1.863,14
1582854144,1.029,14
1582854145,4.218,14
1582854146,5.105,14
1582854147,3.08,14
1582854148,2.422,14
1582854150,4.253,14
1582854151,3.95,14
1582854152,3.882,14
1582854153,2.113,14
1582854154,1.203,14
1582854156,0.601,14
1582854157,0.601,14
1582854158,0.028,14
1582854159,2.495,14
1582854160,4.877,14
1582854161,4.499,14
1582854162,3.256,14
1582854163,3.929,14
1582854164,3.14,14
1582854166,3.512,14
1582854167,5.429,14
1582854168,3.265,14
1582854170,4.741,14
1582854171,0.193,14
1582854172,2.017,14
1582854173,4.364,14
1582854175,4.237,14
1582854176,4.093,14
1582854177,4.827,14
1582854178,4.333,14
1582854179,4.403,14
1582854180,3.955,14
1582854181,4.328,14
1582854182,4.328,14
1582854184,5.199,14
1582854185,3.397,14
1582854186,1.007,14
1582854187,3.566,14
1582854188,2.638,14
1582854189,2.984,14
1582854190,5.364,14
1582854192,4.966,14
1582854193,4.822,14
1582854194,4.254,14
1582854195,3.175,14
1582854196,3.343,14
1582854198,2.544,14
1582854199,2.544,14
1582854200,0.003,14
1582854201,4.697,14
1582854202,3.519,14
1582854203,3.374,14
1582854204,2.381,14
1582854205,4.034,14
1582854206,5.278,14
1582854208,5.493,14
1582854209,5.517,14
1582854210,3.51,14
1582854211,3.404,14
1582854212,3.663,14
1582854213,0.002,14
1582854214,4.056,14
1582854216,3.474,14
1582854217,2.393,14
1582854218,1.027,14
1582854219,3.115,14
1582854220,4.746,14
1582854221,4.146,14
1582854222,1.073,14
1582854224,2.998,14
1582854226,2.408,14
1582854227,0.001,14
1582854228,0.862,14
1582854229,2.179,14
1582854230,2.202,14
1582854232,2.132,14
1582854233,1.553,14
1582854234,1.631,14
1582854235,2.312,14
1582854236,2.769,14
1582854237,2.365,14
1582854238,1.812,14
1582854239,1.077,14
1582854241,0.4,14
1582854242,0.703,14
1582854243,2.059,14
1582854244,1.797,14
1582854245,0.588,14
1582854246,1.5,14
1582854247,1.465,14
1582854248,2.102,14
1582854250,1.296,14
1582854251,2.146,14
1582854252,3.169,14
1582854254,0.905,14
1582854255,0.454,14
1582854256,3.906,14
1582854258,2.784,14
1582854259,4.23,14
1582854260,2.747,14
1582854261,2.76,14
1582854262,4.53,14
1582854263,3.661,14
1582854264,3.237,14
1582854266,3.07,14
1582854268,1.898,14
1582854269,0.616,14
1582854270,2.723,14
1582854271,6.615,14
1582854272,6.424,14
1582854274,5.698,14
1582854275,4.71,14
1582854276,4.078,14
1582854277,5.972,14
1582854278,4.631,14
1582854279,4.932,14
1582854280,5.064,14
1582854282,5.638,14
1582854283,3.723,14
1582854284,0.204,14
1582854285,3.697,14
1582854286,3.987,14
1582854287,3.597,14
1582854288,2.424,14
1582854290,1.375,14
1582854291,1.803,14
1582854292,1.487,14
1582854293,1.897,14
1582854294,2.801,14
1582854295,3.817,14
1582854298,1.119,14
1582854299,3.718,14
1582854300,1.777,14
1582864557,0.207,15
1582864558,0.01,15
1582864559,0.001,15
1582864564,1.8915,15
1582864565,9.426,15
1582864567,8.819,15
1582864568,3.233,15
1582864569,20.705,15
1582864570,19.509,15
1582864571,24.99,15
1582864572,81.22,15
1582864573,81.76,15
1582864574,91.193,15
1582864575,107.058,15
1582864576,71.667,15
1582864577,0.011,15
1582864578,17.331,15
1582864580,29.663,15
1582864581,95.001,15
1582864582,101.647,15
1582864583,180.855,15
1582864584,154.803,15
1582864585,92.803,15
1582864586,98.844,15
1582864587,104.863,15
1582864588,110.481,15
1582864590,5.489,15
1582864591,5.489,15
1582864592,1.753,15
1582864593,28.055,15
1582864594,19.483,15
1582864595,70.535,15
1582864596,72.331,15
1582864597,104.252,15
1582864598,42.653,15
1582864599,135.437,15
1582864601,174.276,15
1582864602,142.323,15
1582864604,96.379,15
1582864605,48.1935,15
1582864606,19.186,15
1582864607,20.866,15
1582864609,19.743,15
1582864610,20.771,15
1582864611,21.663,15
1582864612,20.925,15
1582864613,20.697,15
1582864614,20.409,15
1582864615,18.775,15
1582864618,10.02,15
1582864619,0.002,15
1582864620,22.257,15
1582864621,25.671,15
1582864622,24.748,15
1582864623,26.002,15
1582864624,23.841,15
1582864625,27.278,15
1582864626,25.156,15
1582864628,20.71,15
1582864629,27.521,15
1582864630,140.924,15
1582864632,31.393,15
1582864633,19.638,15
1582864634,32.119,15
1582864635,31.281,15
1582864637,29.809,15
1582864638,31.927,15
1582864639,32.145,15
1582864640,31.856,15
1582864641,16.71,15
1582864642,19.115,15
1582864643,31.821,15
1582864646,19.066,15
1582864647,10.2415,15
1582864648,18.47,15
1582864649,60.107,15
1582864650,189.814,15
1582864651,128.49,15
1582864653,136.16,15
1582864654,142.345,15
1582864655,138.435,15
1582864656,151.125,15
1582864657,147.84,15
1582864658,158.001,15
1582864659,97.928,15
1582864660,48.9675,15
1582864662,33.67,15
1582864663,148.42,15
1582864664,189.583,15
1582864665,170.777,15
1582864666,141.296,15
1582864667,151.007,15
1582864668,164.238,15
1582864669,172.273,15
1582864671,166.819,15
1582864672,152.511,15
1582864673,109.424,15
1582864674,4.47,15
1582864675,18.081,15
1582864676,127.577,15
1582864677,205.109,15
1582864678,110.115,15
1582864679,179.944,15
1582864680,188.312,15
1582864682,178.723,15
1582864683,171.979,15
1582864684,153.891,15
1582864685,140.226,15
1582864687,30.54,15
1582864688,15.271,15
1582864689,20.676,15
1582864690,117.959,15
1582864692,75.282,15
1582864693,88.54,15
1582864694,77.496,15
1582864695,63.083,15
1582864696,64.258,15
1582864697,77.641,15
1582864698,86.408,15
1582864700,99.144,15
1582864701,52.342,15
1582864702,0.002,15
1582864703,94.808,15
1582864704,168.634,15
1582864705,229.791,15
1582864706,253.839,15
1582864707,269.927,15
1582864709,213.49,15
1582864710,205.823,15
1582864711,183.85,15
1582864712,176.461,15
1582864713,138.917,15
1582864714,136.041,15
1582864715,5.563,15
1582864716,7.875,15
1582864718,22.261,15
1582864719,20.083,15
1582864720,31.093,15
1582864721,106.25,15
1582864722,107.032,15
1582864723,106.975,15
1582864724,113.486,15
1582864725,110.772,15
1582864727,123.458,15
1582864728,218.559,15
1582864729,3.107,15
1582864730,3.3115,15
1582864731,28.571,15
1582864732,34.271,15
1582864733,67.525,15
1582864735,70.619,15
1582864736,76.922,15
1582864737,81.917,15
1582864738,88.697,15
1582864739,85.913,15
1582864740,91.525,15
1582864741,58.845,15
1582864742,21.016,15
1582864743,21.016,15
1582864744,0.629,15
1582864745,12.813,15
1582864746,17.536,15
1582864747,19.767,15
1582864748,11.806,15
1582864749,17.291,15
1582864750,15.761,15
1582864752,8.755,15
1582864753,19.033,15
1582864754,19.416,15
1582864756,14.559,15
1582864758,9.88,15
1582864759,16.117,15
1582864761,17.29,15
1582864762,18.469,15
1582864763,19.03,15
1582864764,19.779,15
1582864765,21.734,15
1582864766,140.494,15
1582864767,276.344,15
1582864768,310.495,15
1582864770,240.439,15
1582864771,0.028,15
1582864772,11.075,15
1582864773,40.644,15
1582864774,180.03,15
1582864775,150.102,15
1582864776,178.889,15
1582864777,196.635,15
1582864779,119.119,15
1582864780,117.281,15
1582864781,127.465,15
1582864782,171.953,15
1582864784,56.4,15
1582864785,19.474666666666668,15
1582864786,23.312,15
1582864788,24.499,15
1582864789,22.625,15
1582864790,23.94,15
1582864791,19.772,15
1582864792,20.791,15
1582864793,33.735,15
1582864794,172.903,15
1582864795,208.609,15
1582864798,71.434,15
1582864799,0.002,15
1582864800,19.415,15
1582864801,21.789,15
1582864802,22.068,15
1582864803,20.687,15
1582864804,20.687,15
1582864805,20.177,15
1582864806,18.773,15
1582864807,21.42,15
1582864808,18.962,15
1582864809,20.918,15
1582864810,21.896,15
1582864811,55.552,15
1582864812,1.861,15
1582864813,1.861,15
1582864814,6.022,15
1582864815,8.616,15
1582864816,20.922,15
1582864817,12.033,15
1582864818,17.399,15
1582864819,17.954,15
1582864820,10.942,15
1582864822,32.06,15
1582864823,65.053,15
1582864824,86.199,15
1582864825,99.488,15
1582864827,10.514,15
1582864828,22.321,15
1582864829,20.962,15
1582864831,49.498,15
1582864832,145.866,15
1582864833,113.438,15
1582864834,9.589,15
1582864835,4.892,15
1582864836,8.226,15
1582864837,27.133,15
1582864838,42.308,15
1582864839,18.761,15
1582864840,18.761,15
1582864841,0.333,15
1582864842,23.713,15
1582864843,31.824,15
1582864844,43.25,15
1582864845,37.53,15
1582864846,135.633,15
1582864847,159.238,15
1582864848,156.712,15
1582864851,145.398,15
1582864852,144.333,15
1582864853,84.195,15
1582864854,0.001,15
1582864855,9.284,15
1582864856,42.395,15
1582864857,69.377,15
1582864858,85.522,15
1582864860,42.588,15
1582864861,93.076,15
1582864862,139.426,15
1582864863,118.664,15
1582864864,99.6,15
1582864865,74.677,15
1582864866,34.412,15
1582864867,40.263,15
1582864868,38.584,15
1582864870,12.23,15
1582864871,2.425,15
1582864872,2.718,15
1582864873,13.805,15
1582864874,40.593,15
1582864875,13.986,15
1582864876,12.577,15
1582864877,2.873,15
1582864879,2.178,15
1582864881,0.011,15
1582864890,0.154,15
1582864891,0.11,15
1582864892,0.014,15
1582864893,0.1,15
1582864895,0.033,15
1582864896,0.033,15
1582864897,0.101,15
1582864898,0.003,15
1582864899,0.068,15
1582864900,0.277,15
1582864901,0.366,15
1582864902,0.367,15
1582864904,0.187,15
1582864905,0.332,15
1582864906,0.377,15
1582864907,0.333,15
1582864908,0.256,15
1582864909,0.221,15
1582864910,0.288,15
1582864911,0.966,15
1582864912,0.088,15
1582864914,0.671,15
1582864915,1.656,15
1582864916,6.424,15
1582864917,9.009,15
1582864918,11.341,15
1582864919,12.646,15
1582864920,12.259,15
1582864921,11.185,15
1582864924,14.929,15
1582864925,1.164,15
1582864926,0.5975,15
1582864927,4.137,15
1582864928,8.247,15
1582864929,8.214,15
1582864930,11.995,15
1582864931,15.278,15
1582864933,14.883,15
1582864934,13.916,15
1582864935,11.032,15
1582864936,10.048,15
1582864937,8.599,15
1582864938,3.919,15
1582864939,3.41,15
1582864940,1.981,15
1582864941,4.931,15
1582864943,3.317,15
1582864944,0.877,15
1582864945,0.626,15
1582864946,0.869,15
1582864947,0.342,15
1582864948,1.638,15
1582864949,1.055,15
1582864950,0.574,15
1582864953,1.593,15
1582864954,1.173,15
1582864955,1.094,15
1582864956,2.676,15
1582864957,2.852,15
1582864958,3.843,15
1582864959,2.639,15
1582864960,2.451,15
1582864962,0.927,15
1582864963,4.257,15
1582864964,3.654,15
1582864965,3.678,15
1582864966,0.833,15
1582864967,0.662,15
1582864968,1.4845,15
1582864969,1.757,15
1582864970,0.728,15
1582864972,0.971,15
1582864973,0.823,15
1582864974,0.055,15
1582864975,2.164,15
1582864976,0.883,15
1582864977,0.681,15
1582864978,1.4,15
1582864979,0.678,15
1582864981,1.949,15
1582864982,1.887,15
1582864983,1.004,15
1582864984,1.744,15
1582864985,3.464,15
1582864986,1.697,15
1582864987,1.084,15
1582864988,3.645,15
1582864989,3.673,15
1582864991,2.301,15
1582864992,1.906,15
1582864993,2.681,15
1582864994,1.238,15
1582864996,2.934,15
1582864997,1.9965,15
1582864998,3.844,15
1582865000,5.092,15
1582865001,2.14,15
1582865002,1.176,15
1582865003,3.231,15
1582865004,2.597,15
1582865005,1.506,15
1582865006,2.244,15
1582865007,5.023,15
1582865008,4.69,15
1582865009,3.634,15
1582865011,4.119,15
1582865012,0.227,15
1582865013,2.854,15
1582865014,2.928,15
1582865015,3.956,15
1582865016,3.37,15
1582865017,1.503,15
1582865018,1.236,15
1582865021,0.223,15
1582865022,0.659,15
1582865024,1.617,15
1582865025,1.2845,15
1582865026,0.459,15
1582865027,0.816,15
1582865028,0.758,15
1582865029,1.362,15
1582865031,0.512,15
1582865032,2.286,15
1582865033,1.855,15
1582865034,2.319,15
1582865035,1.296,15
1582865036,2.774,15
1582865037,2.591,15
1582865038,2.507,15
1582865039,1.4115,15
1582865040,0.316,15
1582865041,3.13,15
1582865042,2.368,15
1582865043,2.393,15
1582865044,2.184,15
1582865045,2.233,15
1582865046,1.97,15
1582865047,2.068,15
1582865048,1.87,15
1582865049,2.202,15
1582865052,2.28,15
1582865053,1.715,15
1582865054,0.699,15
1582865055,1.814,15
1582865056,2.988,15
1582865057,3.427,15
1582865058,4.912,15
1582865059,3.769,15
1582865061,4.892,15
1582865062,4.661,15
1582865063,4.317,15
1582865064,4.39,15
1582865066,4.743,15
1582865067,2.7975,15
1582865068,2.681,15
1582865069,3.706,15
1582865071,4.012,15
1582865072,3.003,15
1582865073,1.344,15
1582865074,1.269,15
1582865075,1.744,15
1582865076,1.955,15
1582865077,0.642,15
1582865078,2.411,15
1582865079,1.03,15
1582865080,0.926,15
1582865081,0.926,15
1582865082,0.604,15
1582865083,1.047,15
1582865084,1.382,15
1582865085,0.67,15
1582865086,2.22,15
1582865087,1.528,15
1582865088,3.111,15
1582865089,3.583,15
1582865091,3.001,15
1582865092,1.875,15
1582865094,3.044,15
1582865095,1.116,15
1582865096,0.316,15
1582865097,0.904,15
1582865098,0.178,15
1582865099,0.055,15
1582865101,0.022,15
1582865102,0.078,15
1582865103,1.101,15
1582865104,1.095,15
1582865105,0.604,15
1582865106,1.465,15
1582865108,1.1635,15
1582865109,0.838,15
1582865110,0.003,15
1582865111,1.497,15
1582865112,1.528,15
1582865113,1.896,15
1582865114,2.043,15
1582865115,2.114,15
1582865116,2.072,15
1582865117,1.842,15
1582865118,2.11,15
1582865120,2.03,15
1582865122,2.272,15
1582865123,0.402,15
1582865124,0.717,15
1582865125,1.448,15
1582865126,1.14,15
1582865127,1.429,15
1582865128,1.139,15
1582865130,1.255,15
1582865131,1.274,15
1582865132,1.52,15
1582865133,1.144,15
1582865134,0.823,15
1582865135,0.644,15
1582865136,1.324,15
1582865137,1.293,15
1582865138,1.212,15
1582865140,1.217,15
1582865141,1.383,15
1582865142,2.451,15
1582865143,2.052,15
1582865144,1.78,15
1582865145,1.885,15
1582865146,2.355,15
1582865147,1.342,15
1582865148,1.159,15
1582865150,1.691,15
1582865151,2.209,15
1582865152,0.037,15
1582865153,2.133,15
1582865154,1.729,15
1582865155,2.029,15
1582865156,2.164,15
1582865157,2.187,15
1582865158,1.718,15
1582865160,1.271,15
1582865161,1.764,15
1582865162,1.586,15
1582865164,1.0745,15
1582865165,1.121,15
1582865166,1.2395,15
1582865167,1.497,15
1582865170,1.74,15
1582865171,1.357,15
1582865172,1.313,15
1582865173,1.612,15
1582865174,1.615,15
1582865175,1.989,15
1582865176,1.091,15
1582865177,1.852,15
1582865179,1.724,15
1582865180,2.121,15
1582865181,0.015,15
1582865182,2.831,15
1582865183,3.069,15
1582865184,3.901,15
1582865185,2.822,15
1582865186,3.925,15
1582865188,3.288,15
1582865189,1.987,15
1582865190,2.884,15
1582865191,2.225,15
1582865193,1.363,15
1582865194,2.876,15
1582865195,0.868,15
1582865196,1.139,15
1582865198,2.843,15
1582865199,3.343,15
1582865200,3.689,15
1582865201,2.723,15
1582865202,3.348,15
1582865203,2.467,15
1582865204,1.832,15
1582865205,1.473,15
1582865208,1.196,15
1582865209,0.458,15
1582865210,1.493,15
1582865211,1.828,15
1582865212,1.652,15
1582865213,2.332,15
1582865214,2.928,15
1582865215,5.679,15
1582865217,3.049,15
1582865218,3.647,15
1582865219,4.436,15
1582865221,2.607,15
1582865222,1.052,15
1582865223,2.0735,15
1582865224,0.75,15
1582865225,1.819,15
1582865227,3.202,15
1582865228,4.558,15
1582865229,5.081,15
1582865230,2.406,15
1582865231,1.107,15
1582865232,2.554,15
1582865233,3.619,15
1582865234,5.127,15
1582865235,3.026,15
1582865237,1.909,15
1582865238,0.549,15
1582865239,3.149,15
1582865240,4.733,15
1582865241,5.948,15
1582865242,6.666,15
1582865243,6.025,15
1582865244,4.403,15
1582865245,5.434,15
1582865247,5.435,15
1582865248,4.49,15
1582865250,4.271,15
1582865251,3.02,15
1582865252,1.674,15
1582865253,3.633,15
1582865254,2.581,15
1582865256,4.814,15
1582865257,5.297,15
1582865258,6.083,15
1582865259,6.89,15
1582865260,5.69,15
1582865261,6.255,15
1582865262,4.398,15
1582865263,4.454,15
1582865264,4.176,15
1582865266,2.053,15
1582865267,0.327,15
1582865268,3.873,15
1582865269,4.596,15
1582865270,2.822,15
1582865271,2.991,15
1582865272,1.955,15
1582865273,3.212,15
1582865274,4.027,15
1582865276,3.587,15
1582865277,2.59,15
1582865279,2.061,15
1582865280,2.293,15
1582865281,1.273,15
1582865282,1.765,15
1582865283,1.809,15
1582865285,1.651,15
1582865286,0.847,15
1582865287,0.553,15
1582865288,0.832,15
1582865289,1.717,15
1582865290,1.008,15
1582865291,1.733,15
1582865292,1.269,15
1582865293,1.825,15
1582865294,1.187,15
1582865295,1.107,15
1582865296,1.107,15
1582865297,0.024,15
1582865298,1.619,15
1582865299,2.291,15
1582865300,2.434,15
1582865301,1.804,15
1582865302,1.245,15
1582865303,2.546,15
1582865304,0.134,15
1582865305,0.633,15
1582865306,1.494,15
1582865309,4.307,15
1582865310,0.001,15
1582865311,1.898,15
1582865312,2.433,15
1582865313,2.602,15
1582865314,3.864,15
1582865315,2.382,15
1582865316,2.937,15
1582865318,2.542,15
1582865319,2.42,15
1582865320,2.09,15
1582865321,3.149,15
1582865323,2.995,15
1582865324,0.354,15
1582865325,0.3655,15
1582865327,2.255,15
1582865328,1.792,15
1582865329,2.318,15
1582865330,3.316,15
1582865331,2.482,15
1582865332,1.092,15
1582865333,3.021,15
1582865334,2.263,15
1582865335,1.832,15
1582865338,1.948,15
1582865339,0.304,15
1582865340,3.022,15
1582865341,3.594,15
1582865342,4.16,15
1582865343,3.196,15
1582865344,3.097,15
1582865345,4.036,15
1582865347,3.08,15
1582865348,3.31,15
1582865349,3.209,15
1582865351,3.692,15
1582865352,3.941,15
1582865353,2.378,15
1582865354,2.1865,15
1582865356,3.924,15
1582865357,4.228,15
1582865358,3.586,15
1582865359,4.288,15
1582865360,5.021,15
1582865361,4.658,15
1582865362,5.111,15
1582865363,4.653,15
1582865364,4.783,15
1582865367,4.929,15
1582865368,1.727,15
1582865369,3.07,15
1582865370,4.614,15
1582865371,4.506,15
1582865372,4.94,15
1582865373,5.284,15
1582865374,4.156,15
1582865376,3.864,15
1582865377,5.152,15
1582865378,2.938,15
1582865380,4.927,15
1582865381,2.839,15
1582865382,1.929,15
1582865383,4.369,15
1582865385,4.681,15
1582865386,5.097,15
1582865387,4.873,15
1582865388,5.352,15
1582865389,4.975,15
1582865390,3.95,15
1582865391,3.804,15
1582865392,3.052,15
1582865395,3.824,15
1582865396,3.49,15
1582865397,0.781,15
1582865398,2.616,15
1582865399,3.851,15
1582865400,4.678,15
1582865401,4.616,15
1582865402,5.089,15
1582865403,5.383,15
1582865405,0.391,15
