unix_t,state_D1_I0,cell_id,session_id
1576347390,1,12,0
1576347391,1,12,0
1576347392,1,12,0
1576347393,1,12,0
1576347394,1,12,0
1576347395,0,-1,0
1576347396,0,12,0
1576347397,0,12,0
1576347398,1,12,0
1576347399,1,12,0
1576347400,1,12,0
1576347401,1,12,0
1576347402,1,12,0
1576347403,0,-1,0
1576347404,1,12,0
1576347405,1,12,0
1576347406,1,12,0
1576347407,1,12,0
1576347408,1,12,0
1576347409,1,12,0
1576347410,1,12,0
1576347411,1,12,0
1576347412,0,-1,0
1576347413,1,12,0
1576347414,1,12,0
1576347415,1,12,0
1576347416,1,12,0
1576347417,1,12,0
1576347418,1,12,0
1576347419,1,12,0
1576347420,1,12,0
1576347421,0,-1,0
1576347422,1,12,0
1576347423,1,12,0
1576347424,1,12,0
1576347425,1,12,0
1576347426,1,12,0
1576347427,1,12,0
1576347428,1,12,0
1576347429,1,12,0
1576347430,0,-1,0
1576347431,1,12,0
1576347432,1,12,0
1576347433,1,12,0
1576347434,1,12,0
1576347435,1,12,0
1576347436,1,12,0
1576347437,1,12,0
1576347438,0,-1,0
1576347439,0,-1,0
1576347440,1,12,0
1576347441,1,12,0
1576347442,1,12,0
1576347443,1,12,0
1576347444,1,12,0
1576347445,1,12,0
1576347446,1,12,0
1576347447,0,-1,0
1576347448,1,12,0
1576347449,1,12,0
1576347450,1,12,0
1576347451,1,12,0
1576347452,0,-1,0
1576347453,1,12,0
1576347454,1,12,0
1576347455,1,12,0
1576347456,0,-1,0
1576347457,1,12,0
1576347458,1,12,0
1576347459,1,12,0
1576347460,1,12,0
1576347461,1,12,0
1576347462,1,12,0
1576347463,1,12,0
1576347464,1,12,0
1576347465,0,-1,0
1576347466,0,-1,0
1576347467,1,12,0
1576347468,1,12,0
1576347469,1,12,0
1576347470,0,-1,0
1576347471,1,12,0
1576347472,1,12,0
1576347473,1,12,0
1576347474,0,-1,0
1576347475,1,12,0
1576347476,1,12,0
1576347477,1,12,0
1576347478,1,12,0
1576347479,0,-1,0
1576347480,0,-1,0
1576347481,1,12,0
1576347482,1,12,0
1576347483,0,-1,0
1576347484,1,12,0
1576347485,1,12,0
1576347486,1,12,0
1576347487,1,12,0
1576347488,0,-1,0
1576347489,1,12,0
1576347490,1,12,0
1576347491,1,12,0
1576347492,0,-1,0
1576347493,1,12,0
1576347494,0,-1,0
1576347495,1,12,0
1576347496,1,12,0
1576347497,1,12,0
1576347498,1,12,0
1576347499,1,12,0
1576347500,1,12,0
1576347501,0,-1,0
1576347502,1,12,0
1576347503,1,12,0
1576347504,1,12,0
1576347505,1,12,0
1576347506,1,12,0
1576347507,1,12,0
1576347508,1,12,0
1576347509,1,12,0
1576347510,1,12,0
1576347511,1,12,0
1576347512,1,12,0
1576347513,1,12,0
1576347514,1,12,0
1576347515,1,12,0
1576347516,1,12,0
1576347517,1,12,0
1576347518,0,-1,0
1576347519,1,12,0
1576347520,1,12,0
1576347521,1,12,0
1576347522,1,12,0
1576347523,1,12,0
1576347524,1,12,0
1576347525,1,12,0
1576347526,1,12,0
1576347527,0,-1,0
1576347528,1,12,0
1576347529,0,12,0
1576347530,1,12,0
1576347531,1,12,0
1576347532,1,12,0
1576347533,1,12,0
1576347534,1,13,0
1576347535,1,13,0
1576347536,1,13,0
1576347537,0,-1,0
1576347538,1,13,0
1576347539,1,13,0
1576347540,1,13,0
1576347541,1,13,0
1576347542,1,13,0
1576347543,1,13,0
1576347544,1,13,0
1576347545,0,-1,0
1576347546,1,13,0
1576347547,1,13,0
1576347548,1,13,0
1576347549,1,13,0
1576347550,1,13,0
1576347551,1,13,0
1576347552,1,13,0
1576347553,1,13,0
1576347554,0,-1,0
1576347555,1,13,0
1576347556,1,13,0
1576347557,1,13,0
1576347558,1,13,0
1576347559,1,13,0
1576347560,1,13,0
1576347561,1,13,0
1576347562,1,13,0
1576347563,0,-1,0
1576347564,1,13,0
1576347565,1,13,0
1576347566,1,13,0
1576347567,1,13,0
1576347568,1,13,0
1576347569,1,13,0
1576347570,1,13,0
1576347571,0,-1,0
1576347572,1,13,0
1576347573,1,13,0
1576347574,1,13,0
1576347575,1,13,0
1576347576,1,13,0
1576347577,1,13,0
1576347578,1,13,0
1576347579,1,13,0
1576347580,1,13,0
1576347581,1,13,0
1576347582,1,13,0
1576347583,1,13,0
1576347584,1,13,0
1576347585,1,13,0
1576347586,1,13,0
1576347587,1,13,0
1576347588,0,-1,0
1576347589,1,13,0
1576347590,1,13,0
1576347591,1,13,0
1576347592,1,13,0
1576347593,1,13,0
1576347594,1,13,0
1576347595,1,13,0
1576347596,0,-1,0
1576347597,1,13,0
1576347598,1,13,0
1576347599,1,13,0
1576347600,1,13,0
1576347601,1,13,0
1576347602,1,13,0
1576347603,1,13,0
1576347604,0,-1,0
1576347605,0,-1,0
1576347606,1,13,0
1576347607,1,13,0
1576347608,1,13,0
1576347609,1,13,0
1576347610,1,13,0
1576347611,1,13,0
1576347612,1,13,0
1576347613,0,-1,0
1576347614,1,13,0
1576347615,1,13,0
1576347616,1,13,0
1576347617,1,13,0
1576347618,1,13,0
1576347619,0,-1,0
1576347620,1,13,0
1576347621,1,13,0
1576347622,1,13,0
1576347623,1,13,0
1576347624,1,13,0
1576347625,1,13,0
1576347626,1,13,0
1576347627,1,13,0
1576347628,1,13,0
1576347629,0,-1,0
1576347630,1,13,0
1576347631,1,13,0
1576347632,1,13,0
1576347633,1,13,0
1576347634,1,13,0
1576347635,1,13,0
1576347636,1,13,0
1576347637,1,13,0
1576347638,0,-1,0
1576347639,1,13,0
1576347640,1,13,0
1576347641,1,13,0
1576347642,1,13,0
1576347643,1,13,0
1576347644,1,13,0
1576347645,1,13,0
1576347646,1,13,0
1576347647,0,-1,0
1576347648,1,13,0
1576347649,1,13,0
1576347650,1,13,0
1576347651,1,13,0
1576347652,1,13,0
1576347653,1,13,0
1576347654,1,13,0
1576347655,0,-1,0
1576347656,1,13,0
1576347657,1,13,0
1576347658,1,13,0
1576347659,1,13,0
1576347660,1,13,0
1576347661,1,13,0
1576347662,1,13,0
1576347663,1,13,0
1576347664,0,-1,0
1576347665,1,13,0
1576347666,1,13,0
1576347667,1,13,0
1576347668,1,13,0
1576347669,1,13,0
1576347670,1,13,0
1576347671,1,13,0
1576347672,0,-1,0
1576347673,1,13,0
1576347674,1,13,0
1576347675,0,-1,0
1576347676,1,13,0
1576347677,1,13,0
1576347678,1,13,0
1576347679,1,13,0
1576347680,1,13,0
1576347681,0,-1,0
1576347682,1,13,0
1576347683,1,13,0
1576347684,1,13,0
1576347685,1,13,0
1576347686,1,13,0
1576347687,1,13,0
1576347688,1,13,0
1576347689,1,13,0
1576347690,0,-1,0
1576347691,1,13,0
1576347692,1,13,0
1576347693,1,13,0
1576347694,1,13,0
1576347695,1,13,0
1576347696,1,13,0
1576347697,1,13,0
1576347698,1,13,0
1576347699,0,-1,0
1576347700,1,13,0
1576347701,1,13,0
1576347702,1,13,0
1576347703,1,13,0
1576347704,1,13,0
1576347705,1,13,0
1576347706,1,13,0
1576347707,0,-1,0
1576347708,1,13,0
1576347709,1,13,0
1576347710,1,13,0
1576347711,1,13,0
1576347712,1,13,0
1576347713,1,13,0
1576347714,1,13,0
1576347715,1,13,0
1576347716,0,-1,0
1576347717,0,-1,0
1576347718,1,13,0
1576347719,1,13,0
1576347720,1,13,0
1576347721,1,13,0
1576347722,1,13,0
1576347723,1,13,0
1576347724,0,-1,0
1576347725,1,13,0
1576347726,1,13,0
1576347727,1,13,0
1576347728,1,13,0
1576347729,1,13,0
1576347730,1,13,0
1576347731,1,13,0
1576347732,1,13,0
1576347733,1,13,0
1576347734,1,13,0
1576347735,1,13,0
1576347736,1,13,0
1576347737,1,13,0
1576347738,1,13,0
1576347739,1,13,0
1576347740,1,13,0
1576347741,0,-1,0
1576347742,1,13,0
1576347743,1,13,0
1576347744,1,13,0
1576347745,1,13,0
1576347746,1,13,0
1576347747,1,13,0
1576347748,1,13,0
1576347749,1,13,0
1576347750,0,-1,0
1576347751,1,13,0
1576347752,1,13,0
1576347753,1,13,0
1576347754,1,13,0
1576347755,1,13,0
1576347756,1,13,0
1576347757,1,13,0
1576347758,0,-1,0
1576347759,0,-1,0
1576347760,1,13,0
1576347761,1,13,0
1576347762,1,13,0
1576347763,1,13,0
1576347764,1,13,0
1576347765,1,13,0
1576347766,1,13,0
1576347767,0,-1,0
1576347768,1,13,0
1576347769,1,13,0
1576347770,1,13,0
1576347771,1,13,0
1576347772,1,13,0
1576347773,1,13,0
1576347774,1,13,0
1576347775,1,13,0
1576347776,0,-1,0
1576347777,1,13,0
1576347778,1,13,0
1576347779,1,13,0
1576347780,1,13,0
1576347781,1,13,0
1576347782,1,13,0
1576347783,1,13,0
1576347784,1,13,0
1576347785,0,-1,0
1576347786,1,13,0
1576347787,1,13,0
1576347788,1,13,0
1576347789,1,13,0
1576347790,1,13,0
1576347791,1,13,0
1576347792,1,13,0
1576347793,0,-1,0
1576347794,1,13,0
1576347795,1,13,0
1576347796,1,13,0
1576347797,1,13,0
1576347798,0,13,0
1576347799,1,13,0
1576347800,1,13,0
1576347801,1,13,0
1576347802,1,13,0
1576347803,1,13,0
1576347804,1,13,0
1576347805,1,13,0
1576347806,1,12,0
1576347807,1,12,0
1576347808,1,12,0
1576347809,1,12,0
1576347810,1,12,0
1576347811,1,12,0
1576347812,1,12,0
1576347813,1,12,0
1576347814,1,12,0
1576347815,1,12,0
1576347816,1,12,0
1576347817,1,12,0
1576347818,1,12,0
1576347819,1,12,0
1576347820,1,12,0
1576347821,0,-1,0
1576347822,1,12,0
1576347823,1,12,0
1576347824,1,12,0
1576347825,1,12,0
1576347826,1,12,0
1576347827,1,12,0
1576347828,1,12,0
1576347829,1,12,0
1576347830,1,12,0
1576347831,1,12,0
1576347832,1,12,0
1576347833,1,12,0
1576347834,1,12,0
1576347835,1,12,0
1576347836,1,12,0
1576347837,1,12,0
1576347838,0,-1,0
1576347839,1,12,0
1576347840,1,12,0
1576347841,1,12,0
1576347842,1,12,0
1576347843,1,12,0
1576347844,1,12,0
1576347845,1,12,0
1576347846,1,12,0
1576347847,1,12,0
1576347848,1,12,0
1576347849,1,13,0
1576347850,1,13,0
1576347851,1,13,0
1576347852,1,13,0
1576347853,1,13,0
1576347854,1,13,0
1576347855,1,13,0
1576347856,0,-1,0
1576347857,1,13,0
1576347858,1,13,0
1576347859,1,13,0
1576347860,1,13,0
1576347861,1,13,0
1576347862,1,13,0
1576347863,0,-1,0
1576347864,1,13,0
1576347865,1,13,0
1576347866,1,13,0
1576347867,1,13,0
1576347868,1,13,0
1576347869,1,13,0
1576347870,1,13,0
1576347871,1,13,0
1576347872,1,13,0
1576347873,0,-1,0
1576347874,1,13,0
1576347875,1,13,0
1576347876,1,13,0
1576347877,1,13,0
1576347878,1,13,0
1576347879,1,2,0
1576347880,1,2,0
1576347881,0,-1,0
1576347882,1,2,0
1576347883,1,2,0
1576347884,1,2,0
1576347885,1,2,0
1576347886,1,2,0
1576347887,1,2,0
1576347888,1,2,0
1576347889,1,2,0
1576347890,0,-1,0
1576347891,1,2,0
1576347892,1,2,0
1576347893,1,2,0
1576347894,1,2,0
1576347895,1,2,0
1576347896,1,2,0
1576347897,0,-1,0
1576347898,1,13,0
1576347899,1,13,0
1576347900,1,13,0
1576347901,1,13,0
1576347902,1,2,0
1576347903,1,2,0
1576347904,1,2,0
1576347905,1,2,0
1576347906,1,2,0
1576347907,1,2,0
1576347908,1,2,0
1576347909,0,-1,0
1576347910,1,2,0
1576347911,0,-1,0
1576347912,1,13,0
1576347913,1,13,0
1576347914,1,13,0
1576347915,1,13,0
1576347916,1,13,0
1576347917,1,13,0
1576347918,1,13,0
1576347919,0,-1,0
1576347920,1,13,0
1576347921,1,13,0
1576347922,1,13,0
1576347923,1,13,0
1576347924,1,2,0
1576347925,0,-1,0
1576347926,1,7,0
1576347927,1,13,0
1576347928,1,13,0
1576347929,1,13,0
1576347930,1,13,0
1576347931,1,13,0
1576347932,1,13,0
1576347933,1,1,0
1576347934,1,1,0
1576347935,1,1,0
1576347936,1,1,0
1576347937,0,-1,0
1576347938,1,13,0
1576347939,0,-1,0
1576347940,1,13,0
1576347941,1,13,0
1576347942,1,13,0
1576347943,1,13,0
1576347944,1,13,0
1576347945,1,13,0
1576347946,1,13,0
1576347947,0,-1,0
1576347948,1,13,0
1576347949,1,13,0
1576347950,1,13,0
1576347951,1,3,0
1576347952,1,3,0
1576347953,1,3,0
1576347954,1,3,0
1576347955,1,3,0
1576347956,1,3,0
1576347957,0,-1,0
1576347958,1,3,0
1576347959,1,3,0
1576347960,1,3,0
1576347961,1,3,0
1576347962,1,3,0
1576347963,1,3,0
1576347964,1,3,0
1576347965,1,3,0
1576347966,1,3,0
1576347967,0,-1,0
1576347968,1,3,0
1576347969,1,3,0
1576347970,1,3,0
1576347971,1,3,0
1576347972,1,3,0
1576347973,1,3,0
1576347974,1,3,0
1576347975,1,3,0
1576347976,1,3,0
1576347977,0,-1,0
1576347978,1,3,0
1576347979,1,3,0
1576347980,1,3,0
1576347981,0,-1,0
1576347982,1,3,0
1576347983,1,3,0
1576347984,1,3,0
1576347985,1,3,0
1576347986,1,3,0
1576347987,1,3,0
1576347988,0,-1,0
1576347989,1,3,0
1576347990,1,3,0
1576347991,1,3,0
1576347992,1,3,0
1576347993,1,3,0
1576347994,1,3,0
1576347995,1,3,0
1576347996,1,3,0
1576347997,1,3,0
1576347998,0,-1,0
1576347999,1,3,0
1576348000,1,3,0
1576348001,1,3,0
1576348002,1,3,0
1576348003,1,3,0
1576348004,1,3,0
1576348005,1,3,0
1576348006,1,3,0
1576348007,1,3,0
1576348008,1,3,0
1576348009,0,-1,0
1576348010,1,3,0
1576348011,1,3,0
1576348012,1,3,0
1576348013,1,3,0
1576348014,1,3,0
1576348015,1,3,0
1576348016,1,3,0
1576348017,1,3,0
1576348018,1,3,0
1576348019,1,3,0
1576348020,0,-1,0
1576348021,1,3,0
1576348022,1,3,0
1576348023,0,-1,0
1576348024,1,3,0
1576348025,1,3,0
1576348026,1,3,0
1576348027,1,3,0
1576348028,1,3,0
1576348029,1,3,0
1576348030,0,-1,0
1576348031,1,3,0
1576348032,1,3,0
1576348033,1,3,0
1576348034,1,3,0
1576348035,1,3,0
1576348036,1,3,0
1576348037,1,3,0
1576348038,1,3,0
1576348039,1,3,0
1576348040,1,3,0
1576348041,0,-1,0
1576348042,1,3,0
1576348043,1,3,0
1576348044,1,3,0
1576348045,1,3,0
1576348046,1,3,0
1576348047,1,3,0
1576348048,1,3,0
1576348049,1,3,0
1576348050,1,3,0
1576348051,0,-1,0
1576348052,1,3,0
1576348053,1,3,0
1576348054,1,3,0
1576348055,1,3,0
1576348056,1,3,0
1576348057,1,3,0
1576348058,1,3,0
1576348059,1,3,0
1576348060,1,3,0
1576348061,0,-1,0
1576348062,1,3,0
1576348063,1,3,0
1576348064,1,3,0
1576348065,1,3,0
1576348066,1,3,0
1576348067,1,3,0
1576348068,1,3,0
1576348069,1,3,0
1576348070,1,3,0
1576348071,0,-1,0
1576348072,1,3,0
1576348073,1,3,0
1576348074,1,3,0
1576348075,1,3,0
1576348076,1,3,0
1576348077,1,3,0
1576348078,0,-1,0
1576348079,1,3,0
1576348080,1,3,0
1576348081,1,3,0
1576348082,1,3,0
1576348083,1,3,0
1576348084,1,3,0
1576348085,1,3,0
1576348086,1,3,0
1576348087,1,3,0
1576348088,1,3,0
1576348089,1,3,0
1576348090,1,3,0
1576348091,0,-1,0
1576348092,0,-1,0
1576348093,1,3,0
1576348094,1,3,0
1576348095,1,3,0
1576348096,1,3,0
1576348097,1,3,0
1576348098,1,3,0
1576348099,1,3,0
1576348100,1,3,0
1576348101,1,3,0
1576348102,1,3,0
1576348103,0,-1,0
1576348104,1,3,0
1576348105,1,3,0
1576348106,1,3,0
1576348107,1,3,0
1576348108,1,3,0
1576348109,1,3,0
1576348110,1,3,0
1576348111,1,3,0
1576348112,1,3,0
1576348113,1,3,0
1576348114,0,-1,0
1576348115,1,3,0
1576348116,1,3,0
1576348117,1,13,0
1576348118,1,13,0
1576348119,0,135,0
1576348120,0,-1,0
1576348121,1,52106,0
1576348122,1,52106,0
1576348123,1,52106,0
1576348124,1,52106,0
1576348125,1,52106,0
1576348126,1,52106,0
1576348127,1,52106,0
1576348128,1,52106,0
1576348129,1,52106,0
1576348130,1,52106,0
1576348131,1,52106,0
1576348132,1,52106,0
1576348133,1,52106,0
1576348134,0,-1,0
1576348135,1,52106,0
1576348136,1,52106,0
1576348137,1,52106,0
1576348138,1,52106,0
1576348139,1,52106,0
1576348140,1,52106,0
1576348141,1,52106,0
1576348142,1,52106,0
1576348143,1,52106,0
1576348144,1,52106,0
1576348145,1,52106,0
1576348146,1,52106,0
1576348147,1,52106,0
1576348148,0,-1,0
1576348149,1,52106,0
1576348150,1,52106,0
1576348151,1,52106,0
1576348152,1,52106,0
1576348153,1,52106,0
1576348154,1,52106,0
1576348155,1,52106,0
1576348156,0,-1,0
1576348157,1,52106,0
1576348158,1,52106,0
1576348159,1,52106,0
1576348160,1,52106,0
1576348161,1,52106,0
1576348162,0,-1,0
1576348163,1,52106,0
1576348164,1,52106,0
1576348165,1,52106,0
1576348166,1,52106,0
1576348167,0,-1,0
1576348168,1,52106,0
1576348169,1,52106,0
1576348170,1,52106,0
1576348171,1,52106,0
1576348172,1,52106,0
1576348173,1,52106,0
1576348174,1,52106,0
1576348175,1,52106,0
1576348176,1,52106,0
1576348177,1,52106,0
1576348178,1,52106,0
1576348179,0,-1,0
1576348180,1,52106,0
1576348181,1,52106,0
1576348182,1,52106,0
1576348183,1,52106,0
1576348184,1,52106,0
1576348185,1,52106,0
1576348186,1,52106,0
1576348187,1,52106,0
1576348188,1,52106,0
1576348189,1,52106,0
1576348190,0,-1,0
1576348191,1,52106,0
1576348192,1,52106,0
1576348193,1,52106,0
1576348194,1,52106,0
1576348195,1,52106,0
1576348196,1,52106,0
1576348197,1,52106,0
1576348198,1,52106,0
1576348199,1,52106,0
1576348200,1,52106,0
1576348201,1,52106,0
1576348202,1,52106,0
1576348203,1,52106,0
1576348204,0,-1,0
1576348205,1,52106,0
1576348206,1,52106,0
1576348207,1,52106,0
1576348208,1,52106,0
1576348209,1,52106,0
1576348210,1,52106,0
1576348211,1,52106,0
1576348212,1,52106,0
1576348213,0,-1,0
1576348214,1,52106,0
1576348215,1,52106,0
1576348216,1,52106,0
1576348217,1,52106,0
1576348218,1,52106,0
1576348219,1,52106,0
1576348220,1,52106,0
1576348221,1,52106,0
1576348222,1,52106,0
1576348223,1,52106,0
1576348224,1,52106,0
1576348225,0,-1,0
1576348226,1,52106,0
1576348227,1,52106,0
1576348228,1,52106,0
1576348229,1,52106,0
1576348230,1,52106,0
1576348231,1,52106,0
1576348232,1,52106,0
1576348233,1,52106,0
1576348234,1,52106,0
1576348235,1,52106,0
1576348236,1,52106,0
1576348237,0,-1,0
1576348238,1,52106,0
1576348239,1,52106,0
1576348240,1,52106,0
1576348241,1,52106,0
1576348242,1,52106,0
1576348243,1,52106,0
1576348244,1,52106,0
1576348245,0,-1,0
1576348246,1,52106,0
1576348247,1,52106,0
1576348248,0,-1,0
1576348249,1,52106,0
1576348250,1,52106,0
1576348251,1,52106,0
1576348252,1,52106,0
1576348253,1,52106,0
1576348254,1,52106,0
1576348255,1,52106,0
1576348256,1,52106,0
1576348257,1,52106,0
1576348258,1,52106,0
1576348259,0,-1,0
1576348260,1,52106,0
1576348261,1,52106,0
1576348262,1,52106,0
1576348263,1,52106,0
1576348264,1,52106,0
1576348265,1,52106,0
1576348266,1,52106,0
1576348267,1,52106,0
1576348268,1,52106,0
1576348269,1,52106,0
1576348270,0,-1,0
1576348271,1,52106,0
1576348272,1,52106,0
1576348273,0,-1,0
1576348274,1,52106,0
1576348275,1,52106,0
1576348276,0,-1,0
1576348277,1,52106,0
1576348278,1,52106,0
1576348279,1,52106,0
1576348280,1,52106,0
1576348281,0,-1,0
1576348282,1,52106,0
1576348283,1,52106,0
1576348284,1,52106,0
1576348285,1,52106,0
1576348286,1,52106,0
1576348287,0,-1,0
1576348288,1,52106,0
1576348289,1,52106,0
1576348290,1,52106,0
1576348291,1,52106,0
1576348292,1,52106,0
1576348293,0,-1,0
1576348294,1,52106,0
1576348295,1,52106,0
1576348296,1,52106,0
1576348297,1,52106,0
1576348298,0,-1,0
1576348299,1,52106,0
1576348300,1,52106,0
1576348301,1,52106,0
1576348302,1,52106,0
1576348303,1,52106,0
1576348304,0,-1,0
1576348305,1,52106,0
1576348306,1,52106,0
1576348307,1,52106,0
1576348308,1,52106,0
1576348309,1,52106,0
1576348310,1,52106,0
1576348311,1,52106,0
1576348312,1,52106,0
1576348313,1,52106,0
1576348314,0,-1,0
1576348315,0,-1,0
1576348316,1,52106,0
1576348317,1,52106,0
1576348318,1,52106,0
1576348319,1,52106,0
1576348320,1,52106,0
1576348321,1,52106,0
1576348322,1,52106,0
1576348323,1,52106,0
1576348324,1,52106,0
1576348325,0,-1,0
1576348326,1,52106,0
1576348327,1,52106,0
1576348328,1,52106,0
1576348329,0,-1,0
1576348330,1,52106,0
1576348331,1,52106,0
1576348332,1,52106,0
1576348333,1,52106,0
1576348334,1,52106,0
1576348335,1,52106,0
1576348336,1,52106,0
1576348337,0,-1,0
1576348338,1,52106,0
1576348339,1,52106,0
1576348340,1,52106,0
1576348341,1,52106,0
1576348342,1,52106,0
1576348343,1,52106,0
1576348344,1,52106,0
1576348345,1,52106,0
1576348346,1,52106,0
1576348347,1,52106,0
1576348348,0,-1,0
1576348349,1,52106,0
1576348350,1,52106,0
1576348351,1,52106,0
1576348352,1,52106,0
1576348353,1,52106,0
1576348354,1,52106,0
1576348355,1,52106,0
1576348356,1,52106,0
1576348357,1,52106,0
1576348358,1,52106,0
1576348359,0,-1,0
1576348360,1,52106,0
1576348361,1,52106,0
1576348362,1,52106,0
1576348363,1,52106,0
1576348364,1,52106,0
1576348365,1,52106,0
1576348366,1,52106,0
1576348367,1,52106,0
1576348368,1,52106,0
1576348369,1,52106,0
1576348370,1,52106,0
1576348371,0,-1,0
1576348372,0,-1,0
1576348373,1,52106,0
1576348374,1,52106,0
1576348375,1,52106,0
1576348376,1,52106,0
1576348377,1,52106,0
1576348378,1,52106,0
1576348379,1,52106,0
1576348380,1,52106,0
1576348381,1,52106,0
1576348382,0,-1,0
1576348383,1,52106,0
1576348384,1,52106,0
1576348385,1,52106,0
1576348386,0,-1,0
1576348387,1,52106,0
1576348388,1,52106,0
1576348389,1,52106,0
1576348390,1,52106,0
1576348391,1,52106,0
1576348392,1,52106,0
1576348393,1,52106,0
1576348394,0,-1,0
1576348395,1,52106,0
1576348396,1,52106,0
1576348397,1,52106,0
1576348398,1,52106,0
1576348399,1,52106,0
1576348400,1,52106,0
1576348401,1,52106,0
1576348402,1,52106,0
1576348403,1,52106,0
1576348404,0,-1,0
1576348405,1,52106,0
1576348406,1,52106,0
1576348407,1,52106,0
1576348408,1,52106,0
1576348409,1,52106,0
1576348410,1,52106,0
1576348411,1,52106,0
1576348412,1,52106,0
1576348413,0,-1,0
1576348414,0,-1,0
1576348415,1,52106,0
1576348416,1,52106,0
1576348417,1,52106,0
1576348418,1,52106,0
1576348419,1,52106,0
1576348420,1,52106,0
1576348421,1,52106,0
1576348422,0,-1,0
1576348423,1,52106,0
1576348424,1,52106,0
1576348425,1,52106,0
1576348426,1,52106,0
1576348427,1,52106,0
1576348428,1,52106,0
1576348429,1,52106,0
1576348430,0,-1,0
1576348431,0,-1,0
1576348432,1,52106,0
1576348433,1,52106,0
1576348434,1,52106,0
1576348435,0,-1,0
1576348436,1,52106,0
1576348437,1,52106,0
1576348438,1,52106,0
1576348439,0,-1,0
1576348440,1,52106,0
1576348441,1,52106,0
1576348442,1,52106,0
1576348443,1,52106,0
1576348444,1,52106,0
1576348445,1,52106,0
1576348446,1,52106,0
1576348447,1,52106,0
1576348448,0,-1,0
1576348449,1,52106,0
1576348450,1,52106,0
1576348451,1,52106,0
1576348452,1,52106,0
1576348453,1,52106,0
1576348454,1,52106,0
1576348455,1,52106,0
1576348456,1,52106,0
1576348457,0,-1,0
1576348458,1,52106,0
1576348459,1,52106,0
1576348460,1,52106,0
1576348461,1,52106,0
1576348462,1,52106,0
1576348463,1,52106,0
1576348464,1,52106,0
1576348465,0,-1,0
1576348466,1,52106,0
1576348467,1,52106,0
1576348468,1,52106,0
1576348469,1,52106,0
1576348470,1,52106,0
1576348471,1,52106,0
1576348472,1,52106,0
1576348473,1,52106,0
1576348474,0,-1,0
1576348475,1,52106,0
1576348476,1,52106,0
1576348477,1,52106,0
1576348478,0,-1,0
1576348479,1,52106,0
1576348480,1,52106,0
1576348481,1,52106,0
1576348482,1,52106,0
1576348483,1,52106,0
1576348484,1,52106,0
1576348485,0,-1,0
1576348486,1,52106,0
1576348487,1,52106,0
1576348488,1,52106,0
1576348489,1,52106,0
1576348490,1,52106,0
1576348491,1,52106,0
1576348492,1,52106,0
1576348493,0,-1,0
1576348494,0,-1,0
1576348495,1,52106,0
1576348496,1,52106,0
1576348497,1,52106,0
1576348498,1,52106,0
1576348499,1,52106,0
1576348500,0,-1,0
1576348501,1,52106,0
1576348502,1,52106,0
1576348503,0,-1,0
1576348504,1,52106,0
1576348505,1,52106,0
1576348506,1,52106,0
1576348507,0,-1,0
1576348508,1,52106,0
1576348509,1,52106,0
1576348510,1,52106,0
1576348511,1,52106,0
1576348512,0,-1,0
1576348513,1,52106,0
1576348514,1,52106,0
1576348515,1,52106,0
1576348516,1,52106,0
1576348517,1,52106,0
1576348518,1,52106,0
1576348519,1,52106,0
1576348520,1,52106,0
1576348521,0,-1,0
1576348522,1,52106,0
1576348523,0,-1,0
1576348524,1,52106,0
1576348525,1,52106,0
1576348526,1,52106,0
1576348527,1,52106,0
1576348528,1,52106,0
1576348529,1,52106,0
1576348530,1,52106,0
1576348531,1,52106,0
1576348532,1,52106,0
1576348533,1,52106,0
1576348534,1,52106,0
1576348535,1,52106,0
1576348536,1,52106,0
1576348537,1,52106,0
1576348538,1,52106,0
1576348539,0,-1,0
1576348540,1,52106,0
1576348541,1,52106,0
1576348542,1,52106,0
1576348543,1,52106,0
1576348544,1,52106,0
1576348545,1,52106,0
1576348546,1,52106,0
1576348547,1,52106,0
1576348548,1,52106,0
1576348549,1,52106,0
1576348550,0,-1,0
1576348551,1,52106,0
1576348552,1,52106,0
1576509763,1,12,1
1576509764,1,12,1
1576509765,0,-1,1
1576509766,1,12,1
1576509767,1,12,1
1576509768,1,12,1
1576509769,0,12,1
1576509770,1,12,1
1576509771,1,12,1
1576509772,1,12,1
1576509773,1,12,1
1576509774,1,12,1
1576509775,0,-1,1
1576509776,1,12,1
1576509777,1,12,1
1576509778,1,12,1
1576509779,1,12,1
1576509780,1,12,1
1576509781,1,12,1
1576509782,1,12,1
1576509783,1,12,1
1576509784,0,-1,1
1576509785,1,12,1
1576509786,1,12,1
1576509787,1,12,1
1576509788,1,12,1
1576509789,1,12,1
1576509790,1,12,1
1576509791,1,12,1
1576509792,0,-1,1
1576509793,1,12,1
1576509794,1,12,1
1576509795,1,12,1
1576509796,1,12,1
1576509797,1,12,1
1576509798,1,12,1
1576509799,1,12,1
1576509800,1,12,1
1576509801,0,-1,1
1576509802,1,12,1
1576509803,1,12,1
1576509804,1,12,1
1576509805,1,12,1
1576509806,1,12,1
1576509807,1,12,1
1576509808,1,12,1
1576509809,1,12,1
1576509810,0,-1,1
1576509811,1,12,1
1576509812,1,12,1
1576509813,1,12,1
1576509814,1,12,1
1576509815,1,12,1
1576509816,1,12,1
1576509817,1,12,1
1576509818,1,12,1
1576509819,0,-1,1
1576509820,1,12,1
1576509821,1,12,1
1576509822,1,12,1
1576509823,1,12,1
1576509824,1,12,1
1576509825,1,12,1
1576509826,1,12,1
1576509827,1,12,1
1576509828,1,12,1
1576509829,1,12,1
1576509830,1,12,1
1576509831,1,12,1
1576509832,1,12,1
1576509833,1,12,1
1576509834,1,12,1
1576509835,1,12,1
1576509836,1,12,1
1576509837,0,-1,1
1576509838,1,12,1
1576509839,1,12,1
1576509840,1,12,1
1576509841,1,12,1
1576509842,1,12,1
1576509843,1,12,1
1576509844,1,12,1
1576509845,0,-1,1
1576509846,1,12,1
1576509847,1,12,1
1576509848,1,12,1
1576509849,1,12,1
1576509850,1,12,1
1576509851,1,12,1
1576509852,1,12,1
1576509853,0,-1,1
1576509854,1,12,1
1576509855,1,12,1
1576509856,1,12,1
1576509857,1,12,1
1576509858,1,12,1
1576509859,1,12,1
1576509860,1,12,1
1576509861,1,12,1
1576509862,1,12,1
1576509863,0,-1,1
1576509864,1,12,1
1576509865,1,12,1
1576509866,1,12,1
1576509867,0,-1,1
1576509868,1,12,1
1576509869,1,12,1
1576509870,1,12,1
1576509871,1,12,1
1576509872,0,-1,1
1576509873,1,12,1
1576509874,1,12,1
1576509875,1,12,1
1576509876,1,12,1
1576509877,1,12,1
1576509878,1,12,1
1576509879,1,12,1
1576509880,0,-1,1
1576509881,0,-1,1
1576509882,1,12,1
1576509883,1,12,1
1576509884,1,12,1
1576509885,1,12,1
1576509886,1,12,1
1576509887,1,12,1
1576509888,1,12,1
1576509889,0,-1,1
1576509890,1,12,1
1576509891,1,12,1
1576509892,1,12,1
1576509893,1,12,1
1576509894,1,12,1
1576509895,1,12,1
1576509896,1,12,1
1576509897,1,12,1
1576509898,0,-1,1
1576509899,1,12,1
1576509900,1,12,1
1576509901,1,12,1
1576509902,1,12,1
1576509903,1,12,1
1576509904,1,12,1
1576509905,1,12,1
1576509906,0,-1,1
1576509907,1,12,1
1576509908,1,12,1
1576509909,0,-1,1
1576509910,1,12,1
1576509911,1,12,1
1576509912,1,13,1
1576509913,1,13,1
1576509914,1,13,1
1576509915,1,13,1
1576509916,1,13,1
1576509917,1,13,1
1576509918,1,13,1
1576509919,1,13,1
1576509920,1,13,1
1576509921,1,13,1
1576509922,1,13,1
1576509923,1,13,1
1576509924,1,13,1
1576509925,1,13,1
1576509926,1,13,1
1576509927,1,13,1
1576509928,1,13,1
1576509929,1,13,1
1576509930,1,13,1
1576509931,1,13,1
1576509932,0,-1,1
1576509933,1,13,1
1576509934,1,13,1
1576509935,1,13,1
1576509936,1,13,1
1576509937,1,13,1
1576509938,1,13,1
1576509939,1,13,1
1576509940,1,13,1
1576509941,0,-1,1
1576509942,1,13,1
1576509943,1,13,1
1576509944,1,13,1
1576509945,1,13,1
1576509946,1,13,1
1576509947,1,13,1
1576509948,1,13,1
1576509949,0,-1,1
1576509950,1,13,1
1576509951,1,13,1
1576509952,1,13,1
1576509953,1,13,1
1576509954,1,13,1
1576509955,1,13,1
1576509956,1,13,1
1576509957,0,-1,1
1576509958,1,13,1
1576509959,1,13,1
1576509960,1,13,1
1576509961,1,13,1
1576509962,1,13,1
1576509963,1,13,1
1576509964,1,13,1
1576509965,1,13,1
1576509966,1,13,1
1576509967,1,13,1
1576509968,1,13,1
1576509969,1,13,1
1576509970,1,13,1
1576509971,1,13,1
1576509972,1,13,1
1576509973,1,13,1
1576509974,1,13,1
1576509975,0,-1,1
1576509976,1,13,1
1576509977,1,13,1
1576509978,0,-1,1
1576509979,0,-1,1
1576509980,1,13,1
1576509981,1,13,1
1576509982,1,13,1
1576509983,1,13,1
1576509984,0,-1,1
1576509985,1,13,1
1576509986,1,13,1
1576509987,1,13,1
1576509988,1,13,1
1576509989,1,13,1
1576509990,1,13,1
1576509991,1,13,1
1576509992,0,-1,1
1576509993,0,-1,1
1576509994,1,13,1
1576509995,1,13,1
1576509996,1,13,1
1576509997,1,13,1
1576509998,1,13,1
1576509999,1,13,1
1576510000,1,13,1
1576510001,1,13,1
1576510002,0,-1,1
1576510003,1,13,1
1576510004,1,13,1
1576510005,1,13,1
1576510006,0,-1,1
1576510007,1,13,1
1576510008,1,13,1
1576510009,1,13,1
1576510010,1,13,1
1576510011,0,-1,1
1576510012,1,13,1
1576510013,1,13,1
1576510014,1,13,1
1576510015,1,13,1
1576510016,1,13,1
1576510017,1,13,1
1576510018,1,13,1
1576510019,0,-1,1
1576510020,0,-1,1
1576510021,1,13,1
1576510022,1,13,1
1576510023,1,13,1
1576510024,1,13,1
1576510025,1,13,1
1576510026,1,13,1
1576510027,1,13,1
1576510028,1,13,1
1576510029,0,13,1
1576510030,1,13,1
1576510031,1,13,1
1576510032,1,13,1
1576510033,1,13,1
1576510034,1,13,1
1576510035,1,13,1
1576510036,1,13,1
1576510037,0,-1,1
1576510038,1,13,1
1576510039,1,12,1
1576510040,1,12,1
1576510041,1,12,1
1576510042,1,12,1
1576510043,1,12,1
1576510044,1,12,1
1576510045,0,-1,1
1576510046,1,12,1
1576510047,1,12,1
1576510048,1,12,1
1576510049,1,12,1
1576510050,1,12,1
1576510051,1,12,1
1576510052,1,12,1
1576510053,1,12,1
1576510054,0,-1,1
1576510055,1,12,1
1576510056,1,12,1
1576510057,1,12,1
1576510058,1,12,1
1576510059,1,12,1
1576510060,1,12,1
1576510061,1,12,1
1576510062,1,12,1
1576510063,1,12,1
1576510064,1,12,1
1576510065,1,12,1
1576510066,1,12,1
1576510067,1,12,1
1576510068,1,12,1
1576510069,1,12,1
1576510070,1,12,1
1576510071,1,12,1
1576510072,1,12,1
1576510073,0,-1,1
1576510074,1,12,1
1576510075,1,12,1
1576510076,0,-1,1
1576510077,1,12,1
1576510078,1,12,1
1576510079,1,12,1
1576510080,1,12,1
1576510081,0,-1,1
1576510082,1,12,1
1576510083,1,12,1
1576510084,1,12,1
1576510085,1,12,1
1576510086,1,12,1
1576510087,1,12,1
1576510088,1,12,1
1576510089,1,12,1
1576510090,0,-1,1
1576510091,1,12,1
1576510092,1,12,1
1576510093,1,13,1
1576510094,1,13,1
1576510095,1,13,1
1576510096,1,13,1
1576510097,1,13,1
1576510098,0,-1,1
1576510099,1,13,1
1576510100,1,13,1
1576510101,1,13,1
1576510102,1,13,1
1576510103,1,13,1
1576510104,1,13,1
1576510105,1,13,1
1576510106,1,13,1
1576510107,1,13,1
1576510108,0,-1,1
1576510109,1,13,1
1576510110,1,13,1
1576510111,1,13,1
1576510112,1,13,1
1576510113,1,13,1
1576510114,1,13,1
1576510115,1,13,1
1576510116,0,-1,1
1576510117,0,-1,1
1576510118,1,13,1
1576510119,1,13,1
1576510120,1,2,1
1576510121,1,2,1
1576510122,1,2,1
1576510123,1,2,1
1576510124,1,2,1
1576510125,1,2,1
1576510126,1,2,1
1576510127,1,2,1
1576510128,1,2,1
1576510129,1,2,1
1576510130,1,2,1
1576510131,0,-1,1
1576510132,1,2,1
1576510133,1,2,1
1576510134,0,-1,1
1576510135,1,2,1
1576510136,1,2,1
1576510137,1,2,1
1576510138,1,2,1
1576510139,0,-1,1
1576510140,1,2,1
1576510141,1,2,1
1576510142,0,-1,1
1576510143,1,13,1
1576510144,1,13,1
1576510145,0,-1,1
1576510146,1,2,1
1576510147,1,2,1
1576510148,1,2,1
1576510149,1,2,1
1576510150,1,2,1
1576510151,0,-1,1
1576510152,1,2,1
1576510153,1,2,1
1576510154,1,2,1
1576510155,1,2,1
1576510156,1,2,1
1576510157,1,2,1
1576510158,1,2,1
1576510159,0,-1,1
1576510160,1,2,1
1576510161,1,2,1
1576510162,1,2,1
1576510163,1,2,1
1576510164,1,2,1
1576510165,1,2,1
1576510166,1,2,1
1576510167,1,2,1
1576510168,1,2,1
1576510169,1,2,1
1576510170,1,2,1
1576510171,1,2,1
1576510172,0,-1,1
1576510173,0,-1,1
1576510174,1,2,1
1576510175,1,2,1
1576510176,1,11,1
1576510177,1,11,1
1576510178,1,2,1
1576510179,1,2,1
1576510180,1,2,1
1576510181,1,2,1
1576510182,0,-1,1
1576510183,1,2,1
1576510184,1,2,1
1576510185,1,2,1
1576510186,1,2,1
1576510187,0,-1,1
1576510188,1,2,1
1576510189,1,2,1
1576510190,1,2,1
1576510191,1,2,1
1576510192,0,-1,1
1576510193,1,2,1
1576510194,1,2,1
1576510195,1,2,1
1576510196,1,2,1
1576510197,1,2,1
1576510198,1,2,1
1576510199,1,2,1
1576510200,1,2,1
1576510201,1,2,1
1576510202,1,2,1
1576510203,1,2,1
1576510204,1,2,1
1576510205,1,2,1
1576510206,1,2,1
1576510207,1,2,1
1576510208,1,2,1
1576510209,1,2,1
1576510210,1,2,1
1576510211,1,2,1
1576510212,1,2,1
1576510213,1,2,1
1576510214,0,-1,1
1576510215,0,-1,1
1576510216,1,2,1
1576510217,1,2,1
1576510218,1,2,1
1576510219,1,2,1
1576510220,1,2,1
1576510221,1,2,1
1576510222,1,2,1
1576510223,1,2,1
1576510224,1,2,1
1576510225,0,-1,1
1576510226,1,2,1
1576510227,1,2,1
1576510228,1,2,1
1576510229,1,1,1
1576510230,1,1,1
1576510231,1,1,1
1576510232,1,1,1
1576510233,1,1,1
1576510234,1,1,1
1576510235,0,-1,1
1576510236,1,1,1
1576510237,1,1,1
1576510238,1,1,1
1576510239,1,1,1
1576510240,1,2,1
1576510241,1,2,1
1576510242,1,2,1
1576510243,1,2,1
1576510244,1,2,1
1576510245,1,2,1
1576510246,0,-1,1
1576510247,1,2,1
1576510248,1,2,1
1576510249,1,2,1
1576510250,1,2,1
1576510251,1,2,1
1576510252,1,2,1
1576510253,1,1,1
1576510254,1,1,1
1576510255,1,2,1
1576510256,1,2,1
1576510257,0,-1,1
1576510258,1,2,1
1576510259,1,2,1
1576510260,1,2,1
1576510261,1,2,1
1576510262,1,2,1
1576510263,1,2,1
1576510264,1,2,1
1576510265,1,2,1
1576510266,1,2,1
1576510267,0,-1,1
1576510268,1,2,1
1576510269,1,2,1
1576510270,1,2,1
1576510271,1,2,1
1576510272,1,2,1
1576510273,1,2,1
1576510274,1,2,1
1576510275,1,2,1
1576510276,1,2,1
1576510277,0,-1,1
1576510278,1,2,1
1576510279,1,2,1
1576510280,1,2,1
1576510281,1,2,1
1576510282,1,2,1
1576510283,1,2,1
1576510284,0,-1,1
1576510285,1,2,1
1576510286,1,2,1
1576510287,0,-1,1
1576510288,1,2,1
1576510289,1,1,1
1576510290,1,1,1
1576510291,1,1,1
1576510292,1,1,1
1576510293,1,1,1
1576510294,1,1,1
1576510295,1,1,1
1576510296,1,1,1
1576510297,1,2,1
1576510298,0,-1,1
1576510299,1,2,1
1576510300,1,2,1
1576510301,1,2,1
1576510302,1,2,1
1576510303,1,2,1
1576510304,1,2,1
1576510305,1,2,1
1576510306,1,2,1
1576510307,1,2,1
1576510308,1,2,1
1576510309,0,-1,1
1576510310,1,2,1
1576510311,1,2,1
1576510312,0,-1,1
1576510313,1,2,1
1576510314,1,2,1
1576510315,1,2,1
1576510316,1,2,1
1576510317,1,2,1
1576510318,1,2,1
1576510319,1,2,1
1576510320,0,-1,1
1576510321,1,2,1
1576510322,1,2,1
1576510323,1,2,1
1576510324,1,2,1
1576510325,1,2,1
1576510326,0,-1,1
1576510327,1,2,1
1576510328,1,2,1
1576510329,1,2,1
1576510330,0,-1,1
1576510331,1,2,1
1576510332,1,2,1
1576510333,1,2,1
1576510334,1,2,1
1576510335,1,2,1
1576510336,1,2,1
1576510337,1,2,1
1576510338,1,2,1
1576510339,1,2,1
1576510340,0,-1,1
1576510341,1,2,1
1576510342,1,2,1
1576510343,1,2,1
1576510344,1,2,1
1576510345,1,2,1
1576510346,1,2,1
1576510347,1,2,1
1576510348,1,2,1
1576510349,0,-1,1
1576510350,1,2,1
1576510351,1,2,1
1576510352,1,2,1
1576510353,1,2,1
1576510354,0,-1,1
1576510355,1,2,1
1576510356,1,2,1
1576510357,1,2,1
1576510358,1,2,1
1576510359,1,2,1
1576510360,0,-1,1
1576510361,1,2,1
1576510362,1,2,1
1576510363,1,2,1
1576510364,1,2,1
1576510365,1,2,1
1576510366,1,2,1
1576510367,1,2,1
1576510368,1,2,1
1576510369,1,2,1
1576510370,1,2,1
1576510371,0,-1,1
1576510372,1,2,1
1576510373,1,2,1
1576510374,1,2,1
1576510375,1,2,1
1576510376,1,2,1
1576510377,1,2,1
1576510378,1,2,1
1576510379,1,2,1
1576510380,1,2,1
1576510381,1,2,1
1576510382,1,2,1
1576510383,1,2,1
1576510384,1,2,1
1576510385,1,2,1
1576510386,1,2,1
1576510387,1,2,1
1576510388,1,2,1
1576510389,1,2,1
1576510390,1,2,1
1576510391,1,2,1
1576510392,1,2,1
1576510393,0,-1,1
1576510394,1,2,1
1576510395,1,2,1
1576510396,1,2,1
1576510397,1,2,1
1576510398,1,2,1
1576510399,1,2,1
1576510400,1,2,1
1576510401,1,2,1
1576510402,1,2,1
1576510403,1,2,1
1576510404,0,-1,1
1576510405,1,2,1
1576510406,1,2,1
1576510407,1,2,1
1576510408,1,2,1
1576510409,0,-1,1
1576510410,1,2,1
1576510411,1,2,1
1576510412,1,2,1
1576510413,1,2,1
1576510414,1,2,1
1576510415,0,-1,1
1576510416,1,2,1
1576510417,1,3,1
1576510418,1,3,1
1576510419,1,3,1
1576510420,1,3,1
1576510421,1,3,1
1576510422,1,3,1
1576510423,0,-1,1
1576510424,1,3,1
1576510425,1,3,1
1576510426,0,-1,1
1576510427,1,3,1
1576510428,1,3,1
1576510429,1,3,1
1576510430,1,3,1
1576510431,1,3,1
1576510432,1,3,1
1576510433,1,3,1
1576510434,1,3,1
1576510435,1,3,1
1576510436,1,3,1
1576510437,0,-1,1
1576510438,1,3,1
1576510439,1,3,1
1576510440,1,3,1
1576510441,1,3,1
1576510442,0,-1,1
1576510443,1,3,1
1576510444,1,3,1
1576510445,1,3,1
1576510446,1,3,1
1576510447,1,3,1
1576510448,0,-1,1
1576510449,1,3,1
1576510450,1,3,1
1576510451,1,3,1
1576510452,1,3,1
1576510453,1,3,1
1576510454,1,3,1
1576510455,1,3,1
1576510456,1,11,1
1576510457,1,11,1
1576510458,0,-1,1
1576510459,1,3,1
1576510460,1,3,1
1576510461,1,3,1
1576510462,1,3,1
1576510463,1,3,1
1576510464,1,3,1
1576510465,1,3,1
1576510466,1,3,1
1576510467,1,3,1
1576510468,0,-1,1
1576510469,1,3,1
1576510470,1,3,1
1576510471,1,3,1
1576510472,1,3,1
1576510473,1,3,1
1576510474,1,3,1
1576510475,1,3,1
1576510476,1,3,1
1576510477,1,3,1
1576510478,1,3,1
1576510479,0,-1,1
1576510480,1,3,1
1576510481,1,3,1
1576510482,1,3,1
1576510483,1,12,1
1576510484,1,12,1
1576510485,1,12,1
1576510486,1,12,1
1576510487,1,12,1
1576510488,1,12,1
1576510489,1,12,1
1576510490,1,12,1
1576510491,1,12,1
1576510492,1,12,1
1576510493,1,12,1
1576510494,1,11,1
1576510495,1,11,1
1576510496,1,11,1
1576510497,1,11,1
1576510498,1,11,1
1576510499,1,11,1
1576510500,1,11,1
1576510501,1,11,1
1576510502,1,11,1
1576510503,1,11,1
1576510504,0,-1,1
1576510505,1,11,1
1576510506,1,11,1
1576510507,0,-1,1
1576510508,1,11,1
1576510509,1,11,1
1576510510,1,11,1
1576510511,1,11,1
1576510512,1,11,1
1576510513,1,11,1
1576510514,1,11,1
1576510515,1,11,1
1576510516,1,11,1
1576510517,1,11,1
1576510518,1,11,1
1576510519,1,11,1
1576510520,1,11,1
1576510521,1,11,1
1576510522,1,11,1
1576510523,1,11,1
1576510524,1,11,1
1576510525,1,11,1
1576510526,1,11,1
1576510527,0,-1,1
1576510528,1,11,1
1576510529,1,11,1
1576510530,1,11,1
1576510531,1,11,1
1576510532,1,11,1
1576510533,1,11,1
1576510534,1,11,1
1576510535,1,11,1
1576510536,1,11,1
1576510537,1,11,1
1576510538,1,12,1
1576510539,0,-1,1
1576510540,1,12,1
1576510541,1,12,1
1576510542,1,12,1
1576510543,0,-1,1
1576510544,1,12,1
1576510545,1,12,1
1576510546,1,12,1
1576510547,1,12,1
1576510548,0,-1,1
1576510549,1,12,1
1576510550,1,12,1
1576510551,1,12,1
1576510552,1,12,1
1576510553,1,12,1
1576510554,1,12,1
1576510555,1,12,1
1576510556,0,-1,1
1576510557,1,12,1
1576510558,1,12,1
1576510559,1,12,1
1576510560,1,12,1
1576510561,1,12,1
1576510562,0,-1,1
1576510563,1,12,1
1576510564,1,12,1
1576510565,1,12,1
1576510566,1,12,1
1576510567,1,12,1
1576510568,1,12,1
1576510569,1,12,1
1576510570,1,12,1
1576510571,1,12,1
1576510572,1,12,1
1576510573,0,-1,1
1576510574,1,12,1
1576510575,1,12,1
1576510576,1,12,1
1576510577,1,12,1
1576510578,1,12,1
1576510579,1,1,1
1576510580,1,1,1
1576510581,1,1,1
1576510582,1,1,1
1576510583,0,-1,1
1576510584,1,1,1
1576510585,1,1,1
1576510586,1,1,1
1576510587,1,1,1
1576510588,1,1,1
1576510589,1,1,1
1576510590,1,1,1
1576510591,1,1,1
1576510592,1,1,1
1576510593,0,-1,1
1576510594,1,1,1
1576510595,1,1,1
1576510596,1,1,1
1576510597,1,1,1
1576510598,1,1,1
1576510599,1,1,1
1576510600,1,1,1
1576510601,1,1,1
1576510602,1,1,1
1576510603,1,1,1
1576510604,0,-1,1
1576510605,1,1,1
1576510606,1,1,1
1576510607,1,1,1
1576510608,1,1,1
1576510609,1,1,1
1576510610,1,1,1
1576510611,1,1,1
1576510612,1,1,1
1576510613,1,1,1
1576510614,0,-1,1
1576510615,1,1,1
1576510616,1,1,1
1576510617,1,1,1
1576510618,0,-1,1
1576510619,1,1,1
1576510620,1,1,1
1576510621,1,1,1
1576510622,1,1,1
1576510623,1,1,1
1576510624,1,1,1
1576510625,0,-1,1
1576510626,1,1,1
1576510627,1,1,1
1576510628,1,1,1
1576510629,1,1,1
1576510630,1,1,1
1576510631,1,1,1
1576510632,1,11,1
1576510633,1,11,1
1576510634,1,11,1
1576510635,0,-1,1
1576510636,1,11,1
1576510637,1,1,1
1576510638,1,1,1
1576510639,1,1,1
1576510640,1,1,1
1576510641,1,1,1
1576510642,1,1,1
1576510643,1,1,1
1576510644,1,1,1
1576510645,1,1,1
1576510646,0,-1,1
1576510647,1,1,1
1576510648,1,1,1
1576510649,1,1,1
1576510650,1,1,1
1576510651,1,1,1
1576510652,1,1,1
1576510653,1,1,1
1576510654,1,1,1
1576510655,1,1,1
1576510656,0,-1,1
1576510657,1,1,1
1576510658,1,1,1
1576510659,1,2,1
1576510660,1,2,1
1576510661,1,2,1
1576510662,1,2,1
1576510663,1,2,1
1576510664,1,2,1
1576510665,1,2,1
1576510666,1,2,1
1576510667,0,-1,1
1576510668,1,2,1
1576510669,1,2,1
1576510670,1,2,1
1576510671,1,2,1
1576510672,1,2,1
1576510673,0,-1,1
1576510674,1,2,1
1576510675,1,2,1
1576510676,1,2,1
1576510677,0,-1,1
1576510678,1,2,1
1576510679,1,2,1
1576510680,1,2,1
1576510681,1,2,1
1576510682,1,2,1
1576510683,1,2,1
1576510684,1,2,1
1576510685,1,2,1
1576510686,1,2,1
1576510687,0,-1,1
1576510688,1,2,1
1576510689,1,2,1
1576510690,1,2,1
1576510691,1,2,1
1576510692,1,2,1
1576510693,1,2,1
1576510694,1,2,1
1576510695,1,2,1
1576510696,1,13,1
1576510697,0,-1,1
1576510698,1,13,1
1576510699,1,2,1
1576510700,1,2,1
1576510701,0,-1,1
1576510702,1,2,1
1576510703,1,2,1
1576510704,1,2,1
1576510705,1,2,1
1576510706,0,-1,1
1576510707,1,2,1
1576510708,1,2,1
1576510709,1,2,1
1576510710,1,2,1
1576510711,1,2,1
1576510712,1,2,1
1576510713,1,2,1
1576510714,0,-1,1
1576510715,0,-1,1
1576510716,1,2,1
1576510717,1,2,1
1576510718,1,2,1
1576510719,1,2,1
1576510720,1,2,1
1576510721,1,2,1
1576510722,1,2,1
1576510723,0,-1,1
1576510724,1,2,1
1576510725,1,2,1
1576510726,1,2,1
1576510727,1,2,1
1576510728,1,2,1
1576510729,0,-1,1
1576510730,0,2,1
1576510731,0,2,1
1576510732,0,-1,1
1576510733,1,2,1
1576510734,1,2,1
1576510735,1,2,1
1576510736,1,2,1
1576510737,1,2,1
1576510738,1,2,1
1576510739,1,2,1
1576510740,1,2,1
1576510741,0,-1,1
1576510742,1,2,1
1576510743,0,-1,1
1576510744,1,2,1
1576510745,1,2,1
1576510746,1,2,1
1576510747,1,2,1
1576510748,1,2,1
1576510749,1,2,1
1576510750,0,-1,1
1576510751,1,2,1
1576510752,1,2,1
1576510753,1,2,1
1576510754,1,2,1
1576510755,1,2,1
1576510756,1,2,1
1576510757,1,2,1
1576510758,1,2,1
1576510759,1,2,1
1576510760,1,2,1
1576510761,1,2,1
1576510762,1,2,1
1576510763,1,2,1
1576510764,1,2,1
1576510765,1,2,1
1576510766,1,13,1
1576510767,0,-1,1
1576510768,1,13,1
1576510769,1,13,1
1576510770,1,13,1
1576510771,0,-1,1
1576510772,1,13,1
1576510773,1,13,1
1576510774,1,13,1
1576510775,1,13,1
1576510776,0,-1,1
1576510777,1,13,1
1576510778,1,13,1
1576510779,1,13,1
1576510780,1,13,1
1576510781,1,13,1
1576510782,1,13,1
1576510783,1,13,1
1576510784,1,13,1
1576510785,1,13,1
1576510786,1,13,1
1576510787,1,13,1
1576510788,1,13,1
1576510789,1,13,1
1576510790,1,13,1
1576510791,1,13,1
1576510792,1,13,1
1576510793,1,13,1
1576510794,1,13,1
1576510795,0,-1,1
1576510796,1,2,1
1576510797,1,2,1
1576510798,1,2,1
1576510799,1,2,1
1576510800,1,2,1
1576510801,1,2,1
1576510802,1,2,1
1576510803,1,2,1
1576510804,0,-1,1
1576510805,1,13,1
1576510806,1,13,1
1576510807,1,13,1
1576510808,1,13,1
1576510809,1,13,1
1576510810,1,13,1
1576510811,1,12,1
1576510812,0,-1,1
1576510813,0,-1,1
1576510814,1,12,1
1576510815,1,12,1
1576510816,0,2,1
1576510817,1,2,1
1576510818,1,2,1
1576510819,1,2,1
1576510820,0,2,1
1576510821,0,-1,1
1576510822,0,-1,1
1576510823,0,2,1
1576510824,0,2,1
1576510825,0,2,1
1576510826,0,2,1
1576510827,1,2,1
1576510828,0,2,1
1576510829,0,2,1
1576510830,1,2,1
1576510831,1,2,1
1576510832,1,2,1
1576510833,1,2,1
1576510834,0,2,1
1576510835,1,2,1
1576510836,1,12,1
1576510837,1,12,1
1576510838,0,-1,1
1576510839,1,12,1
1576510840,1,12,1
1576510841,1,12,1
1576510842,1,12,1
1576510843,1,12,1
1576510844,1,12,1
1576510845,1,12,1
1576510846,0,-1,1
1576510847,1,12,1
1576510848,1,12,1
1576510849,1,12,1
1576510850,1,12,1
1576510851,1,12,1
1576510852,1,12,1
1576510853,1,12,1
1576510854,0,-1,1
1576510855,1,13,1
1576510856,1,13,1
1576510857,0,-1,1
1576510858,1,13,1
1576510859,1,13,1
1576510860,1,13,1
1576510861,1,13,1
1576510862,1,13,1
1576510863,1,13,1
1576510864,0,-1,1
1576510865,1,13,1
1576510866,1,13,1
1576510867,1,13,1
1576510868,1,13,1
1576510869,1,13,1
1576510870,1,13,1
1576510871,1,13,1
1576510872,1,13,1
1576510873,1,13,1
1576510874,1,13,1
1576510875,1,12,1
1576510876,1,12,1
1576510877,1,12,1
1576510878,1,12,1
1576510879,1,12,1
1576510880,1,12,1
1576510881,1,12,1
1576510882,0,-1,1
1576510883,1,12,1
1576510884,1,12,1
1576510885,1,12,1
1576510886,1,12,1
1576510887,1,12,1
1576510888,1,13,1
1576510889,1,13,1
1576510890,1,13,1
1576510891,0,-1,1
1576510892,1,13,1
1576510893,1,13,1
1576510894,1,13,1
1576510895,1,13,1
1576510896,1,13,1
1576510897,1,12,1
1576510898,1,12,1
1576510899,1,12,1
1576510900,1,12,1
1576510901,0,-1,1
1576510902,1,12,1
1576510903,1,12,1
1576510904,1,12,1
1576510905,1,12,1
1576510906,1,12,1
1576510907,1,12,1
1576510908,1,12,1
1576510909,0,-1,1
1576510910,1,12,1
1576510911,1,12,1
1576510912,0,-1,1
1576510913,1,12,1
1576510914,1,12,1
1576510915,1,12,1
1576510916,1,12,1
1576510917,1,12,1
1576510918,1,12,1
1576510919,1,12,1
1576510920,1,12,1
1576510921,0,-1,1
1576510922,1,12,1
1576510923,1,12,1
1576510924,1,12,1
1576510925,1,12,1
1576510926,1,12,1
1576510927,1,12,1
1576510928,1,12,1
1576510929,1,12,1
1576510930,1,12,1
1576510931,1,12,1
1576510932,0,-1,1
1576510933,1,13,1
1576510934,1,13,1
1576510935,1,13,1
1576510936,1,13,1
1576510937,1,13,1
1576510938,1,13,1
1576510939,1,12,1
1576510940,0,-1,1
1576510941,1,12,1
1576510942,1,12,1
1576510943,1,12,1
1576510944,1,12,1
1576510945,1,12,1
1576510946,1,12,1
1576510947,1,12,1
1576510948,1,12,1
1576510949,0,-1,1
1576510950,1,12,1
1576510951,1,12,1
1576510952,1,12,1
1576510953,1,12,1
1576510954,1,12,1
1576510955,1,12,1
1576510956,1,12,1
1576510957,1,12,1
1576510958,1,12,1
1576510959,1,12,1
1576510960,1,12,1
1576510961,1,12,1
1576510962,1,12,1
1576510963,1,12,1
1576510964,1,11,1
1576510965,1,11,1
1576510966,1,11,1
1576510967,1,11,1
1576510968,0,-1,1
1576510969,1,12,1
1576510970,1,12,1
1576510971,1,11,1
1576510972,1,11,1
1576510973,1,11,1
1576510974,1,11,1
1576510975,1,2,1
1576510976,0,-1,1
1576510977,1,2,1
1576510978,1,2,1
1576510979,1,2,1
1576510980,1,2,1
1576510981,1,2,1
1576510982,1,2,1
1576510983,1,2,1
1576510984,1,2,1
1576510985,1,2,1
1576510986,0,-1,1
1576510987,1,2,1
1576510988,1,2,1
1576510989,1,13,1
1576510990,1,13,1
1576510991,1,13,1
1576510992,1,13,1
1576510993,1,13,1
1576510994,1,13,1
1576510995,1,13,1
1576510996,1,13,1
1576510997,1,13,1
1576510998,1,13,1
1576510999,1,13,1
1576511000,1,13,1
1576511001,1,13,1
1576511002,1,13,1
1576511003,1,13,1
1576511004,1,13,1
1576511005,1,13,1
1576511006,1,13,1
1576511007,0,-1,1
1576511008,1,13,1
1576511009,1,13,1
1576511010,1,13,1
1576511011,1,11,1
1576511012,1,11,1
1576511013,1,11,1
1576511014,1,11,1
1576511015,1,13,1
1576511016,1,13,1
1576511017,0,-1,1
1576511018,1,13,1
1576511019,1,13,1
1576511020,1,13,1
1576511021,1,13,1
1576511022,1,13,1
1576511023,0,-1,1
1576511024,1,13,1
1576511025,1,13,1
1576511026,1,13,1
1576511027,1,13,1
1576511028,1,13,1
1576511029,1,13,1
1576511030,1,13,1
1576511031,1,13,1
1576511032,1,13,1
1576511033,1,13,1
1576511034,0,-1,1
1576511035,1,13,1
1576511036,1,13,1
1576511037,0,-1,1
1576511038,1,11,1
1576511039,1,11,1
1576511040,1,11,1
1576511041,1,11,1
1576511042,1,11,1
1576511043,1,11,1
1576511044,0,-1,1
1576511045,1,11,1
1576511046,1,11,1
1576511047,1,13,1
1576511048,1,13,1
1576511049,1,13,1
1576511050,1,13,1
1576511051,1,13,1
1576511052,1,13,1
1576511053,1,13,1
1576511054,1,13,1
1576511055,1,13,1
1576511056,1,13,1
1576511057,1,13,1
1576511058,1,13,1
1576511059,1,13,1
1576511060,1,2,1
1576511061,1,2,1
1576511062,0,-1,1
1576511063,1,2,1
1576511064,1,2,1
1576511065,0,-1,1
1576511066,1,2,1
1576511067,1,2,1
1576511068,1,2,1
1576511069,1,2,1
1576511070,1,2,1
1576511071,0,-1,1
1576511072,1,2,1
1576511073,1,2,1
1576511074,1,2,1
1576511075,1,2,1
1576511076,1,2,1
1576511077,1,2,1
1576511078,1,2,1
1576511079,0,-1,1
1576511080,1,2,1
1576511081,1,2,1
1576511082,1,2,1
1576511083,1,2,1
1576511084,1,2,1
1576511085,1,2,1
1576511086,1,2,1
1576511087,1,2,1
1576511088,0,-1,1
1576511089,1,2,1
1576511090,1,2,1
1576511091,1,2,1
1576511092,1,2,1
1576511093,1,2,1
1576511094,1,2,1
1576511095,1,2,1
1576511096,1,2,1
1576511097,0,-1,1
1576511098,1,2,1
1576511099,1,2,1
1576511100,1,2,1
1576511101,1,2,1
1576511102,1,2,1
1576511103,1,2,1
1576511104,1,2,1
1576511105,1,2,1
1576511106,0,-1,1
1576511107,0,-1,1
1576511108,1,2,1
1576511109,1,2,1
1576511110,1,2,1
1576511111,1,2,1
1576511112,1,2,1
1576511113,1,2,1
1576511114,1,2,1
1576511115,0,-1,1
1576511116,1,2,1
1576511117,1,2,1
1576511118,1,2,1
1576511119,1,2,1
1576511120,1,2,1
1576511121,1,2,1
1576511122,1,2,1
1576511123,1,2,1
1576511124,0,-1,1
1576511125,1,2,1
1576511126,1,2,1
1576511127,1,2,1
1576511128,1,2,1
1576511129,1,2,1
1576511130,1,2,1
1576511131,1,2,1
1576511132,1,2,1
1576511133,0,-1,1
1576511134,1,2,1
1576511135,1,2,1
1576511136,1,2,1
1576511137,1,2,1
1576511138,1,2,1
1576511139,1,2,1
1576511140,1,2,1
1576511141,0,-1,1
1576511142,1,2,1
1576511143,1,2,1
1576511144,1,2,1
1576511145,1,2,1
1576511146,1,2,1
1576511147,1,2,1
1576511148,0,-1,1
1576511149,1,2,1
1576511150,1,2,1
1576511151,1,2,1
1576511152,1,2,1
1576511153,1,13,1
1576511154,1,13,1
1576511155,1,11,1
1576511156,1,11,1
1576511157,0,-1,1
1576511158,1,11,1
1576511159,1,11,1
1576511160,1,11,1
1576511161,1,11,1
1576511162,0,-1,1
1576511163,1,11,1
1576511164,1,12,1
1576511165,0,-1,1
1576511166,1,13,1
1576511167,1,11,1
1576511168,1,11,1
1576511169,1,11,1
1576511170,1,11,1
1576511171,1,11,1
1576511172,1,11,1
1576511173,1,11,1
1576511174,0,-1,1
1576511175,1,11,1
1576511176,1,11,1
1576511177,1,11,1
1576511178,1,11,1
1576511179,1,11,1
1576511180,1,11,1
1576511181,1,11,1
1576511182,0,-1,1
1576511183,1,11,1
1576511184,1,11,1
1576511185,1,11,1
1576511186,1,11,1
1576511187,1,11,1
1576511188,1,11,1
1576511189,1,11,1
1576511190,1,11,1
1576511191,1,11,1
1576511192,1,13,1
1576511193,1,13,1
1576511194,1,13,1
1576511195,1,13,1
1576511196,1,13,1
1576511197,1,13,1
1576511198,1,13,1
1576511199,1,13,1
1576511200,0,-1,1
1576511201,1,13,1
1576511202,1,13,1
1576511203,1,13,1
1576511204,0,-1,1
1576511205,1,13,1
1576511206,1,13,1
1576511207,1,13,1
1576511208,1,13,1
1576511209,1,13,1
1576511210,0,-1,1
1576511211,1,13,1
1576511212,1,13,1
1576511213,1,13,1
1576511214,1,13,1
1576511215,1,13,1
1576511216,1,13,1
1576511217,1,13,1
1576511218,1,13,1
1576511219,1,13,1
1576511220,1,13,1
1576511221,1,13,1
1576511222,1,13,1
1576511223,1,13,1
1576511224,1,13,1
1576511225,1,13,1
1576511226,1,13,1
1576511227,1,13,1
1576511228,1,13,1
1576511229,1,13,1
1576511230,0,-1,1
1576511231,1,13,1
1576511232,0,-1,1
1576511233,1,13,1
1576511234,1,13,1
1576511235,1,13,1
1576511236,1,13,1
1576511237,1,13,1
1576511238,1,13,1
1576511239,1,13,1
1576511240,1,13,1
1576511241,1,13,1
1576511242,1,13,1
1576511243,1,12,1
1576511244,1,12,1
1576511245,1,12,1
1576511246,1,12,1
1576511247,1,12,1
1576511248,1,12,1
1576511249,0,-1,1
1576511250,1,12,1
1576511251,1,12,1
1576511252,1,12,1
1576511253,1,12,1
1576511254,1,2,1
1576511255,1,2,1
1576511256,1,12,1
1576511257,0,12,1
1576511258,0,12,1
1576511259,0,12,1
1576511260,1,12,1
1576511261,0,12,1
1576511262,1,12,1
1576511263,1,12,1
1576511264,1,12,1
1576511265,1,12,1
1576511266,1,12,1
1576511267,0,-1,1
1576511268,1,12,1
1576511269,1,12,1
1576511270,1,2,1
1576511271,1,2,1
1576511272,1,2,1
1576511273,1,2,1
1576511274,1,2,1
1576511275,0,-1,1
1576511276,1,2,1
1576511277,1,2,1
1576511278,1,2,1
1576511279,1,2,1
1576511280,0,-1,1
1576511281,0,7,1
1576511282,1,13,1
1576511283,1,13,1
1576511284,1,13,1
1576511285,0,-1,1
1576511286,1,13,1
1576511287,1,13,1
1576511288,0,-1,1
1576511289,1,13,1
1576511290,1,13,1
1576511291,1,13,1
1576511292,1,13,1
1576511293,1,13,1
1576511294,1,13,1
1576511295,0,-1,1
1576511296,1,13,1
1576511297,1,13,1
1576511298,1,13,1
1576511299,1,13,1
1576511300,1,13,1
1576511301,1,13,1
1576511302,1,13,1
1576511303,1,13,1
1576511304,1,13,1
1576511305,1,13,1
1576511306,1,13,1
1576511307,1,13,1
1576511308,1,13,1
1576511309,1,13,1
1576511310,1,13,1
1576511311,1,13,1
1576511312,0,-1,1
1576511313,1,13,1
1576511314,1,13,1
1576511315,1,13,1
1576511316,1,13,1
1576511317,1,13,1
1576511318,1,13,1
1576511319,1,13,1
1576511320,1,13,1
1576511321,0,-1,1
1576511322,1,13,1
1576511323,1,13,1
1576511324,1,13,1
1576511325,1,13,1
1576511326,1,13,1
1576511327,1,13,1
1576511328,1,13,1
1576511329,1,13,1
1576511330,1,13,1
1576511331,1,13,1
1576511332,0,-1,1
1576511333,1,13,1
1576511334,1,13,1
1576511335,1,13,1
1576511336,1,13,1
1576511337,1,13,1
1576511338,1,13,1
1576511339,1,13,1
1576511340,0,-1,1
1576511341,1,13,1
1576511342,1,13,1
1576511343,1,13,1
1576511344,1,13,1
1576511345,1,13,1
1576511346,1,13,1
1576511347,1,13,1
1576511348,1,13,1
1576511349,0,-1,1
1576511350,1,13,1
1576511351,1,13,1
1576511352,1,13,1
1576511353,1,13,1
1576511354,1,13,1
1576511355,1,13,1
1576511356,0,-1,1
1576511357,0,-1,1
1576511358,1,13,1
1576511359,1,13,1
1576511360,1,13,1
1576511361,1,13,1
1576511362,1,13,1
1576511363,1,13,1
1576511364,0,-1,1
1576511365,1,13,1
1576511366,1,13,1
1576511367,1,13,1
1576511368,1,13,1
1576511369,1,13,1
1576511370,1,13,1
1576511371,1,13,1
1576511372,1,13,1
1576511373,1,13,1
1576511374,1,13,1
1576511375,0,-1,1
1576511376,1,13,1
1576511377,1,13,1
1576511378,1,13,1
1576511379,1,13,1
1576511380,1,7,1
1576511381,1,2,1
1576511382,1,2,1
1576511383,1,2,1
1576511384,1,2,1
1576511385,0,-1,1
1576511386,1,2,1
1576511387,1,2,1
1576511388,1,2,1
1576511389,1,13,1
1576511390,1,13,1
1576511391,1,13,1
1576511392,1,13,1
1576511393,1,2,1
1576511394,0,-1,1
1576511395,0,2,1
1576511396,1,2,1
1576511397,1,2,1
1576511398,1,2,1
1576511399,1,2,1
1576511400,1,2,1
1576511401,1,2,1
1576511402,1,2,1
1576511403,0,-1,1
1576511404,1,2,1
1576511405,1,2,1
1576511406,1,2,1
1576511407,1,2,1
1576511408,1,2,1
1576511409,1,2,1
1576511410,1,2,1
1576511411,0,-1,1
1576511412,1,2,1
1576511413,0,-1,1
1576511414,1,2,1
1576511415,1,2,1
1576511416,1,2,1
1576511417,1,2,1
1576511418,1,2,1
1576511419,1,2,1
1576511420,0,-1,1
1576511421,1,2,1
1576511422,1,2,1
1576511423,1,2,1
1576511424,1,2,1
1576511425,1,2,1
1576511426,1,2,1
1576511427,1,2,1
1576511428,1,2,1
1576511429,1,2,1
1576511430,1,2,1
1576511431,1,2,1
1576511432,1,1,1
1576511433,1,1,1
1576511434,1,1,1
1576511435,1,1,1
1576511436,1,1,1
1576511437,1,1,1
1576511438,1,1,1
1576511439,1,1,1
1576511440,0,-1,1
1576511441,0,-1,1
1576511442,1,1,1
1576511443,1,1,1
1576511444,0,-1,1
1576511445,1,11,1
1576511446,1,11,1
1576511447,1,1,1
1576511448,1,1,1
1576511449,0,-1,1
1576511450,1,1,1
1576511451,1,1,1
1576511452,1,1,1
1576511453,1,1,1
1576511454,1,12,1
1576511455,1,12,1
1576511456,1,13,1
1576511457,1,13,1
1576511458,0,-1,1
1576511459,1,12,1
1576511460,1,12,1
1576511461,1,12,1
1576511462,1,12,1
1576511463,1,12,1
1576511464,1,12,1
1576511465,1,12,1
1576511466,1,12,1
1576511467,0,-1,1
1576511468,1,12,1
1576511469,0,-1,1
1576511470,1,12,1
1576511471,1,12,1
1576511472,1,12,1
1576511473,1,12,1
1576511474,0,-1,1
1576511475,1,12,1
1576511476,1,12,1
1576511477,1,12,1
1576511478,1,12,1
1576511479,1,12,1
1576511480,1,12,1
1576511481,1,12,1
1576511482,0,-1,1
1576511483,1,12,1
1576511484,1,12,1
1576511485,1,12,1
1576511486,1,12,1
1576511487,1,12,1
1576511488,1,12,1
1576511489,1,12,1
1576511490,1,12,1
1576511491,0,-1,1
1576511492,1,12,1
1576511493,1,12,1
1576511494,1,12,1
1576511495,1,12,1
1576511496,0,-1,1
1576511497,1,12,1
1576511498,1,12,1
1576511499,1,12,1
1576511500,1,12,1
1576511501,1,12,1
1576511502,1,12,1
1576511503,1,12,1
1576511504,1,12,1
1576511505,1,12,1
1576511506,1,12,1
1576511507,0,-1,1
1576511508,1,12,1
1576511509,1,12,1
1576511510,0,-1,1
1576511511,1,12,1
1576511512,1,12,1
1576511513,1,12,1
1576511514,1,12,1
1576511515,0,-1,1
1576511516,1,12,1
1576511517,1,12,1
1576511518,1,12,1
1576511519,1,12,1
1576511520,1,12,1
1576511521,1,12,1
1576511522,0,-1,1
1576511523,1,12,1
1576511524,1,12,1
1576511525,1,12,1
1576511526,1,12,1
1576511527,1,12,1
1576511528,1,12,1
1576511529,1,12,1
1576511530,1,12,1
1576511531,0,-1,1
1576511532,1,12,1
1576511533,1,12,1
1576511534,1,12,1
1576511535,1,12,1
1576511536,1,12,1
1576511537,1,12,1
1576511538,1,11,1
1576511539,0,-1,1
1576511540,1,11,1
1576511541,1,11,1
1576511542,1,11,1
1576511543,1,11,1
1576511544,1,11,1
1576511545,1,11,1
1576511546,1,11,1
1576511547,1,11,1
1576511548,0,-1,1
1576511549,1,11,1
1576511550,1,11,1
1576511551,1,11,1
1576511552,1,11,1
1576511553,1,11,1
1576511554,1,11,1
1576511555,1,11,1
1576511556,1,11,1
1576511557,0,-1,1
1576511558,1,11,1
1576511559,1,11,1
1576511560,1,11,1
1576511561,1,11,1
1576511562,1,11,1
1576511563,1,11,1
1576511564,1,11,1
1576511565,0,-1,1
1576511566,0,-1,1
1576511567,1,11,1
1576511568,1,11,1
1576511569,1,11,1
1576511570,1,11,1
1576511571,1,11,1
1576511572,1,11,1
1576511573,1,11,1
1576511574,1,11,1
1576511575,0,-1,1
1576511576,1,11,1
1576511577,1,11,1
1576511578,1,11,1
1576511579,1,11,1
1576511580,1,11,1
1576511581,1,11,1
1576511582,1,11,1
1576511583,1,11,1
1576511584,1,11,1
1576511585,0,-1,1
1576511586,1,11,1
1576511587,1,11,1
1576511588,1,11,1
1576511589,1,11,1
1576511590,1,11,1
1576511591,1,11,1
1576511592,1,11,1
1576511593,0,-1,1
1576511594,1,11,1
1576511595,1,11,1
1576511596,1,11,1
1576511597,1,11,1
1576511598,1,11,1
1576511599,1,11,1
1576511600,1,11,1
1576511601,1,12,1
1576511602,1,12,1
1576511603,1,12,1
1576511604,1,12,1
1576511605,1,12,1
1576511606,1,12,1
1576511607,0,-1,1
1576511608,1,12,1
1576511609,1,12,1
1576511610,1,3,1
1576511611,1,3,1
1576511612,1,3,1
1576511613,1,3,1
1576511614,1,3,1
1576511615,1,3,1
1576511616,1,3,1
1576511617,1,3,1
1576511618,1,3,1
1576511619,1,12,1
1576511620,0,-1,1
1576511621,1,12,1
1576511622,1,3,1
1576511623,1,3,1
1576511624,1,3,1
1576511625,1,3,1
1576511626,1,3,1
1576511627,1,3,1
1576511628,1,3,1
1576511629,1,3,1
1576511630,0,-1,1
1576511631,1,3,1
1576511632,1,3,1
1576511633,1,3,1
1576511634,1,3,1
1576511635,0,-1,1
1576511636,1,3,1
1576511637,1,3,1
1576511638,1,3,1
1576511639,1,3,1
1576511640,0,-1,1
1576511641,1,3,1
1576511642,1,3,1
1576511643,1,3,1
1576511644,1,3,1
1576511645,1,3,1
1576511646,1,3,1
1576511647,1,3,1
1576511648,1,3,1
1576511649,1,3,1
1576511650,0,-1,1
1576511651,1,3,1
1576511652,1,3,1
1576511653,1,12,1
1576511654,1,12,1
1576511655,1,3,1
1576511656,1,3,1
1576511657,1,3,1
1576511658,1,3,1
1576511659,0,-1,1
1576511660,1,3,1
1576511661,1,3,1
1576511662,1,3,1
1576511663,0,-1,1
1576511664,1,3,1
1576511665,1,3,1
1576511666,1,3,1
1576511667,1,3,1
1576511668,1,3,1
1576511669,1,3,1
1576511670,0,-1,1
1576511671,1,3,1
1576511672,1,3,1
1576511673,1,3,1
1576511674,1,3,1
1576511675,1,3,1
1576511676,1,3,1
1576511677,1,3,1
1576511678,1,3,1
1576511679,1,3,1
1576511680,1,3,1
1576511681,0,-1,1
1576511682,1,3,1
1576511683,1,3,1
1576511684,1,3,1
1576511685,1,3,1
1576511686,1,3,1
1576511687,1,3,1
1576511688,1,3,1
1576511689,1,3,1
1576511690,1,3,1
1576511691,1,3,1
1576511692,0,-1,1
1576511693,1,3,1
1576511694,1,3,1
1576511695,1,3,1
1576511696,1,3,1
1576511697,1,3,1
1576511698,1,3,1
1576511699,1,2,1
1576511700,1,2,1
1576511701,1,2,1
1576511702,1,2,1
1576511703,0,-1,1
1576511704,1,2,1
1576511705,0,-1,1
1576511706,1,2,1
1576511707,1,2,1
1576511708,1,2,1
1576511709,1,2,1
1576511710,1,2,1
1576511711,1,2,1
1576511712,1,2,1
1576511713,1,2,1
1576511714,1,2,1
1576511715,1,2,1
1576511716,1,2,1
1576511717,1,2,1
1576511718,1,2,1
1576511719,1,2,1
1576511720,1,2,1
1576511721,1,2,1
1576511722,1,2,1
1576511723,1,2,1
1576511724,1,2,1
1576511725,0,-1,1
1576511726,1,2,1
1576511727,1,2,1
1576511728,1,2,1
1576511729,1,2,1
1576511730,1,2,1
1576511731,1,2,1
1576511732,1,2,1
1576511733,1,2,1
1576511734,1,2,1
1576511735,1,2,1
1576511736,0,-1,1
1576511737,1,2,1
1576511738,1,2,1
1576511739,1,2,1
1576511740,1,2,1
1576511741,1,2,1
1576511742,1,2,1
1576511743,1,2,1
1576511744,1,2,1
1576511745,1,2,1
1576511746,0,-1,1
1576511747,1,2,1
1576511748,1,2,1
1576511749,1,2,1
1576511750,1,2,1
1576511751,1,2,1
1576511752,1,2,1
1576511753,1,2,1
1576511754,1,2,1
1576511755,1,2,1
1576511756,1,2,1
1576511757,1,2,1
1576511758,0,-1,1
1576511759,1,2,1
1576511760,0,-1,1
1576511761,1,2,1
1576511762,1,2,1
1576511763,1,2,1
1576511764,1,2,1
1576511765,1,2,1
1576511766,1,2,1
1576511767,1,2,1
1576511768,0,-1,1
1576511769,1,2,1
1576511770,1,2,1
1576511771,1,2,1
1576511772,1,2,1
1576511773,0,-1,1
1576511774,0,-1,1
1576511775,1,2,1
1576511776,1,2,1
1576511777,1,2,1
1576511778,1,2,1
1576511779,0,-1,1
1576511780,1,2,1
1576511781,1,2,1
1576511782,1,2,1
1576511783,1,2,1
1576511784,1,2,1
1576511785,1,1,1
1576511786,1,1,1
1576511787,1,2,1
1576511788,1,2,1
1576511789,1,2,1
1576511790,1,2,1
1576511791,0,-1,1
1576511792,1,2,1
1576511793,1,2,1
1576511794,1,2,1
1576511795,1,2,1
1576511796,1,2,1
1576511797,1,2,1
1576511798,1,2,1
1576511799,1,2,1
1576511800,1,2,1
1576511801,0,-1,1
1576511802,0,-1,1
1576511803,1,2,1
1576511804,1,2,1
1576511805,1,1,1
1576511806,1,1,1
1576511807,1,2,1
1576511808,1,2,1
1576511809,1,2,1
1576511810,1,2,1
1576511811,1,2,1
1576511812,0,-1,1
1576511813,1,2,1
1576511814,1,2,1
1576511815,1,2,1
1576511816,0,-1,1
1576511817,1,2,1
1576511818,1,2,1
1576511819,1,2,1
1576511820,1,2,1
1576511821,1,2,1
1576511822,1,2,1
1576511823,1,2,1
1576511824,1,2,1
1576511825,1,2,1
1576511826,1,2,1
1576511827,1,1,1
1576511828,1,1,1
1576511829,1,1,1
1576511830,1,1,1
1576511831,1,1,1
1576511832,1,1,1
1576511833,0,-1,1
1576511834,1,1,1
1576511835,1,1,1
1576511836,1,1,1
1576511837,1,1,1
1576511838,1,2,1
1576511839,1,2,1
1576511840,1,2,1
1576511841,1,2,1
1576511842,1,2,1
1576511843,1,2,1
1576511844,1,2,1
1576511845,1,2,1
1576511846,1,2,1
1576511847,1,2,1
1576511848,1,2,1
1576511849,1,2,1
1576511850,1,2,1
1576511851,1,2,1
1576511852,1,2,1
1576511853,1,2,1
1576511854,1,2,1
1576511855,0,-1,1
1576511856,1,2,1
1576511857,1,2,1
1576511858,1,2,1
1576511859,1,2,1
1576511860,1,2,1
1576511861,1,2,1
1576511862,1,2,1
1576511863,1,2,1
1576511864,0,-1,1
1576511865,1,2,1
1576511866,1,2,1
1576511867,1,2,1
1576511868,1,2,1
1576511869,1,2,1
1576511870,1,2,1
1576511871,1,2,1
1576511872,1,2,1
1576511873,1,2,1
1576511874,1,2,1
1576511875,0,-1,1
1576511876,1,2,1
1576511877,1,2,1
1576511878,1,2,1
1576511879,0,-1,1
1576511880,1,2,1
1576511881,1,2,1
1576511882,1,2,1
1576511883,1,2,1
1576511884,1,2,1
1576511885,0,-1,1
1576511886,0,-1,1
1576511887,1,2,1
1576511888,1,2,1
1576511889,1,2,1
1576511890,1,2,1
1576511891,1,2,1
1576511892,1,2,1
1576511893,1,2,1
1576511894,1,2,1
1576511895,1,2,1
1576511896,0,-1,1
1576511897,1,2,1
1576511898,1,13,1
1576511899,1,13,1
1576511900,1,2,1
1576511901,1,2,1
1576511902,1,2,1
1576511903,1,2,1
1576511904,1,2,1
1576511905,1,2,1
1576511906,1,2,1
1576511907,0,-1,1
1576511908,1,2,1
1576511909,1,2,1
1576511910,1,2,1
1576511911,1,2,1
1576511912,1,2,1
1576511913,0,-1,1
1576511914,1,2,1
1576511915,1,2,1
1576511916,1,2,1
1576511917,0,-1,1
1576511918,1,2,1
1576511919,1,2,1
1576511920,1,2,1
1576511921,1,2,1
1576511922,1,2,1
1576511923,1,2,1
1576511924,1,13,1
1576511925,0,-1,1
1576511926,1,13,1
1576511927,0,-1,1
1576511928,1,2,1
1576511929,1,2,1
1576511930,1,2,1
1576511931,1,2,1
1576511932,1,2,1
1576511933,1,2,1
1576511934,0,-1,1
1576511935,1,2,1
1576511936,1,2,1
1576511937,1,2,1
1576511938,1,2,1
1576511939,1,2,1
1576511940,1,2,1
1576511941,0,-1,1
1576511942,1,2,1
1576511943,1,2,1
1576511944,0,-1,1
1576511945,1,2,1
1576511946,1,2,1
1576511947,1,2,1
1576511948,1,2,1
1576511949,1,13,1
1576511950,1,13,1
1576511951,1,13,1
1576511952,0,-1,1
1576511953,1,13,1
1576511954,1,13,1
1576511955,1,13,1
1576511956,1,13,1
1576511957,1,13,1
1576511958,1,13,1
1576511959,1,13,1
1576511960,1,13,1
1576511961,0,-1,1
1576511962,1,13,1
1576511963,1,13,1
1576511964,1,13,1
1576511965,1,13,1
1576511966,1,13,1
1576511967,1,13,1
1576511968,1,13,1
1576511969,1,13,1
1576511970,1,13,1
1576511971,1,13,1
1576511972,1,13,1
1576511973,1,13,1
1576511974,1,13,1
1576511975,1,13,1
1576511976,1,13,1
1576511977,1,13,1
1576511978,1,13,1
1576511979,1,13,1
1576511980,1,13,1
1576511981,0,-1,1
1576511982,1,13,1
1576511983,0,-1,1
1576511984,1,13,1
1576511985,1,13,1
1576511986,1,13,1
1576511987,1,13,1
1576511988,1,13,1
1576511989,1,13,1
1576511990,0,-1,1
1576511991,1,13,1
1576511992,1,13,1
1576511993,1,13,1
1576511994,1,13,1
1576511995,1,13,1
1576511996,1,13,1
1576511997,1,13,1
1576511998,1,13,1
1576511999,1,13,1
1576512000,1,13,1
1576512001,1,13,1
1576512002,1,13,1
1576512003,1,13,1
1576512004,1,13,1
1576512005,1,13,1
1576512006,1,13,1
1576512007,1,13,1
1576512008,0,-1,1
1576512009,1,13,1
1576512010,1,13,1
1576512011,0,-1,1
1576512012,1,12,1
1576512013,1,12,1
1576512014,1,12,1
1576512015,1,12,1
1576512016,1,12,1
1576512017,1,12,1
1576512018,1,12,1
1576512019,1,12,1
1576512020,1,12,1
1576512021,1,12,1
1576512022,1,12,1
1576512023,1,12,1
1576512024,1,12,1
1576512025,1,12,1
1576512026,1,12,1
1576512027,1,12,1
1576512028,1,12,1
1576512029,1,12,1
1576512030,1,12,1
1576512031,1,12,1
1576512032,1,12,1
1576512033,1,12,1
1576512034,0,-1,1
1576512035,1,12,1
1576512036,1,12,1
1576512037,1,12,1
1576512038,1,12,1
1576512039,1,12,1
1576512040,1,12,1
1576512041,1,12,1
1576512042,1,12,1
1576512043,1,12,1
1576512044,0,-1,1
1576512045,1,12,1
1576512046,1,12,1
1576512047,1,12,1
1576512048,1,12,1
1576512049,1,12,1
1576512050,1,12,1
1576512051,1,12,1
1576512052,0,-1,1
1576512053,1,12,1
1576512054,1,12,1
1576512055,1,12,1
1576512056,1,12,1
1576512057,1,13,1
1576512058,1,13,1
1576512059,1,13,1
1576512060,1,13,1
1576512061,1,13,1
1576512062,0,-1,1
1576512063,1,13,1
1576512064,1,13,1
1576512065,1,13,1
1576512066,0,-1,1
1576512067,1,13,1
1576512068,1,13,1
1576512069,1,13,1
1576512070,0,-1,1
1576512071,1,13,1
1576512072,1,13,1
1576512073,1,13,1
1576512074,1,13,1
1576512075,1,13,1
1576512076,1,13,1
1576512077,1,13,1
1576512078,1,13,1
1576512079,0,-1,1
1576512080,0,-1,1
1576512081,1,13,1
1576512082,1,13,1
1576512083,1,13,1
1576512084,1,13,1
1576512085,1,13,1
1576512086,1,13,1
1576512087,0,-1,1
1576512088,1,13,1
1576512089,1,13,1
1576512090,1,13,1
1576512091,1,13,1
1576512092,1,13,1
1576512093,1,13,1
1576512094,1,13,1
1576512095,1,13,1
1576512096,1,13,1
1576512097,1,13,1
1576512098,1,13,1
1576512099,1,13,1
1576512100,1,13,1
1576512101,1,13,1
1576512102,1,13,1
1576512103,1,13,1
1576512104,1,13,1
1576512105,1,13,1
1576512106,1,13,1
1576512107,1,13,1
1576512108,0,-1,1
1576512109,1,13,1
1576512110,1,13,1
1576512111,1,13,1
1576512112,0,-1,1
1576512113,1,13,1
1576512114,1,13,1
1576512115,1,13,1
1576512116,1,13,1
1576512117,1,13,1
1576512118,1,13,1
1576512119,1,13,1
1576512120,0,-1,1
1576512121,1,13,1
1576512122,0,-1,1
1576512123,1,13,1
1576512124,1,13,1
1576512125,1,13,1
1576512126,1,13,1
1576512127,1,13,1
1576512128,1,13,1
1576512129,0,-1,1
1576512130,1,13,1
1576512131,1,13,1
1576512132,1,13,1
1576512133,1,13,1
1576512134,1,13,1
1576512135,1,13,1
1576512136,1,13,1
1576512137,1,13,1
1576512138,1,13,1
1576512139,1,13,1
1576512140,1,13,1
1576512141,1,13,1
1576512142,1,13,1
1576512143,1,13,1
1576512144,1,13,1
1576512145,1,13,1
1576512146,1,13,1
1576512147,0,-1,1
1576512148,1,13,1
1576512149,1,13,1
1576512150,1,13,1
1576512151,1,13,1
1576512152,1,13,1
1576512153,1,13,1
1576512154,1,13,1
1576512155,1,13,1
1576512156,0,-1,1
1576512157,1,13,1
1576512158,1,13,1
1576512159,1,13,1
1576512160,1,13,1
1576512161,1,13,1
1576512162,1,13,1
1576512163,1,13,1
1576512164,1,13,1
1576512165,1,13,1
1576512166,1,13,1
1576512167,1,13,1
1576512168,1,13,1
1576512169,0,-1,1
1576512170,1,13,1
1576512171,1,13,1
1576512172,1,13,1
1576512173,0,-1,1
1576512174,1,13,1
1576512175,1,13,1
1576512176,1,13,1
1576512177,0,-1,1
1576512178,1,13,1
1576512179,1,13,1
1576512180,1,13,1
1576512181,1,13,1
1576512182,0,-1,1
1576512183,1,13,1
1576512184,1,13,1
1576512185,1,13,1
1576512186,1,13,1
1576512187,1,13,1
1576512188,1,13,1
1576512189,1,13,1
1576512190,1,13,1
1576512191,0,-1,1
1576512192,1,13,1
1576512193,1,13,1
1576512194,1,13,1
1576512195,1,13,1
1576512196,1,13,1
1576512197,1,13,1
1576512198,1,13,1
1576512199,1,13,1
1576512200,1,13,1
1576512201,0,-1,1
1576512202,1,13,1
1576512203,1,13,1
1576512204,1,13,1
1576512205,1,13,1
1576512206,1,13,1
1576512207,1,13,1
1576512208,1,13,1
1576512209,1,13,1
1576512210,1,13,1
1576512211,1,13,1
1576512212,0,-1,1
1576512213,1,13,1
1576512214,1,13,1
1576512215,1,13,1
1576512216,1,13,1
1576512217,1,12,1
1576512218,0,11,1
1576512219,1,11,1
1576512220,1,11,1
1576512221,1,11,1
1576512222,0,-1,1
1576512223,1,11,1
1576512224,1,11,1
1576512225,1,11,1
1576512226,1,11,1
1576512227,1,11,1
1576512228,1,11,1
1576512229,1,11,1
1576512230,1,11,1
1576512231,1,11,1
1576512232,1,11,1
1576512233,1,11,1
1576512234,0,-1,1
1576512235,1,11,1
1576512236,1,11,1
1576512237,1,11,1
1576512238,1,11,1
1576512239,1,11,1
1576512240,1,11,1
1576512241,1,11,1
1576512242,1,11,1
1576512243,1,11,1
1576512244,0,-1,1
1576512245,1,11,1
1576512246,1,11,1
1576512247,0,-1,1
1576512248,1,11,1
1576512249,1,11,1
1576512250,1,11,1
1576512251,1,11,1
1576512252,1,11,1
1576512253,1,11,1
1576512254,1,11,1
1576512255,0,-1,1
1576512256,1,11,1
1576512257,1,11,1
1576512258,1,11,1
1576512259,1,11,1
1576512260,1,11,1
1576512261,0,-1,1
1576512262,1,11,1
1576512263,1,11,1
1576512264,1,11,1
1576512265,1,11,1
1576512266,0,-1,1
1576512267,1,11,1
1576512268,1,11,1
1576512269,1,11,1
1576512270,1,11,1
1576512271,1,11,1
1576512272,1,11,1
1576512273,1,11,1
1576512274,1,11,1
1576512275,1,11,1
1576512276,0,-1,1
1576512277,1,11,1
1576512278,1,11,1
1576512279,1,11,1
1576512280,1,11,1
1576512281,1,11,1
1576512282,1,11,1
1576512283,1,11,1
1576512284,1,11,1
1576512285,1,11,1
1576512286,1,11,1
1576512287,0,-1,1
1576512288,1,11,1
1576512289,0,-1,1
1576512290,1,11,1
1576512291,1,11,1
1576512292,1,11,1
1576512293,1,11,1
1576512294,1,11,1
1576512295,1,11,1
1576512296,1,11,1
1576512297,1,11,1
1576512298,1,11,1
1576512299,1,11,1
1576512300,1,11,1
1576512301,1,11,1
1576512302,1,11,1
1576512303,1,11,1
1576512304,1,11,1
1576512305,1,11,1
1576512306,1,11,1
1576512307,0,-1,1
1576512308,1,11,1
1576512309,1,11,1
1576512310,1,11,1
1576512311,1,11,1
1576512312,1,11,1
1576512313,1,11,1
1576512314,1,11,1
1576512315,1,11,1
1576512316,1,11,1
1576512317,0,-1,1
1576512318,1,11,1
1576512319,1,11,1
1576512320,1,11,1
1576512321,1,11,1
1576512322,1,11,1
1576512323,1,11,1
1576512324,1,11,1
1576512325,0,-1,1
1576512326,1,11,1
1576512327,1,11,1
1576512328,1,11,1
1576512329,1,11,1
1576512330,1,11,1
1576512331,1,11,1
1576512332,1,11,1
1576512333,1,11,1
1576512334,0,-1,1
1576512335,1,11,1
1576512336,1,11,1
1576512337,1,11,1
1576512338,1,11,1
1576512339,1,11,1
1576512340,1,11,1
1576512341,1,11,1
1576512342,1,11,1
1576512343,1,11,1
1576512344,0,-1,1
1576512345,0,-1,1
1576512346,1,11,1
1576512347,1,11,1
1576512348,0,11,1
1576512349,1,11,1
1576512350,1,11,1
1576512351,1,11,1
1576512352,1,11,1
1576512353,1,11,1
1576512354,1,11,1
1576512355,0,-1,1
1576512356,1,11,1
1576512357,1,11,1
1576512358,1,11,1
1576512359,1,11,1
1576525799,1,57661,2
1576525800,0,-1,2
1576525801,1,57661,2
1576525802,1,57661,2
1576525803,1,57661,2
1576525804,1,57661,2
1576525805,1,57661,2
1576525806,1,57661,2
1576525807,1,57661,2
1576525808,1,57661,2
1576525809,1,57661,2
1576525810,1,57661,2
1576525811,0,-1,2
1576525812,1,57661,2
1576525813,1,57661,2
1576525814,1,57661,2
1576525815,1,57661,2
1576525816,0,-1,2
1576525817,1,57661,2
1576525818,1,57661,2
1576525819,1,57661,2
1576525820,1,57661,2
1576525821,0,-1,2
1576525822,1,57661,2
1576525823,1,57661,2
1576525824,1,57661,2
1576525825,1,57661,2
1576525826,1,57661,2
1576525827,1,57661,2
1576525828,1,57661,2
1576525829,1,57661,2
1576525830,1,57661,2
1576525831,0,-1,2
1576525832,1,57661,2
1576525833,1,57661,2
1576525834,1,57661,2
1576525835,1,57661,2
1576525836,1,57661,2
1576525837,1,57661,2
1576525838,1,57661,2
1576525839,1,57661,2
1576525840,1,40691,2
1576525841,0,-1,2
1576525842,1,40691,2
1576525843,1,40691,2
1576525844,1,40691,2
1576525845,0,-1,2
1576525846,1,40691,2
1576525847,1,40691,2
1576525848,1,40691,2
1576525849,1,40691,2
1576525850,1,40691,2
1576525851,1,40691,2
1576525852,1,40691,2
1576525853,0,-1,2
1576525854,1,40691,2
1576525855,1,40691,2
1576525856,1,40691,2
1576525857,1,40691,2
1576525858,1,40691,2
1576525859,1,40691,2
1576525860,1,40691,2
1576525861,1,40691,2
1576525862,1,40691,2
1576525863,1,40691,2
1576525864,0,-1,2
1576525865,1,40691,2
1576525866,1,40691,2
1576525867,1,40691,2
1576525868,1,40691,2
1576525869,1,40691,2
1576525870,1,40691,2
1576525871,1,40691,2
1576525872,1,40691,2
1576525873,1,40691,2
1576525874,1,40691,2
1576525875,1,40691,2
1576525876,1,40691,2
1576525877,1,40691,2
1576525878,1,40691,2
1576525879,1,40691,2
1576525880,1,40691,2
1576525881,0,-1,2
1576525882,1,40691,2
1576525883,1,40691,2
1576525884,1,40691,2
1576525885,1,40691,2
1576525886,0,-1,2
1576525887,0,-1,2
1576525888,1,40691,2
1576525889,1,40691,2
1576525890,1,40691,2
1576525891,1,40691,2
1576525892,1,40691,2
1576525893,1,40691,2
1576525894,1,40691,2
1576525895,1,40691,2
1576525896,1,40691,2
1576525897,0,-1,2
1576525898,1,40691,2
1576525899,1,40691,2
1576525900,0,-1,2
1576525901,1,40691,2
1576525902,1,40691,2
1576525903,1,40691,2
1576525904,1,40691,2
1576525905,1,40691,2
1576525906,1,40691,2
1576525907,1,40691,2
1576525908,0,-1,2
1576525909,1,40691,2
1576525910,1,40691,2
1576525911,1,40691,2
1576525912,1,40691,2
1576525913,1,40691,2
1576525914,0,-1,2
1576525915,1,40691,2
1576525916,1,40691,2
1576525917,1,40691,2
1576525918,1,40691,2
1576525919,0,-1,2
1576525920,1,40691,2
1576525921,1,40691,2
1576525922,1,40691,2
1576525923,1,40691,2
1576525924,1,40691,2
1576525925,1,40691,2
1576525926,1,40691,2
1576525927,1,40691,2
1576525928,0,-1,2
1576525929,0,-1,2
1576525930,1,40691,2
1576525931,1,40691,2
1576525932,1,40691,2
1576525933,1,40691,2
1576525934,1,40691,2
1576525935,1,40691,2
1576525936,1,40691,2
1576525937,1,40691,2
1576525938,1,40691,2
1576525939,1,40691,2
1576525940,1,40691,2
1576525941,1,40691,2
1576525942,0,-1,2
1576525943,1,40691,2
1576525944,1,40691,2
1576525945,1,40691,2
1576525946,1,40691,2
1576525947,1,40691,2
1576525948,1,40691,2
1576525949,1,40691,2
1576525950,1,40691,2
1576525951,0,-1,2
1576525952,1,40691,2
1576525953,1,40691,2
1576525954,1,40691,2
1576525955,1,40691,2
1576525956,0,-1,2
1576525957,1,40691,2
1576525958,1,40691,2
1576525959,1,40691,2
1576525960,1,40691,2
1576525961,1,40691,2
1576525962,0,-1,2
1576525963,1,40691,2
1576525964,1,40691,2
1576525965,1,40691,2
1576525966,1,40691,2
1576525967,1,40691,2
1576525968,0,-1,2
1576525969,1,40691,2
1576525970,1,40691,2
1576525971,1,40691,2
1576525972,1,40691,2
1576525973,0,-1,2
1576525974,1,40691,2
1576525975,1,40691,2
1576525976,1,40691,2
1576525977,1,40691,2
1576525978,1,40691,2
1576525979,1,40691,2
1576525980,1,40691,2
1576525981,1,40691,2
1576525982,1,40691,2
1576525983,1,40691,2
1576525984,0,-1,2
1576525985,1,40691,2
1576525986,1,40691,2
1576525987,1,40691,2
1576525988,1,40691,2
1576525989,1,40691,2
1576525990,1,40691,2
1576525991,1,40691,2
1576525992,1,40691,2
1576525993,1,40691,2
1576525994,1,40691,2
1576525995,1,40691,2
1576525996,1,40691,2
1576525997,1,40691,2
1576525998,0,-1,2
1576525999,1,40691,2
1576526000,1,40691,2
1576526001,1,40691,2
1576526002,1,40691,2
1576526003,1,40691,2
1576526004,1,40691,2
1576526005,0,-1,2
1576526006,1,40691,2
1576526007,1,40691,2
1576526008,1,40691,2
1576526009,1,40691,2
1576526010,1,40691,2
1576526011,1,40691,2
1576526012,1,40691,2
1576526013,1,40691,2
1576526014,1,40691,2
1576526015,1,40691,2
1576526016,0,-1,2
1576526017,1,40691,2
1576526018,1,40691,2
1576526019,1,40691,2
1576526020,1,40691,2
1576526021,1,40691,2
1576526022,1,40691,2
1576526023,1,40691,2
1576526024,1,40691,2
1576526025,1,40691,2
1576526026,1,40691,2
1576526027,0,-1,2
1576526028,1,40691,2
1576526029,1,40691,2
1576526030,1,40691,2
1576526031,1,40691,2
1576526032,1,40691,2
1576526033,1,40691,2
1576526034,1,40691,2
1576526035,1,40691,2
1576526036,1,40691,2
1576526037,1,40691,2
1576526038,0,-1,2
1576526039,1,40691,2
1576526040,1,40691,2
1576526041,1,40691,2
1576526042,1,40691,2
1576526043,1,40691,2
1576526044,1,40691,2
1576526045,1,40691,2
1576526046,1,40691,2
1576526047,1,40691,2
1576526048,1,40691,2
1576526049,0,-1,2
1576526050,1,40691,2
1576526051,1,40691,2
1576526052,1,40691,2
1576526053,0,-1,2
1576526054,0,-1,2
1576526055,1,40691,2
1576526056,1,40691,2
1576526057,1,40691,2
1576526058,1,40691,2
1576526059,0,-1,2
1576526060,1,40691,2
1576526061,1,40691,2
1576526062,1,40691,2
1576526063,1,40691,2
1576526064,1,40691,2
1576526065,1,40691,2
1576526066,1,40691,2
1576526067,0,-1,2
1576526068,1,40691,2
1576526069,1,40691,2
1576526070,0,-1,2
1576526071,1,40691,2
1576526072,1,40691,2
1576526073,1,40691,2
1576526074,1,40691,2
1576526075,1,40691,2
1576526076,1,40691,2
1576526077,1,40691,2
1576526078,1,40691,2
1576526079,1,40691,2
1576526080,1,40691,2
1576526081,0,-1,2
1576526082,1,40691,2
1576526083,1,40691,2
1576526084,1,40691,2
1576526085,1,40691,2
1576526086,1,40691,2
1576526087,1,40691,2
1576526088,1,40691,2
1576526089,1,40691,2
1576526090,1,40691,2
1576526091,1,40691,2
1576526092,0,-1,2
1576526093,1,40691,2
1576526094,1,40691,2
1576526095,0,-1,2
1576526096,1,40691,2
1576526097,1,40691,2
1576526098,1,40691,2
1576526099,1,40691,2
1576526100,1,40691,2
1576526101,1,40691,2
1576526102,1,40691,2
1576526103,0,-1,2
1576526104,1,40691,2
1576526105,1,40691,2
1576526106,1,40691,2
1576526107,1,40691,2
1576526108,1,40691,2
1576526109,0,-1,2
1576526110,1,40691,2
1576526111,1,40691,2
1576526112,1,40691,2
1576526113,0,-1,2
1576526114,1,40691,2
1576526115,1,40691,2
1576526116,1,40691,2
1576526117,1,40691,2
1576526118,1,40691,2
1576526119,1,40691,2
1576526120,1,40691,2
1576526121,1,40691,2
1576526122,1,40691,2
1576526123,1,40691,2
1576526124,1,40691,2
1576526125,1,40691,2
1576526126,1,40691,2
1576526127,1,40691,2
1576526128,1,40691,2
1576526129,1,40691,2
1576526130,1,40691,2
1576526131,1,40691,2
1576526132,1,40691,2
1576526133,1,40691,2
1576526134,1,40691,2
1576526135,0,-1,2
1576526136,1,40691,2
1576526137,0,-1,2
1576526138,1,40691,2
1576526139,1,40691,2
1576526140,1,40691,2
1576526141,1,40691,2
1576526142,1,40691,2
1576526143,1,40691,2
1576526144,1,40691,2
1576526145,0,-1,2
1576526146,1,40691,2
1576526147,1,40691,2
1576526148,1,40691,2
1576526149,1,40691,2
1576526150,1,40691,2
1576526151,0,-1,2
1576526152,1,40691,2
1576526153,1,40691,2
1576526154,1,40691,2
1576526155,1,40691,2
1576526156,1,40691,2
1576526157,0,-1,2
1576526158,1,40691,2
1576526159,1,40691,2
1576526160,1,40691,2
1576526161,1,40691,2
1576526162,1,40691,2
1576526163,1,40691,2
1576526164,1,40691,2
1576526165,1,40691,2
1576526166,0,-1,2
1576526167,1,40691,2
1576526168,1,40691,2
1576526169,1,40691,2
1576526170,1,40691,2
1576526171,1,40691,2
1576526172,1,40691,2
1576526173,1,40691,2
1576526174,1,40691,2
1576526175,1,40691,2
1576526176,1,40691,2
1576526177,1,40691,2
1576526178,0,-1,2
1576526179,0,-1,2
1576526180,1,40691,2
1576526181,1,40691,2
1576526182,1,40691,2
1576526183,1,40691,2
1576526184,1,40691,2
1576526185,1,40691,2
1576526186,1,40691,2
1576526187,1,40691,2
1576526188,0,-1,2
1576526189,1,40691,2
1576526190,1,40691,2
1576526191,1,40691,2
1576526192,1,40691,2
1576528025,1,12,3
1576528026,1,12,3
1576528027,1,12,3
1576528028,1,12,3
1576528029,1,12,3
1576528030,1,12,3
1576528031,1,12,3
1576528032,0,-1,3
1576528033,1,12,3
1576528034,1,12,3
1576528035,1,12,3
1576528036,1,12,3
1576528037,1,12,3
1576528038,1,12,3
1576528039,1,12,3
1576528040,1,12,3
1576528041,0,-1,3
1576528042,0,-1,3
1576528043,1,12,3
1576528044,1,12,3
1576528045,1,12,3
1576528046,1,12,3
1576528047,1,12,3
1576528048,1,12,3
1576528049,0,-1,3
1576528050,1,12,3
1576528051,1,12,3
1576528052,1,12,3
1576528053,1,12,3
1576528054,1,12,3
1576528055,1,12,3
1576528056,1,12,3
1576528057,1,12,3
1576528058,1,12,3
1576528059,1,12,3
1576528060,1,12,3
1576528061,1,12,3
1576528062,1,12,3
1576528063,1,12,3
1576528064,1,12,3
1576528065,0,-1,3
1576528066,1,12,3
1576528067,1,12,3
1576528068,1,12,3
1576528069,1,12,3
1576528070,1,12,3
1576528071,1,12,3
1576528072,1,12,3
1576528073,1,12,3
1576528074,0,-1,3
1576528075,1,12,3
1576528076,1,12,3
1576528077,1,12,3
1576528078,1,12,3
1576528079,1,12,3
1576528080,1,12,3
1576528081,1,12,3
1576528082,1,12,3
1576528083,1,12,3
1576528084,0,-1,3
1576528085,1,12,3
1576528086,1,12,3
1576528087,1,12,3
1576528088,1,12,3
1576528089,1,12,3
1576528090,1,12,3
1576528091,1,12,3
1576528092,0,-1,3
1576528093,1,12,3
1576528094,1,12,3
1576528095,1,12,3
1576528096,1,12,3
1576528097,0,-1,3
1576528098,1,12,3
1576528099,1,12,3
1576528100,1,12,3
1576528101,0,-1,3
1576528102,1,12,3
1576528103,1,12,3
1576528104,1,12,3
1576528105,1,12,3
1576528106,1,12,3
1576528107,1,12,3
1576528108,1,12,3
1576528109,1,12,3
1576528110,0,-1,3
1576528111,1,12,3
1576528112,1,12,3
1576528113,1,12,3
1576528114,1,12,3
1576528115,1,12,3
1576528116,1,12,3
1576528117,1,12,3
1576528118,1,12,3
1576528119,0,-1,3
1576528120,1,12,3
1576528121,1,12,3
1576528122,1,12,3
1576528123,1,12,3
1576528124,1,12,3
1576528125,0,-1,3
1576528126,1,12,3
1576528127,1,12,3
1576528128,0,-1,3
1576528129,1,12,3
1576528130,1,12,3
1576528131,1,12,3
1576528132,1,12,3
1576528133,1,12,3
1576528134,1,12,3
1576528135,1,12,3
1576528136,1,12,3
1576528137,0,-1,3
1576528138,1,11,3
1576528139,0,-1,3
1576528140,1,12,3
1576528141,1,12,3
1576528142,1,12,3
1576528143,1,12,3
1576528144,1,12,3
1576528145,1,12,3
1576528146,0,-1,3
1576528147,1,12,3
1576528148,1,12,3
1576528149,1,12,3
1576528150,1,12,3
1576528151,1,12,3
1576528152,1,12,3
1576528153,1,12,3
1576528154,1,12,3
1576528155,1,12,3
1576528156,1,12,3
1576528157,1,12,3
1576528158,1,12,3
1576528159,1,12,3
1576528160,1,12,3
1576528161,1,12,3
1576528162,1,12,3
1576528163,1,12,3
1576528164,0,-1,3
1576528165,0,12,3
1576528166,1,12,3
1576528167,0,-1,3
1576528168,1,12,3
1576528169,1,12,3
1576528170,1,13,3
1576528171,1,13,3
1576528172,1,13,3
1576528173,1,13,3
1576528174,1,13,3
1576528175,1,13,3
1576528176,1,13,3
1576528177,1,13,3
1576528178,1,13,3
1576528179,1,13,3
1576528180,1,13,3
1576528181,0,-1,3
1576528182,0,-1,3
1576528183,1,13,3
1576528184,1,13,3
1576528185,1,13,3
1576528186,1,13,3
1576528187,1,13,3
1576528188,1,13,3
1576528189,1,13,3
1576528190,0,-1,3
1576528191,1,13,3
1576528192,1,13,3
1576528193,1,13,3
1576528194,1,13,3
1576528195,1,13,3
1576528196,1,13,3
1576528197,1,13,3
1576528198,1,13,3
1576528199,0,-1,3
1576528200,1,13,3
1576528201,1,13,3
1576528202,1,13,3
1576528203,1,13,3
1576528204,1,13,3
1576528205,1,13,3
1576528206,1,13,3
1576528207,1,13,3
1576528208,0,-1,3
1576528209,0,-1,3
1576528210,1,13,3
1576528211,1,13,3
1576528212,1,13,3
1576528213,1,13,3
1576528214,1,13,3
1576528215,1,13,3
1576528216,1,13,3
1576528217,0,-1,3
1576528218,1,13,3
1576528219,1,13,3
1576528220,1,13,3
1576528221,1,13,3
1576528222,1,13,3
1576528223,1,13,3
1576528224,1,13,3
1576528225,0,-1,3
1576528226,1,13,3
1576528227,1,13,3
1576528228,1,13,3
1576528229,1,13,3
1576528230,1,13,3
1576528231,1,13,3
1576528232,1,13,3
1576528233,1,13,3
1576528234,0,-1,3
1576528235,1,13,3
1576528236,1,13,3
1576528237,1,13,3
1576528238,1,13,3
1576528239,1,13,3
1576528240,1,13,3
1576528241,1,13,3
1576528242,0,-1,3
1576528243,1,13,3
1576528244,1,13,3
1576528245,1,13,3
1576528246,1,13,3
1576528247,1,13,3
1576528248,1,13,3
1576528249,1,13,3
1576528250,1,13,3
1576528251,0,-1,3
1576528252,1,13,3
1576528253,1,13,3
1576528254,1,13,3
1576528255,1,13,3
1576528256,1,13,3
1576528257,1,13,3
1576528258,1,13,3
1576528259,0,-1,3
1576528260,1,13,3
1576528261,1,13,3
1576528262,1,13,3
1576528263,1,13,3
1576528264,1,13,3
1576528265,1,13,3
1576528266,1,13,3
1576528267,1,13,3
1576528268,0,-1,3
1576528269,1,13,3
1576528270,1,13,3
1576528271,1,13,3
1576528272,1,13,3
1576528273,1,13,3
1576528274,1,13,3
1576528275,1,13,3
1576528276,1,13,3
1576528277,0,-1,3
1576528278,0,-1,3
1576528279,1,13,3
1576528280,1,13,3
1576528281,1,13,3
1576528282,1,13,3
1576528283,1,13,3
1576528284,1,13,3
1576528285,0,-1,3
1576528286,1,13,3
1576528287,1,13,3
1576528288,1,13,3
1576528289,1,13,3
1576528290,1,13,3
1576528291,1,13,3
1576528292,1,13,3
1576528293,1,13,3
1576528294,1,13,3
1576528295,1,13,3
1576528296,1,13,3
1576528297,1,13,3
1576528298,1,13,3
1576528299,1,13,3
1576528300,1,13,3
1576528301,1,13,3
1576528302,0,-1,3
1576528303,1,13,3
1576528304,1,13,3
1576528305,1,13,3
1576528306,0,-1,3
1576528307,1,13,3
1576528308,1,13,3
1576528309,1,13,3
1576528310,1,13,3
1576528311,0,-1,3
1576528312,1,13,3
1576528313,1,13,3
1576528314,1,13,3
1576528315,1,13,3
1576528316,1,13,3
1576528317,1,13,3
1576528318,0,-1,3
1576528319,1,13,3
1576528320,0,-1,3
1576528321,1,13,3
1576528322,1,13,3
1576528323,1,13,3
1576528324,1,13,3
1576528325,1,13,3
1576528326,0,-1,3
1576528327,0,-1,3
1576528328,1,13,3
1576528329,1,13,3
1576528330,1,13,3
1576528331,1,13,3
1576528332,1,13,3
1576528333,1,13,3
1576528334,1,13,3
1576528335,0,-1,3
1576528336,1,13,3
1576528337,1,13,3
1576528338,1,13,3
1576528339,1,13,3
1576528340,1,13,3
1576528341,1,13,3
1576528342,1,13,3
1576528343,1,13,3
1576528344,0,-1,3
1576528345,1,13,3
1576528346,1,13,3
1576528347,1,13,3
1576528348,1,13,3
1576528349,1,13,3
1576528350,1,13,3
1576528351,1,13,3
1576528352,1,13,3
1576528353,1,13,3
1576528354,0,13,3
1576528355,1,13,3
1576528356,1,13,3
1576528357,1,13,3
1576528358,1,13,3
1576528359,1,13,3
1576528360,1,13,3
1576528361,0,-1,3
1576528362,1,13,3
1576528363,1,13,3
1576528364,1,3,3
1576528365,1,3,3
1576528366,1,3,3
1576528367,1,3,3
1576528368,1,3,3
1576528369,1,3,3
1576528370,1,3,3
1576528371,1,3,3
1576528372,0,-1,3
1576528373,1,3,3
1576528374,1,3,3
1576528375,1,3,3
1576528376,1,3,3
1576528377,1,3,3
1576528378,1,3,3
1576528379,1,3,3
1576528380,1,3,3
1576528381,1,12,3
1576528382,0,-1,3
1576528383,1,12,3
1576528384,1,12,3
1576528385,1,12,3
1576528386,1,12,3
1576528387,1,12,3
1576528388,1,12,3
1576528389,0,-1,3
1576528390,1,12,3
1576528391,1,12,3
1576528392,0,-1,3
1576528393,1,12,3
1576528394,1,12,3
1576528395,1,12,3
1576528396,1,12,3
1576528397,1,12,3
1576528398,1,12,3
1576528399,1,12,3
1576528400,1,12,3
1576528401,1,12,3
1576528402,1,12,3
1576528403,0,-1,3
1576528404,1,12,3
1576528405,1,12,3
1576528406,1,12,3
1576528407,1,12,3
1576528408,1,12,3
1576528409,1,12,3
1576528410,1,12,3
1576528411,1,12,3
1576528412,1,12,3
1576528413,0,-1,3
1576528414,1,12,3
1576528415,1,12,3
1576528416,1,12,3
1576528417,0,-1,3
1576528418,1,12,3
1576528419,1,41,3
1576528420,1,41,3
1576528421,0,-1,3
1576528422,0,10692,3
1576528423,1,10692,3
1576528424,1,10692,3
1576528425,1,10692,3
1576528426,1,10692,3
1576528427,1,10692,3
1576528428,1,10692,3
1576528429,1,10692,3
1576528430,1,10692,3
1576528431,0,-1,3
1576528432,1,10692,3
1576528433,1,10692,3
1576528434,1,10692,3
1576528435,1,10692,3
1576528436,1,10692,3
1576528437,1,10692,3
1576528438,1,10692,3
1576528439,1,10692,3
1576528440,1,10692,3
1576528441,1,10692,3
1576528442,1,10692,3
1576528443,1,10692,3
1576528444,1,10692,3
1576528445,0,-1,3
1576528446,1,10692,3
1576528447,1,10692,3
1576528448,1,10692,3
1576528449,1,10692,3
1576528450,1,10692,3
1576528451,1,10692,3
1576528452,1,10692,3
1576528453,0,-1,3
1576528454,1,10692,3
1576528455,1,10692,3
1576528456,1,10692,3
1576528457,1,10692,3
1576528458,1,10692,3
1576528459,1,10692,3
1576528460,1,10692,3
1576528461,0,-1,3
1576528462,1,10692,3
1576528463,1,10692,3
1576528464,0,-1,3
1576528465,1,10692,3
1576528466,1,10692,3
1576528467,1,10692,3
1576528468,1,10692,3
1576528469,1,10692,3
1576528470,1,10692,3
1576528471,1,10692,3
1576528472,1,10692,3
1576528473,0,10692,3
1576528474,0,41001,3
1576528475,0,-1,3
1576528476,0,41001,3
1576528477,1,41001,3
1576528478,1,41001,3
1576528479,1,41001,3
1576528480,1,41001,3
1576528481,1,41001,3
1576528482,1,41001,3
1576528483,1,41001,3
1576528484,1,41001,3
1576528485,0,-1,3
1576528486,1,41001,3
1576528487,1,41001,3
1576528488,1,41001,3
1576528489,0,-1,3
1576528490,1,41001,3
1576528491,1,41001,3
1576528492,1,41001,3
1576528493,1,41001,3
1576528494,1,41001,3
1576528495,1,41001,3
1576528496,0,-1,3
1576528497,1,41001,3
1576528498,1,41001,3
1576528499,1,41001,3
1576528500,1,41001,3
1576528501,1,41001,3
1576528502,1,41001,3
1576528503,1,41001,3
1576528504,1,41001,3
1576528505,1,41001,3
1576528506,1,41001,3
1576528507,0,-1,3
1576528508,1,41001,3
1576528509,1,41001,3
1576528510,1,41001,3
1576528511,1,41001,3
1576528512,1,41001,3
1576528513,1,41001,3
1576528514,1,41001,3
1576528515,1,41001,3
1576528516,1,41001,3
1576528517,1,41001,3
1576528518,0,-1,3
1576528519,1,41001,3
1576528520,1,41001,3
1576528521,1,41001,3
1576528522,1,41001,3
1576528523,1,41001,3
1576528524,1,41001,3
1576528525,1,41001,3
1576528526,1,41001,3
1576528527,1,41001,3
1576528528,0,-1,3
1576528529,1,41001,3
1576528530,1,41001,3
1576528531,0,-1,3
1576528532,1,41001,3
1576528533,1,41001,3
1576528534,1,41001,3
1576528535,1,41001,3
1576528536,1,41001,3
1576528537,1,41001,3
1576528538,0,-1,3
1576528539,1,41001,3
1576528540,1,41001,3
1576528541,1,41001,3
1576528542,1,41001,3
1576528543,1,41001,3
1576528544,1,41001,3
1576528545,1,41001,3
1576528546,1,41001,3
1576528547,1,41001,3
1576528548,1,41001,3
1576528549,0,-1,3
1576528550,1,41001,3
1576528551,1,41001,3
1576528552,1,41001,3
1576528553,1,41001,3
1576528554,1,41001,3
1576528555,1,41001,3
1576528556,1,41001,3
1576528557,1,41001,3
1576528558,1,41001,3
1576528559,1,41001,3
1576528560,1,41001,3
1576528561,1,41001,3
1576528562,1,41001,3
1576528563,1,41001,3
1576528564,1,41001,3
1576528565,1,41001,3
1576528566,1,41001,3
1576528567,1,41001,3
1576528568,1,41001,3
1576528569,1,41001,3
1576528570,0,-1,3
1576528571,1,41001,3
1576528572,1,41001,3
1576528573,1,41001,3
1576528574,1,41001,3
1576528575,1,41001,3
1576528576,1,41001,3
1576528577,1,41001,3
1576528578,1,41001,3
1576528579,1,41001,3
1576528580,1,41001,3
1576528581,0,-1,3
1576528582,1,41001,3
1576528583,1,41001,3
1576528584,1,41001,3
1576528585,1,41001,3
1576528586,1,41001,3
1576528587,1,41001,3
1576528588,1,41001,3
1576528589,1,41001,3
1576528590,1,41001,3
1576528591,0,-1,3
1576528592,1,41001,3
1576528593,1,41001,3
1576528594,1,41001,3
1576528595,1,41001,3
1576528596,1,41001,3
1576528597,1,41001,3
1576528598,1,41001,3
1576528599,1,41001,3
1576528600,0,-1,3
1576528601,1,41001,3
1576528602,1,41001,3
1576528603,1,41001,3
1576528604,1,41001,3
1576528605,1,41001,3
1576528606,1,41001,3
1576528607,1,41001,3
1576528608,1,41001,3
1576528609,1,41001,3
1576528610,1,41001,3
1576528611,1,41001,3
1576528612,1,41001,3
1576528613,0,-1,3
1576528614,0,-1,3
1576528615,1,41001,3
1576528616,1,41001,3
1576528617,1,41001,3
1576528618,1,41001,3
1576528619,1,41001,3
1576528620,1,41001,3
1576528621,1,41001,3
1576528622,1,41001,3
1576528623,0,-1,3
1576528624,1,41001,3
1576528625,1,41001,3
1576528626,1,41001,3
1576528627,1,41001,3
1576528628,1,41001,3
1576528629,1,41001,3
1576528630,1,41001,3
1576528631,1,41001,3
1576528632,1,41001,3
1576528633,0,-1,3
1576528634,1,41001,3
1576528635,1,41001,3
1576528636,1,41001,3
1576528637,1,41001,3
1576528638,1,41001,3
1576528639,1,41001,3
1576528640,1,41001,3
1576528641,1,41001,3
1576528642,1,41001,3
1576528643,1,41001,3
1576528644,1,41001,3
1576528645,1,41001,3
1576528646,1,41001,3
1576528647,1,41001,3
1576528648,1,41001,3
1576528649,1,41001,3
1576528650,1,41001,3
1576528651,1,41001,3
1576528652,1,41001,3
1576528653,1,41001,3
1576528654,1,41001,3
1576528655,0,-1,3
1576528656,0,-1,3
1576528657,1,41001,3
1576528658,1,41001,3
1576528659,1,41001,3
1576528660,1,41001,3
1576528661,1,41001,3
1576528662,1,41001,3
1576528663,1,41001,3
1576528664,1,41001,3
1576528665,0,-1,3
1576528666,1,41001,3
1576528667,1,41001,3
1576528668,1,41001,3
1576528669,1,41001,3
1576528670,1,41001,3
1576528671,0,-1,3
1576528672,1,41001,3
1576528673,1,41001,3
1576528674,1,41001,3
1576528675,1,41001,3
1576528676,0,-1,3
1576528677,1,41001,3
1576528678,1,41001,3
1576528679,1,41001,3
1576528680,1,41001,3
1576528681,1,41001,3
1576528682,1,41001,3
1576528683,1,41001,3
1576528684,1,41001,3
1576528685,0,-1,3
1576528686,1,41001,3
1576528687,1,41001,3
1576528688,1,41001,3
1576528689,1,41001,3
1576528690,1,41001,3
1576528691,1,41001,3
1576528692,1,41001,3
1576528693,1,41001,3
1576528694,1,41001,3
1576528695,1,41001,3
1576528696,1,41001,3
1576528697,0,-1,3
1576528698,1,41001,3
1576528699,0,-1,3
1576528700,1,41001,3
1576528701,1,41001,3
1576528702,1,41001,3
1576528703,1,41001,3
1576528704,1,41001,3
1576528705,1,41001,3
1576528706,1,41001,3
1576528707,1,41001,3
1576528708,0,-1,3
1576528709,1,41001,3
1576528710,1,41001,3
1576528711,1,41001,3
1576528712,1,41001,3
1576528713,0,-1,3
1576528714,1,41001,3
1576528715,1,41001,3
1576528716,1,41001,3
1576528717,1,41001,3
1576528718,0,-1,3
1576528719,1,41001,3
1576528720,1,41001,3
1576528721,1,41001,3
1576528722,1,41001,3
1576528723,1,41001,3
1576528724,1,41001,3
1576528725,1,41001,3
1576528726,1,41001,3
1576528727,1,41001,3
1576528728,1,41001,3
1576528729,0,-1,3
1576528730,1,41001,3
1576528731,1,41001,3
1576528732,1,41001,3
1576528733,1,41001,3
1576528734,1,41001,3
1576528735,1,41001,3
1576528736,1,41001,3
1576528737,1,41001,3
1576528738,1,41001,3
1576528739,1,41001,3
1576528740,0,-1,3
1576528741,1,41001,3
1576528742,0,-1,3
1576528743,1,41001,3
1576528744,1,41001,3
1576528745,1,41001,3
1576528746,1,41001,3
1576528747,1,41001,3
1576528748,1,41001,3
1576528749,1,41001,3
1576528750,1,41001,3
1576528751,0,-1,3
1576528752,1,41001,3
1576528753,1,41001,3
1576528754,1,41001,3
1576528755,1,41001,3
1576528756,0,-1,3
1576528757,1,41001,3
1576528758,1,41001,3
1576528759,1,41001,3
1576528760,1,41001,3
1576528761,1,41001,3
1576528762,1,28555,3
1576528763,0,-1,3
1576528764,1,11,3
1576528765,1,11,3
1576528766,1,11,3
1576528767,1,11,3
1576528768,1,12,3
1576528769,1,12,3
1576528770,1,12,3
1576528771,1,12,3
1576528772,1,12,3
1576528773,0,-1,3
1576528774,1,12,3
1576528775,1,12,3
1576528776,1,12,3
1576528777,1,11,3
1576528778,1,11,3
1576528779,1,11,3
1576528780,1,11,3
1576528781,1,11,3
1576528782,1,11,3
1576528783,0,-1,3
1576528784,0,-1,3
1576528785,1,12,3
1576528786,1,12,3
1576528787,1,12,3
1576528788,1,12,3
1576528789,1,12,3
1576528790,1,12,3
1576528791,1,12,3
1576528792,0,-1,3
1576528793,1,12,3
1576528794,1,12,3
1576528795,1,12,3
1576528796,1,12,3
1576528797,1,12,3
1576528798,1,12,3
1576528799,1,12,3
1576528800,1,12,3
1576528801,1,12,3
1576528802,0,-1,3
1576528803,1,12,3
1576528804,1,12,3
1576528805,1,12,3
1576528806,1,12,3
1576528807,1,12,3
1576528808,1,12,3
1576528809,1,12,3
1576528810,1,12,3
1576528811,1,12,3
1576528812,1,12,3
1576528813,1,12,3
1576528814,1,12,3
1576528815,1,11,3
1576528816,1,11,3
1576528817,1,11,3
1576528818,1,11,3
1576528819,1,11,3
1576528820,0,-1,3
1576528821,1,11,3
1576528822,1,11,3
1576528823,1,11,3
1576528824,1,11,3
1576528825,1,11,3
1576528826,1,11,3
1576528827,1,11,3
1576528828,0,-1,3
1576528829,1,11,3
1576528830,1,11,3
1576528831,1,11,3
1576528832,1,11,3
1576528833,1,11,3
1576528834,1,11,3
1576528835,1,11,3
1576528836,1,11,3
1576528837,0,-1,3
1576528838,1,11,3
1576528839,0,-1,3
1576528840,1,11,3
1576528841,1,11,3
1576528842,1,11,3
1576528843,1,11,3
1576528844,1,12,3
1576528845,1,12,3
1576528846,1,12,3
1576528847,1,11,3
1576528848,1,11,3
1576528849,1,11,3
1576528850,1,11,3
1576528851,1,11,3
1576528852,1,11,3
1576528853,1,11,3
1576528854,1,11,3
1576528855,1,11,3
1576528856,1,11,3
1576528857,1,11,3
1576528858,1,11,3
1576528859,1,11,3
1576528860,1,11,3
1576528861,1,11,3
1576528862,1,11,3
1576528863,1,11,3
1576528864,0,-1,3
1576528865,1,11,3
1576528866,1,11,3
1576528867,0,-1,3
1576528868,1,11,3
1576528869,1,11,3
1576528870,1,11,3
1576528871,1,11,3
1576528872,1,11,3
1576528873,0,-1,3
1576528874,1,11,3
1576528875,1,11,3
1576528876,1,11,3
1576528877,1,11,3
1576528878,1,11,3
1576528879,1,11,3
1576528880,1,11,3
1576528881,0,-1,3
1576528882,1,11,3
1576528883,1,11,3
1576528884,1,11,3
1576528885,1,11,3
1576528886,1,11,3
1576528887,1,11,3
1576528888,1,11,3
1576528889,1,11,3
1576528890,0,-1,3
1576528891,1,11,3
1576528892,1,11,3
1576528893,1,11,3
1576528894,1,11,3
1576528895,1,11,3
1576528896,1,11,3
1576528897,1,11,3
1576528898,1,11,3
1576528899,0,-1,3
1576528900,1,11,3
1576528901,1,11,3
1576528902,1,11,3
1576528903,1,11,3
1576528904,1,11,3
1576528905,1,11,3
1576528906,1,11,3
1576528907,0,-1,3
1576528908,1,11,3
1576528909,0,-1,3
1576528910,1,11,3
1576528911,1,11,3
1576528912,1,11,3
1576528913,1,11,3
1576528914,1,11,3
1576528915,1,11,3
1576528916,0,-1,3
1576528917,1,11,3
1576528918,1,11,3
1576528919,1,11,3
1576528920,1,11,3
1576528921,1,11,3
1576528922,1,11,3
1576528923,1,11,3
1576528924,1,11,3
1576528925,0,-1,3
1576528926,1,11,3
1576528927,1,11,3
1576528928,1,11,3
1576528929,1,11,3
1576528930,1,11,3
1576528931,1,11,3
1576528932,1,11,3
1576528933,1,11,3
1576528934,1,11,3
1576528935,0,-1,3
1576528936,0,-1,3
1576528937,1,11,3
1576528938,1,11,3
1576528939,1,11,3
1576528940,1,11,3
1576528941,1,11,3
1576528942,1,11,3
1576528943,1,11,3
1576528944,0,-1,3
1576528945,1,11,3
1576528946,1,11,3
1576528947,1,11,3
1576528948,1,11,3
1576528949,1,11,3
1576528950,0,-1,3
1576528951,1,11,3
1576528952,1,11,3
1576528953,0,-1,3
1576528954,1,11,3
1576528955,1,11,3
1576528956,1,11,3
1576528957,1,11,3
1576528958,1,11,3
1576528959,1,11,3
1576528960,1,11,3
1576528961,1,11,3
1576528962,1,11,3
1576528963,1,11,3
1576528964,0,-1,3
1576528965,1,11,3
1576528966,1,11,3
1576528967,1,11,3
1576528968,1,11,3
1576528969,1,11,3
1576528970,1,11,3
1576528971,1,11,3
1576528972,1,11,3
1576528973,0,-1,3
1576528974,1,11,3
1576528975,1,11,3
1576528976,1,11,3
1576528977,1,11,3
1576528978,0,-1,3
1576528979,1,11,3
1576528980,1,11,3
1576528981,1,11,3
1576528982,0,-1,3
1576528983,1,11,3
1576528984,1,11,3
1576528985,1,11,3
1576528986,1,11,3
1576528987,1,11,3
1576528988,1,11,3
1576528989,1,11,3
1576528990,1,11,3
1576528991,0,-1,3
1576528992,0,-1,3
1576528993,1,11,3
1576528994,1,11,3
1576528995,1,11,3
1576528996,1,11,3
1576528997,1,11,3
1576528998,1,11,3
1576528999,1,11,3
1576529000,0,-1,3
1576529001,1,11,3
1576529002,1,11,3
1576529003,1,11,3
1576529004,1,11,3
1576529005,1,11,3
1576529006,1,11,3
1576529007,1,11,3
1576529008,1,11,3
1576529009,0,-1,3
1576529010,1,11,3
1576529011,1,11,3
1576529012,1,11,3
1576529013,1,11,3
1576529014,1,11,3
1576529015,1,11,3
1576529016,1,11,3
1576529017,1,11,3
1576529018,0,-1,3
1576529019,1,11,3
1576529020,0,-1,3
1576529021,1,11,3
1576529022,1,11,3
1576529023,1,11,3
1576529024,1,11,3
1576529025,1,11,3
1576529026,1,11,3
1576529027,0,-1,3
1576529028,1,11,3
1576529029,1,11,3
1576529030,1,11,3
1576529031,1,11,3
1576529032,1,11,3
1576529033,1,11,3
1576529034,1,11,3
1576529035,1,11,3
1576529036,1,11,3
1576529037,1,11,3
1576529038,1,11,3
1576529039,1,11,3
1576529040,1,11,3
1576529041,1,11,3
1576529042,1,11,3
1576529043,1,11,3
1576529044,1,11,3
1576529045,0,-1,3
1576529046,1,11,3
1576529047,1,11,3
1576529048,1,11,3
1576529049,1,11,3
1576529050,1,11,3
1576529051,1,11,3
1576529052,1,11,3
1576529053,0,-1,3
1576529054,1,11,3
1576529055,1,11,3
1576529056,1,11,3
1576529057,1,11,3
1576529058,1,11,3
1576529059,1,11,3
1576529060,1,11,3
1576529061,0,-1,3
1576529062,1,11,3
1576529063,1,11,3
1576529064,1,11,3
1576529065,1,11,3
1576529066,1,11,3
1576529067,1,11,3
1576529068,1,11,3
1576529069,1,11,3
1576529070,1,11,3
1576529071,1,11,3
1576529072,1,11,3
1576529073,0,-1,3
1576529074,1,11,3
1576529075,0,-1,3
1576529076,1,11,3
1576529077,1,11,3
1576529078,1,11,3
1576529079,0,-1,3
1576529080,1,11,3
1576529081,1,11,3
1576529082,1,11,3
1576529083,0,-1,3
1576529084,1,11,3
1576529085,1,11,3
1576529086,1,11,3
1576529087,1,11,3
1576529088,1,11,3
1576529089,1,11,3
1576529090,1,11,3
1576529091,1,11,3
1576529092,1,11,3
1576529093,1,11,3
1576529094,0,-1,3
1576529095,1,11,3
1576529096,1,11,3
1576529097,1,11,3
1576529098,1,11,3
1576529099,1,11,3
1576529100,1,11,3
1576529101,1,11,3
1576529102,1,11,3
1576529103,0,-1,3
1576529104,1,11,3
1576529105,1,11,3
1576529106,1,11,3
1576529107,1,11,3
1576529108,1,11,3
1576529109,1,11,3
1576529110,1,11,3
1576529111,1,11,3
1576529112,0,-1,3
1576529113,1,11,3
1576529114,1,11,3
1576529115,1,11,3
1576529116,1,11,3
1576529117,0,-1,3
1576529118,1,11,3
1576529119,1,11,3
1576529120,1,11,3
1576529121,0,-1,3
1576529122,1,11,3
1576529123,1,11,3
1576529124,1,11,3
1576529125,1,11,3
1576529126,1,11,3
1576529127,1,11,3
1576529128,1,11,3
1576529129,1,11,3
1576529130,0,-1,3
1576529131,1,11,3
1576529132,1,11,3
1576529133,1,11,3
1576529134,1,11,3
1576529135,1,11,3
1576529136,1,11,3
1576529137,1,11,3
1576529138,1,11,3
1576529139,0,-1,3
1576529140,1,11,3
1576529141,1,11,3
1576529142,1,11,3
1576529143,1,11,3
1576529144,1,11,3
1576529145,1,11,3
1576529146,1,11,3
1576529147,1,11,3
1576529148,0,-1,3
1576529149,1,11,3
1576529150,1,11,3
1576529151,1,11,3
1576529152,1,11,3
1576529153,1,11,3
1576529154,1,11,3
1576529155,1,11,3
1576529156,1,11,3
1576529157,1,11,3
1576529158,0,-1,3
1576529159,1,11,3
1576529160,1,11,3
1576529161,1,11,3
1576529162,1,11,3
1576529163,1,11,3
1576529164,1,11,3
1576529165,1,11,3
1576529166,1,11,3
1576529167,0,-1,3
1576529168,1,11,3
1576529169,1,11,3
1576529170,1,11,3
1576529171,1,11,3
1576529172,0,-1,3
1576529173,1,11,3
1576529174,1,11,3
1576529175,1,11,3
1576529176,0,-1,3
1576529177,1,11,3
1576529178,1,11,3
1576529179,1,11,3
1576529180,1,11,3
1576529181,1,11,3
1576529182,1,11,3
1576529183,1,11,3
1576529184,1,11,3
1576529185,0,-1,3
1576529186,0,-1,3
1576529187,1,11,3
1576529188,1,11,3
1576529189,1,11,3
1576529190,1,11,3
1576529191,1,11,3
1576529192,1,11,3
1576529193,1,11,3
1576529194,1,11,3
1576529195,0,-1,3
1576529196,1,11,3
1576529197,1,11,3
1576529198,1,11,3
1576529199,1,11,3
1576529200,0,-1,3
1576529201,1,11,3
1576529202,1,11,3
1576529203,1,11,3
1576529204,0,-1,3
1576529205,1,11,3
1576529206,1,11,3
1576529207,1,11,3
1576529208,1,11,3
1576529209,1,11,3
1576529210,1,11,3
1576529211,1,11,3
1576529212,1,11,3
1576529213,0,-1,3
1576529214,0,-1,3
1576529215,1,11,3
1576529216,1,11,3
1576529217,1,11,3
1576529218,1,11,3
1576529219,1,11,3
1576529220,1,11,3
1576529221,1,11,3
1576529222,0,-1,3
1576529223,1,11,3
1576529224,1,11,3
1576529225,1,11,3
1576529226,1,11,3
1576529227,1,11,3
1576529228,1,11,3
1576529229,1,11,3
1576529230,1,11,3
1576529231,0,-1,3
1576529232,1,11,3
1576529233,1,11,3
1576529234,1,11,3
1576529235,1,11,3
1576529236,1,11,3
1576529237,1,11,3
1576529238,1,11,3
1576529239,1,11,3
1576529240,1,11,3
1576529241,0,-1,3
1576529242,0,-1,3
1576529243,1,11,3
1576529244,1,11,3
1576529245,1,11,3
1576529246,1,11,3
1576529247,1,11,3
1576529248,1,11,3
1576529249,1,11,3
1576529250,0,-1,3
1576529251,1,11,3
1576529252,1,11,3
1576529253,1,11,3
1576529254,1,11,3
1576529255,1,11,3
1576529256,1,11,3
1576529257,1,11,3
1576529258,1,11,3
1576529259,1,11,3
1576529260,1,11,3
1576529261,1,11,3
1576529262,1,11,3
1576529263,1,11,3
1576529264,1,11,3
1576529265,1,11,3
1576529266,1,11,3
1576529267,1,11,3
1576529268,0,-1,3
1576529269,1,11,3
1576529270,1,11,3
1576529271,1,11,3
1576529272,1,11,3
1576529273,1,11,3
1576529274,1,11,3
1576529275,1,11,3
1576529276,1,11,3
1576529277,0,-1,3
1576529278,1,11,3
1576529279,1,11,3
1576529280,1,11,3
1576529281,1,11,3
1576529282,1,11,3
1576529283,1,11,3
1576529284,1,11,3
1576529285,1,11,3
1576529286,0,-1,3
1576529287,1,11,3
1576529288,1,11,3
1576529289,1,11,3
1576529290,1,11,3
1576529291,1,11,3
1576529292,1,11,3
1576529293,1,11,3
1576529294,0,-1,3
1576529295,1,11,3
1576529296,1,11,3
1576529297,0,-1,3
1576529298,1,11,3
1576529299,1,11,3
1576529300,1,11,3
1576529301,1,11,3
1576529302,1,11,3
1576529303,1,11,3
1576529304,1,11,3
1576529305,1,11,3
1576529306,1,11,3
1576529307,1,11,3
1576529308,1,11,3
1576529309,1,11,3
1576529310,1,11,3
1576529311,1,11,3
1576529312,0,-1,3
1576529313,1,11,3
1576529314,1,11,3
1576529315,1,11,3
1576529316,1,11,3
1576529317,1,11,3
1576529318,1,11,3
1576529319,1,11,3
1576529320,1,11,3
1576529321,1,11,3
1576529322,1,12,3
1576529323,1,12,3
1576529324,1,12,3
1576529325,0,-1,3
1576529326,1,11,3
1576529327,1,11,3
1576529328,1,11,3
1576529329,1,11,3
1576529330,0,-1,3
1576529331,1,11,3
1576529332,1,11,3
1576529333,1,11,3
1576529334,1,11,3
1576529335,1,11,3
1576529336,1,11,3
1576529337,1,11,3
1576529338,0,-1,3
1576529339,1,11,3
1576529340,1,11,3
1576529341,1,11,3
1576529342,1,11,3
1576529343,1,11,3
1576529344,1,11,3
1576529345,1,11,3
1576529346,0,-1,3
1576529347,1,11,3
1576529348,1,11,3
1576529349,1,11,3
1576529350,1,11,3
1576529351,1,11,3
1576529352,1,11,3
1576529353,1,11,3
1576529354,1,11,3
1576529355,1,11,3
1576529356,1,11,3
1576529357,1,11,3
1576529358,1,11,3
1576529359,1,11,3
1576529360,1,11,3
1576529361,1,11,3
1576529362,0,-1,3
1576529363,1,11,3
1576529364,1,11,3
1576529365,1,11,3
1576529366,1,11,3
1576529367,1,11,3
1576529368,1,11,3
1576529369,1,11,3
1576529370,1,11,3
1576529371,1,11,3
1576529372,0,-1,3
1576529373,1,11,3
1576529374,1,11,3
1576529375,1,11,3
1576529376,0,11,3
1576535012,1,11,4
1576535013,1,11,4
1576535014,1,11,4
1576535015,1,11,4
1576535016,0,-1,4
1576535017,1,11,4
1576535018,1,11,4
1576535019,1,11,4
1576535020,1,11,4
1576535021,1,12,4
1576535022,1,12,4
1576535023,1,12,4
1576535024,1,12,4
1576535025,1,12,4
1576535026,0,-1,4
1576535027,1,12,4
1576535028,1,12,4
1576535029,1,12,4
1576535030,1,12,4
1576535031,1,12,4
1576535032,1,12,4
1576535033,1,12,4
1576535034,1,12,4
1576535035,1,12,4
1576535036,1,12,4
1576535037,0,-1,4
1576535038,1,12,4
1576535039,1,11,4
1576535040,1,11,4
1576535041,1,12,4
1576535042,0,-1,4
1576535043,1,12,4
1576535044,1,12,4
1576535045,0,-1,4
1576535046,1,12,4
1576535047,1,12,4
1576535048,1,12,4
1576535049,1,12,4
1576535050,1,12,4
1576535051,1,12,4
1576535052,1,12,4
1576535053,1,12,4
1576535054,0,-1,4
1576535055,1,12,4
1576535056,0,-1,4
1576535057,1,12,4
1576535058,1,12,4
1576535059,1,12,4
1576535060,1,12,4
1576535061,1,12,4
1576535062,1,12,4
1576535063,0,-1,4
1576535064,1,12,4
1576535065,1,12,4
1576535066,1,12,4
1576535067,1,12,4
1576535068,1,12,4
1576535069,1,12,4
1576535070,0,-1,4
1576535071,1,12,4
1576535072,1,12,4
1576535073,0,-1,4
1576535074,1,12,4
1576535075,1,12,4
1576535076,1,12,4
1576535077,1,12,4
1576535078,1,12,4
1576535079,1,12,4
1576535080,1,12,4
1576535081,1,12,4
1576535082,1,12,4
1576535083,1,12,4
1576535084,0,-1,4
1576535085,1,12,4
1576535086,1,12,4
1576535087,1,12,4
1576535088,1,12,4
1576535089,1,12,4
1576535090,1,12,4
1576535091,1,12,4
1576535092,1,12,4
1576535093,0,-1,4
1576535094,1,12,4
1576535095,1,12,4
1576535096,1,12,4
1576535097,1,12,4
1576535098,0,-1,4
1576535099,1,11,4
1576535100,1,11,4
1576535101,1,12,4
1576535102,0,-1,4
1576535103,1,12,4
1576535104,1,12,4
1576535105,1,12,4
1576535106,1,12,4
1576535107,1,12,4
1576535108,1,11,4
1576535109,1,11,4
1576535110,1,11,4
1576535111,1,11,4
1576535112,1,11,4
1576535113,0,-1,4
1576535114,1,11,4
1576535115,1,11,4
1576535116,1,11,4
1576535117,1,11,4
1576535118,1,11,4
1576535119,1,11,4
1576535120,1,11,4
1576535121,1,11,4
1576535122,0,-1,4
1576535123,1,11,4
1576535124,1,11,4
1576535125,1,11,4
1576535126,1,11,4
1576535127,1,11,4
1576535128,1,11,4
1576535129,1,11,4
1576535130,1,11,4
1576535131,1,11,4
1576535132,0,-1,4
1576535133,1,11,4
1576535134,1,11,4
1576535135,1,11,4
1576535136,1,11,4
1576535137,1,11,4
1576535138,1,11,4
1576535139,1,11,4
1576535140,0,-1,4
1576535141,1,11,4
1576535142,1,11,4
1576535143,1,11,4
1576535144,1,11,4
1576535145,1,11,4
1576535146,1,11,4
1576535147,1,11,4
1576535148,1,11,4
1576535149,1,11,4
1576535150,1,11,4
1576535151,0,-1,4
1576535152,1,11,4
1576535153,0,-1,4
1576535154,1,11,4
1576535155,1,11,4
1576535156,1,11,4
1576535157,1,11,4
1576535158,1,11,4
1576535159,1,11,4
1576535160,1,11,4
1576535161,1,11,4
1576535162,1,11,4
1576535163,1,11,4
1576535164,0,-1,4
1576535165,1,11,4
1576535166,1,11,4
1576535167,0,-1,4
1576535168,1,11,4
1576535169,1,11,4
1576535170,1,11,4
1576535171,1,11,4
1576535172,1,11,4
1576535173,1,11,4
1576535174,1,11,4
1576535175,1,11,4
1576535176,0,-1,4
1576535177,1,11,4
1576535178,1,11,4
1576535179,1,11,4
1576535180,1,11,4
1576535181,0,-1,4
1576535182,1,11,4
1576535183,1,11,4
1576535184,1,11,4
1576535185,1,11,4
1576535186,1,11,4
1576535187,0,-1,4
1576535188,1,11,4
1576535189,1,11,4
1576535190,1,11,4
1576535191,1,11,4
1576535192,1,11,4
1576535193,1,11,4
1576535194,1,11,4
1576535195,0,-1,4
1576535196,1,11,4
1576535197,1,11,4
1576535198,1,11,4
1576535199,1,11,4
1576535200,0,-1,4
1576535201,1,11,4
1576535202,1,11,4
1576535203,1,11,4
1576535204,1,11,4
1576535205,1,11,4
1576535206,1,11,4
1576535207,1,11,4
1576535208,1,11,4
1576535209,1,11,4
1576535210,1,11,4
1576535211,1,11,4
1576535212,0,-1,4
1576535213,1,11,4
1576535214,1,11,4
1576535215,1,11,4
1576535216,1,11,4
1576535217,1,11,4
1576535218,1,11,4
1576535219,1,11,4
1576535220,1,11,4
1576535221,0,-1,4
1576535222,1,11,4
1576535223,0,-1,4
1576535224,1,11,4
1576535225,1,11,4
1576535226,1,11,4
1576535227,1,11,4
1576535228,1,11,4
1576535229,1,11,4
1576535230,1,11,4
1576535231,1,11,4
1576535232,1,11,4
1576535233,0,-1,4
1576535234,1,11,4
1576535235,1,11,4
1576535236,1,11,4
1576535237,1,11,4
1576535238,1,11,4
1576535239,1,11,4
1576535240,1,11,4
1576535241,1,11,4
1576535242,1,11,4
1576535243,1,11,4
1576535244,0,-1,4
1576535245,1,11,4
1576535246,1,11,4
1576535247,1,11,4
1576535248,1,11,4
1576535249,1,11,4
1576535250,0,-1,4
1576535251,1,11,4
1576535252,1,11,4
1576535253,1,11,4
1576535254,1,11,4
1576535255,0,-1,4
1576535256,1,11,4
1576535257,1,11,4
1576535258,1,11,4
1576535259,1,11,4
1576535260,1,11,4
1576535261,1,11,4
1576535262,1,11,4
1576535263,1,11,4
1576535264,0,-1,4
1576535265,1,11,4
1576535266,1,11,4
1576535267,1,11,4
1576535268,1,11,4
1576535269,1,11,4
1576535270,1,11,4
1576535271,1,11,4
1576535272,1,11,4
1576535273,1,11,4
1576535274,1,11,4
1576535275,1,11,4
1576535276,1,11,4
1576535277,0,-1,4
1576535278,0,-1,4
1576535279,1,11,4
1576535280,1,11,4
1576535281,1,11,4
1576535282,1,11,4
1576535283,1,11,4
1576535284,1,11,4
1576535285,1,11,4
1576535286,1,11,4
1576535287,0,-1,4
1576535288,1,11,4
1576535289,1,11,4
1576535290,1,11,4
1576535291,1,11,4
1576535292,0,-1,4
1576535293,1,11,4
1576535294,1,11,4
1576535295,1,11,4
1576535296,1,11,4
1576535297,1,11,4
1576535298,0,-1,4
1576535299,1,11,4
1576535300,1,11,4
1576535301,1,11,4
1576535302,1,11,4
1576535303,1,11,4
1576535304,1,11,4
1576535305,1,11,4
1576535306,1,11,4
1576535307,1,11,4
1576535308,1,11,4
1576535309,1,11,4
1576535310,1,11,4
1576535311,1,11,4
1576535312,1,11,4
1576535313,1,11,4
1576535314,1,11,4
1576535315,1,11,4
1576535316,1,11,4
1576535317,1,11,4
1576535318,0,-1,4
1576535319,1,11,4
1576535320,0,-1,4
1576535321,1,11,4
1576535322,1,11,4
1576535323,1,11,4
1576535324,1,11,4
1576535325,1,11,4
1576535326,1,11,4
1576535327,1,11,4
1576535328,0,-1,4
1576535329,1,11,4
1576535330,1,11,4
1576535331,1,11,4
1576535332,1,11,4
1576535333,1,11,4
1576535334,1,11,4
1576535335,1,11,4
1576535336,1,11,4
1576535337,1,11,4
1576535338,1,11,4
1576535339,0,-1,4
1576535340,1,11,4
1576535341,1,11,4
1576535342,1,11,4
1576535343,1,11,4
1576535344,1,11,4
1576535345,1,11,4
1576535346,1,11,4
1576535347,0,-1,4
1576535348,0,-1,4
1576535349,1,11,4
1576535350,1,11,4
1576535351,1,11,4
1576535352,1,11,4
1576535353,1,11,4
1576535354,1,11,4
1576535355,1,12,4
1576535356,0,-1,4
1576535357,1,12,4
1576535358,1,12,4
1576535359,1,12,4
1576535360,1,11,4
1576535361,0,-1,4
1576535362,1,11,4
1576535363,1,11,4
1576535364,1,11,4
1576535365,0,-1,4
1576535366,1,11,4
1576535367,1,12,4
1576535368,1,12,4
1576535369,1,12,4
1576535370,1,12,4
1576535371,1,12,4
1576535372,1,12,4
1576535373,1,12,4
1576535374,1,12,4
1576535375,0,-1,4
1576535376,1,12,4
1576535377,1,12,4
1576535378,1,12,4
1576535379,1,12,4
1576535380,1,12,4
1576535381,1,12,4
1576535382,1,12,4
1576535383,1,12,4
1576535384,1,12,4
1576535385,1,12,4
1576535386,0,-1,4
1576535387,1,12,4
1576535388,1,12,4
1576535389,0,-1,4
1576535390,1,12,4
1576535391,1,12,4
1576535392,1,12,4
1576535393,1,12,4
1576535394,1,12,4
1576535395,1,12,4
1576535396,1,12,4
1576535397,1,12,4
1576535398,0,-1,4
1576535399,1,12,4
1576535400,1,12,4
1576535401,1,12,4
1576535402,1,12,4
1576535403,0,-1,4
1576535404,1,12,4
1576535405,1,12,4
1576535406,1,12,4
1576535407,1,12,4
1576535408,0,-1,4
1576535409,1,12,4
1576535410,1,12,4
1576535411,1,12,4
1576535412,1,12,4
1576535413,1,12,4
1576535414,1,12,4
1576535415,1,12,4
1576535416,0,-1,4
1576535417,0,-1,4
1576535418,1,12,4
1576535419,1,12,4
1576535420,1,12,4
1576535421,1,12,4
1576535422,1,12,4
1576535423,1,12,4
1576535424,1,12,4
1576535425,1,12,4
1576535426,0,-1,4
1576535427,1,12,4
1576535428,1,12,4
1576535429,1,12,4
1576535430,1,12,4
1576535431,1,12,4
1576535432,1,12,4
1576535433,1,12,4
1576535434,0,-1,4
1576535435,1,12,4
1576535436,1,12,4
1576535437,1,12,4
1576535438,1,12,4
1576535439,1,12,4
1576535440,1,12,4
1576535441,1,12,4
1576535442,1,12,4
1576535443,1,12,4
1576535444,1,12,4
1576535445,1,12,4
1576535446,0,-1,4
1576535447,1,11,4
1576535448,1,11,4
1576535449,1,11,4
1576535450,1,11,4
1576535451,1,11,4
1576535452,1,11,4
1576535453,1,11,4
1576535454,1,11,4
1576535455,1,11,4
1576535456,1,11,4
1576535457,1,11,4
1576535458,1,11,4
1576535459,0,-1,4
1576535460,1,11,4
1576535461,1,11,4
1576535462,1,11,4
1576535463,1,11,4
1576535464,1,11,4
1576535465,1,11,4
1576535466,1,11,4
1576535467,0,-1,4
1576535468,1,11,4
1576535469,1,11,4
1576535470,1,11,4
1576535471,1,11,4
1576535472,1,11,4
1576535473,1,11,4
1576535474,1,11,4
1576535475,1,11,4
1576535476,1,11,4
1576535477,0,-1,4
1576535478,1,11,4
1576535479,1,11,4
1576535480,1,11,4
1576535481,1,11,4
1576535482,1,11,4
1576535483,1,11,4
1576535484,1,11,4
1576535485,0,-1,4
1576535486,0,-1,4
1576535487,1,11,4
1576535488,0,11,4
1576535489,1,11,4
1576535490,1,11,4
1576535491,1,11,4
1576535492,1,11,4
1576535493,1,11,4
1576535494,0,-1,4
1576535495,1,11,4
1576535496,1,11,4
1576535497,1,11,4
1576535498,1,11,4
1576535499,1,11,4
1576535500,0,-1,4
1576535501,1,11,4
1576535502,1,11,4
1576535503,0,-1,4
1576535504,1,11,4
1576535505,1,11,4
1576535506,1,11,4
1576535507,1,11,4
1576535508,1,11,4
1576535509,1,11,4
1576535510,1,11,4
1576535511,1,11,4
1576535512,1,11,4
1576535513,1,11,4
1576535514,1,11,4
1576535515,0,-1,4
1576535516,1,11,4
1576535517,1,11,4
1576535518,1,12,4
1576535519,1,12,4
1576535520,1,12,4
1576535521,1,12,4
1576535522,1,12,4
1576535523,1,12,4
1576535524,0,-1,4
1576535525,1,12,4
1576535526,1,12,4
1576535527,1,12,4
1576535528,1,12,4
1576535529,1,12,4
1576535530,1,12,4
1576535531,1,12,4
1576535532,1,12,4
1576535533,1,12,4
1576535534,1,12,4
1576535535,1,11,4
1576535536,0,-1,4
1576535537,1,11,4
1576535538,1,11,4
1576535539,1,11,4
1576535540,1,11,4
1576535541,1,11,4
1576535542,1,11,4
1576535543,1,11,4
1576535544,1,11,4
1576535545,1,11,4
1576535546,1,11,4
1576535547,0,-1,4
1576535548,1,11,4
1576535549,1,11,4
1576535550,1,11,4
1576535551,1,11,4
1576535552,1,11,4
1576535553,1,11,4
1576535554,1,11,4
1576535555,1,11,4
1576535556,1,11,4
1576535557,0,-1,4
1576535558,1,11,4
1576535559,1,11,4
1576535560,1,11,4
1576535561,1,11,4
1576535562,1,11,4
1576535563,1,11,4
1576535564,1,11,4
1576535565,1,11,4
1576535566,1,11,4
1576535567,1,11,4
1576535568,0,-1,4
1576535569,1,11,4
1576535570,1,11,4
1576535571,1,11,4
1576535572,1,11,4
1576535573,1,11,4
1576535574,1,11,4
1576535575,0,-1,4
1576535576,1,11,4
1576535577,1,11,4
1576535578,1,11,4
1576535579,1,11,4
1576535580,1,11,4
1576535581,1,11,4
1576535582,1,11,4
1576535583,0,-1,4
1576535584,1,11,4
1576535585,1,11,4
1576535586,1,11,4
1576535587,1,11,4
1576535588,1,11,4
1576535589,1,11,4
1576535590,1,11,4
1576535591,1,11,4
1576535592,1,11,4
1576535593,1,11,4
1576535594,0,-1,4
1576535595,1,11,4
1576535596,1,11,4
1576535597,0,-1,4
1576535598,1,11,4
1576535599,1,11,4
1576535600,1,11,4
1576535601,1,11,4
1576535602,1,11,4
1576535603,1,11,4
1576535604,0,-1,4
1576535605,1,11,4
1576535606,1,11,4
1576535607,1,11,4
1576535608,1,11,4
1576535609,1,11,4
1576535610,1,11,4
1576535611,1,11,4
1576535612,1,11,4
1576535613,1,11,4
1576535614,1,11,4
1576535615,1,11,4
1576535616,1,11,4
1576535617,1,11,4
1576535618,1,11,4
1576535619,1,11,4
1576535620,1,11,4
1576535621,1,11,4
1576535622,0,-1,4
1576535623,1,11,4
1576535624,1,11,4
1576535625,0,-1,4
1576535626,1,11,4
1576535627,1,11,4
1576535628,1,11,4
1576535629,1,11,4
1576535630,0,-1,4
1576535631,1,11,4
1576535632,1,11,4
1576535633,1,11,4
1576535634,1,11,4
1576535635,1,11,4
1576535636,1,11,4
1576535637,1,11,4
1576535638,0,-1,4
1576535639,0,-1,4
1576535640,1,11,4
1576535641,1,11,4
1576535642,1,11,4
1576535643,1,11,4
1576535644,1,11,4
1576535645,1,11,4
1576535646,1,11,4
1576535647,0,-1,4
1576535648,1,11,4
1576535649,1,11,4
1576535650,1,11,4
1576535651,1,11,4
1576535652,1,11,4
1576535653,1,11,4
1576535654,1,11,4
1576535655,1,11,4
1576535656,1,11,4
1576535657,1,11,4
1576535658,1,11,4
1576535659,1,11,4
1576535660,1,11,4
1576535661,1,11,4
1576535662,1,11,4
1576535663,1,11,4
1576535664,1,11,4
1576535665,1,11,4
1576535666,1,11,4
1576535667,0,-1,4
1576535668,1,11,4
1576535669,1,11,4
1576535670,1,11,4
1576535671,1,11,4
1576535672,1,11,4
1576535673,1,11,4
1576535674,1,11,4
1576535675,0,-1,4
1576535676,1,11,4
1576535677,1,11,4
1576535678,1,11,4
1576535679,1,11,4
1576535680,1,11,4
1576535681,1,11,4
1576535682,1,11,4
1576535683,1,11,4
1576535684,0,-1,4
1576535685,1,11,4
1576535686,1,11,4
1576535687,1,11,4
1576535688,1,11,4
1576535689,1,11,4
1576535690,1,11,4
1576535691,0,-1,4
1576535692,1,11,4
1576535693,1,11,4
1576535694,0,-1,4
1576535695,1,11,4
1576535696,1,11,4
1576535697,1,11,4
1576535698,1,11,4
1576535699,1,11,4
1576535700,0,-1,4
1576535701,1,11,4
1576535702,1,11,4
1576535703,1,11,4
1576535704,1,11,4
1576535705,1,11,4
1576535706,1,11,4
1576535707,1,11,4
1576535708,0,-1,4
1576535709,1,11,4
1576535710,1,11,4
1576535711,0,-1,4
1576535712,1,11,4
1576535713,1,11,4
1576535714,1,11,4
1576535715,1,11,4
1576535716,1,11,4
1576535717,1,11,4
1576535718,1,11,4
1576535719,1,11,4
1576535720,1,11,4
1576535721,0,-1,4
1576535722,0,-1,4
1576535723,1,11,4
1576535724,1,11,4
1576535725,1,11,4
1576535726,1,11,4
1576535727,1,11,4
1576535728,1,13,4
1576535729,1,13,4
1576535730,0,-1,4
1576535731,1,13,4
1576535732,1,13,4
1576535733,1,13,4
1576535734,1,13,4
1576535735,1,13,4
1576535736,0,-1,4
1576535737,1,13,4
1576535738,1,13,4
1576535739,1,13,4
1576535740,0,-1,4
1576535741,1,13,4
1576535742,1,13,4
1576535743,1,13,4
1576535744,1,13,4
1576535745,1,13,4
1576535746,1,13,4
1576535747,1,13,4
1576535748,1,13,4
1576535749,1,13,4
1576535750,0,-1,4
1576535751,1,13,4
1576535752,1,13,4
1576535753,1,13,4
1576535754,1,13,4
1576535755,1,13,4
1576535756,1,13,4
1576535757,1,13,4
1576535758,1,13,4
1576535759,0,-1,4
1576535760,1,13,4
1576535761,1,13,4
1576535762,1,13,4
1576535763,1,13,4
1576535764,0,-1,4
1576535765,1,13,4
1576535766,1,13,4
1576535767,0,-1,4
1576535768,1,13,4
1576535769,1,13,4
1576535770,1,13,4
1576535771,1,13,4
1576535772,1,13,4
1576535773,1,13,4
1576535774,1,13,4
1576535775,1,13,4
1576535776,1,13,4
1576535777,0,-1,4
1576535778,0,-1,4
1576535779,1,13,4
1576535780,1,13,4
1576535781,1,13,4
1576535782,1,13,4
1576535783,1,13,4
1576535784,1,13,4
1576535785,1,13,4
1576535786,1,13,4
1576535787,1,13,4
1576535788,1,13,4
1576535789,1,13,4
1576535790,0,-1,4
1576535791,1,13,4
1576535792,1,13,4
1576535793,1,13,4
1576535794,1,13,4
1576535795,1,13,4
1576535796,1,13,4
1576535797,1,13,4
1576535798,1,13,4
1576535799,1,13,4
1576535800,0,-1,4
1576535801,1,13,4
1576535802,1,13,4
1576535803,1,13,4
1576535804,1,13,4
1576535805,1,13,4
1576535806,1,13,4
1576535807,1,13,4
1576535808,1,13,4
1576535809,0,-1,4
1576535810,1,13,4
1576535811,1,13,4
1576535812,1,13,4
1576535813,1,13,4
1576535814,1,13,4
1576535815,1,13,4
1576535816,1,13,4
1576535817,1,13,4
1576535818,1,13,4
1576535819,0,-1,4
1576535820,1,13,4
1576535821,1,13,4
1576535822,1,13,4
1576535823,1,13,4
1576535824,1,13,4
1576535825,1,13,4
1576535826,1,13,4
1576535827,0,-1,4
1576535828,1,13,4
1576535829,1,13,4
1576535830,1,13,4
1576535831,1,13,4
1576535832,1,13,4
1576535833,1,13,4
1576535834,1,13,4
1576535835,1,13,4
1576535836,1,13,4
1576535837,1,13,4
1576535838,1,13,4
1576535839,1,13,4
1576535840,1,13,4
1576535841,1,13,4
1576535842,1,13,4
1576535843,1,13,4
1576535844,1,13,4
1576535845,1,13,4
1576535846,1,13,4
1576535847,0,-1,4
1576535848,1,13,4
1576535849,1,13,4
1576535850,1,13,4
1576535851,1,13,4
1576535852,1,13,4
1576535853,1,13,4
1576535854,1,13,4
1576535855,1,13,4
1576535856,1,13,4
1576535857,0,-1,4
1576535858,1,13,4
1576535859,1,13,4
1576535860,1,2,4
1576535861,0,-1,4
1576535862,1,2,4
1576535863,1,2,4
1576535864,1,2,4
1576535865,1,2,4
1576535866,1,2,4
1576535867,0,-1,4
1576535868,1,2,4
1576535869,1,2,4
1576535870,1,2,4
1576535871,1,2,4
1576535872,1,2,4
1576535873,1,2,4
1576535874,1,2,4
1576535875,1,2,4
1576535876,1,2,4
1576535877,1,2,4
1576535878,0,-1,4
1576535879,1,2,4
1576535880,1,2,4
1576535881,1,2,4
1576535882,1,2,4
1576535883,1,2,4
1576535884,1,2,4
1576535885,1,2,4
1576535886,1,2,4
1576535887,1,2,4
1576535888,0,-1,4
1576535889,0,-1,4
1576535890,1,2,4
1576535891,1,2,4
1576535892,1,2,4
1576535893,1,2,4
1576535894,1,2,4
1576535895,1,2,4
1576535896,1,2,4
1576535897,1,2,4
1576535898,0,-1,4
1576535899,1,2,4
1576535900,1,2,4
1576535901,1,2,4
1576535902,1,2,4
1576535903,0,-1,4
1576535904,1,2,4
1576535905,1,2,4
1576535906,1,2,4
1576535907,1,2,4
1576535908,1,2,4
1576535909,1,2,4
1576535910,1,2,4
1576535911,1,2,4
1576535912,1,2,4
1576535913,1,2,4
1576535914,1,2,4
1576535915,1,2,4
1576535916,1,2,4
1576535917,1,2,4
1576535918,1,2,4
1576535919,1,2,4
1576535920,1,2,4
1576535921,1,2,4
1576535922,1,1,4
1576535923,1,1,4
1576535924,1,1,4
1576535925,1,1,4
1576535926,1,1,4
1576535927,0,-1,4
1576535928,1,1,4
1576535929,1,1,4
1576535930,1,1,4
1576535931,1,1,4
1576535932,1,1,4
1576535933,1,1,4
1576535934,1,1,4
1576535935,1,1,4
1576535936,1,1,4
1576535937,1,1,4
1576535938,0,-1,4
1576535939,1,1,4
1576535940,1,1,4
1576535941,1,1,4
1576535942,1,1,4
1576535943,1,1,4
1576535944,1,1,4
1576535945,1,1,4
1576535946,1,1,4
1576535947,1,1,4
1576535948,0,-1,4
1576535949,1,1,4
1576535950,1,1,4
1576535951,1,1,4
1576535952,1,1,4
1576535953,1,1,4
1576535954,1,1,4
1576535955,1,1,4
1576535956,1,1,4
1576535957,1,1,4
1576535958,0,-1,4
1576535959,1,1,4
1576535960,1,1,4
1576535961,1,1,4
1576535962,1,1,4
1576535963,1,1,4
1576535964,1,1,4
1576535965,1,1,4
1576535966,1,1,4
1576535967,1,1,4
1576535968,1,6,4
1576535969,1,11,4
1576535970,0,-1,4
1576535971,1,11,4
1576535972,0,-1,4
1576535973,1,11,4
1576535974,1,11,4
1576535975,1,11,4
1576535976,0,-1,4
1576535977,1,3,4
1576535978,0,-1,4
1576535979,1,3,4
1576535980,1,3,4
1576535981,1,3,4
1576535982,1,3,4
1576535983,1,3,4
1576535984,1,3,4
1576535985,1,3,4
1576535986,1,3,4
1576535987,0,-1,4
1576535988,1,3,4
1576535989,1,3,4
1576535990,1,3,4
1576535991,1,3,4
1576535992,1,3,4
1576535993,1,3,4
1576535994,1,3,4
1576535995,1,3,4
1576535996,0,-1,4
1576535997,1,3,4
1576535998,1,3,4
1576535999,1,3,4
1576536000,1,3,4
1576536001,1,3,4
1576536002,1,3,4
1576536003,1,3,4
1576536004,1,3,4
1576536005,1,3,4
1576536006,0,-1,4
1576536007,1,3,4
1576536008,1,3,4
1576536009,1,3,4
1576536010,1,3,4
1576536011,1,3,4
1576536012,1,3,4
1576536013,1,3,4
1576536014,0,-1,4
1576536015,1,3,4
1576536016,1,3,4
1576536017,1,3,4
1576536018,1,13,4
1576536019,1,13,4
1576536020,1,13,4
1576536021,1,13,4
1576536022,1,13,4
1576536023,1,13,4
1576536024,0,-1,4
1576536025,1,13,4
1576536026,1,13,4
1576536027,1,13,4
1576536028,1,13,4
1576536029,1,13,4
1576536030,1,13,4
1576536031,1,13,4
1576536032,1,13,4
1576536033,1,13,4
1576536034,0,-1,4
1576536035,1,13,4
1576536036,1,13,4
1576536037,1,13,4
1576536038,1,13,4
1576536039,1,13,4
1576536040,1,13,4
1576536041,1,13,4
1576536042,1,13,4
1576536043,1,13,4
1576536044,1,13,4
1576536045,0,-1,4
1576536046,1,13,4
1576536047,1,13,4
1576536048,1,13,4
1576536049,1,13,4
1576536050,1,13,4
1576536051,1,13,4
1576536052,1,13,4
1576536053,1,13,4
1576536054,1,13,4
1576536055,0,-1,4
1576536056,0,-1,4
1576536057,1,13,4
1576536058,1,13,4
1576536059,1,13,4
1576536060,1,13,4
1576536061,1,13,4
1576536062,1,13,4
1576536063,1,13,4
1576536064,0,-1,4
1576536065,1,13,4
1576536066,1,13,4
1576536067,1,13,4
1576536068,1,13,4
1576536069,1,13,4
1576536070,1,13,4
1576536071,1,13,4
1576536072,1,13,4
1576536073,1,13,4
1576536074,0,-1,4
1576536075,1,13,4
1576536076,1,13,4
1576536077,1,13,4
1576536078,1,13,4
1576536079,1,13,4
1576536080,1,13,4
1576536081,1,13,4
1576536082,1,13,4
1576536083,1,13,4
1576536084,0,-1,4
1576536085,1,13,4
1576536086,1,13,4
1576536087,1,13,4
1576536088,1,13,4
1576536089,1,13,4
1576536090,1,13,4
1576536091,1,13,4
1576536092,1,13,4
1576536093,0,-1,4
1576536094,1,13,4
1576536095,1,13,4
1576536096,1,13,4
1576536097,1,13,4
1576536098,1,13,4
1576536099,1,13,4
1576536100,1,13,4
1576536101,1,13,4
1576536102,1,13,4
1576536103,0,-1,4
1576536104,1,13,4
1576536105,1,13,4
1576536106,1,13,4
1576536107,1,13,4
1576536108,1,13,4
1576536109,1,13,4
1576536110,1,13,4
1576536111,1,13,4
1576536112,1,13,4
1576536113,1,13,4
1576536114,1,13,4
1576536115,1,13,4
1576536116,1,13,4
1576536117,1,13,4
1576536118,1,13,4
1576536119,1,13,4
1576536120,1,13,4
1576536121,1,13,4
1576536122,1,13,4
1576536123,1,13,4
1576536124,0,-1,4
1576536125,1,13,4
1576536126,1,13,4
1576536127,1,11,4
1576536128,1,11,4
1576536129,1,11,4
1576536130,1,11,4
1576536131,1,11,4
1576536132,1,11,4
1576536133,1,11,4
1576536134,1,11,4
1576536135,1,11,4
1576536136,1,13,4
1576536137,1,13,4
1576536138,1,13,4
1576536139,1,13,4
1576536140,0,-1,4
1576536141,1,11,4
1576536142,1,11,4
1576536143,1,11,4
1576536144,1,11,4
1576536145,1,5,4
1576536146,1,5,4
1576536147,1,5,4
1576536148,1,5,4
1576536149,1,5,4
1576536150,1,5,4
1576536151,0,-1,4
1576536152,1,5,4
1576536153,1,5,4
1576536154,1,5,4
1576536155,1,5,4
1576536156,1,5,4
1576536157,1,5,4
1576536158,1,5,4
1576536159,1,5,4
1576536160,1,5,4
1576536161,0,-1,4
1576536162,1,5,4
1576536163,1,5,4
1576536164,1,5,4
1576536165,1,5,4
1576536166,1,5,4
1576536167,1,5,4
1576536168,0,-1,4
1576536169,1,5,4
1576536170,1,5,4
1576536171,1,5,4
1576536172,1,5,4
1576536173,1,5,4
1576536174,1,5,4
1576536175,1,5,4
1576536176,1,5,4
1576536177,1,5,4
1576536178,1,5,4
1576536179,1,5,4
1576536180,0,-1,4
1576536181,1,5,4
1576536182,0,-1,4
1576536183,1,5,4
1576536184,1,5,4
1576536185,1,5,4
1576536186,1,5,4
1576536187,1,5,4
1576536188,1,5,4
1576536189,0,-1,4
1576536190,1,5,4
1576536191,1,5,4
1576536192,1,12,4
1576536193,1,12,4
1576536194,1,12,4
1576536195,1,12,4
1576536196,1,12,4
1576536197,0,-1,4
1576536198,1,12,4
1576536199,1,12,4
1576536200,1,12,4
1576536201,1,12,4
1576536202,1,12,4
1576536203,1,12,4
1576536204,1,12,4
1576536205,0,-1,4
1576536206,1,12,4
1576536207,1,12,4
1576536208,1,12,4
1576536209,1,12,4
1576536210,1,12,4
1576536211,1,12,4
1576536212,1,12,4
1576536213,1,12,4
1576536214,1,12,4
1576536215,1,12,4
1576536216,0,-1,4
1576536217,1,12,4
1576536218,1,12,4
1576536219,1,12,4
1576536220,1,12,4
1576536221,1,12,4
1576536222,1,12,4
1576536223,1,12,4
1576536224,1,12,4
1576536225,1,12,4
1576536226,1,12,4
1576536227,1,12,4
1576536228,1,12,4
1576536229,1,12,4
1576536230,1,12,4
1576536231,1,12,4
1576536232,1,12,4
1576536233,1,12,4
1576536234,0,-1,4
1576536235,1,12,4
1576536236,1,12,4
1576536237,1,12,4
1576536238,1,12,4
1576536239,1,12,4
1576536240,1,12,4
1576536241,1,12,4
1576536242,1,12,4
1576536243,0,-1,4
1576536244,1,12,4
1576536245,1,12,4
1576536246,1,12,4
1576536247,1,12,4
1576536248,1,12,4
1576536249,1,12,4
1576536250,1,12,4
1576536251,0,-1,4
1576536252,1,12,4
1576536253,1,12,4
1576536254,1,12,4
1576536255,1,12,4
1576536256,1,12,4
1576536257,1,12,4
1576536258,1,12,4
1576536259,1,12,4
1576536260,0,-1,4
1576536261,1,12,4
1576536262,1,12,4
1576536263,1,12,4
1576536264,1,12,4
1576536265,0,-1,4
1576536266,1,12,4
1576536267,1,12,4
1576536268,1,12,4
1576536269,1,12,4
1576536270,0,-1,4
1576536271,1,12,4
1576536272,1,12,4
1576536273,1,12,4
1576536274,1,12,4
1576536275,1,12,4
1576536276,1,12,4
1576536277,1,12,4
1576536278,0,-1,4
1576536279,0,-1,4
1576536280,1,12,4
1576536281,1,12,4
1576536282,1,12,4
1576536283,1,12,4
1576536284,1,12,4
1576536285,1,12,4
1576536286,0,-1,4
1576536287,1,12,4
1576536288,1,12,4
1576536289,1,12,4
1576536290,1,12,4
1576536291,1,12,4
1576536292,1,12,4
1576536293,1,12,4
1576536294,1,12,4
1576536295,1,12,4
1576536296,1,12,4
1576536297,0,-1,4
1576536298,1,12,4
1576536299,1,12,4
1576536300,1,12,4
1576536301,1,12,4
1576536302,1,12,4
1576536303,1,12,4
1576536304,1,12,4
1576536305,1,12,4
1576536306,0,-1,4
1576536307,0,-1,4
1576536308,1,12,4
1576536309,1,12,4
1576536310,1,12,4
1576536311,1,12,4
1576536312,1,12,4
1576536313,1,12,4
1576536314,1,12,4
1576536315,1,12,4
1576536316,0,-1,4
1576536317,1,12,4
1576536318,1,12,4
1576536319,1,12,4
1576536320,1,12,4
1576536321,1,12,4
1576536322,1,12,4
1576536323,1,12,4
1576536324,1,12,4
1576536325,1,12,4
1576536326,0,-1,4
1576536327,1,12,4
1576536328,1,12,4
1576536329,1,12,4
1576536330,1,12,4
1576536331,1,12,4
1576536332,1,12,4
1576536333,1,12,4
1576536334,1,12,4
1576536335,0,-1,4
1576536336,1,12,4
1576536337,1,12,4
1576536338,1,12,4
1576536339,1,12,4
1576536340,1,13,4
1576536341,1,13,4
1576536342,1,13,4
1576536343,1,13,4
1576536344,1,13,4
1576536345,1,13,4
1576536346,0,-1,4
1576536347,1,13,4
1576536348,0,-1,4
1576536349,1,13,4
1576536350,1,13,4
1576536351,1,13,4
1576536352,1,13,4
1576536353,1,13,4
1576536354,1,13,4
1576536355,1,2,4
1576536356,0,-1,4
1576536357,1,2,4
1576536358,1,2,4
1576536359,1,2,4
1576536360,1,2,4
1576536361,1,2,4
1576536362,0,-1,4
1576536363,1,2,4
1576536364,1,2,4
1576536365,1,2,4
1576536366,1,2,4
1576536367,0,-1,4
1576536368,1,2,4
1576536369,1,2,4
1576536370,1,2,4
1576536371,1,2,4
1576536372,1,2,4
1576536373,1,2,4
1576536374,1,2,4
1576536375,1,2,4
1576536376,1,2,4
1576536377,0,-1,4
1576536378,1,2,4
1576536379,1,2,4
1576536380,1,2,4
1576536381,1,2,4
1576536382,1,2,4
1576536383,1,2,4
1576536384,1,2,4
1576536385,1,2,4
1576536386,0,-1,4
1576536387,1,2,4
1576536388,1,2,4
1576536389,1,2,4
1576536390,0,-1,4
1576536391,1,2,4
1576536392,1,2,4
1576536393,1,2,4
1576536394,1,2,4
1576536395,1,2,4
1576536396,0,-1,4
1576536397,1,2,4
1576536398,1,2,4
1576536399,1,2,4
1576536400,1,2,4
1576536401,1,2,4
1576536402,1,2,4
1576536403,1,2,4
1576536404,1,2,4
1576536405,1,2,4
1576536406,1,2,4
1576536407,1,2,4
1576536408,1,2,4
1576536409,1,2,4
1576536410,1,2,4
1576536411,1,2,4
1576536412,1,2,4
1576536413,1,2,4
1576536414,1,2,4
1576536415,1,2,4
1576536416,1,2,4
1576536417,0,-1,4
1576536418,0,-1,4
1576536419,1,2,4
1576536420,1,2,4
1576536421,1,2,4
1576536422,1,12,4
1576536423,1,12,4
1576536424,1,3,4
1576536425,1,3,4
1576536426,0,-1,4
1576536427,1,3,4
1576536428,1,3,4
1576536429,1,4,4
1576536430,1,4,4
1576536431,1,4,4
1576536432,0,-1,4
1576536433,1,4,4
1576536434,1,4,4
1576536435,0,-1,4
1576536436,1,4,4
1576536437,1,4,4
1576536438,1,12,4
1576536439,1,12,4
1576536440,1,12,4
1576536441,1,12,4
1576536442,1,12,4
1576536443,1,12,4
1576536444,1,4,4
1576536445,0,-1,4
1576536446,1,4,4
1576536447,1,4,4
1576536448,1,4,4
1576536449,1,4,4
1576536450,1,4,4
1576536451,1,12,4
1576536452,1,12,4
1576536453,1,12,4
1576536454,0,-1,4
1576536455,1,12,4
1576536456,1,12,4
1576536457,1,12,4
1576536458,1,12,4
1576536459,1,12,4
1576536460,1,12,4
1576536461,1,12,4
1576536462,1,12,4
1576536463,1,12,4
1576536464,0,-1,4
1576536465,1,12,4
1576536466,1,12,4
1576536467,1,12,4
1576536468,1,12,4
1576536469,1,12,4
1576536470,0,-1,4
1576536471,1,12,4
1576536472,1,12,4
1576536473,1,12,4
1576536474,1,12,4
1576536475,1,12,4
1576536476,1,12,4
1576536477,1,12,4
1576536478,1,12,4
1576536479,0,-1,4
1576536480,1,12,4
1576536481,1,12,4
1576536482,1,12,4
1576536483,1,12,4
1576536484,1,12,4
1576536485,1,12,4
1576536486,1,12,4
1576536487,1,12,4
1576536488,0,-1,4
1576536489,1,12,4
1576536490,1,12,4
1576536491,1,12,4
1576536492,1,12,4
1576536493,1,12,4
1576536494,1,12,4
1576536495,1,12,4
1576536496,0,-1,4
1576536497,1,12,4
1576536498,1,12,4
1576536499,1,12,4
1576536500,1,12,4
1576536501,0,-1,4
1576536502,1,12,4
1576536503,1,12,4
1576536504,1,12,4
1576536505,0,-1,4
1576536506,1,12,4
1576536507,1,12,4
1576536508,1,12,4
1576536509,1,12,4
1576536510,1,12,4
1576536511,1,12,4
1576536512,1,12,4
1576536513,1,12,4
1576536514,0,-1,4
1576536515,0,-1,4
1576536516,1,12,4
1576536517,1,12,4
1576536518,1,12,4
1576536519,1,12,4
1576536520,1,12,4
1576536521,1,12,4
1576536522,0,-1,4
1576536523,1,12,4
1576536524,1,12,4
1576536525,1,12,4
1576536526,1,12,4
1576536527,1,12,4
1576536528,1,12,4
1576536529,0,-1,4
1576536530,1,12,4
1576536531,1,12,4
1576536532,1,12,4
1576536533,1,12,4
1576536534,1,12,4
1576536535,1,12,4
1576536536,1,12,4
1576536537,1,12,4
1576536538,1,12,4
1576536539,1,12,4
1576536540,0,-1,4
1576536541,1,12,4
1576536542,1,12,4
1576536543,0,-1,4
1576536544,1,2,4
1576536545,1,2,4
1576536546,1,12,4
1576536547,1,12,4
1576536548,1,12,4
1576536549,0,-1,4
1576536550,1,12,4
1576536551,1,12,4
1576536552,1,12,4
1576536553,1,12,4
1576536554,1,12,4
1576536555,1,12,4
1576536556,1,12,4
1576536557,1,12,4
1576536558,1,12,4
1576536559,1,12,4
1576536560,1,12,4
1576536561,1,12,4
1576536562,1,12,4
1576536563,1,12,4
1576536564,1,12,4
1576536565,1,12,4
1576536566,1,12,4
1576536567,1,12,4
1576536568,1,12,4
1576536569,0,-1,4
1576536570,1,12,4
1576536571,0,-1,4
1576536572,1,12,4
1576536573,1,12,4
1576536574,1,12,4
1576536575,1,12,4
1576536576,1,12,4
1576536577,1,12,4
1576536578,1,12,4
1576536579,0,-1,4
1576536580,1,12,4
1576536581,1,12,4
1576536582,1,12,4
1576536583,1,12,4
1576536584,1,12,4
1576536585,1,12,4
1576536586,1,12,4
1576536587,1,12,4
1576536588,1,12,4
1576536589,0,-1,4
1576536590,1,12,4
1576536591,1,13,4
1576536592,1,13,4
1576536593,1,13,4
1576536594,1,13,4
1576536595,1,13,4
1576536596,1,13,4
1576536597,1,13,4
1576536598,0,-1,4
1576536599,0,-1,4
1576536600,1,13,4
1576536601,1,13,4
1576536602,1,13,4
1576536603,1,13,4
1576536604,1,13,4
1576536605,1,13,4
1576536606,1,13,4
1576536607,1,13,4
1576536608,1,13,4
1576536609,1,13,4
1576536610,1,13,4
1576536611,0,-1,4
1576536612,1,13,4
1576536613,0,-1,4
1576536614,1,13,4
1576536615,1,13,4
1576536616,1,13,4
1576536617,1,13,4
1576536618,1,13,4
1576536619,1,13,4
1576536620,1,13,4
1576536621,1,13,4
1576536622,0,-1,4
1576536623,1,13,4
1576536624,1,12,4
1576536625,1,12,4
1576536626,1,12,4
1576536627,1,12,4
1576536628,1,12,4
1576536629,1,12,4
1576536630,1,12,4
1576536631,1,12,4
1576536632,0,-1,4
1576536633,1,12,4
1576536634,1,12,4
1576536635,1,11,4
1576536636,1,11,4
1576536637,1,11,4
1576536638,1,11,4
1576536639,1,11,4
1576536640,1,11,4
1576536641,1,11,4
1576536642,1,11,4
1576536643,1,11,4
1576536644,1,11,4
1576536645,1,11,4
1576536646,1,11,4
1576536647,1,11,4
1576536648,1,11,4
1576536649,1,11,4
1576536650,1,11,4
1576536651,1,11,4
1576536652,0,-1,4
1576536653,1,11,4
1576536654,1,11,4
1576536655,1,11,4
1576536656,0,-1,4
1576536657,1,11,4
1576536658,1,11,4
1576536659,1,11,4
1576536660,1,11,4
1576536661,1,11,4
1576536662,0,-1,4
1576536663,1,11,4
1576536664,1,11,4
1576536665,1,11,4
1576536666,1,11,4
1576536667,1,11,4
1576536668,1,11,4
1576536669,1,11,4
1576536670,1,11,4
1576536671,0,-1,4
1576536672,1,11,4
1576536673,1,11,4
1576536674,1,11,4
1576536675,1,11,4
1576536676,1,11,4
1576536677,1,11,4
1576536678,1,11,4
1576536679,1,11,4
1576536680,1,11,4
1576536681,0,-1,4
1576536682,1,11,4
1576536683,1,11,4
1576536684,0,-1,4
1576536685,1,11,4
1576536686,1,11,4
1576536687,1,11,4
1576536688,1,11,4
1576536689,1,11,4
1576536690,0,-1,4
1576536691,1,11,4
1576536692,1,11,4
1576536693,1,11,4
1576536694,1,11,4
1576536695,1,11,4
1576536696,1,11,4
1576536697,1,11,4
1576536698,0,-1,4
1576536699,1,11,4
1576536700,1,11,4
1576536701,1,11,4
1576536702,1,11,4
1576536703,1,11,4
1576536704,1,11,4
1576536705,1,11,4
1576536706,1,11,4
1576536707,0,-1,4
1576536708,1,11,4
1576536709,1,11,4
1576536710,1,11,4
1576536711,1,11,4
1576536712,1,11,4
1576536713,1,11,4
1576536714,1,11,4
1576536715,0,-1,4
1576536716,1,11,4
1576536717,1,11,4
1576536718,1,11,4
1576536719,1,11,4
1576536720,1,11,4
1576536721,1,11,4
1576536722,1,11,4
1576536723,0,-1,4
1576536724,1,11,4
1576536725,1,11,4
1576536726,0,-1,4
1576536727,1,11,4
1576536728,1,11,4
1576536729,1,11,4
1576536730,1,11,4
1576536731,0,-1,4
1576536732,1,11,4
1576536733,1,11,4
1576536734,1,11,4
1576536735,1,11,4
1576536736,1,11,4
1576536737,1,11,4
1576536738,1,11,4
1576536739,1,11,4
1576536740,0,-1,4
1576536741,1,11,4
1576536742,1,11,4
1576536743,1,11,4
1576536744,1,11,4
1576536745,1,11,4
1576536746,1,11,4
1576536747,1,11,4
1576536748,1,11,4
1576536749,1,11,4
1576536750,1,11,4
1576536751,0,-1,4
1576536752,1,11,4
1576536753,1,11,4
1576536754,1,11,4
1576536755,1,11,4
1576536756,1,11,4
1576536757,1,11,4
1576536758,1,11,4
1576536759,1,11,4
1576536760,1,11,4
1576536761,0,-1,4
1576536762,1,11,4
1576536763,1,11,4
1576536764,1,11,4
1576536765,1,11,4
1576536766,1,11,4
1576536767,0,-1,4
1576536768,1,11,4
1576536769,1,11,4
1576536770,1,11,4
1576536771,0,-1,4
1576536772,1,11,4
1576536773,1,11,4
1576536774,1,11,4
1576536775,1,11,4
1576536776,1,11,4
1576536777,1,11,4
1576536778,1,11,4
1576536779,1,11,4
1576536780,1,11,4
1576536781,0,-1,4
1576536782,1,11,4
1576536783,1,13,4
1576536784,1,13,4
1576536785,1,13,4
1576536786,1,13,4
1576536787,1,13,4
1576536788,0,-1,4
1576536789,1,13,4
1576536790,1,13,4
1576536791,1,13,4
1576536792,1,11,4
1576536793,1,11,4
1576536794,1,13,4
1576536795,1,13,4
1576536796,1,13,4
1576536797,1,13,4
1576536798,1,13,4
1576536799,1,13,4
1576536800,1,13,4
1576536801,1,13,4
1576536802,1,13,4
1576536803,1,13,4
1576536804,1,13,4
1576536805,1,13,4
1576536806,1,13,4
1576536807,1,2,4
1576536808,0,-1,4
1576536809,0,-1,4
1576536810,1,2,4
1576536811,1,2,4
1576536812,1,2,4
1576536813,1,2,4
1576536814,1,2,4
1576536815,1,2,4
1576536816,1,2,4
1576536817,1,2,4
1576536818,0,-1,4
1576536819,1,2,4
1576536820,1,2,4
1576536821,1,2,4
1576536822,1,2,4
1576536823,1,2,4
1576536824,1,2,4
1576536825,1,2,4
1576536826,1,2,4
1576536827,1,2,4
1576536828,1,2,4
1576536829,0,-1,4
1576536830,1,2,4
1576536831,1,2,4
1576536832,1,2,4
1576536833,1,2,4
1576536834,1,2,4
1576536835,1,2,4
1576536836,1,2,4
1576536837,1,2,4
1576536838,1,2,4
1576536839,0,-1,4
1576536840,1,2,4
1576536841,1,2,4
1576536842,1,2,4
1576536843,1,2,4
1576536844,1,2,4
1576536845,1,2,4
1576536846,1,2,4
1576536847,1,2,4
1576536848,1,2,4
1576536849,0,-1,4
1576536850,1,2,4
1576536851,1,2,4
1576536852,1,2,4
1576536853,1,2,4
1576536854,1,2,4
1576536855,1,2,4
1576536856,1,2,4
1576536857,1,2,4
1576536858,1,2,4
1576536859,0,-1,4
1576536860,1,2,4
1576536861,1,2,4
1576536862,1,2,4
1576536863,1,2,4
1576536864,0,-1,4
1576536865,1,2,4
1576536866,1,2,4
1576536867,1,2,4
1576536868,1,2,4
1576536869,1,2,4
1576536870,0,-1,4
1576536871,1,2,4
1576536872,1,2,4
1576536873,1,2,4
1576536874,1,2,4
1576536875,1,2,4
1576536876,1,2,4
1576536877,1,2,4
1576536878,1,2,4
1576536879,1,2,4
1576536880,1,2,4
1576536881,0,-1,4
1576536882,1,2,4
1576536883,1,2,4
1576536884,0,-1,4
1576536885,1,2,4
1576536886,0,-1,4
1576536887,1,2,4
1576536888,1,2,4
1576536889,1,2,4
1576536890,1,2,4
1576536891,1,2,4
1576536892,1,2,4
1576536893,1,2,4
1576536894,1,2,4
1576536895,1,2,4
1576536896,1,2,4
1576536897,1,2,4
1576536898,1,2,4
1576536899,1,2,4
1576536900,1,2,4
1576536901,1,2,4
1576536902,1,2,4
1576536903,1,2,4
1576536904,1,2,4
1576536905,1,2,4
1576536906,1,2,4
1576536907,0,-1,4
1576536908,1,2,4
1576536909,1,2,4
1576536910,1,2,4
1576536911,1,2,4
1576536912,1,2,4
1576536913,1,2,4
1576536914,1,2,4
1576536915,1,2,4
1576536916,1,2,4
1576536917,1,2,4
1576536918,0,-1,4
1576536919,1,2,4
1576536920,0,-1,4
1576536921,1,2,4
1576536922,1,2,4
1576536923,1,2,4
1576536924,1,2,4
1576536925,1,2,4
1576536926,1,2,4
1576536927,0,-1,4
1576536928,1,2,4
1576536929,1,2,4
1576536930,1,2,4
1576536931,1,2,4
1576536932,1,2,4
1576536933,1,2,4
1576536934,1,2,4
1576536935,1,2,4
1576536936,1,2,4
1576536937,0,-1,4
1576536938,1,2,4
1576536939,1,2,4
1576536940,1,2,4
1576536941,1,2,4
1576536942,1,2,4
1576536943,1,2,4
1576536944,1,2,4
1576536945,1,2,4
1576536946,1,2,4
1576536947,1,2,4
1576536948,0,-1,4
1576536949,1,2,4
1576536950,1,2,4
1576536951,1,2,4
1576536952,1,2,4
1576536953,1,2,4
1576536954,1,2,4
1576536955,1,2,4
1576536956,1,2,4
1576536957,1,2,4
1576536958,0,-1,4
1576536959,1,2,4
1576536960,1,2,4
1576536961,1,2,4
1576536962,0,-1,4
1576536963,1,2,4
1576536964,1,2,4
1576536965,1,2,4
1576536966,1,2,4
1576536967,1,2,4
1576536968,0,-1,4
1576536969,1,2,4
1576536970,1,2,4
1576536971,1,2,4
1576536972,1,2,4
1576536973,1,2,4
1576536974,1,2,4
1576536975,1,2,4
1576536976,1,2,4
1576536977,1,2,4
1576536978,1,2,4
1576536979,0,-1,4
1576536980,1,2,4
1576536981,1,2,4
1576536982,1,2,4
1576536983,1,2,4
1576536984,1,2,4
1576536985,1,2,4
1576536986,1,2,4
1576536987,1,2,4
1576536988,1,2,4
1576536989,0,-1,4
1576536990,0,-1,4
1576536991,1,2,4
1576536992,1,2,4
1576536993,1,2,4
1576536994,1,2,4
1576536995,1,2,4
1576536996,1,2,4
1576536997,1,2,4
1576536998,1,2,4
1576536999,0,-1,4
1576537000,1,2,4
1576537001,1,2,4
1576537002,1,2,4
1576537003,0,-1,4
1576537004,1,2,4
1576537005,1,2,4
1576537006,1,2,4
1576537007,1,2,4
1576537008,1,2,4
1576537009,1,2,4
1576537010,0,-1,4
1576537011,1,2,4
1576537012,1,2,4
1576537013,1,2,4
1576537014,1,2,4
1576537015,1,2,4
1576537016,1,2,4
1576537017,0,-1,4
1576537018,1,2,4
1576537019,1,2,4
1576537020,1,2,4
1576537021,0,-1,4
1576537022,1,2,4
1576537023,1,2,4
1576537024,1,2,4
1576537025,1,2,4
1576537026,1,2,4
1576537027,1,2,4
1576537028,1,2,4
1576537029,1,2,4
1576537030,1,2,4
1576537031,0,-1,4
1576537032,1,2,4
1576537033,1,2,4
1576537034,1,2,4
1576537035,1,2,4
1576537036,1,2,4
1576537037,1,2,4
1576537038,1,2,4
1576537039,1,2,4
1576537040,1,2,4
1576537041,0,-1,4
1576537042,1,2,4
1576537043,1,2,4
1576537044,1,2,4
1576537045,0,-1,4
1576537046,1,2,4
1576537047,1,2,4
1576537048,1,2,4
1576537049,1,2,4
1576537050,1,2,4
1576537051,1,2,4
1576537052,0,-1,4
1576537053,1,2,4
1576537054,1,2,4
1576537055,1,2,4
1576537056,1,2,4
1576537057,1,2,4
1576537058,1,2,4
1576537059,1,2,4
1576537060,1,2,4
1576537061,1,2,4
1576537062,0,-1,4
1576537063,1,2,4
1576537064,1,2,4
1576537065,1,2,4
1576537066,1,2,4
1576537067,1,2,4
1576537068,1,2,4
1576537069,1,2,4
1576537070,1,2,4
1576537071,1,2,4
1576537072,0,-1,4
1576537073,0,-1,4
1576537074,1,2,4
1576537075,1,2,4
1576537076,1,2,4
1576537077,1,2,4
1576537078,1,2,4
1576537079,1,2,4
1576537080,1,2,4
1576537081,0,-1,4
1576537082,1,2,4
1576537083,1,2,4
1576537084,1,2,4
1576537085,1,2,4
1576537086,1,2,4
1576537087,1,2,4
1576537088,1,2,4
1576537089,1,2,4
1576537090,1,2,4
1576537091,1,2,4
1576537092,0,-1,4
1576537093,1,2,4
1576537094,1,2,4
1576537095,1,13,4
1576537096,1,13,4
1576537097,1,11,4
1576537098,1,11,4
1576537099,1,11,4
1576537100,0,-1,4
1576537101,0,-1,4
1576537102,1,11,4
1576537103,1,11,4
1576537104,1,11,4
1576537105,1,11,4
1576537106,1,11,4
1576537107,1,11,4
1576537108,1,13,4
1576537109,1,13,4
1576537110,0,-1,4
1576537111,1,11,4
1576537112,1,11,4
1576537113,1,11,4
1576537114,1,11,4
1576537115,1,11,4
1576537116,1,11,4
1576537117,1,11,4
1576537118,1,11,4
1576537119,0,-1,4
1576537120,1,11,4
1576537121,1,11,4
1576537122,1,11,4
1576537123,1,11,4
1576537124,1,11,4
1576537125,1,11,4
1576537126,1,11,4
1576537127,1,11,4
1576537128,1,11,4
1576537129,1,11,4
1576537130,1,11,4
1576537131,1,11,4
1576537132,0,-1,4
1576537133,1,11,4
1576537134,1,11,4
1576537135,1,11,4
1576537136,1,11,4
1576537137,1,11,4
1576537138,1,11,4
1576537139,1,11,4
1576537140,1,11,4
1576537141,1,11,4
1576537142,1,11,4
1576537143,1,11,4
1576537144,1,11,4
1576537145,1,11,4
1576537146,0,-1,4
1576537147,1,11,4
1576537148,1,11,4
1576537149,1,11,4
1576537150,1,13,4
1576537151,1,13,4
1576537152,1,13,4
1576537153,1,13,4
1576537154,1,13,4
1576537155,1,13,4
1576537156,1,13,4
1576537157,0,-1,4
1576537158,1,13,4
1576537159,1,13,4
1576537160,1,13,4
1576537161,1,13,4
1576537162,1,13,4
1576537163,1,13,4
1576537164,1,13,4
1576537165,1,13,4
1576537166,1,13,4
1576537167,1,13,4
1576537168,1,13,4
1576537169,0,-1,4
1576537170,0,-1,4
1576537171,1,13,4
1576537172,1,13,4
1576537173,1,13,4
1576537174,1,13,4
1576537175,1,13,4
1576537176,1,13,4
1576537177,1,13,4
1576537178,1,13,4
1576537179,1,13,4
1576537180,0,-1,4
1576537181,1,13,4
1576537182,1,13,4
1576537183,1,13,4
1576537184,0,-1,4
1576537185,1,12,4
1576537186,1,12,4
1576537187,1,12,4
1576537188,1,12,4
1576537189,1,12,4
1576537190,1,12,4
1576537191,1,12,4
1576537192,1,12,4
1576537193,1,12,4
1576537194,1,13,4
1576537195,1,13,4
1576537196,1,13,4
1576537197,1,13,4
1576537198,1,13,4
1576537199,1,13,4
1576537200,1,13,4
1576537201,1,13,4
1576537202,1,13,4
1576537203,1,12,4
1576537204,1,12,4
1576537205,1,12,4
1576537206,1,12,4
1576537207,1,12,4
1576537208,0,-1,4
1576537209,1,12,4
1576537210,1,12,4
1576537211,1,12,4
1576537212,0,-1,4
1576537213,1,12,4
1576537214,1,12,4
1576537215,1,12,4
1576537216,0,-1,4
1576537217,1,12,4
1576537218,1,12,4
1576537219,1,12,4
1576537220,1,12,4
1576537221,1,12,4
1576537222,1,12,4
1576537223,1,13,4
1576537224,1,13,4
1576537225,0,-1,4
1576537226,0,-1,4
1576537227,1,13,4
1576537228,1,13,4
1576537229,1,13,4
1576537230,1,13,4
1576537231,1,13,4
1576537232,1,13,4
1576537233,1,13,4
1576537234,1,12,4
1576537235,0,-1,4
1576537236,1,12,4
1576537237,1,13,4
1576537238,1,13,4
1576537239,1,13,4
1576537240,1,13,4
1576537241,1,13,4
1576537242,1,13,4
1576537243,1,12,4
1576537244,1,12,4
1576537245,0,-1,4
1576537246,1,2,4
1576537247,1,2,4
1576537248,1,12,4
1576537249,0,12,4
1576537250,0,2,4
1576537251,0,2,4
1576537252,0,2,4
1576537253,1,2,4
1576537254,1,12,4
1576537255,0,-1,4
1576537256,1,12,4
1576537257,1,12,4
1576537258,1,12,4
1576537259,1,12,4
1576537260,1,12,4
1576537261,1,12,4
1576537262,1,12,4
1576537263,1,12,4
1576537264,1,12,4
1576537265,0,-1,4
1576537266,1,12,4
1576537267,1,12,4
1576537268,1,12,4
1576537269,1,12,4
1576537270,1,12,4
1576537271,1,12,4
1576537272,1,12,4
1576537273,1,12,4
1576537274,1,12,4
1576537275,1,12,4
1576537276,1,12,4
1576537277,1,12,4
1576537278,0,-1,4
1576537279,1,12,4
1576537280,1,12,4
1576537281,0,-1,4
1576537282,1,12,4
1576537283,1,2,4
1576537284,1,2,4
1576537285,1,2,4
1576537286,1,2,4
1576537287,0,2,4
1576537288,1,2,4
1576537289,0,-1,4
1576537290,1,2,4
1576537291,1,2,4
1576537292,1,2,4
1576537293,1,2,4
1576537294,0,2,4
1576537295,0,2,4
1576537296,0,2,4
1576537297,1,2,4
1576537298,1,2,4
1576537299,1,2,4
1576537300,0,-1,4
1576537301,0,2,4
1576537302,1,2,4
1576537303,1,2,4
1576537304,0,2,4
1576537305,0,2,4
1576537306,1,2,4
1576537307,0,2,4
1576537308,0,2,4
1576537309,0,2,4
1576537310,0,-1,4
1576537311,0,2,4
1576537312,1,2,4
1576537313,1,2,4
1576537314,1,2,4
1576537315,0,2,4
1576537316,0,2,4
1576537317,0,2,4
1576537318,0,2,4
1576537319,1,2,4
1576537320,0,2,4
1576537321,1,2,4
1576537322,0,2,4
1576537323,0,2,4
1576537324,0,2,4
1576537325,1,7,4
1576537326,1,13,4
1576537327,1,13,4
1576537328,1,13,4
1576537329,1,13,4
1576537330,1,13,4
1576537331,1,13,4
1576537332,0,-1,4
1576537333,1,13,4
1576537334,1,13,4
1576537335,1,13,4
1576537336,1,13,4
1576537337,1,13,4
1576537338,1,13,4
1576537339,1,13,4
1576537340,1,13,4
1576537341,1,13,4
1576537342,0,-1,4
1576537343,1,13,4
1576537344,1,13,4
1576537345,1,13,4
1576537346,1,13,4
1576537347,1,13,4
1576537348,1,13,4
1576537349,1,13,4
1576537350,0,-1,4
1576537351,1,13,4
1576537352,1,13,4
1576537353,1,13,4
1576537354,1,13,4
1576537355,1,13,4
1576537356,1,13,4
1576537357,1,13,4
1576537358,1,13,4
1576537359,1,13,4
1576537360,0,-1,4
1576537361,1,13,4
1576537362,1,13,4
1576537363,1,13,4
1576537364,0,-1,4
1576537365,1,13,4
1576537366,1,13,4
1576537367,1,13,4
1576537368,1,13,4
1576537369,0,-1,4
1576537370,1,13,4
1576537371,1,13,4
1576537372,1,13,4
1576537373,1,13,4
1576537374,1,13,4
1576537375,1,13,4
1576537376,1,13,4
1576537377,1,13,4
1576537378,0,-1,4
1576537379,1,13,4
1576537380,1,13,4
1576537381,1,13,4
1576537382,1,13,4
1576537383,1,13,4
1576537384,1,13,4
1576537385,1,13,4
1576537386,1,13,4
1576537387,0,-1,4
1576537388,1,13,4
1576537389,1,13,4
1576537390,1,13,4
1576537391,1,13,4
1576537392,0,-1,4
1576537393,1,13,4
1576537394,1,13,4
1576537395,1,13,4
1576537396,1,13,4
1576537397,1,13,4
1576537398,1,13,4
1576537399,1,13,4
1576537400,0,-1,4
1576537401,1,13,4
1576537402,1,13,4
1576537403,1,13,4
1576537404,1,13,4
1576537405,1,13,4
1576537406,1,13,4
1576537407,1,13,4
1576537408,1,13,4
1576537409,1,13,4
1576537410,0,-1,4
1576537411,1,13,4
1576537412,1,13,4
1576537413,1,13,4
1576537414,1,13,4
1576537415,1,13,4
1576537416,1,13,4
1576537417,1,13,4
1576537418,1,13,4
1576537419,1,13,4
1576537420,1,13,4
1576537421,1,13,4
1576537422,1,13,4
1576537423,1,13,4
1576537424,1,13,4
1576537425,1,13,4
1576537426,0,-1,4
1576537427,1,13,4
1576537428,1,13,4
1576537429,1,13,4
1576537430,1,13,4
1576537431,1,13,4
1576537432,1,13,4
1576537433,1,13,4
1576537434,1,13,4
1576537435,1,13,4
1576537436,1,13,4
1576537437,1,13,4
1576537438,0,-1,4
1576537439,1,13,4
1576537440,1,13,4
1576537441,1,13,4
1576537442,1,13,4
1576537443,1,13,4
1576537444,1,13,4
1576537445,1,13,4
1576537446,1,13,4
1576537447,0,-1,4
1576537448,0,-1,4
1576537449,1,13,4
1576537450,1,13,4
1576537451,1,13,4
1576537452,1,13,4
1576537453,1,13,4
1576537454,1,13,4
1576537455,1,13,4
1576537456,1,13,4
1576537457,1,13,4
1576537458,1,13,4
1576537459,1,13,4
1576537460,1,13,4
1576537461,0,-1,4
1576537462,1,2,4
1576537463,1,2,4
1576537464,1,2,4
1576537465,1,2,4
1576537466,1,2,4
1576537467,1,2,4
1576537468,1,2,4
1576537469,1,2,4
1576537470,1,2,4
1576537471,0,-1,4
1576537472,1,2,4
1576537473,1,2,4
1576537474,1,2,4
1576537475,0,-1,4
1576537476,1,2,4
1576537477,1,2,4
1576537478,1,2,4
1576537479,1,2,4
1576537480,1,2,4
1576537481,1,2,4
1576537482,1,2,4
1576537483,1,13,4
1576537484,1,13,4
1576537485,1,2,4
1576537486,1,2,4
1576537487,1,2,4
1576537488,1,2,4
1576537489,0,-1,4
1576537490,0,-1,4
1576537491,1,2,4
1576537492,1,2,4
1576537493,0,-1,4
1576537494,1,2,4
1576537495,1,2,4
1576537496,1,1,4
1576537497,1,1,4
1576537498,1,1,4
1576537499,1,1,4
1576537500,1,1,4
1576537501,1,1,4
1576537502,1,1,4
1576537503,0,-1,4
1576537504,1,1,4
1576537505,1,1,4
1576537506,1,1,4
1576537507,1,1,4
1576537508,1,1,4
1576537509,1,1,4
1576537510,1,1,4
1576537511,1,1,4
1576537512,1,1,4
1576537513,1,12,4
1576537514,1,12,4
1576537515,1,12,4
1576537516,1,12,4
1576537517,0,-1,4
1576537518,1,12,4
1576537519,1,12,4
1576537520,1,1,4
1576537521,0,-1,4
1576537522,1,1,4
1576537523,1,1,4
1576537524,1,1,4
1576537525,1,1,4
1576537526,1,1,4
1576537527,1,1,4
1576537528,1,1,4
1576537529,1,1,4
1576537530,0,-1,4
1576537531,0,-1,4
1576537532,1,1,4
1576537533,1,1,4
1576537534,1,13,4
1576537535,1,13,4
1576537536,1,12,4
1576537537,1,12,4
1576537538,1,12,4
1576537539,1,12,4
1576537540,1,12,4
1576537541,1,12,4
1576537542,1,12,4
1576537543,1,12,4
1576537544,1,12,4
1576537545,1,12,4
1576537546,0,-1,4
1576537547,1,12,4
1576537548,1,12,4
1576537549,1,12,4
1576537550,1,12,4
1576537551,1,12,4
1576537552,1,12,4
1576537553,1,12,4
1576537554,1,12,4
1576537555,1,12,4
1576537556,1,12,4
1576537557,1,12,4
1576537558,1,12,4
1576537559,1,12,4
1576537560,1,12,4
1576537561,1,12,4
1576537562,1,12,4
1576537563,1,12,4
1576537564,1,12,4
1576537565,1,12,4
1576537566,1,12,4
1576537567,1,12,4
1576537568,1,12,4
1576537569,1,12,4
1576537570,0,-1,4
1576537571,1,12,4
1576537572,1,12,4
1576537573,1,12,4
1576537574,1,12,4
1576537575,1,12,4
1576537576,1,12,4
1576537577,1,12,4
1576537578,1,12,4
1576537579,1,12,4
1576537580,0,-1,4
1576537581,1,12,4
1576537582,1,12,4
1576537583,1,12,4
1576537584,1,12,4
1576537585,1,12,4
1576537586,0,-1,4
1576537587,1,12,4
1576537588,1,12,4
1576537589,1,12,4
1576537590,1,12,4
1576537591,1,12,4
1576537592,1,12,4
1576537593,1,12,4
1576537594,1,12,4
1576537595,1,12,4
1576537596,0,-1,4
1576537597,1,12,4
1576537598,1,12,4
1576537599,1,12,4
1576537600,0,-1,4
1576537601,1,12,4
1576537602,1,12,4
1576537603,1,12,4
1576537604,1,12,4
1576537605,0,-1,4
1576537606,1,12,4
1576537607,1,12,4
1576537608,1,12,4
1576537609,1,12,4
1576537610,1,12,4
1576537611,1,12,4
1576537612,1,11,4
1576537613,0,-1,4
1576537614,0,-1,4
1576537615,1,11,4
1576537616,1,11,4
1576537617,1,11,4
1576537618,1,11,4
1576537619,1,11,4
1576537620,1,11,4
1576537621,1,11,4
1576537622,1,11,4
1576537623,0,-1,4
1576537624,1,11,4
1576537625,1,11,4
1576537626,1,11,4
1576537627,1,11,4
1576537628,1,11,4
1576537629,1,11,4
1576537630,1,11,4
1576537631,0,-1,4
1576537632,1,11,4
1576537633,1,11,4
1576537634,1,11,4
1576537635,1,11,4
1576537636,1,11,4
1576537637,1,11,4
1576537638,1,11,4
1576537639,0,-1,4
1576537640,1,11,4
1576537641,1,11,4
1576537642,0,-1,4
1576537643,1,11,4
1576537644,1,11,4
1576537645,1,11,4
1576537646,1,11,4
1576537647,1,11,4
1576537648,0,-1,4
1576537649,1,11,4
1576537650,1,11,4
1576537651,1,11,4
1576537652,1,11,4
1576537653,1,11,4
1576537654,1,11,4
1576537655,1,11,4
1576537656,1,11,4
1576537657,1,11,4
1576537658,1,11,4
1576537659,1,11,4
1576537660,1,11,4
1576537661,1,11,4
1576537662,1,11,4
1576537663,1,11,4
1576537664,1,11,4
1576537665,1,11,4
1576537666,1,11,4
1576537667,0,-1,4
1576537668,1,11,4
1576537669,1,11,4
1576537670,1,11,4
1576537671,1,11,4
1576537672,1,11,4
1576537673,1,11,4
1576537674,1,11,4
1576537675,1,11,4
1576537676,1,11,4
1576537677,0,-1,4
1576537678,1,11,4
1576537679,1,11,4
1576537680,1,11,4
1576537681,1,11,4
1576537682,1,11,4
1576537683,0,-1,4
1576537684,1,11,4
1576537685,1,11,4
1576537686,1,11,4
1576537687,1,11,4
1576537688,0,-1,4
1576537689,1,11,4
1576537690,1,11,4
1576537691,1,11,4
1576537692,1,11,4
1576537693,1,11,4
1576537694,1,11,4
1576537695,1,11,4
1576537696,1,11,4
1576537697,1,11,4
1576537698,1,11,4
1576537699,1,11,4
1576537700,1,11,4
1576537701,1,11,4
1576537702,1,11,4
1576537703,1,11,4
1576537704,1,11,4
1576537705,1,11,4
1576537706,1,11,4
1576537707,1,11,4
1576537708,1,11,4
1576537709,1,11,4
1576537710,1,11,4
1576537711,1,11,4
1576537712,1,11,4
1576537713,1,11,4
1576537714,1,11,4
1576537715,1,11,4
1576537716,1,11,4
1576537717,1,11,4
1576537718,1,11,4
1576537719,1,12,4
1576537720,1,12,4
1576537721,1,12,4
1576537722,1,12,4
1576537723,1,12,4
1576537724,0,-1,4
1576537725,0,12,4
1576537726,1,12,4
1576537727,1,12,4
1576537728,1,12,4
1576537729,1,12,4
1576537730,1,12,4
1576537731,1,12,4
1576537732,0,-1,4
1576537733,1,12,4
1576537734,1,12,4
1576537735,1,12,4
1576537736,1,12,4
1576537737,1,12,4
1576537738,1,12,4
1576537739,1,12,4
1576537740,1,12,4
1576537741,1,12,4
1576537742,1,12,4
1576537743,1,12,4
1576537744,1,12,4
1576537745,1,12,4
1576537746,1,12,4
1576537747,1,12,4
1576537748,1,12,4
1576537749,0,-1,4
1576537750,1,12,4
1576537751,1,3,4
1576537752,1,3,4
1576537753,1,3,4
1576537754,1,3,4
1576537755,1,3,4
1576537756,1,3,4
1576537757,1,3,4
1576537758,0,-1,4
1576537759,1,3,4
1576537760,1,3,4
1576537761,1,3,4
1576537762,1,3,4
1576537763,1,3,4
1576537764,1,3,4
1576537765,1,3,4
1576537766,1,12,4
1576537767,1,12,4
1576537768,0,-1,4
1576537769,1,12,4
1576537770,1,12,4
1576537771,1,7,4
1576537772,1,3,4
1576537773,1,3,4
1576537774,0,-1,4
1576537775,1,3,4
1576537776,1,3,4
1576537777,1,3,4
1576537778,1,3,4
1576537779,1,3,4
1576537780,1,3,4
1576537781,1,3,4
1576537782,1,3,4
1576537783,1,3,4
1576537784,1,3,4
1576537785,1,3,4
1576537786,1,3,4
1576537787,1,3,4
1576537788,1,3,4
1576537789,1,3,4
1576537790,1,3,4
1576537791,1,3,4
1576537792,1,3,4
1576537793,1,3,4
1576537794,0,-1,4
1576537795,1,3,4
1576537796,1,3,4
1576537797,1,3,4
1576537798,1,3,4
1576537799,1,3,4
1576537800,1,3,4
1576537801,1,3,4
1576537802,1,3,4
1576537803,1,3,4
1576537804,1,3,4
1576537805,0,-1,4
1576537806,1,3,4
1576537807,1,2,4
1576537808,1,2,4
1576537809,1,2,4
1576537810,1,2,4
1576537811,1,2,4
1576537812,1,2,4
1576537813,1,2,4
1576537814,1,2,4
1576537815,0,-1,4
1576537816,1,2,4
1576537817,1,2,4
1576537818,1,2,4
1576537819,1,2,4
1576537820,1,2,4
1576537821,1,2,4
1576537822,1,2,4
1576537823,1,2,4
1576537824,0,-1,4
1576537825,1,2,4
1576537826,1,2,4
1576537827,1,2,4
1576537828,1,2,4
1576537829,1,2,4
1576537830,1,2,4
1576537831,1,2,4
1576537832,1,2,4
1576537833,1,2,4
1576537834,1,2,4
1576537835,1,2,4
1576537836,1,2,4
1576537837,0,-1,4
1576537838,0,-1,4
1576537839,1,2,4
1576537840,1,2,4
1576537841,1,2,4
1576537842,1,2,4
1576537843,1,2,4
1576537844,1,2,4
1576537845,1,2,4
1576537846,1,2,4
1576537847,1,2,4
1576537848,0,-1,4
1576537849,1,2,4
1576537850,1,2,4
1576537851,1,2,4
1576537852,0,-1,4
1576537853,1,2,4
1576537854,1,2,4
1576537855,1,2,4
1576537856,1,2,4
1576537857,1,2,4
1576537858,1,2,4
1576537859,0,-1,4
1576537860,1,2,4
1576537861,1,2,4
1576537862,1,2,4
1576537863,1,2,4
1576537864,1,2,4
1576537865,1,2,4
1576537866,1,2,4
1576537867,1,2,4
1576537868,1,2,4
1576537869,0,-1,4
1576537870,1,2,4
1576537871,1,2,4
1576537872,1,2,4
1576537873,1,2,4
1576537874,1,2,4
1576537875,1,2,4
1576537876,1,2,4
1576537877,1,2,4
1576537878,1,2,4
1576537879,1,2,4
1576537880,0,-1,4
1576537881,1,2,4
1576537882,1,2,4
1576537883,1,2,4
1576537884,1,2,4
1576537885,1,2,4
1576537886,1,2,4
1576537887,1,2,4
1576537888,1,2,4
1576537889,1,2,4
1576537890,1,2,4
1576537891,0,-1,4
1576537892,1,2,4
1576537893,1,2,4
1576537894,0,-1,4
1576537895,1,2,4
1576537896,1,2,4
1576537897,1,2,4
1576537898,1,2,4
1576537899,1,2,4
1576537900,1,2,4
1576537901,1,2,4
1576537902,0,-1,4
1576537903,1,2,4
1576537904,1,2,4
1576537905,1,2,4
1576537906,1,2,4
1576537907,1,2,4
1576537908,1,2,4
1576537909,1,2,4
1576537910,1,2,4
1576537911,1,2,4
1576537912,0,-1,4
1576537913,1,2,4
1576537914,1,2,4
1576537915,1,2,4
1576537916,1,2,4
1576537917,1,2,4
1576537918,1,2,4
1576537919,1,2,4
1576537920,1,2,4
1576537921,1,2,4
1576537922,1,2,4
1576537923,0,-1,4
1576537924,1,2,4
1576537925,1,2,4
1576537926,1,2,4
1576537927,1,2,4
1576537928,1,2,4
1576537929,1,2,4
1576537930,1,2,4
1576537931,1,2,4
1576537932,1,2,4
1576537933,0,-1,4
1576537934,1,2,4
1576537935,1,2,4
1576537936,1,2,4
1576537937,1,2,4
1576537938,1,2,4
1576537939,1,2,4
1576537940,1,2,4
1576537941,1,2,4
1576537942,0,-1,4
1576537943,1,2,4
1576537944,1,2,4
1576537945,1,2,4
1576537946,1,2,4
1576537947,1,2,4
1576537948,1,2,4
1576537949,1,2,4
1576537950,1,2,4
1576537951,1,2,4
1576537952,0,-1,4
1576537953,1,2,4
1576537954,1,2,4
1576537955,1,2,4
1576537956,1,2,4
1576537957,1,2,4
1576537958,1,2,4
1576537959,1,2,4
1576537960,0,2,4
1576537961,0,2,4
1576596759,1,12,5
1576596760,0,12,5
1576596761,1,12,5
1576596762,1,12,5
1576596763,0,12,5
1576596764,1,12,5
1576596765,0,-1,5
1576596766,1,12,5
1576596767,1,12,5
1576596768,1,12,5
1576596769,1,12,5
1576596770,1,12,5
1576596771,1,12,5
1576596772,1,12,5
1576596773,1,12,5
1576596774,0,-1,5
1576596775,1,12,5
1576596776,0,-1,5
1576596777,1,12,5
1576596778,1,12,5
1576596779,1,12,5
1576596780,1,12,5
1576596781,1,12,5
1576596782,0,-1,5
1576596783,1,12,5
1576596784,1,12,5
1576596785,1,12,5
1576596786,1,12,5
1576596787,1,12,5
1576596788,1,12,5
1576596789,1,12,5
1576596790,0,-1,5
1576596791,1,12,5
1576596792,1,12,5
1576596793,1,12,5
1576596794,1,12,5
1576596795,1,12,5
1576596796,1,12,5
1576596797,1,12,5
1576596798,0,-1,5
1576596799,1,12,5
1576596800,1,12,5
1576596801,1,12,5
1576596802,1,12,5
1576596803,1,12,5
1576596804,1,12,5
1576596805,1,12,5
1576596806,1,12,5
1576596807,0,-1,5
1576596808,1,12,5
1576596809,1,12,5
1576596810,1,12,5
1576596811,1,12,5
1576596812,1,12,5
1576596813,1,12,5
1576596814,1,12,5
1576596815,1,12,5
1576596816,1,12,5
1576596817,0,-1,5
1576596818,0,-1,5
1576596819,1,12,5
1576596820,1,12,5
1576596821,1,12,5
1576596822,1,12,5
1576596823,1,12,5
1576596824,1,12,5
1576596825,0,-1,5
1576596826,1,12,5
1576596827,1,12,5
1576596828,1,12,5
1576596829,1,12,5
1576596830,1,12,5
1576596831,1,12,5
1576596832,1,12,5
1576596833,1,12,5
1576596834,1,12,5
1576596835,1,12,5
1576596836,1,12,5
1576596837,1,12,5
1576596838,1,12,5
1576596839,1,12,5
1576596840,1,12,5
1576596841,1,12,5
1576596842,1,12,5
1576596843,0,-1,5
1576596844,1,12,5
1576596845,1,12,5
1576596846,0,-1,5
1576596847,1,12,5
1576596848,1,12,5
1576596849,1,12,5
1576596850,0,-1,5
1576596851,0,-1,5
1576596852,1,12,5
1576596853,1,12,5
1576596854,1,12,5
1576596855,1,12,5
1576596856,1,12,5
1576596857,1,12,5
1576596858,1,12,5
1576596859,1,12,5
1576596860,0,-1,5
1576596861,1,12,5
1576596862,1,12,5
1576596863,1,12,5
1576596864,1,12,5
1576596865,1,12,5
1576596866,1,12,5
1576596867,1,12,5
1576596868,1,12,5
1576596869,0,-1,5
1576596870,1,11,5
1576596871,1,11,5
1576596872,1,12,5
1576596873,1,12,5
1576596874,1,12,5
1576596875,1,12,5
1576596876,1,12,5
1576596877,0,-1,5
1576596878,1,12,5
1576596879,1,12,5
1576596880,1,12,5
1576596881,1,12,5
1576596882,1,12,5
1576596883,1,12,5
1576596884,1,12,5
1576596885,1,12,5
1576596886,0,-1,5
1576596887,1,12,5
1576596888,0,-1,5
1576596889,1,12,5
1576596890,1,12,5
1576596891,1,12,5
1576596892,1,12,5
1576596893,1,12,5
1576596894,0,-1,5
1576596895,1,12,5
1576596896,1,12,5
1576596897,1,12,5
1576596898,1,12,5
1576596899,1,12,5
1576596900,1,12,5
1576596901,1,12,5
1576596902,1,12,5
1576596903,1,13,5
1576596904,0,-1,5
1576596905,1,13,5
1576596906,1,13,5
1576596907,1,13,5
1576596908,1,13,5
1576596909,1,13,5
1576596910,1,13,5
1576596911,1,13,5
1576596912,1,13,5
1576596913,0,-1,5
1576596914,1,13,5
1576596915,1,13,5
1576596916,1,13,5
1576596917,1,13,5
1576596918,1,13,5
1576596919,1,13,5
1576596920,1,13,5
1576596921,1,13,5
1576596922,0,-1,5
1576596923,1,13,5
1576596924,1,13,5
1576596925,1,13,5
1576596926,1,13,5
1576596927,1,13,5
1576596928,1,13,5
1576596929,0,-1,5
1576596930,1,13,5
1576596931,1,13,5
1576596932,1,13,5
1576596933,1,13,5
1576596934,1,13,5
1576596935,1,13,5
1576596936,1,13,5
1576596937,1,13,5
1576596938,1,13,5
1576596939,1,13,5
1576596940,0,-1,5
1576596941,1,13,5
1576596942,1,13,5
1576596943,0,-1,5
1576596944,1,13,5
1576596945,1,13,5
1576596946,1,13,5
1576596947,1,13,5
1576596948,0,-1,5
1576596949,1,13,5
1576596950,1,13,5
1576596951,1,13,5
1576596952,1,13,5
1576596953,1,13,5
1576596954,1,13,5
1576596955,1,13,5
1576596956,1,13,5
1576596957,0,-1,5
1576596958,1,13,5
1576596959,1,13,5
1576596960,1,13,5
1576596961,1,13,5
1576596962,1,13,5
1576596963,1,13,5
1576596964,1,13,5
1576596965,1,13,5
1576596966,0,-1,5
1576596967,1,13,5
1576596968,1,13,5
1576596969,1,13,5
1576596970,1,13,5
1576596971,1,13,5
1576596972,1,13,5
1576596973,1,13,5
1576596974,0,-1,5
1576596975,1,13,5
1576596976,1,13,5
1576596977,1,13,5
1576596978,1,13,5
1576596979,1,13,5
1576596980,1,13,5
1576596981,1,13,5
1576596982,1,13,5
1576596983,0,-1,5
1576596984,1,13,5
1576596985,0,-1,5
1576596986,1,13,5
1576596987,1,13,5
1576596988,1,13,5
1576596989,1,13,5
1576596990,1,13,5
1576596991,0,-1,5
1576596992,1,13,5
1576596993,1,13,5
1576596994,1,13,5
1576596995,1,13,5
1576596996,1,13,5
1576596997,1,13,5
1576596998,1,13,5
1576596999,0,-1,5
1576597000,1,13,5
1576597001,1,13,5
1576597002,1,13,5
1576597003,1,13,5
1576597004,1,13,5
1576597005,1,13,5
1576597006,1,13,5
1576597007,1,13,5
1576597008,0,-1,5
1576597009,1,13,5
1576597010,1,13,5
1576597011,1,13,5
1576597012,1,13,5
1576597013,1,13,5
1576597014,1,13,5
1576597015,1,13,5
1576597016,0,-1,5
1576597017,1,13,5
1576597018,1,13,5
1576597019,1,13,5
1576597020,1,13,5
1576597021,1,13,5
1576597022,1,13,5
1576597023,1,13,5
1576597024,1,13,5
1576597025,0,-1,5
1576597026,1,13,5
1576597027,0,-1,5
1576597028,1,13,5
1576597029,1,13,5
1576597030,1,13,5
1576597031,1,13,5
1576597032,0,-1,5
1576597033,1,13,5
1576597034,1,13,5
1576597035,1,13,5
1576597036,1,13,5
1576597037,1,13,5
1576597038,1,13,5
1576597039,1,13,5
1576597040,0,-1,5
1576597041,1,13,5
1576597042,1,13,5
1576597043,1,13,5
1576597044,1,13,5
1576597045,1,13,5
1576597046,1,13,5
1576597047,1,13,5
1576597048,0,-1,5
1576597049,1,13,5
1576597050,1,13,5
1576597051,1,13,5
1576597052,1,13,5
1576597053,1,13,5
1576597054,0,-1,5
1576597055,1,13,5
1576597056,1,13,5
1576597057,1,13,5
1576597058,1,13,5
1576597059,1,13,5
1576597060,1,13,5
1576597061,1,13,5
1576597062,1,13,5
1576597063,1,13,5
1576597064,1,13,5
1576597065,1,13,5
1576597066,1,13,5
1576597067,1,13,5
1576597068,0,-1,5
1576597069,1,13,5
1576597070,1,13,5
1576597071,1,13,5
1576597072,1,13,5
1576597073,1,13,5
1576597074,1,13,5
1576597075,1,13,5
1576597076,1,13,5
1576597077,1,13,5
1576597078,1,13,5
1576597079,1,13,5
1576597080,1,13,5
1576597081,1,13,5
1576597082,1,13,5
1576597083,1,13,5
1576597084,1,13,5
1576597085,1,13,5
1576597086,1,13,5
1576597087,1,13,5
1576597088,1,13,5
1576597089,1,13,5
1576597090,1,13,5
1576597091,0,-1,5
1576597092,1,13,5
1576597093,1,13,5
1576597094,1,13,5
1576597095,1,13,5
1576597096,1,13,5
1576597097,1,13,5
1576597098,1,13,5
1576597099,0,-1,5
1576597100,1,13,5
1576597101,1,13,5
1576597102,1,13,5
1576597103,1,13,5
1576597104,1,13,5
1576597105,1,13,5
1576597106,1,13,5
1576597107,1,12,5
1576597108,0,-1,5
1576597109,1,12,5
1576597110,0,-1,5
1576597111,1,13,5
1576597112,1,13,5
1576597113,1,13,5
1576597114,1,13,5
1576597115,1,13,5
1576597116,0,-1,5
1576597117,1,13,5
1576597118,1,13,5
1576597119,1,13,5
1576597120,1,13,5
1576597121,1,12,5
1576597122,1,12,5
1576597123,1,12,5
1576597124,1,12,5
1576597125,0,-1,5
1576597126,1,12,5
1576597127,1,12,5
1576597128,1,12,5
1576597129,1,12,5
1576597130,1,12,5
1576597131,1,12,5
1576597132,1,12,5
1576597133,0,-1,5
1576597134,1,12,5
1576597135,1,12,5
1576597136,1,12,5
1576597137,1,12,5
1576597138,1,12,5
1576597139,1,12,5
1576597140,1,12,5
1576597141,0,-1,5
1576597142,1,12,5
1576597143,1,12,5
1576597144,1,12,5
1576597145,1,12,5
1576597146,1,12,5
1576597147,1,12,5
1576597148,1,12,5
1576597149,1,12,5
1576597150,0,-1,5
1576597151,1,12,5
1576597152,1,12,5
1576597153,1,12,5
1576597154,1,12,5
1576597155,1,12,5
1576597156,1,12,5
1576597157,1,12,5
1576597158,1,12,5
1576597159,0,-1,5
1576597160,1,12,5
1576597161,1,12,5
1576597162,1,12,5
1576597163,1,12,5
1576597164,1,12,5
1576597165,1,12,5
1576597166,1,12,5
1576597167,1,12,5
1576597168,1,12,5
1576597169,0,-1,5
1576597170,1,12,5
1576597171,1,12,5
1576597172,1,12,5
1576597173,1,12,5
1576597174,1,12,5
1576597175,1,12,5
1576597176,1,12,5
1576597177,1,12,5
1576597178,0,-1,5
1576597179,1,12,5
1576597180,1,12,5
1576597181,1,12,5
1576597182,1,12,5
1576597183,1,12,5
1576597184,1,12,5
1576597185,1,12,5
1576597186,1,12,5
1576597187,0,-1,5
1576597188,1,12,5
1576597189,1,12,5
1576597190,1,12,5
1576597191,1,12,5
1576597192,1,12,5
1576597193,1,12,5
1576597194,1,12,5
1576597195,1,12,5
1576597196,0,-1,5
1576597197,1,12,5
1576597198,1,12,5
1576597199,1,12,5
1576597200,1,12,5
1576597201,1,12,5
1576597202,1,12,5
1576597203,1,12,5
1576597204,1,13,5
1576597205,0,-1,5
1576597206,1,13,5
1576597207,1,13,5
1576597208,1,13,5
1576597209,1,13,5
1576597210,1,13,5
1576597211,1,13,5
1576597212,1,13,5
1576597213,0,-1,5
1576597214,1,13,5
1576597215,1,13,5
1576597216,1,13,5
1576597217,1,13,5
1576597218,1,13,5
1576597219,1,13,5
1576597220,1,13,5
1576597221,0,-1,5
1576597222,1,13,5
1576597223,1,13,5
1576597224,1,13,5
1576597225,1,13,5
1576597226,1,13,5
1576597227,1,13,5
1576597228,1,13,5
1576597229,0,-1,5
1576597230,1,13,5
1576597231,1,13,5
1576597232,1,13,5
1576597233,1,13,5
1576597234,1,13,5
1576597235,1,13,5
1576597236,1,13,5
1576597237,1,13,5
1576597238,1,13,5
1576597239,0,-1,5
1576597240,1,13,5
1576597241,1,13,5
1576597242,1,13,5
1576597243,1,13,5
1576597244,1,13,5
1576597245,1,13,5
1576597246,1,13,5
1576597247,1,13,5
1576597248,1,13,5
1576597249,0,-1,5
1576597250,1,13,5
1576597251,1,13,5
1576597252,1,2,5
1576597253,1,2,5
1576597254,1,13,5
1576597255,1,13,5
1576597256,1,13,5
1576597257,0,-1,5
1576597258,1,13,5
1576597259,1,2,5
1576597260,1,2,5
1576597261,1,2,5
1576597262,1,2,5
1576597263,1,2,5
1576597264,1,2,5
1576597265,1,2,5
1576597266,1,2,5
1576597267,1,2,5
1576597268,0,-1,5
1576597269,1,2,5
1576597270,1,2,5
1576597271,1,2,5
1576597272,1,2,5
1576597273,1,2,5
1576597274,1,2,5
1576597275,1,2,5
1576597276,1,2,5
1576597277,1,2,5
1576597278,1,2,5
1576597279,1,2,5
1576597280,1,2,5
1576597281,1,2,5
1576597282,1,2,5
1576597283,1,2,5
1576597284,1,2,5
1576597285,1,2,5
1576597286,1,2,5
1576597287,1,2,5
1576597288,1,2,5
1576597289,0,-1,5
1576597290,1,2,5
1576597291,1,2,5
1576597292,1,2,5
1576597293,1,2,5
1576597294,1,2,5
1576597295,1,2,5
1576597296,1,2,5
1576597297,1,2,5
1576597298,1,2,5
1576597299,1,2,5
1576597300,1,2,5
1576597301,0,-1,5
1576597302,1,2,5
1576597303,1,2,5
1576597304,1,2,5
1576597305,1,2,5
1576597306,1,2,5
1576597307,1,2,5
1576597308,1,2,5
1576597309,1,2,5
1576597310,1,2,5
1576597311,0,-1,5
1576597312,1,2,5
1576597313,1,2,5
1576597314,1,2,5
1576597315,1,2,5
1576597316,1,2,5
1576597317,1,2,5
1576597318,0,-1,5
1576597319,1,2,5
1576597320,1,2,5
1576597321,0,-1,5
1576597322,1,2,5
1576597323,1,2,5
1576597324,1,2,5
1576597325,1,2,5
1576597326,1,2,5
1576597327,1,11,5
1576597328,1,11,5
1576597329,1,2,5
1576597330,0,-1,5
1576597331,1,2,5
1576597332,0,-1,5
1576597333,1,2,5
1576597334,1,2,5
1576597335,1,2,5
1576597336,1,2,5
1576597337,1,2,5
1576597338,1,12,5
1576597339,1,12,5
1576597340,1,2,5
1576597341,0,-1,5
1576597342,1,2,5
1576597343,1,12,5
1576597344,1,12,5
1576597345,1,12,5
1576597346,0,-1,5
1576597347,1,12,5
1576597348,1,12,5
1576597349,1,12,5
1576597350,1,12,5
1576597351,1,7,5
1576597352,0,-1,5
1576597353,1,2,5
1576597354,1,12,5
1576597355,1,12,5
1576597356,1,12,5
1576597357,1,12,5
1576597358,1,2,5
1576597359,1,2,5
1576597360,1,2,5
1576597361,1,2,5
1576597362,1,2,5
1576597363,1,2,5
1576597364,1,2,5
1576597365,1,2,5
1576597366,1,2,5
1576597367,1,2,5
1576597368,1,2,5
1576597369,1,2,5
1576597370,1,2,5
1576597371,1,2,5
1576597372,0,-1,5
1576597373,1,2,5
1576597374,0,-1,5
1576597375,1,2,5
1576597376,1,2,5
1576597377,1,2,5
1576597378,1,2,5
1576597379,1,2,5
1576597380,0,-1,5
1576597381,1,2,5
1576597382,1,2,5
1576597383,1,2,5
1576597384,1,2,5
1576597385,1,1,5
1576597386,1,1,5
1576597387,1,1,5
1576597388,1,1,5
1576597389,1,1,5
1576597390,1,1,5
1576597391,0,-1,5
1576597392,1,1,5
1576597393,1,1,5
1576597394,1,1,5
1576597395,1,1,5
1576597396,1,1,5
1576597397,1,1,5
1576597398,1,1,5
1576597399,1,1,5
1576597400,1,2,5
1576597401,1,2,5
1576597402,0,-1,5
1576597403,1,2,5
1576597404,1,2,5
1576597405,1,2,5
1576597406,1,2,5
1576597407,1,2,5
1576597408,1,2,5
1576597409,1,2,5
1576597410,1,2,5
1576597411,1,2,5
1576597412,1,2,5
1576597413,0,-1,5
1576597414,1,2,5
1576597415,1,2,5
1576597416,1,2,5
1576597417,1,2,5
1576597418,1,2,5
1576597419,1,2,5
1576597420,1,2,5
1576597421,0,-1,5
1576597422,1,1,5
1576597423,0,-1,5
1576597424,1,1,5
1576597425,1,2,5
1576597426,1,2,5
1576597427,1,2,5
1576597428,1,2,5
1576597429,1,12,5
1576597430,1,12,5
1576597431,1,2,5
1576597432,1,2,5
1576597433,0,-1,5
1576597434,1,2,5
1576597435,1,2,5
1576597436,1,2,5
1576597437,1,2,5
1576597438,1,2,5
1576597439,1,2,5
1576597440,1,2,5
1576597441,0,-1,5
1576597442,1,2,5
1576597443,0,-1,5
1576597444,0,-1,5
1576597445,1,2,5
1576597446,1,2,5
1576597447,1,2,5
1576597448,1,2,5
1576597449,1,2,5
1576597450,1,2,5
1576597451,1,2,5
1576597452,1,2,5
1576597453,1,2,5
1576597454,0,-1,5
1576597455,1,2,5
1576597456,1,2,5
1576597457,0,-1,5
1576597458,1,2,5
1576597459,1,2,5
1576597460,1,2,5
1576597461,1,2,5
1576597462,1,2,5
1576597463,1,2,5
1576597464,0,-1,5
1576597465,1,2,5
1576597466,1,2,5
1576597467,1,2,5
1576597468,1,2,5
1576597469,1,2,5
1576597470,1,2,5
1576597471,0,-1,5
1576597472,1,2,5
1576597473,1,2,5
1576597474,1,2,5
1576597475,0,-1,5
1576597476,1,2,5
1576597477,1,2,5
1576597478,1,1,5
1576597479,1,1,5
1576597480,1,1,5
1576597481,1,1,5
1576597482,1,1,5
1576597483,0,-1,5
1576597484,0,-1,5
1576597485,0,-1,5
1576597486,1,2,5
1576597487,1,2,5
1576597488,1,2,5
1576597489,1,2,5
1576597490,1,2,5
1576597491,1,2,5
1576597492,1,2,5
1576597493,1,2,5
1576597494,1,2,5
1576597495,0,-1,5
1576597496,1,2,5
1576597497,1,2,5
1576597498,1,2,5
1576597499,1,2,5
1576597500,1,2,5
1576597501,1,2,5
1576597502,1,2,5
1576597503,1,2,5
1576597504,1,2,5
1576597505,1,2,5
1576597506,0,-1,5
1576597507,1,2,5
1576597508,1,2,5
1576597509,1,2,5
1576597510,1,2,5
1576597511,1,2,5
1576597512,1,2,5
1576597513,1,2,5
1576597514,1,2,5
1576597515,1,2,5
1576597516,1,2,5
1576597517,0,-1,5
1576597518,1,2,5
1576597519,1,2,5
1576597520,1,2,5
1576597521,1,2,5
1576597522,1,2,5
1576597523,1,2,5
1576597524,1,2,5
1576597525,1,2,5
1576597526,1,2,5
1576597527,1,2,5
1576597528,0,-1,5
1576597529,1,2,5
1576597530,1,2,5
1576597531,1,2,5
1576597532,1,2,5
1576597533,1,2,5
1576597534,1,2,5
1576597535,1,2,5
1576597536,1,2,5
1576597537,1,2,5
1576597538,0,-1,5
1576597539,1,2,5
1576597540,1,2,5
1576597541,0,-1,5
1576597542,1,2,5
1576597543,1,2,5
1576597544,1,2,5
1576597545,1,2,5
1576597546,1,2,5
1576597547,1,2,5
1576597548,1,2,5
1576597549,0,-1,5
1576597550,1,2,5
1576597551,1,2,5
1576597552,1,2,5
1576597553,1,2,5
1576597554,1,2,5
1576597555,1,2,5
1576597556,1,2,5
1576597557,1,2,5
1576597558,0,-1,5
1576597559,1,2,5
1576597560,1,2,5
1576597561,1,2,5
1576597562,1,2,5
1576597563,1,2,5
1576597564,1,2,5
1576597565,1,2,5
1576597566,1,2,5
1576597567,1,2,5
1576597568,0,-1,5
1576597569,0,-1,5
1576597570,1,2,5
1576597571,1,2,5
1576597572,1,2,5
1576597573,1,2,5
1576597574,1,2,5
1576597575,1,2,5
1576597576,1,2,5
1576597577,1,2,5
1576597578,1,2,5
1576597579,0,-1,5
1576597580,1,2,5
1576597581,1,2,5
1576597582,1,2,5
1576597583,1,2,5
1576597584,1,2,5
1576597585,1,2,5
1576597586,1,2,5
1576597587,1,2,5
1576597588,1,2,5
1576597589,0,-1,5
1576597590,1,2,5
1576597591,1,2,5
1576597592,1,2,5
1576597593,1,2,5
1576597594,1,2,5
1576597595,1,2,5
1576597596,0,-1,5
1576597597,1,2,5
1576597598,1,2,5
1576597599,1,2,5
1576597600,0,-1,5
1576597601,1,2,5
1576597602,1,2,5
1576597603,1,2,5
1576597604,1,2,5
1576597605,1,2,5
1576597606,1,2,5
1576597607,1,2,5
1576597608,1,2,5
1576597609,1,2,5
1576597610,0,-1,5
1576597611,1,2,5
1576597612,1,2,5
1576597613,1,2,5
1576597614,1,2,5
1576597615,1,2,5
1576597616,1,2,5
1576597617,1,2,5
1576597618,1,2,5
1576597619,1,2,5
1576597620,1,2,5
1576597621,1,2,5
1576597622,1,2,5
1576597623,0,-1,5
1576597624,0,-1,5
1576597625,1,2,5
1576597626,1,2,5
1576597627,1,2,5
1576597628,1,2,5
1576597629,1,2,5
1576597630,1,2,5
1576597631,1,2,5
1576597632,1,2,5
1576597633,0,-1,5
1576597634,1,2,5
1576597635,1,2,5
1576597636,1,2,5
1576597637,1,2,5
1576597638,0,-1,5
1576597639,1,2,5
1576597640,1,2,5
1576597641,1,2,5
1576597642,1,2,5
1576597643,1,2,5
1576597644,0,-1,5
1576597645,1,2,5
1576597646,1,2,5
1576597647,1,2,5
1576597648,1,2,5
1576597649,1,2,5
1576597650,1,2,5
1576597651,1,2,5
1576597652,0,-1,5
1576597653,1,2,5
1576597654,1,2,5
1576597655,1,2,5
1576597656,1,2,5
1576597657,1,2,5
1576597658,1,2,5
1576597659,1,2,5
1576597660,1,2,5
1576597661,1,2,5
1576597662,1,2,5
1576597663,1,2,5
1576597664,1,2,5
1576597665,1,2,5
1576597666,1,2,5
1576597667,0,-1,5
1576597668,1,2,5
1576597669,1,2,5
1576597670,1,2,5
1576597671,1,2,5
1576597672,1,2,5
1576597673,1,2,5
1576597674,1,2,5
1576597675,1,2,5
1576597676,1,2,5
1576597677,1,2,5
1576597678,0,-1,5
1576597679,1,2,5
1576597680,0,-1,5
1576597681,1,2,5
1576597682,1,2,5
1576597683,1,2,5
1576597684,1,2,5
1576597685,1,2,5
1576597686,1,2,5
1576597687,1,2,5
1576597688,0,-1,5
1576597689,1,2,5
1576597690,1,2,5
1576597691,1,2,5
1576597692,1,2,5
1576597693,1,2,5
1576597694,1,2,5
1576597695,1,2,5
1576597696,1,2,5
1576597697,1,2,5
1576597698,1,2,5
1576597699,1,2,5
1576597700,1,2,5
1576597701,1,2,5
1576597702,1,2,5
1576597703,1,2,5
1576597704,1,2,5
1576597705,1,2,5
1576597706,1,2,5
1576597707,1,2,5
1576597708,1,2,5
1576597709,0,-1,5
1576597710,1,2,5
1576597711,1,2,5
1576597712,1,2,5
1576597713,1,2,5
1576597714,1,2,5
1576597715,1,2,5
1576597716,1,3,5
1576597717,0,-1,5
1576597718,0,-1,5
1576597719,1,3,5
1576597720,1,3,5
1576597721,1,3,5
1576597722,0,-1,5
1576597723,1,3,5
1576597724,1,3,5
1576597725,1,3,5
1576597726,1,3,5
1576597727,1,3,5
1576597728,1,3,5
1576597729,0,-1,5
1576597730,1,3,5
1576597731,1,3,5
1576597732,1,3,5
1576597733,1,3,5
1576597734,1,3,5
1576597735,1,3,5
1576597736,1,3,5
1576597737,1,3,5
1576597738,1,3,5
1576597739,1,3,5
1576597740,0,-1,5
1576597741,1,3,5
1576597742,1,3,5
1576597743,1,3,5
1576597744,1,3,5
1576597745,1,3,5
1576597746,1,3,5
1576597747,1,3,5
1576597748,1,3,5
1576597749,1,3,5
1576597750,1,3,5
1576597751,1,3,5
1576597752,1,3,5
1576597753,1,3,5
1576597754,1,3,5
1576597755,1,3,5
1576597756,1,3,5
1576597757,1,3,5
1576597758,1,3,5
1576597759,1,3,5
1576597760,1,3,5
1576597761,1,3,5
1576597762,1,3,5
1576597763,1,3,5
1576597764,1,3,5
1576597765,1,1,5
1576597766,1,1,5
1576597767,1,1,5
1576597768,1,1,5
1576597769,1,3,5
1576597770,1,3,5
1576597771,1,3,5
1576597772,1,3,5
1576597773,0,-1,5
1576597774,1,1,5
1576597775,1,1,5
1576597776,1,3,5
1576597777,0,-1,5
1576597778,1,3,5
1576597779,1,3,5
1576597780,1,3,5
1576597781,1,3,5
1576597782,1,3,5
1576597783,0,-1,5
1576597784,1,3,5
1576597785,1,3,5
1576597786,1,3,5
1576597787,1,3,5
1576597788,1,3,5
1576597789,1,3,5
1576597790,1,3,5
1576597791,0,-1,5
1576597792,1,3,5
1576597793,1,3,5
1576597794,0,-1,5
1576597795,1,3,5
1576597796,1,3,5
1576597797,1,3,5
1576597798,1,3,5
1576597799,1,3,5
1576597800,1,3,5
1576597801,1,3,5
1576597802,1,3,5
1576597803,1,3,5
1576597804,1,3,5
1576597805,0,-1,5
1576597806,1,3,5
1576597807,1,3,5
1576597808,1,3,5
1576597809,1,3,5
1576597810,1,3,5
1576597811,1,3,5
1576597812,1,3,5
1576597813,1,3,5
1576597814,1,3,5
1576597815,1,3,5
1576597816,0,-1,5
1576597817,1,3,5
1576597818,1,3,5
1576597819,0,-1,5
1576597820,1,3,5
1576597821,1,3,5
1576597822,1,3,5
1576597823,1,3,5
1576597824,1,3,5
1576597825,1,3,5
1576597826,0,-1,5
1576597827,1,3,5
1576597828,1,3,5
1576597829,1,3,5
1576597830,1,3,5
1576597831,1,3,5
1576597832,1,3,5
1576597833,1,3,5
1576597834,1,3,5
1576597835,1,3,5
1576597836,0,-1,5
1576597837,1,3,5
1576597838,1,12,5
1576597839,1,12,5
1576597840,0,12,5
1576597841,1,12,5
1576597842,1,12,5
1576597843,1,12,5
1576597844,1,12,5
1576597845,1,12,5
1576597846,0,-1,5
1576597847,0,-1,5
1576597848,1,12,5
1576597849,1,11,5
1576597850,1,11,5
1576597851,1,11,5
1576597852,1,11,5
1576597853,1,11,5
1576597854,1,11,5
1576597855,1,11,5
1576597856,0,-1,5
1576597857,1,11,5
1576597858,1,11,5
1576597859,1,11,5
1576597860,1,11,5
1576597861,1,11,5
1576597862,1,11,5
1576597863,1,11,5
1576597864,1,11,5
1576597865,1,11,5
1576597866,0,-1,5
1576597867,1,11,5
1576597868,1,11,5
1576597869,1,11,5
1576597870,1,11,5
1576597871,1,11,5
1576597872,1,11,5
1576597873,1,11,5
1576597874,1,11,5
1576597875,1,11,5
1576597876,1,11,5
1576597877,1,11,5
1576597878,1,11,5
1576597879,1,11,5
1576597880,1,11,5
1576597881,1,11,5
1576597882,1,11,5
1576597883,1,11,5
1576597884,1,11,5
1576597885,1,11,5
1576597886,0,-1,5
1576597887,1,11,5
1576597888,1,11,5
1576597889,1,11,5
1576597890,1,11,5
1576597891,1,11,5
1576597892,1,11,5
1576597893,1,11,5
1576597894,1,11,5
1576597895,0,-1,5
1576597896,1,11,5
1576597897,1,11,5
1576597898,1,11,5
1576597899,1,11,5
1576597900,1,11,5
1576597901,1,11,5
1576597902,0,-1,5
1576597903,1,11,5
1576597904,1,11,5
1576597905,1,11,5
1576597906,1,11,5
1576597907,1,11,5
1576597908,1,11,5
1576597909,1,11,5
1576597910,1,11,5
1576597911,1,11,5
1576597912,0,-1,5
1576597913,0,-1,5
1576597914,1,11,5
1576597915,1,11,5
1576597916,0,-1,5
1576597917,1,11,5
1576597918,1,11,5
1576597919,1,11,5
1576597920,1,11,5
1576597921,1,11,5
1576597922,0,-1,5
1576597923,1,11,5
1576597924,1,11,5
1576597925,1,11,5
1576597926,1,11,5
1576597927,1,11,5
1576597928,1,11,5
1576597929,1,11,5
1576597930,1,11,5
1576597931,0,-1,5
1576597932,1,11,5
1576597933,1,11,5
1576597934,1,11,5
1576597935,1,11,5
1576597936,1,11,5
1576597937,1,11,5
1576597938,1,11,5
1576597939,1,11,5
1576597940,0,-1,5
1576597941,1,11,5
1576597942,1,11,5
1576597943,1,11,5
1576597944,0,-1,5
1576597945,1,12,5
1576597946,1,12,5
1576597947,1,12,5
1576597948,1,12,5
1576597949,0,-1,5
1576597950,1,12,5
1576597951,1,12,5
1576597952,1,12,5
1576597953,1,12,5
1576597954,1,12,5
1576597955,1,12,5
1576597956,1,12,5
1576597957,1,12,5
1576597958,1,12,5
1576597959,1,12,5
1576597960,1,12,5
1576597961,1,12,5
1576597962,1,12,5
1576597963,1,12,5
1576597964,1,12,5
1576597965,1,12,5
1576597966,1,12,5
1576597967,1,12,5
1576597968,1,12,5
1576597969,1,12,5
1576597970,1,12,5
1576597971,1,12,5
1576597972,0,-1,5
1576597973,1,12,5
1576597974,1,6,5
1576597975,1,1,5
1576597976,1,1,5
1576597977,1,1,5
1576597978,0,-1,5
1576597979,1,1,5
1576597980,1,1,5
1576597981,1,1,5
1576597982,1,1,5
1576597983,1,1,5
1576597984,1,1,5
1576597985,1,1,5
1576597986,1,1,5
1576597987,1,6,5
1576597988,1,11,5
1576597989,0,-1,5
1576597990,1,1,5
1576597991,1,1,5
1576597992,1,1,5
1576597993,1,1,5
1576597994,1,1,5
1576597995,1,1,5
1576597996,1,1,5
1576597997,1,1,5
1576597998,1,1,5
1576597999,1,1,5
1576598000,0,-1,5
1576598001,1,1,5
1576598002,1,1,5
1576598003,1,1,5
1576598004,1,1,5
1576598005,1,1,5
1576598006,1,1,5
1576598007,1,1,5
1576598008,1,1,5
1576598009,1,1,5
1576598010,0,-1,5
1576598011,1,1,5
1576598012,1,1,5
1576598013,1,1,5
1576598014,1,1,5
1576598015,1,1,5
1576598016,1,1,5
1576598017,1,1,5
1576598018,1,1,5
1576598019,1,1,5
1576598020,0,-1,5
1576598021,1,1,5
1576598022,1,1,5
1576598023,1,1,5
1576598024,1,1,5
1576598025,1,13,5
1576598026,1,13,5
1576598027,1,2,5
1576598028,0,-1,5
1576598029,1,2,5
1576598030,1,2,5
1576598031,1,2,5
1576598032,1,2,5
1576598033,1,2,5
1576598034,1,2,5
1576598035,1,2,5
1576598036,1,2,5
1576598037,1,2,5
1576598038,1,2,5
1576598039,0,-1,5
1576598040,1,2,5
1576598041,1,2,5
1576598042,1,2,5
1576598043,1,2,5
1576598044,1,2,5
1576598045,1,2,5
1576598046,1,2,5
1576598047,1,2,5
1576598048,1,2,5
1576598049,0,-1,5
1576598050,1,2,5
1576598051,1,2,5
1576598052,1,2,5
1576598053,1,2,5
1576598054,1,13,5
1576598055,0,-1,5
1576598056,1,13,5
1576598057,1,13,5
1576598058,1,13,5
1576598059,1,13,5
1576598060,0,-1,5
1576598061,1,13,5
1576598062,1,13,5
1576598063,1,13,5
1576598064,1,13,5
1576598065,1,13,5
1576598066,1,13,5
1576598067,1,13,5
1576598068,1,13,5
1576598069,1,13,5
1576598070,0,-1,5
1576598071,1,13,5
1576598072,0,2,5
1576598073,1,2,5
1576598074,1,2,5
1576598075,1,2,5
1576598076,1,2,5
1576598077,1,2,5
1576598078,1,2,5
1576598079,1,2,5
1576598080,0,-1,5
1576598081,1,2,5
1576598082,1,2,5
1576598083,1,2,5
1576598084,1,2,5
1576598085,0,-1,5
1576598086,1,2,5
1576598087,1,2,5
1576598088,1,2,5
1576598089,1,2,5
1576598090,1,2,5
1576598091,0,-1,5
1576598092,1,2,5
1576598093,1,2,5
1576598094,1,2,5
1576598095,1,2,5
1576598096,1,2,5
1576598097,1,2,5
1576598098,1,2,5
1576598099,1,2,5
1576598100,1,2,5
1576598101,1,2,5
1576598102,1,2,5
1576598103,1,2,5
1576598104,1,2,5
1576598105,1,2,5
1576598106,1,2,5
1576598107,1,2,5
1576598108,1,2,5
1576598109,1,2,5
1576598110,1,2,5
1576598111,1,2,5
1576598112,0,-1,5
1576598113,0,-1,5
1576598114,1,2,5
1576598115,1,2,5
1576598116,1,2,5
1576598117,1,2,5
1576598118,1,2,5
1576598119,1,2,5
1576598120,1,2,5
1576598121,0,-1,5
1576598122,1,2,5
1576598123,1,2,5
1576598124,1,2,5
1576598125,1,2,5
1576598126,1,2,5
1576598127,1,2,5
1576598128,1,2,5
1576598129,1,2,5
1576598130,1,2,5
1576598131,0,-1,5
1576598132,1,2,5
1576598133,1,2,5
1576598134,1,2,5
1576598135,1,2,5
1576598136,1,2,5
1576598137,1,2,5
1576598138,1,2,5
1576598139,1,2,5
1576598140,0,-1,5
1576598141,1,2,5
1576598142,1,2,5
1576598143,1,2,5
1576598144,1,2,5
1576598145,1,2,5
1576598146,1,2,5
1576598147,1,2,5
1576598148,1,2,5
1576598149,1,2,5
1576598150,0,-1,5
1576598151,1,2,5
1576598152,1,2,5
1576598153,1,2,5
1576598154,1,2,5
1576598155,1,2,5
1576598156,1,13,5
1576598157,1,13,5
1576598158,1,13,5
1576598159,0,-1,5
1576598160,1,13,5
1576598161,1,13,5
1576598162,1,13,5
1576598163,1,13,5
1576598164,1,13,5
1576598165,1,13,5
1576598166,1,13,5
1576598167,1,13,5
1576598168,1,13,5
1576598169,0,-1,5
1576598170,1,13,5
1576598171,1,13,5
1576598172,1,13,5
1576598173,1,13,5
1576598174,1,13,5
1576598175,1,13,5
1576598176,1,13,5
1576598177,0,-1,5
1576598178,1,13,5
1576598179,1,13,5
1576598180,1,13,5
1576598181,1,13,5
1576598182,0,-1,5
1576598183,1,13,5
1576598184,1,13,5
1576598185,1,13,5
1576598186,0,-1,5
1576598187,1,13,5
1576598188,1,13,5
1576598189,1,13,5
1576598190,1,13,5
1576598191,1,13,5
1576598192,1,13,5
1576598193,1,13,5
1576598194,1,13,5
1576598195,1,13,5
1576598196,0,-1,5
1576598197,1,13,5
1576598198,1,13,5
1576598199,1,13,5
1576598200,1,13,5
1576598201,1,13,5
1576598202,1,13,5
1576598203,1,13,5
1576598204,1,13,5
1576598205,1,13,5
1576598206,1,13,5
1576598207,0,-1,5
1576598208,1,13,5
1576598209,1,13,5
1576598210,0,-1,5
1576598211,1,13,5
1576598212,1,13,5
1576598213,1,13,5
1576598214,1,13,5
1576598215,1,13,5
1576598216,1,13,5
1576598217,1,13,5
1576598218,0,-1,5
1576598219,1,13,5
1576598220,1,13,5
1576598221,1,13,5
1576598222,1,13,5
1576598223,1,13,5
1576598224,0,-1,5
1576598225,1,13,5
1576598226,1,13,5
1576598227,1,13,5
1576598228,1,13,5
1576598229,1,13,5
1576598230,1,13,5
1576598231,1,13,5
1576598232,1,13,5
1576598233,1,13,5
1576598234,1,13,5
1576598235,1,13,5
1576598236,0,-1,5
1576598237,1,13,5
1576598238,0,-1,5
1576598239,1,13,5
1576598240,1,13,5
1576598241,1,13,5
1576598242,1,13,5
1576598243,1,13,5
1576598244,1,13,5
1576598245,1,13,5
1576598246,0,-1,5
1576598247,1,13,5
1576598248,1,13,5
1576598249,1,13,5
1576598250,0,13,5
1576598251,1,13,5
1576598252,1,12,5
1576598253,1,12,5
1576598254,1,12,5
1576598255,0,-1,5
1576598256,1,12,5
1576598257,1,2,5
1576598258,1,2,5
1576598259,1,2,5
1576598260,1,2,5
1576598261,0,2,5
1576598262,1,2,5
1576598263,1,2,5
1576598264,1,2,5
1576598265,0,-1,5
1576598266,0,-1,5
1576598267,1,2,5
1576598268,1,2,5
1576598269,1,2,5
1576598270,1,2,5
1576598271,0,2,5
1576598272,1,2,5
1576598273,1,2,5
1576598274,0,2,5
1576598275,1,2,5
1576598276,1,2,5
1576598277,0,-1,5
1576598278,0,2,5
1576598279,0,2,5
1576598280,0,2,5
1576598281,1,2,5
1576598282,0,2,5
1576598283,1,2,5
1576598284,0,2,5
1576598285,1,2,5
1576598286,1,2,5
1576598287,0,-1,5
1576598288,1,2,5
1576598289,1,2,5
1576598290,1,2,5
1576598291,0,2,5
1576598292,0,12,5
1576598293,1,12,5
1576598294,0,12,5
1576598295,1,12,5
1576598296,1,12,5
1576598297,1,12,5
1576598298,0,-1,5
1576598299,1,12,5
1576598300,1,12,5
1576598301,1,12,5
1576598302,1,12,5
1576598303,1,12,5
1576598304,1,12,5
1576598305,1,12,5
1576598306,1,12,5
1576598307,1,13,5
1576598308,0,-1,5
1576598309,1,13,5
1576598310,1,13,5
1576598311,1,13,5
1576598312,1,13,5
1576598313,1,13,5
1576598314,1,13,5
1576598315,1,13,5
1576598316,1,13,5
1576598317,1,13,5
1576598318,0,-1,5
1576598319,1,13,5
1576598320,1,13,5
1576598321,0,-1,5
1576598322,1,13,5
1576598323,1,13,5
1576598324,1,13,5
1576598325,1,13,5
1576598326,1,13,5
1576598327,1,13,5
1576598328,1,13,5
1576598329,0,-1,5
1576598330,1,13,5
1576598331,1,13,5
1576598332,1,13,5
1576598333,1,13,5
1576598334,1,13,5
1576598335,1,13,5
1576598336,1,13,5
1576598337,1,13,5
1576598338,1,13,5
1576598339,1,13,5
1576598340,1,13,5
1576598341,1,13,5
1576598342,1,13,5
1576598343,1,13,5
1576598344,0,13,5
1576598345,0,-1,5
1576598346,1,13,5
1576598347,1,13,5
1576598348,1,13,5
1576598349,1,12,5
1576598350,1,12,5
1576598351,1,12,5
1576598352,1,12,5
1576598353,0,-1,5
1576598354,1,12,5
1576598355,1,12,5
1576598356,1,13,5
1576598357,1,13,5
1576598358,1,12,5
1576598359,1,12,5
1576598360,1,12,5
1576598361,1,12,5
1576598362,0,-1,5
1576598363,1,12,5
1576598364,1,12,5
1576598365,1,12,5
1576598366,1,13,5
1576598367,1,13,5
1576598368,1,13,5
1576598369,1,13,5
1576598370,1,13,5
1576598371,0,-1,5
1576598372,1,12,5
1576598373,1,12,5
1576598374,1,12,5
1576598375,1,12,5
1576598376,1,12,5
1576598377,1,12,5
1576598378,1,12,5
1576598379,1,12,5
1576598380,0,-1,5
1576598381,1,12,5
1576598382,1,12,5
1576598383,1,12,5
1576598384,1,12,5
1576598385,1,12,5
1576598386,1,12,5
1576598387,1,12,5
1576598388,1,12,5
1576598389,0,-1,5
1576598390,0,-1,5
1576598391,1,12,5
1576598392,1,12,5
1576598393,1,12,5
1576598394,1,12,5
1576598395,1,12,5
1576598396,1,12,5
1576598397,1,12,5
1576598398,0,-1,5
1576598399,1,12,5
1576598400,1,12,5
1576598401,1,12,5
1576598402,1,12,5
1576598403,1,12,5
1576598404,1,12,5
1576598405,1,12,5
1576598406,1,12,5
1576598407,1,12,5
1576598408,1,12,5
1576598409,1,12,5
1576598410,1,12,5
1576598411,1,12,5
1576598412,1,12,5
1576598413,1,12,5
1576598414,1,12,5
1576598415,0,-1,5
1576598416,1,12,5
1576598417,1,12,5
1576598418,0,-1,5
1576598419,1,12,5
1576598420,1,12,5
1576598421,1,12,5
1576598422,1,12,5
1576598423,1,12,5
1576598424,0,-1,5
1576598425,1,12,5
1576598426,1,11,5
1576598427,1,11,5
1576598428,1,11,5
1576598429,1,11,5
1576598430,1,11,5
1576598431,1,11,5
1576598432,0,-1,5
1576598433,1,11,5
1576598434,1,11,5
1576598435,1,11,5
1576598436,1,11,5
1576598437,1,11,5
1576598438,1,11,5
1576598439,1,11,5
1576598440,0,-1,5
1576598441,1,11,5
1576598442,1,11,5
1576598443,1,11,5
1576598444,1,11,5
1576598445,1,11,5
1576598446,1,11,5
1576598447,0,11,5
1576598448,0,11,5
1576598449,1,11,5
1576598450,1,11,5
1576598451,1,11,5
1576598452,1,11,5
1576598453,1,11,5
1576598454,1,11,5
1576598455,1,11,5
1576598456,1,11,5
1576598457,0,-1,5
1576598458,1,11,5
1576598459,1,11,5
1576598460,0,-1,5
1576598461,1,11,5
1576598462,1,11,5
1576598463,1,11,5
1576598464,1,11,5
1576598465,1,11,5
1576598466,0,-1,5
1576598467,1,11,5
1576598468,1,11,5
1576598469,1,11,5
1576598470,1,11,5
1576598471,1,11,5
1576598472,1,11,5
1576598473,1,11,5
1576598474,0,-1,5
1576598475,1,11,5
1576598476,1,11,5
1576598477,1,11,5
1576598478,1,11,5
1576598479,1,11,5
1576598480,1,11,5
1576598481,1,11,5
1576598482,0,-1,5
1576598483,1,11,5
1576598484,1,11,5
1576598485,1,11,5
1576598486,1,11,5
1576598487,1,11,5
1576598488,1,11,5
1576598489,1,11,5
1576598490,1,11,5
1576598491,0,-1,5
1576598492,1,11,5
1576598493,1,11,5
1576598494,1,11,5
1576598495,1,11,5
1576598496,1,11,5
1576598497,1,11,5
1576598498,1,11,5
1576598499,0,-1,5
1576598500,1,11,5
1576598501,1,11,5
1576598502,1,11,5
1576598503,1,11,5
1576598504,1,11,5
1576598505,1,11,5
1576598506,1,11,5
1576598507,1,11,5
1576598508,0,-1,5
1576598509,1,11,5
1576598510,1,12,5
1576598511,1,12,5
1576598512,1,11,5
1576598513,1,11,5
1576598514,1,11,5
1576598515,0,-1,5
1576598516,0,-1,5
1576598517,1,11,5
1576598518,1,11,5
1576598519,1,12,5
1576598520,1,12,5
1576598521,1,11,5
1576598522,1,11,5
1576598523,0,-1,5
1576598524,1,2,5
1576598525,1,2,5
1576598526,1,13,5
1576598527,1,13,5
1576598528,1,13,5
1576598529,1,13,5
1576598530,1,13,5
1576598531,1,13,5
1576598532,0,-1,5
1576598533,1,13,5
1576598534,1,13,5
1576598535,1,13,5
1576598536,1,13,5
1576598537,1,13,5
1576598538,1,13,5
1576598539,1,13,5
1576598540,1,13,5
1576598541,1,13,5
1576598542,0,-1,5
1576598543,0,-1,5
1576598544,1,13,5
1576598545,1,13,5
1576598546,1,13,5
1576598547,1,13,5
1576598548,1,13,5
1576598549,1,13,5
1576598550,1,13,5
1576598551,0,-1,5
1576598552,1,13,5
1576598553,1,13,5
1576598554,1,13,5
1576598555,1,13,5
1576598556,1,13,5
1576598557,0,-1,5
1576598558,1,13,5
1576598559,1,13,5
1576598560,1,13,5
1576598561,1,13,5
1576598562,0,-1,5
1576598563,1,13,5
1576598564,1,13,5
1576598565,1,13,5
1576598566,1,13,5
1576598567,1,13,5
1576598568,1,13,5
1576598569,1,13,5
1576598570,1,13,5
1576598571,1,13,5
1576598572,1,13,5
1576598573,1,13,5
1576598574,1,13,5
1576598575,1,13,5
1576598576,1,13,5
1576598577,1,13,5
1576598578,1,13,5
1576598579,1,13,5
1576598580,1,13,5
1576598581,1,13,5
1576598582,1,13,5
1576598583,0,-1,5
1576598584,1,13,5
1576598585,0,-1,5
1576598586,1,13,5
1576598587,1,13,5
1576598588,1,13,5
1576598589,1,13,5
1576598590,1,13,5
1576598591,1,13,5
1576598592,1,13,5
1576598593,1,13,5
1576598594,1,13,5
1576598595,1,13,5
1576598596,1,13,5
1576598597,1,13,5
1576598598,1,13,5
1576598599,1,13,5
1576598600,1,13,5
1576598601,1,13,5
1576598602,1,13,5
1576598603,0,-1,5
1576598604,1,13,5
1576598605,1,13,5
1576598606,1,13,5
1576598607,1,13,5
1576598608,1,13,5
1576598609,1,13,5
1576598610,1,11,5
1576598611,0,-1,5
1576598612,1,11,5
1576598613,1,11,5
1576598614,1,11,5
1576598615,1,11,5
1576598616,1,11,5
1576598617,1,13,5
1576598618,1,13,5
1576598619,1,13,5
1576598620,0,-1,5
1576598621,1,13,5
1576598622,1,13,5
1576598623,1,13,5
1576598624,1,13,5
1576598625,1,13,5
1576598626,1,13,5
1576598627,1,13,5
1576598628,1,13,5
1576598629,0,-1,5
1576598630,1,13,5
1576598631,1,13,5
1576598632,1,13,5
1576598633,1,13,5
1576598634,1,13,5
1576598635,1,13,5
1576598636,1,13,5
1576598637,1,13,5
1576598638,0,-1,5
1576598639,1,13,5
1576598640,0,-1,5
1576598641,1,13,5
1576598642,1,13,5
1576598643,1,13,5
1576598644,1,13,5
1576598645,1,13,5
1576598646,1,13,5
1576598647,0,-1,5
1576598648,1,13,5
1576598649,1,13,5
1576598650,1,13,5
1576598651,1,13,5
1576598652,1,13,5
1576598653,1,13,5
1576598654,0,-1,5
1576598655,0,-1,5
1576598656,1,13,5
1576598657,1,13,5
1576598658,1,13,5
1576598659,1,13,5
1576598660,1,13,5
1576598661,1,13,5
1576598662,1,13,5
1576598663,1,13,5
1576598664,0,-1,5
1576598665,1,13,5
1576598666,1,13,5
1576598667,1,13,5
1576598668,0,-1,5
1576598669,1,13,5
1576598670,1,13,5
1576598671,0,-1,5
1576598672,1,13,5
1576598673,1,13,5
1576598674,1,13,5
1576598675,1,13,5
1576598676,1,13,5
1576598677,1,13,5
1576598678,1,13,5
1576598679,1,13,5
1576598680,0,-1,5
1576598681,1,11,5
1576598682,0,-1,5
1576598683,1,11,5
1576598684,1,11,5
1576598685,1,11,5
1576598686,1,11,5
1576598687,1,13,5
1576598688,1,13,5
1576598689,0,-1,5
1576598690,1,11,5
1576598691,1,11,5
1576598692,1,11,5
1576598693,1,11,5
1576598694,1,11,5
1576598695,1,11,5
1576598696,1,13,5
1576598697,1,13,5
1576598698,1,13,5
1576598699,1,13,5
1576598700,1,13,5
1576598701,1,13,5
1576598702,1,13,5
1576598703,1,13,5
1576598704,1,13,5
1576598705,1,13,5
1576598706,0,-1,5
1576598707,1,13,5
1576598708,1,13,5
1576598709,1,13,5
1576598710,0,-1,5
1576598711,1,13,5
1576598712,1,13,5
1576598713,0,-1,5
1576598714,0,-1,5
1576598715,1,13,5
1576598716,1,13,5
1576598717,1,2,5
1576598718,1,2,5
1576598719,1,2,5
1576598720,1,2,5
1576598721,1,2,5
1576598722,1,2,5
1576598723,0,-1,5
1576598724,0,-1,5
1576598725,1,2,5
1576598726,1,2,5
1576598727,1,2,5
1576598728,1,2,5
1576598729,1,2,5
1576598730,1,2,5
1576598731,1,2,5
1576598732,0,-1,5
1576598733,1,2,5
1576598734,1,2,5
1576598735,1,2,5
1576598736,1,2,5
1576598737,1,2,5
1576598738,1,2,5
1576598739,1,2,5
1576598740,1,2,5
1576598741,0,-1,5
1576598742,1,2,5
1576598743,1,2,5
1576598744,1,2,5
1576598745,1,2,5
1576598746,1,2,5
1576598747,1,2,5
1576598748,1,2,5
1576598749,1,2,5
1576598750,0,-1,5
1576598751,1,2,5
1576598752,0,-1,5
1576598753,1,2,5
1576598754,1,2,5
1576598755,1,2,5
1576598756,1,2,5
1576598757,1,2,5
1576598758,0,-1,5
1576598759,1,2,5
1576598760,1,2,5
1576598761,1,2,5
1576598762,1,2,5
1576598763,1,2,5
1576598764,1,2,5
1576598765,1,2,5
1576598766,1,2,5
1576598767,0,-1,5
1576598768,1,2,5
1576598769,1,2,5
1576598770,1,2,5
1576598771,1,2,5
1576598772,1,2,5
1576598773,1,2,5
1576598774,1,2,5
1576598775,0,-1,5
1576598776,1,2,5
1576598777,1,2,5
1576598778,1,2,5
1576598779,1,2,5
1576598780,1,2,5
1576598781,1,2,5
1576598782,1,2,5
1576598783,1,2,5
1576598784,0,-1,5
1576598785,1,2,5
1576598786,1,2,5
1576598787,1,2,5
1576598788,1,2,5
1576598789,1,2,5
1576598790,1,2,5
1576598791,1,13,5
1576598792,0,-1,5
1576598793,1,11,5
1576598794,0,-1,5
1576598795,1,11,5
1576598796,1,11,5
1576598797,1,11,5
1576598798,0,13,5
1576598799,1,13,5
1576598800,1,11,5
1576598801,1,11,5
1576598802,0,-1,5
1576598803,1,11,5
1576598804,1,11,5
1576598805,1,11,5
1576598806,1,11,5
1576598807,1,11,5
1576598808,0,-1,5
1576598809,1,11,5
1576598810,0,-1,5
1576598811,1,11,5
1576598812,1,11,5
1576598813,1,11,5
1576598814,1,11,5
1576598815,1,11,5
1576598816,1,11,5
1576598817,1,11,5
1576598818,1,11,5
1576598819,0,-1,5
1576598820,1,11,5
1576598821,1,13,5
1576598822,1,13,5
1576598823,1,13,5
1576598824,1,13,5
1576598825,1,13,5
1576598826,1,13,5
1576598827,0,-1,5
1576598828,1,13,5
1576598829,1,13,5
1576598830,1,13,5
1576598831,1,13,5
1576598832,1,13,5
1576598833,1,13,5
1576598834,1,13,5
1576598835,0,-1,5
1576598836,1,13,5
1576598837,1,13,5
1576598838,1,13,5
1576598839,0,-1,5
1576598840,1,13,5
1576598841,1,13,5
1576598842,1,13,5
1576598843,1,13,5
1576598844,1,13,5
1576598845,1,13,5
1576598846,1,13,5
1576598847,1,13,5
1576598848,0,-1,5
1576598849,1,13,5
1576598850,1,13,5
1576598851,1,13,5
1576598852,1,13,5
1576598853,1,13,5
1576598854,1,13,5
1576598855,1,13,5
1576598856,0,-1,5
1576598857,1,13,5
1576598858,1,13,5
1576598859,1,13,5
1576598860,1,13,5
1576598861,1,13,5
1576598862,1,13,5
1576598863,1,13,5
1576598864,1,13,5
1576598865,1,13,5
1576598866,1,13,5
1576598867,1,13,5
1576598868,1,13,5
1576598869,1,13,5
1576598870,1,13,5
1576598871,1,13,5
1576598872,1,13,5
1576598873,1,13,5
1576598874,1,13,5
1576598875,1,13,5
1576598876,0,-1,5
1576598877,0,-1,5
1576598878,1,13,5
1576598879,1,13,5
1576598880,1,13,5
1576598881,1,13,5
1576598882,1,13,5
1576598883,1,13,5
1576598884,1,13,5
1576598885,1,13,5
1576598886,1,13,5
1576598887,1,13,5
1576598888,1,12,5
1576598889,1,12,5
1576598890,1,12,5
1576598891,1,12,5
1576598892,1,13,5
1576598893,1,13,5
1576598894,0,-1,5
1576598895,1,13,5
1576598896,1,13,5
1576598897,1,13,5
1576598898,1,13,5
1576598899,1,13,5
1576598900,1,13,5
1576598901,1,13,5
1576598902,1,13,5
1576598903,1,13,5
1576598904,0,-1,5
1576598905,0,-1,5
1576598906,1,13,5
1576598907,1,13,5
1576598908,1,13,5
1576598909,1,13,5
1576598910,1,13,5
1576598911,1,13,5
1576598912,1,13,5
1576598913,0,-1,5
1576598914,1,13,5
1576598915,1,13,5
1576598916,1,13,5
1576598917,1,13,5
1576598918,1,13,5
1576598919,1,13,5
1576598920,1,13,5
1576598921,1,13,5
1576598922,1,13,5
1576598923,0,-1,5
1576598924,1,13,5
1576598925,1,13,5
1576598926,1,13,5
1576598927,1,13,5
1576598928,1,13,5
1576598929,1,13,5
1576598930,1,13,5
1576598931,0,-1,5
1576598932,1,13,5
1576598933,0,-1,5
1576598934,1,13,5
1576598935,1,13,5
1576598936,1,13,5
1576598937,1,13,5
1576598938,1,13,5
1576598939,1,13,5
1576598940,1,13,5
1576598941,1,13,5
1576598942,1,13,5
1576598943,0,-1,5
1576598944,1,13,5
1576598945,1,13,5
1576598946,1,13,5
1576598947,1,13,5
1576598948,1,13,5
1576598949,1,13,5
1576598950,1,13,5
1576598951,1,13,5
1576598952,1,13,5
1576598953,0,-1,5
1576598954,1,13,5
1576598955,1,13,5
1576598956,1,13,5
1576598957,1,13,5
1576598958,1,13,5
1576598959,1,13,5
1576598960,0,-1,5
1576598961,0,-1,5
1576598962,1,13,5
1576598963,1,13,5
1576598964,1,13,5
1576598965,1,13,5
1576598966,1,13,5
1576598967,1,13,5
1576598968,1,12,5
1576598969,1,12,5
1576598970,0,-1,5
1576598971,1,13,5
1576598972,1,13,5
1576598973,1,13,5
1576598974,1,13,5
1576598975,1,13,5
1576598976,1,13,5
1576598977,1,13,5
1576598978,1,13,5
1576598979,1,12,5
1576598980,1,12,5
1576598981,0,-1,5
1576598982,1,2,5
1576598983,1,2,5
1576598984,1,2,5
1576598985,0,2,5
1576598986,0,2,5
1576598987,0,2,5
1576598988,0,2,5
1576598989,0,-1,5
1576598990,1,2,5
1576598991,1,2,5
1576598992,1,2,5
1576598993,1,2,5
1576598994,1,2,5
1576598995,0,2,5
1576598996,0,2,5
1576598997,1,13,5
1576598998,0,-1,5
1576598999,1,13,5
1576599000,1,13,5
1576599001,1,13,5
1576599002,1,13,5
1576599003,1,13,5
1576599004,1,13,5
1576599005,1,13,5
1576599006,1,13,5
1576599007,0,-1,5
1576599008,1,13,5
1576599009,1,13,5
1576599010,1,13,5
1576599011,1,13,5
1576599012,1,13,5
1576599013,1,13,5
1576599014,1,13,5
1576599015,1,13,5
1576599016,0,-1,5
1576599017,0,-1,5
1576599018,1,13,5
1576599019,1,13,5
1576599020,1,13,5
1576599021,1,13,5
1576599022,1,13,5
1576599023,1,13,5
1576599024,1,13,5
1576599025,0,-1,5
1576599026,1,13,5
1576599027,1,13,5
1576599028,1,13,5
1576599029,1,13,5
1576599030,0,-1,5
1576599031,1,13,5
1576599032,1,13,5
1576599033,1,13,5
1576599034,1,13,5
1576599035,1,13,5
1576599036,1,13,5
1576599037,1,13,5
1576599038,1,13,5
1576599039,1,13,5
1576599040,0,-1,5
1576599041,1,13,5
1576599042,1,13,5
1576599043,1,13,5
1576599044,0,-1,5
1576599045,1,13,5
1576599046,1,13,5
1576599047,1,13,5
1576599048,1,13,5
1576599049,1,13,5
1576599050,0,-1,5
1576599051,1,13,5
1576599052,1,13,5
1576599053,1,13,5
1576599054,1,13,5
1576599055,1,13,5
1576599056,1,13,5
1576599057,0,-1,5
1576599058,1,13,5
1576599059,1,13,5
1576599060,1,13,5
1576599061,1,13,5
1576599062,1,13,5
1576599063,1,13,5
1576599064,1,13,5
1576599065,1,13,5
1576599066,1,13,5
1576599067,1,13,5
1576599068,0,-1,5
1576599069,1,13,5
1576599070,1,13,5
1576599071,1,13,5
1576599072,0,-1,5
1576599073,1,13,5
1576599074,1,13,5
1576599075,1,13,5
1576599076,1,13,5
1576599077,1,13,5
1576599078,0,-1,5
1576599079,1,13,5
1576599080,1,13,5
1576599081,1,13,5
1576599082,1,13,5
1576599083,1,13,5
1576599084,1,13,5
1576599085,1,13,5
1576599086,1,13,5
1576599087,1,13,5
1576599088,1,13,5
1576599089,0,-1,5
1576599090,1,13,5
1576599091,1,13,5
1576599092,1,13,5
1576599093,1,13,5
1576599094,1,2,5
1576599095,1,2,5
1576599096,1,2,5
1576599097,1,2,5
1576599098,1,2,5
1576599099,1,2,5
1576599100,0,-1,5
1576599101,1,2,5
1576599102,1,2,5
1576599103,1,2,5
1576599104,1,2,5
1576599105,1,2,5
1576599106,1,2,5
1576599107,1,13,5
1576599108,0,-1,5
1576599109,1,13,5
1576599110,1,2,5
1576599111,0,2,5
1576599112,1,2,5
1576599113,1,2,5
1576599114,1,2,5
1576599115,1,2,5
1576599116,1,2,5
1576599117,0,-1,5
1576599118,1,2,5
1576599119,1,2,5
1576599120,1,2,5
1576599121,1,2,5
1576599122,1,2,5
1576599123,1,2,5
1576599124,1,2,5
1576599125,1,2,5
1576599126,1,2,5
1576599127,0,-1,5
1576599128,0,-1,5
1576599129,1,2,5
1576599130,1,2,5
1576599131,1,2,5
1576599132,1,2,5
1576599133,1,2,5
1576599134,1,2,5
1576599135,0,-1,5
1576599136,1,2,5
1576599137,1,2,5
1576599138,1,2,5
1576599139,1,2,5
1576599140,1,2,5
1576599141,1,2,5
1576599142,1,2,5
1576599143,1,1,5
1576599144,1,1,5
1576599145,1,1,5
1576599146,1,1,5
1576599147,1,1,5
1576599148,1,1,5
1576599149,1,1,5
1576599150,1,1,5
1576599151,1,1,5
1576599152,1,1,5
1576599153,0,-1,5
1576599154,1,1,5
1576599155,1,1,5
1576599156,1,1,5
1576599157,1,1,5
1576599158,1,1,5
1576599159,1,1,5
1576599160,1,1,5
1576599161,1,1,5
1576599162,1,1,5
1576599163,0,-1,5
1576599164,1,1,5
1576599165,1,1,5
1576599166,1,1,5
1576599167,1,1,5
1576599168,1,1,5
1576599169,0,-1,5
1576599170,1,1,5
1576599171,1,1,5
1576599172,1,1,5
1576599173,1,1,5
1576599174,1,1,5
1576599175,1,1,5
1576599176,1,1,5
1576599177,1,1,5
1576599178,1,1,5
1576599179,1,1,5
1576599180,0,-1,5
1576599181,1,1,5
1576599182,1,1,5
1576599183,0,-1,5
1576599184,1,1,5
1576599185,1,1,5
1576599186,1,1,5
1576599187,0,-1,5
1576599188,1,1,5
1576599189,1,12,5
1576599190,1,12,5
1576599191,1,1,5
1576599192,1,1,5
1576599193,1,12,5
1576599194,1,12,5
1576599195,0,-1,5
1576599196,1,12,5
1576599197,1,12,5
1576599198,1,12,5
1576599199,1,12,5
1576599200,1,12,5
1576599201,1,12,5
1576599202,1,12,5
1576599203,1,12,5
1576599204,0,-1,5
1576599205,1,12,5
1576599206,1,12,5
1576599207,1,12,5
1576599208,1,12,5
1576599209,1,12,5
1576599210,1,12,5
1576599211,1,12,5
1576599212,0,-1,5
1576599213,1,12,5
1576599214,1,12,5
1576599215,1,12,5
1576599216,1,12,5
1576599217,1,12,5
1576599218,1,12,5
1576599219,1,12,5
1576599220,0,-1,5
1576599221,1,12,5
1576599222,1,12,5
1576599223,1,12,5
1576599224,1,12,5
1576599225,1,12,5
1576599226,1,12,5
1576599227,1,12,5
1576599228,1,12,5
1576599229,0,-1,5
1576599230,1,12,5
1576599231,1,12,5
1576599232,1,12,5
1576599233,1,12,5
1576599234,1,12,5
1576599235,1,12,5
1576599236,1,12,5
1576599237,0,-1,5
1576599238,1,12,5
1576599239,0,-1,5
1576599240,1,12,5
1576599241,1,12,5
1576599242,1,12,5
1576599243,1,12,5
1576599244,1,12,5
1576599245,1,12,5
1576599246,0,-1,5
1576599247,1,12,5
1576599248,1,12,5
1576599249,1,12,5
1576599250,1,13,5
1576599251,1,13,5
1576599252,1,13,5
1576599253,1,13,5
1576599254,1,13,5
1576599255,1,13,5
1576599256,1,12,5
1576599257,1,12,5
1576599258,0,-1,5
1576599259,1,12,5
1576599260,1,12,5
1576599261,1,12,5
1576599262,1,12,5
1576599263,1,12,5
1576599264,1,12,5
1576599265,1,12,5
1576599266,1,12,5
1576599267,1,12,5
1576599268,1,12,5
1576599269,0,-1,5
1576599270,1,12,5
1576599271,1,12,5
1576599272,1,11,5
1576599273,1,11,5
1576599274,1,11,5
1576599275,1,11,5
1576599276,1,11,5
1576599277,1,11,5
1576599278,1,11,5
1576599279,0,-1,5
1576599280,1,11,5
1576599281,1,11,5
1576599282,1,11,5
1576599283,1,11,5
1576599284,1,11,5
1576599285,1,11,5
1576599286,1,11,5
1576599287,1,11,5
1576599288,1,11,5
1576599289,1,11,5
1576599290,1,11,5
1576599291,0,-1,5
1576599292,1,11,5
1576599293,1,11,5
1576599294,1,11,5
1576599295,1,11,5
1576599296,1,11,5
1576599297,1,11,5
1576599298,1,11,5
1576599299,1,11,5
1576599300,1,11,5
1576599301,0,-1,5
1576599302,1,11,5
1576599303,1,11,5
1576599304,1,11,5
1576599305,1,11,5
1576599306,1,11,5
1576599307,1,11,5
1576599308,0,-1,5
1576599309,1,11,5
1576599310,1,11,5
1576599311,1,11,5
1576599312,1,11,5
1576599313,1,11,5
1576599314,0,-1,5
1576599315,1,11,5
1576599316,1,11,5
1576599317,1,11,5
1576599318,1,11,5
1576599319,1,11,5
1576599320,1,12,5
1576599321,1,12,5
1576599322,1,12,5
1576599323,1,12,5
1576599324,1,12,5
1576599325,1,12,5
1576599326,1,12,5
1576599327,1,12,5
1576599328,1,12,5
1576599329,1,12,5
1576599330,1,12,5
1576599331,1,3,5
1576599332,1,3,5
1576599333,0,-1,5
1576599334,1,3,5
1576599335,1,3,5
1576599336,0,-1,5
1576599337,1,3,5
1576599338,1,3,5
1576599339,1,3,5
1576599340,1,3,5
1576599341,1,3,5
1576599342,0,-1,5
1576599343,1,3,5
1576599344,1,3,5
1576599345,1,3,5
1576599346,1,3,5
1576599347,1,3,5
1576599348,1,3,5
1576599349,1,3,5
1576599350,1,3,5
1576599351,1,3,5
1576599352,1,3,5
1576599353,0,-1,5
1576599354,1,3,5
1576599355,1,3,5
1576599356,1,3,5
1576599357,1,3,5
1576599358,1,3,5
1576599359,1,3,5
1576599360,1,3,5
1576599361,1,3,5
1576599362,1,3,5
1576599363,1,3,5
1576599364,0,-1,5
1576599365,1,3,5
1576599366,1,3,5
1576599367,1,3,5
1576599368,1,3,5
1576599369,1,3,5
1576599370,1,3,5
1576599371,1,3,5
1576599372,1,3,5
1576599373,1,3,5
1576599374,1,3,5
1576599375,1,3,5
1576599376,1,3,5
1576599377,1,3,5
1576599378,1,3,5
1576599379,0,-1,5
1576599380,1,3,5
1576599381,1,3,5
1576599382,1,3,5
1576599383,1,3,5
1579188403,0,12,6
1579188404,1,12,6
1579188405,0,12,6
1579188406,0,12,6
1579188407,0,12,6
1579188408,0,12,6
1579188409,1,12,6
1579188410,1,12,6
1579188411,1,12,6
1579188412,0,12,6
1579188413,1,12,6
1579188414,1,12,6
1579188415,1,12,6
1579188416,1,12,6
1579188417,1,12,6
1579188418,0,-1,6
1579188419,1,12,6
1579188420,1,12,6
1579188421,1,12,6
1579188422,1,12,6
1579188423,1,12,6
1579188424,0,-1,6
1579188425,1,12,6
1579188426,1,12,6
1579188427,1,12,6
1579188428,1,12,6
1579188429,1,12,6
1579188430,1,12,6
1579188431,0,-1,6
1579188432,1,12,6
1579188433,1,12,6
1579188434,1,12,6
1579188435,0,-1,6
1579188436,1,12,6
1579188437,1,12,6
1579188438,1,12,6
1579188439,1,12,6
1579188440,1,12,6
1579188441,1,12,6
1579188442,1,12,6
1579188443,1,12,6
1579188444,0,-1,6
1579188445,1,12,6
1579188446,1,12,6
1579188447,1,12,6
1579188448,1,12,6
1579188449,0,-1,6
1579188450,1,12,6
1579188451,1,12,6
1579188452,1,12,6
1579188453,1,12,6
1579188454,1,12,6
1579188455,1,12,6
1579188456,1,12,6
1579188457,0,-1,6
1579188458,1,12,6
1579188459,1,12,6
1579188460,1,12,6
1579188461,1,12,6
1579188462,1,12,6
1579188463,1,12,6
1579188464,0,-1,6
1579188465,1,12,6
1579188466,1,12,6
1579188467,1,12,6
1579188468,1,12,6
1579188469,1,12,6
1579188470,1,12,6
1579188471,1,12,6
1579188472,1,12,6
1579188473,1,12,6
1579188474,1,12,6
1579188475,1,12,6
1579188476,1,12,6
1579188477,0,-1,6
1579188478,1,12,6
1579188479,1,12,6
1579188480,1,12,6
1579188481,1,12,6
1579188482,1,12,6
1579188483,1,12,6
1579188484,0,-1,6
1579188485,1,12,6
1579188486,1,12,6
1579188487,1,12,6
1579188488,1,12,6
1579188489,1,12,6
1579188490,1,12,6
1579188491,0,-1,6
1579188492,1,12,6
1579188493,1,12,6
1579188494,1,12,6
1579188495,1,12,6
1579188496,1,12,6
1579188497,0,-1,6
1579188498,1,12,6
1579188499,1,12,6
1579188500,1,12,6
1579188501,1,12,6
1579188502,1,12,6
1579188503,1,12,6
1579188504,1,12,6
1579188505,0,-1,6
1579188506,1,12,6
1579188507,1,12,6
1579188508,1,12,6
1579188509,1,12,6
1579188510,1,12,6
1579188511,1,12,6
1579188512,1,12,6
1579188513,1,12,6
1579188514,1,12,6
1579188515,1,12,6
1579188516,1,12,6
1579188517,1,12,6
1579188518,1,12,6
1579188519,0,-1,6
1579188520,1,12,6
1579188521,1,12,6
1579188522,1,12,6
1579188523,1,12,6
1579188524,1,12,6
1579188525,1,12,6
1579188526,0,-1,6
1579188527,1,12,6
1579188528,1,12,6
1579188529,1,12,6
1579188530,1,12,6
1579188531,1,12,6
1579188532,0,-1,6
1579188533,0,-1,6
1579188534,1,12,6
1579188535,1,12,6
1579188536,1,12,6
1579188537,1,12,6
1579188538,1,12,6
1579188539,1,13,6
1579188540,0,-1,6
1579188541,1,13,6
1579188542,1,13,6
1579188543,1,13,6
1579188544,1,13,6
1579188545,1,13,6
1579188546,1,13,6
1579188547,0,-1,6
1579188548,1,13,6
1579188549,1,13,6
1579188550,1,13,6
1579188551,1,13,6
1579188552,1,13,6
1579188553,1,13,6
1579188554,1,13,6
1579188555,0,-1,6
1579188556,1,13,6
1579188557,1,13,6
1579188558,1,13,6
1579188559,1,13,6
1579188560,1,13,6
1579188561,1,13,6
1579188562,1,13,6
1579188563,0,-1,6
1579188564,1,13,6
1579188565,1,13,6
1579188566,1,13,6
1579188567,1,13,6
1579188568,1,13,6
1579188569,1,13,6
1579188570,1,13,6
1579188571,0,-1,6
1579188572,1,13,6
1579188573,1,13,6
1579188574,0,-1,6
1579188575,1,13,6
1579188576,1,13,6
1579188577,1,13,6
1579188578,0,-1,6
1579188579,1,13,6
1579188580,1,13,6
1579188581,1,13,6
1579188582,1,13,6
1579188583,1,13,6
1579188584,1,13,6
1579188585,1,13,6
1579188586,0,-1,6
1579188587,1,13,6
1579188588,0,-1,6
1579188589,1,13,6
1579188590,1,13,6
1579188591,1,13,6
1579188592,1,13,6
1579188593,1,13,6
1579188594,0,-1,6
1579188595,1,13,6
1579188596,1,13,6
1579188597,1,13,6
1579188598,1,13,6
1579188599,1,13,6
1579188600,1,13,6
1579188601,0,-1,6
1579188602,0,-1,6
1579188603,1,13,6
1579188604,1,13,6
1579188605,1,13,6
1579188606,1,13,6
1579188607,1,13,6
1579188608,1,13,6
1579188609,0,-1,6
1579188610,1,13,6
1579188611,0,13,6
1579188612,1,13,6
1579188613,1,13,6
1579188614,0,13,6
1579188615,1,13,6
1579188616,0,-1,6
1579188617,1,13,6
1579188618,1,13,6
1579188619,1,13,6
1579188620,1,13,6
1579188621,1,13,6
1579188622,0,-1,6
1579188623,1,13,6
1579188624,1,13,6
1579188625,1,13,6
1579188626,1,13,6
1579188627,1,13,6
1579188628,1,13,6
1579188629,0,-1,6
1579188630,0,-1,6
1579188631,1,13,6
1579188632,1,13,6
1579188633,0,-1,6
1579188634,1,13,6
1579188635,1,13,6
1579188636,0,-1,6
1579188637,1,13,6
1579188638,1,13,6
1579188639,1,13,6
1579188640,1,13,6
1579188641,1,13,6
1579188642,0,-1,6
1579188643,1,13,6
1579188644,0,-1,6
1579188645,1,13,6
1579188646,1,13,6
1579188647,1,13,6
1579188648,1,13,6
1579188649,0,-1,6
1579188650,1,13,6
1579188651,1,13,6
1579188652,1,13,6
1579188653,1,13,6
1579188654,1,13,6
1579188655,1,13,6
1579188656,0,-1,6
1579188657,1,13,6
1579188658,0,-1,6
1579188659,1,13,6
1579188660,1,13,6
1579188661,1,13,6
1579188662,1,13,6
1579188663,1,12,6
1579188664,1,12,6
1579188665,1,13,6
1579188666,1,13,6
1579188667,1,13,6
1579188668,1,13,6
1579188669,1,13,6
1579188670,1,13,6
1579188671,1,13,6
1579188672,1,12,6
1579188673,1,12,6
1579188674,1,12,6
1579188675,1,12,6
1579188676,1,12,6
1579188677,1,12,6
1579188678,1,12,6
1579188679,1,12,6
1579188680,1,12,6
1579188681,1,12,6
1579188682,0,-1,6
1579188683,1,12,6
1579188684,1,12,6
1579188685,1,12,6
1579188686,1,12,6
1579188687,1,12,6
1579188688,1,12,6
1579188689,0,-1,6
1579188690,1,12,6
1579188691,1,12,6
1579188692,1,12,6
1579188693,1,12,6
1579188694,1,12,6
1579188695,1,12,6
1579188696,0,-1,6
1579188697,1,12,6
1579188698,1,12,6
1579188699,1,12,6
1579188700,1,12,6
1579188701,1,12,6
1579188702,1,12,6
1579188703,0,-1,6
1579188704,1,12,6
1579188705,1,12,6
1579188706,1,12,6
1579188707,1,12,6
1579188708,1,12,6
1579188709,1,12,6
1579188710,0,-1,6
1579188711,1,12,6
1579188712,1,12,6
1579188713,0,-1,6
1579188714,1,12,6
1579188715,1,12,6
1579188716,1,12,6
1579188717,1,12,6
1579188718,1,12,6
1579188719,1,12,6
1579188720,1,12,6
1579188721,1,13,6
1579188722,1,13,6
1579188723,0,-1,6
1579188724,1,13,6
1579188725,1,13,6
1579188726,1,13,6
1579188727,0,-1,6
1579188728,1,13,6
1579188729,1,13,6
1579188730,1,13,6
1579188731,1,13,6
1579188732,1,13,6
1579188733,1,13,6
1579188734,1,13,6
1579188735,1,13,6
1579188736,1,13,6
1579188737,1,13,6
1579188738,1,13,6
1579188739,1,13,6
1579188740,1,13,6
1579188741,0,-1,6
1579188742,1,13,6
1579188743,1,13,6
1579188744,1,13,6
1579188745,1,13,6
1579188746,1,13,6
1579188747,1,13,6
1579188748,1,13,6
1579188749,1,13,6
1579188750,0,-1,6
1579188751,1,13,6
1579188752,1,13,6
1579188753,0,-1,6
1579188754,1,2,6
1579188755,1,2,6
1579188756,0,-1,6
1579188757,1,13,6
1579188758,1,13,6
1579188759,1,2,6
1579188760,1,2,6
1579188761,1,2,6
1579188762,0,-1,6
1579188763,1,2,6
1579188764,1,2,6
1579188765,1,2,6
1579188766,1,2,6
1579188767,1,2,6
1579188768,1,2,6
1579188769,0,-1,6
1579188770,1,2,6
1579188771,1,2,6
1579188772,1,2,6
1579188773,1,2,6
1579188774,1,2,6
1579188775,1,2,6
1579188776,1,2,6
1579188777,1,2,6
1579188778,1,2,6
1579188779,1,2,6
1579188780,1,2,6
1579188781,1,13,6
1579188782,0,-1,6
1579188783,0,-1,6
1579188784,1,13,6
1579188785,1,13,6
1579188786,1,2,6
1579188787,1,2,6
1579188788,1,2,6
1579188789,0,-1,6
1579188790,1,2,6
1579188791,1,2,6
1579188792,1,2,6
1579188793,1,2,6
1579188794,1,2,6
1579188795,1,2,6
1579188796,1,2,6
1579188797,0,-1,6
1579188798,1,2,6
1579188799,1,2,6
1579188800,1,2,6
1579188801,1,2,6
1579188802,1,2,6
1579188803,1,2,6
1579188804,1,2,6
1579188805,0,-1,6
1579188806,1,2,6
1579188807,1,2,6
1579188808,0,-1,6
1579188809,1,2,6
1579188810,1,2,6
1579188811,0,-1,6
1579188812,1,2,6
1579188813,1,2,6
1579188814,1,12,6
1579188815,1,12,6
1579188816,1,7,6
1579188817,1,2,6
1579188818,1,2,6
1579188819,0,-1,6
1579188820,1,2,6
1579188821,1,2,6
1579188822,1,2,6
1579188823,1,2,6
1579188824,1,2,6
1579188825,1,2,6
1579188826,1,2,6
1579188827,1,2,6
1579188828,1,2,6
1579188829,1,2,6
1579188830,1,12,6
1579188831,1,12,6
1579188832,1,7,6
1579188833,0,-1,6
1579188834,1,2,6
1579188835,1,12,6
1579188836,1,12,6
1579188837,1,12,6
1579188838,0,-1,6
1579188839,1,12,6
1579188840,1,12,6
1579188841,1,12,6
1579188842,1,12,6
1579188843,1,12,6
1579188844,1,12,6
1579188845,1,12,6
1579188846,1,12,6
1579188847,1,12,6
1579188848,0,-1,6
1579188849,1,2,6
1579188850,1,2,6
1579188851,1,2,6
1579188852,0,-1,6
1579188853,1,2,6
1579188854,1,2,6
1579188855,1,2,6
1579188856,0,-1,6
1579188857,1,2,6
1579188858,1,2,6
1579188859,1,2,6
1579188860,1,2,6
1579188861,1,2,6
1579188862,1,2,6
1579188863,1,2,6
1579188864,0,-1,6
1579188865,1,2,6
1579188866,0,-1,6
1579188867,1,2,6
1579188868,1,2,6
1579188869,1,2,6
1579188870,1,2,6
1579188871,1,2,6
1579188872,0,-1,6
1579188873,1,2,6
1579188874,1,2,6
1579188875,1,2,6
1579188876,1,1,6
1579188877,1,1,6
1579188878,1,1,6
1579188879,1,1,6
1579188880,1,1,6
1579188881,1,1,6
1579188882,1,1,6
1579188883,1,2,6
1579188884,1,2,6
1579188885,1,1,6
1579188886,1,1,6
1579188887,1,2,6
1579188888,1,2,6
1579188889,0,-1,6
1579188890,1,2,6
1579188891,1,2,6
1579188892,1,2,6
1579188893,1,2,6
1579188894,1,2,6
1579188895,1,2,6
1579188896,1,2,6
1579188897,0,-1,6
1579188898,1,2,6
1579188899,1,2,6
1579188900,1,2,6
1579188901,1,1,6
1579188902,1,1,6
1579188903,1,2,6
1579188904,1,2,6
1579188905,1,2,6
1579188906,1,2,6
1579188907,1,2,6
1579188908,1,2,6
1579188909,1,2,6
1579188910,1,2,6
1579188911,0,-1,6
1579188912,1,2,6
1579188913,1,2,6
1579188914,1,2,6
1579188915,1,2,6
1579188916,1,2,6
1579188917,1,2,6
1579188918,1,2,6
1579188919,0,-1,6
1579188920,1,2,6
1579188921,1,2,6
1579188922,1,2,6
1579188923,1,2,6
1579188924,1,1,6
1579188925,1,1,6
1579188926,0,-1,6
1579188927,1,1,6
1579188928,1,1,6
1579188929,1,2,6
1579188930,1,2,6
1579188931,1,2,6
1579188932,1,2,6
1579188933,1,2,6
1579188934,0,-1,6
1579188935,1,2,6
1579188936,1,2,6
1579188937,1,2,6
1579188938,1,2,6
1579188939,1,2,6
1579188940,1,2,6
1579188941,1,2,6
1579188942,1,2,6
1579188943,0,-1,6
1579188944,1,2,6
1579188945,1,2,6
1579188946,1,2,6
1579188947,1,2,6
1579188948,1,2,6
1579188949,0,-1,6
1579188950,1,2,6
1579188951,1,2,6
1579188952,1,2,6
1579188953,1,2,6
1579188954,1,2,6
1579188955,1,2,6
1579188956,1,2,6
1579188957,1,2,6
1579188958,0,-1,6
1579188959,1,2,6
1579188960,1,2,6
1579188961,1,2,6
1579188962,1,2,6
1579188963,0,-1,6
1579188964,1,2,6
1579188965,1,2,6
1579188966,1,2,6
1579188967,1,2,6
1579188968,1,2,6
1579188969,1,2,6
1579188970,1,2,6
1579188971,1,2,6
1579188972,1,2,6
1579188973,0,-1,6
1579188974,1,2,6
1579188975,1,2,6
1579188976,1,2,6
1579188977,0,-1,6
1579188978,1,2,6
1579188979,1,2,6
1579188980,0,-1,6
1579188981,1,2,6
1579188982,1,2,6
1579188983,1,2,6
1579188984,1,2,6
1579188985,1,2,6
1579188986,1,2,6
1579188987,1,2,6
1579188988,0,-1,6
1579188989,1,2,6
1579188990,1,2,6
1579188991,0,-1,6
1579188992,1,2,6
1579188993,1,2,6
1579188994,1,2,6
1579188995,0,-1,6
1579188996,1,2,6
1579188997,1,2,6
1579188998,1,2,6
1579188999,1,2,6
1579189000,1,2,6
1579189001,1,2,6
1579189002,1,2,6
1579189003,0,-1,6
1579189004,1,2,6
1579189005,0,-1,6
1579189006,1,2,6
1579189007,1,2,6
1579189008,1,2,6
1579189009,1,2,6
1579189010,0,-1,6
1579189011,1,2,6
1579189012,1,2,6
1579189013,1,2,6
1579189014,1,2,6
1579189015,1,2,6
1579189016,1,2,6
1579189017,1,2,6
1579189018,0,-1,6
1579189019,0,-1,6
1579189020,1,2,6
1579189021,1,2,6
1579189022,1,2,6
1579189023,1,2,6
1579189024,1,2,6
1579189025,1,2,6
1579189026,0,-1,6
1579189027,1,2,6
1579189028,1,2,6
1579189029,1,2,6
1579189030,1,2,6
1579189031,1,2,6
1579189032,1,2,6
1579189033,0,-1,6
1579189034,1,2,6
1579189035,1,2,6
1579189036,1,2,6
1579189037,1,2,6
1579189038,1,2,6
1579189039,1,2,6
1579189040,1,2,6
1579189041,0,-1,6
1579189042,1,2,6
1579189043,1,2,6
1579189044,1,2,6
1579189045,1,2,6
1579189046,1,2,6
1579189047,1,2,6
1579189048,1,2,6
1579189049,1,2,6
1579189050,1,2,6
1579189051,1,2,6
1579189052,1,2,6
1579189053,1,2,6
1579189054,1,2,6
1579189055,1,2,6
1579189056,0,-1,6
1579189057,1,2,6
1579189058,1,2,6
1579189059,1,2,6
1579189060,1,2,6
1579189061,1,2,6
1579189062,1,2,6
1579189063,1,2,6
1579189064,0,-1,6
1579189065,1,2,6
1579189066,1,2,6
1579189067,1,2,6
1579189068,1,2,6
1579189069,1,2,6
1579189070,1,2,6
1579189071,1,2,6
1579189072,0,-1,6
1579189073,1,2,6
1579189074,1,2,6
1579189075,1,2,6
1579189076,1,2,6
1579189077,1,2,6
1579189078,1,2,6
1579189079,1,2,6
1579189080,0,-1,6
1579189081,1,2,6
1579189082,1,2,6
1579189083,1,2,6
1579189084,0,-1,6
1579189085,1,2,6
1579189086,1,2,6
1579189087,0,-1,6
1579189088,1,2,6
1579189089,1,2,6
1579189090,1,2,6
1579189091,1,2,6
1579189092,1,2,6
1579189093,1,2,6
1579189094,1,2,6
1579189095,0,-1,6
1579189096,1,2,6
1579189097,1,3,6
1579189098,1,3,6
1579189099,1,3,6
1579189100,1,3,6
1579189101,1,3,6
1579189102,0,-1,6
1579189103,0,-1,6
1579189104,1,3,6
1579189105,1,3,6
1579189106,1,3,6
1579189107,1,3,6
1579189108,1,3,6
1579189109,1,3,6
1579189110,1,3,6
1579189111,1,3,6
1579189112,1,3,6
1579189113,1,3,6
1579189114,1,3,6
1579189115,1,3,6
1579189116,0,-1,6
1579189117,1,3,6
1579189118,1,3,6
1579189119,0,-1,6
1579189120,1,3,6
1579189121,1,3,6
1579189122,1,3,6
1579189123,1,3,6
1579189124,1,3,6
1579189125,1,3,6
1579189126,1,3,6
1579189127,1,3,6
1579189128,1,3,6
1579189129,1,3,6
1579189130,0,-1,6
1579189131,1,3,6
1579189132,1,3,6
1579189133,1,3,6
1579189134,1,3,6
1579189135,0,-1,6
1579189136,1,3,6
1579189137,1,3,6
1579189138,1,3,6
1579189139,1,3,6
1579189140,1,3,6
1579189141,1,3,6
1579189142,1,3,6
1579189143,0,-1,6
1579189144,0,-1,6
1579189145,1,3,6
1579189146,1,3,6
1579189147,1,3,6
1579189148,1,3,6
1579189149,1,3,6
1579189150,1,3,6
1579189151,0,-1,6
1579189152,1,3,6
1579189153,1,3,6
1579189154,1,3,6
1579189155,1,3,6
1579189156,1,3,6
1579189157,1,3,6
1579189158,1,3,6
1579189159,0,-1,6
1579189160,1,3,6
1579189161,1,3,6
1579189162,1,12,6
1579189163,1,12,6
1579189164,1,11,6
1579189165,1,11,6
1579189166,0,-1,6
1579189167,1,12,6
1579189168,1,12,6
1579189169,1,12,6
1579189170,0,-1,6
1579189171,1,12,6
1579189172,1,12,6
1579189173,1,12,6
1579189174,1,12,6
1579189175,1,12,6
1579189176,1,12,6
1579189177,1,12,6
1579189178,1,12,6
1579189179,1,12,6
1579189180,0,-1,6
1579189181,1,12,6
1579189182,1,12,6
1579189183,1,12,6
1579189184,1,12,6
1579189185,0,-1,6
1579189186,1,12,6
1579189187,1,12,6
1579189188,1,12,6
1579189189,1,12,6
1579189190,1,12,6
1579189191,1,12,6
1579189192,1,12,6
1579189193,1,12,6
1579189194,1,2,6
1579189195,0,-1,6
1579189196,1,2,6
1579189197,1,2,6
1579189198,1,2,6
1579189199,0,-1,6
1579189200,1,12,6
1579189201,1,12,6
1579189202,1,12,6
1579189203,1,12,6
1579189204,1,12,6
1579189205,1,12,6
1579189206,1,12,6
1579189207,1,12,6
1579189208,0,-1,6
1579189209,1,12,6
1579189210,1,12,6
1579189211,1,11,6
1579189212,1,11,6
1579189213,1,11,6
1579189214,0,-1,6
1579189215,1,11,6
1579189216,1,11,6
1579189217,1,11,6
1579189218,1,11,6
1579189219,1,11,6
1579189220,1,11,6
1579189221,1,11,6
1579189222,0,-1,6
1579189223,1,11,6
1579189224,1,11,6
1579189225,1,11,6
1579189226,1,11,6
1579189227,1,11,6
1579189228,1,11,6
1579189229,1,11,6
1579189230,1,11,6
1579189231,1,11,6
1579189232,1,11,6
1579189233,1,11,6
1579189234,1,11,6
1579189235,1,11,6
1579189236,1,11,6
1579189237,0,-1,6
1579189238,1,11,6
1579189239,1,11,6
1579189240,1,11,6
1579189241,1,11,6
1579189242,1,11,6
1579189243,1,11,6
1579189244,1,12,6
1579189245,0,-1,6
1579189246,1,12,6
1579189247,1,12,6
1579189248,1,12,6
1579189249,1,12,6
1579189250,1,12,6
1579189251,1,12,6
1579189252,0,-1,6
1579189253,1,12,6
1579189254,1,12,6
1579189255,1,11,6
1579189256,1,11,6
1579189257,1,11,6
1579189258,1,11,6
1579189259,0,-1,6
1579189260,1,11,6
1579189261,1,11,6
1579189262,1,11,6
1579189263,1,11,6
1579189264,1,12,6
1579189265,0,-1,6
1579189266,1,12,6
1579189267,1,11,6
1579189268,1,11,6
1579189269,1,11,6
1579189270,1,11,6
1579189271,1,11,6
1579189272,1,11,6
1579189273,1,11,6
1579189274,1,11,6
1579189275,1,11,6
1579189276,1,11,6
1579189277,0,-1,6
1579189278,1,11,6
1579189279,1,11,6
1579189280,1,11,6
1579189281,1,11,6
1579189282,1,11,6
1579189283,0,-1,6
1579189284,1,11,6
1579189285,1,11,6
1579189286,1,11,6
1579189287,1,11,6
1579189288,1,11,6
1579189289,1,11,6
1579189290,0,-1,6
1579189291,1,11,6
1579189292,1,11,6
1579189293,1,11,6
1579189294,1,11,6
1579189295,1,11,6
1579189296,0,-1,6
1579189297,0,-1,6
1579189298,1,11,6
1579189299,1,11,6
1579189300,1,11,6
1579189301,1,11,6
1579189302,1,11,6
1579189303,0,-1,6
1579189304,1,11,6
1579189305,1,11,6
1579189306,1,11,6
1579189307,1,11,6
1579189308,1,11,6
1579189309,0,-1,6
1579189310,1,11,6
1579189311,0,-1,6
1579189312,1,11,6
1579189313,1,11,6
1579189314,1,11,6
1579189315,1,11,6
1579189316,0,-1,6
1579189317,1,11,6
1579189318,1,11,6
1579189319,1,11,6
1579189320,1,11,6
1579189321,1,11,6
1579189322,0,-1,6
1579189323,1,11,6
1579189324,1,11,6
1579189325,1,11,6
1579189326,1,11,6
1579189327,1,11,6
1579189328,1,11,6
1579189329,0,-1,6
1579189330,1,11,6
1579189331,1,11,6
1579189332,1,11,6
1579189333,1,11,6
1579189334,1,11,6
1579189335,0,-1,6
1579189336,1,11,6
1579189337,1,11,6
1579189338,1,11,6
1579189339,1,11,6
1579189340,1,11,6
1579189341,1,11,6
1579189342,0,-1,6
1579189343,1,12,6
1579189344,1,12,6
1579189345,1,11,6
1579189346,1,11,6
1579189347,1,11,6
1579189348,0,-1,6
1579189349,1,11,6
1579189350,1,11,6
1579189351,1,11,6
1579189352,1,11,6
1579189353,1,11,6
1579189354,1,12,6
1579189355,0,-1,6
1579189356,1,12,6
1579189357,1,12,6
1579189358,1,12,6
1579189359,1,3,6
1579189360,1,3,6
1579189361,1,7,6
1579189362,0,-1,6
1579189363,1,12,6
1579189364,1,3,6
1579189365,1,3,6
1579189366,0,-1,6
1579189367,1,3,6
1579189368,1,3,6
1579189369,1,13,6
1579189370,1,13,6
1579189371,1,3,6
1579189372,1,3,6
1579189373,0,-1,6
1579189374,1,3,6
1579189375,1,3,6
1579189376,1,13,6
1579189377,1,13,6
1579189378,1,13,6
1579189379,0,-1,6
1579189380,0,-1,6
1579189381,1,11,6
1579189382,1,11,6
1579189383,1,13,6
1579189384,1,13,6
1579189385,1,3,6
1579189386,0,-1,6
1579189387,1,3,6
1579189388,1,3,6
1579189389,1,3,6
1579189390,1,13,6
1579189391,1,13,6
1579189392,1,13,6
1579189393,0,-1,6
1579189394,1,13,6
1579189395,1,13,6
1579189396,1,13,6
1579189397,1,13,6
1579189398,1,13,6
1579189399,1,13,6
1579189400,1,13,6
1579189401,1,13,6
1579189402,0,-1,6
1579189403,1,13,6
1579189404,1,13,6
1579189405,1,13,6
1579189406,1,13,6
1579189407,1,13,6
1579189408,1,11,6
1579189409,0,-1,6
1579189410,1,11,6
1579189411,1,11,6
1579189412,1,11,6
1579189413,1,11,6
1579189414,1,11,6
1579189415,0,-1,6
1579189416,1,3,6
1579189417,1,3,6
1579189418,1,3,6
1579189419,1,3,6
1579189420,1,3,6
1579189421,1,3,6
1579189422,0,-1,6
1579189423,1,3,6
1579189424,1,3,6
1579189425,1,3,6
1579189426,1,3,6
1579189427,1,3,6
1579189428,1,3,6
1579189429,1,3,6
1579189430,1,13,6
1579189431,1,13,6
1579189432,1,13,6
1579189433,1,13,6
1579189434,1,13,6
1579189435,1,13,6
1579189436,1,11,6
1579189437,0,-1,6
1579189438,1,11,6
1579189439,1,11,6
1579189440,1,11,6
1579189441,1,2,6
1579189442,0,-1,6
1579189443,1,2,6
1579189444,1,2,6
1579189445,1,2,6
1579189446,1,2,6
1579189447,1,2,6
1579189448,1,2,6
1579189449,1,2,6
1579189450,1,2,6
1579189451,0,-1,6
1579189452,1,2,6
1579189453,1,2,6
1579189454,1,2,6
1579189455,1,2,6
1579189456,1,2,6
1579189457,1,2,6
1579189458,1,2,6
1579189459,0,-1,6
1579189460,1,11,6
1579189461,1,11,6
1579189462,1,11,6
1579189463,1,11,6
1579189464,1,11,6
1579189465,1,11,6
1579189466,1,11,6
1579189467,1,11,6
1579189468,1,11,6
1579189469,1,11,6
1579189470,1,11,6
1579189471,1,11,6
1579189472,1,11,6
1579189473,0,-1,6
1579189474,1,11,6
1579189475,1,11,6
1579189476,1,11,6
1579189477,0,-1,6
1579189478,1,11,6
1579189479,1,11,6
1579189480,1,11,6
1579189481,1,4,6
1579189482,1,4,6
1579189483,1,11,6
1579189484,1,11,6
1579189485,1,11,6
1579189486,0,-1,6
1579189487,1,11,6
1579189488,1,11,6
1579189489,1,11,6
1579189490,1,11,6
1579189491,0,-1,6
1579189492,0,-1,6
1579189493,1,11,6
1579189494,1,11,6
1579189495,1,11,6
1579189496,1,11,6
1579189497,1,12,6
1579189498,1,12,6
1579189499,0,-1,6
1579189500,1,12,6
1579189501,1,12,6
1579189502,1,12,6
1579189503,1,12,6
1579189504,1,12,6
1579189505,1,12,6
1579189506,0,-1,6
1579189507,1,11,6
1579189508,1,11,6
1579189509,1,12,6
1579189510,1,12,6
1579189511,1,12,6
1579189512,1,12,6
1579189513,0,-1,6
1579189514,1,12,6
1579189515,1,12,6
1579189516,1,12,6
1579189517,1,12,6
1579189518,1,12,6
1579189519,0,-1,6
1579189520,0,-1,6
1579189521,1,12,6
1579189522,1,12,6
1579189523,1,12,6
1579189524,0,-1,6
1579189525,1,12,6
1579189526,1,12,6
1579189527,0,-1,6
1579189528,1,12,6
1579189529,1,12,6
1579189530,1,12,6
1579189531,1,12,6
1579189532,1,12,6
1579189533,0,-1,6
1579189534,1,12,6
1579189535,1,12,6
1579189536,1,12,6
1579189537,1,12,6
1579189538,1,12,6
1579189539,0,-1,6
1579189540,1,12,6
1579189541,1,12,6
1579189542,1,12,6
1579189543,1,12,6
1579189544,1,12,6
1579189545,0,-1,6
1579189546,1,12,6
1579189547,0,-1,6
1579189548,1,12,6
1579189549,1,12,6
1579189550,1,12,6
1579189551,0,-1,6
1579189552,1,12,6
1579189553,1,12,6
1579189554,1,12,6
1579189555,1,12,6
1579189556,1,12,6
1579189557,1,12,6
1579189558,0,-1,6
1579189559,1,12,6
1579189560,1,12,6
1579189561,1,12,6
1579189562,1,12,6
1579189563,1,12,6
1579189564,0,-1,6
1579189565,1,12,6
1579189566,1,12,6
1579189567,1,12,6
1579189568,1,12,6
1579189569,1,12,6
1579189570,0,-1,6
1579189571,1,12,6
1579189572,1,12,6
1579189573,1,12,6
1579189574,1,12,6
1579189575,1,12,6
1579189576,1,12,6
1579189577,1,12,6
1579189578,1,12,6
1579189579,1,12,6
1579189580,1,12,6
1579189581,1,12,6
1579189582,1,12,6
1579189583,0,-1,6
1579189584,1,12,6
1579189585,1,12,6
1579189586,1,12,6
1579189587,1,12,6
1579189588,1,12,6
1579189589,0,-1,6
1579189590,1,12,6
1579189591,1,12,6
1579189592,1,12,6
1579189593,1,12,6
1579189594,1,12,6
1579189595,0,-1,6
1579189596,1,12,6
1579189597,1,12,6
1579189598,1,12,6
1579189599,1,12,6
1579189600,1,12,6
1579189601,0,-1,6
1579189602,0,-1,6
1579189603,0,-1,6
1579189604,1,12,6
1579189605,1,12,6
1579189606,1,12,6
1579189607,1,12,6
1579189608,0,-1,6
1579189609,1,12,6
1579189610,1,12,6
1579189611,1,12,6
1579189612,1,12,6
1579189613,1,12,6
1579189614,0,-1,6
1579189615,1,12,6
1579189616,0,-1,6
1579189617,1,12,6
1579189618,1,12,6
1579189619,1,12,6
1579189620,0,-1,6
1579189621,1,12,6
1579189622,1,12,6
1579189623,1,12,6
1579189624,1,12,6
1579189625,1,12,6
1579189626,1,12,6
1579189627,0,-1,6
1579189628,1,12,6
1579189629,1,12,6
1579189630,0,-1,6
1579189631,1,12,6
1579189632,1,12,6
1579189633,0,-1,6
1579189634,1,12,6
1579189635,1,12,6
1579189636,1,12,6
1579189637,1,12,6
1579189638,1,12,6
1579189639,0,-1,6
1579189640,1,12,6
1579189641,1,12,6
1579189642,1,12,6
1579189643,1,12,6
1579189644,1,12,6
1579189645,1,12,6
1579189646,1,12,6
1579189647,1,12,6
1579189648,1,12,6
1579189649,1,12,6
1579189650,1,12,6
1579189651,1,12,6
1579189652,1,12,6
1579189653,0,-1,6
1579189654,1,12,6
1579189655,1,12,6
1579189656,1,12,6
1579189657,1,12,6
1579189658,1,12,6
1579189659,1,12,6
1579189660,1,12,6
1579189661,1,12,6
1579189662,1,12,6
1579189663,1,12,6
1579189664,1,12,6
1579189665,1,12,6
1579189666,0,-1,6
1579189667,1,12,6
1579189668,1,12,6
1579189669,1,12,6
1579189670,1,12,6
1579189671,1,12,6
1579189672,0,-1,6
1579189673,1,12,6
1579189674,1,12,6
1579189675,1,12,6
1579189676,1,12,6
1579189677,1,12,6
1579189678,1,12,6
1579189679,0,-1,6
1579189680,1,12,6
1579189681,1,12,6
1579189682,1,12,6
1579189683,1,12,6
1579189684,1,12,6
1579189685,1,12,6
1579189686,0,-1,6
1579189687,1,12,6
1579189688,1,12,6
1579189689,1,12,6
1579189690,1,12,6
1579189691,1,12,6
1579189692,1,12,6
1579189693,0,-1,6
1579189694,1,12,6
1579189695,1,12,6
1579189696,1,12,6
1579189697,1,12,6
1579189698,1,12,6
1579189699,0,-1,6
1579189700,0,-1,6
1579189701,1,12,6
1579189702,1,12,6
1579189703,1,12,6
1579189704,1,12,6
1579189705,0,-1,6
1579189706,1,11,6
1579189707,1,11,6
1579189708,1,2,6
1579189709,1,2,6
1579189710,1,2,6
1579189711,1,2,6
1579189712,1,1,6
1579189713,0,-1,6
1579189714,1,1,6
1579189715,1,2,6
1579189716,1,2,6
1579189717,1,2,6
1579189718,1,2,6
1579189719,0,-1,6
1579189720,1,2,6
1579189721,1,2,6
1579189722,1,2,6
1579189723,1,2,6
1579189724,1,2,6
1579189725,1,2,6
1579189726,1,2,6
1579189727,0,-1,6
1579189728,1,2,6
1579189729,1,2,6
1579189730,1,2,6
1579189731,1,2,6
1579189732,1,2,6
1579189733,1,2,6
1579189734,0,-1,6
1579189735,1,2,6
1579189736,1,2,6
1579189737,1,2,6
1579189738,1,2,6
1579189739,1,2,6
1579189740,1,2,6
1579189741,1,2,6
1579189742,0,-1,6
1579189743,1,2,6
1579189744,1,2,6
1579189745,1,2,6
1579189746,1,2,6
1579189747,1,2,6
1579189748,1,2,6
1579189749,0,-1,6
1579189750,1,2,6
1579189751,1,2,6
1579189752,1,2,6
1579189753,1,2,6
1579189754,1,2,6
1579189755,1,2,6
1579189756,1,2,6
1579189757,1,2,6
1579189758,1,2,6
1579189759,1,2,6
1579189760,1,2,6
1579189761,1,2,6
1579189762,1,2,6
1579189763,1,2,6
1579189764,1,2,6
1579189765,1,2,6
1579189766,1,2,6
1579189767,1,2,6
1579189768,1,2,6
1579189769,0,-1,6
1579189770,1,2,6
1579189771,1,2,6
1579189772,1,2,6
1579189773,0,-1,6
1579189774,1,2,6
1579189775,1,2,6
1579189776,1,2,6
1579189777,1,2,6
1579189778,1,2,6
1579189779,1,2,6
1579189780,1,2,6
1579189781,0,-1,6
1579189782,1,2,6
1579189783,0,-1,6
1579189784,1,2,6
1579189785,1,2,6
1579189786,1,2,6
1579189787,1,2,6
1579189788,1,2,6
1579189789,0,-1,6
1579189790,1,2,6
1579189791,1,2,6
1579189792,1,2,6
1579189793,1,2,6
1579189794,1,2,6
1579189795,1,2,6
1579189796,0,-1,6
1579189797,0,-1,6
1579189798,1,2,6
1579189799,1,2,6
1579189800,1,2,6
1579189801,1,2,6
1579189802,1,2,6
1579189803,1,2,6
1579189804,0,-1,6
1579189805,1,13,6
1579189806,1,13,6
1579189807,1,13,6
1579189808,1,13,6
1579189809,1,13,6
1579189810,0,-1,6
1579189811,0,-1,6
1579189812,1,13,6
1579189813,1,13,6
1579189814,1,13,6
1579189815,1,13,6
1579189816,0,-1,6
1579189817,1,13,6
1579189818,1,13,6
1579189819,1,13,6
1579189820,1,13,6
1579189821,1,13,6
1579189822,1,13,6
1579189823,0,-1,6
1579189824,1,13,6
1579189825,1,13,6
1579189826,1,13,6
1579189827,1,13,6
1579189828,1,13,6
1579189829,1,13,6
1579189830,0,-1,6
1579189831,1,13,6
1579189832,1,13,6
1579189833,1,13,6
1579189834,1,13,6
1579189835,1,13,6
1579189836,0,-1,6
1579189837,1,13,6
1579189838,0,-1,6
1579189839,1,13,6
1579189840,1,13,6
1579189841,1,13,6
1579189842,0,-1,6
1579189843,1,13,6
1579189844,1,13,6
1579189845,1,13,6
1579189846,1,13,6
1579189847,1,13,6
1579189848,1,13,6
1579189849,0,-1,6
1579189850,1,13,6
1579189851,1,13,6
1579189852,0,-1,6
1579189853,1,13,6
1579189854,1,12,6
1579189855,0,-1,6
1579189856,1,11,6
1579189857,1,11,6
1579189858,1,11,6
1579189859,1,11,6
1579189860,1,11,6
1579189861,1,11,6
1579189862,1,13,6
1579189863,1,13,6
1579189864,1,11,6
1579189865,1,11,6
1579189866,1,11,6
1579189867,1,11,6
1579189868,1,11,6
1579189869,1,1,6
1579189870,1,1,6
1579189871,1,11,6
1579189872,1,11,6
1579189873,1,12,6
1579189874,0,-1,6
1579189875,1,13,6
1579189876,1,13,6
1579189877,1,13,6
1579189878,1,13,6
1579189879,1,13,6
1579189880,1,13,6
1579189881,0,-1,6
1579189882,1,13,6
1579189883,1,13,6
1579189884,1,13,6
1579189885,1,11,6
1579189886,1,11,6
1579189887,1,11,6
1579189888,0,-1,6
1579189889,1,11,6
1579189890,1,13,6
1579189891,1,13,6
1579189892,1,13,6
1579189893,0,13,6
1579189894,0,1,6
1579189895,0,-1,6
1579189896,1,1,6
1579189897,1,2,6
1579189898,0,-1,6
1579189899,1,2,6
1579189900,1,2,6
1579189901,1,2,6
1579189902,0,-1,6
1579189903,1,2,6
1579189904,1,2,6
1579189905,1,2,6
1579189906,1,2,6
1579189907,1,2,6
1579189908,1,2,6
1579189909,1,2,6
1579189910,1,2,6
1579189911,1,2,6
1579189912,1,2,6
1579189913,1,2,6
1579189914,1,2,6
1579189915,0,-1,6
1579189916,1,2,6
1579189917,1,2,6
1579189918,1,2,6
1579189919,1,2,6
1579189920,1,2,6
1579189921,1,2,6
1579189922,0,-1,6
1579189923,1,2,6
1579189924,1,2,6
1579189925,1,2,6
1579189926,1,2,6
1579189927,1,2,6
1579189928,0,-1,6
1579189929,1,2,6
1579189930,1,2,6
1579189931,1,2,6
1579189932,1,2,6
1579189933,1,2,6
1579189934,0,-1,6
1579189935,0,-1,6
1579189936,1,2,6
1579189937,1,2,6
1579189938,1,2,6
1579189939,1,2,6
1579189940,1,2,6
1579189941,0,-1,6
1579189942,1,2,6
1579189943,1,2,6
1579189944,1,2,6
1579189945,1,2,6
1579189946,1,2,6
1579189947,1,2,6
1579189948,0,-1,6
1579189949,0,-1,6
1579189950,1,2,6
1579189951,1,2,6
1579189952,1,2,6
1579189953,1,2,6
1579189954,1,2,6
1579189955,0,-1,6
1579189956,1,2,6
1579189957,1,2,6
1579189958,1,2,6
1579189959,1,2,6
1579189960,1,2,6
1579189961,0,-1,6
1579189962,1,2,6
1579189963,0,-1,6
1579189964,1,2,6
1579189965,1,2,6
1579189966,1,2,6
1579189967,1,2,6
1579189968,0,-1,6
1579189969,1,2,6
1579189970,1,2,6
1579189971,1,2,6
1579189972,1,2,6
1579189973,1,2,6
1579189974,1,2,6
1579189975,0,-1,6
1579189976,1,2,6
1579189977,0,-1,6
1579189978,1,2,6
1579189979,1,2,6
1579189980,1,2,6
1579189981,0,-1,6
1579189982,1,2,6
1579189983,1,2,6
1579189984,1,2,6
1579189985,1,2,6
1579189986,1,2,6
1579189987,1,2,6
1579189988,0,-1,6
1579189989,1,2,6
1579189990,1,2,6
1579189991,0,-1,6
1579189992,1,2,6
1579189993,1,2,6
1579189994,1,2,6
1579189995,0,-1,6
1579189996,1,2,6
1579189997,1,2,6
1579189998,1,2,6
1579189999,1,2,6
1579190000,1,2,6
1579190001,0,-1,6
1579190002,1,2,6
1579190003,1,2,6
1579190004,1,2,6
1579190005,1,2,6
1579190006,1,2,6
1579190007,1,2,6
1579190008,0,-1,6
1579190009,1,2,6
1579190010,1,2,6
1579190011,1,2,6
1579190012,1,2,6
1579190013,1,2,6
1579190014,1,2,6
1579190015,0,-1,6
1579190016,1,2,6
1579190017,1,2,6
1579190018,1,2,6
1579190019,1,2,6
1579190020,1,2,6
1579190021,1,2,6
1579190022,0,-1,6
1579190023,1,2,6
1579190024,1,2,6
1579190025,1,2,6
1579190026,1,2,6
1579190027,1,2,6
1579190028,0,-1,6
1579190029,1,2,6
1579190030,1,2,6
1579190031,1,2,6
1579190032,1,2,6
1579190033,1,2,6
1579190034,1,2,6
1579190035,0,-1,6
1579190036,1,2,6
1579190037,1,2,6
1579190038,1,2,6
1579190039,1,2,6
1579190040,1,2,6
1579190041,0,-1,6
1579190042,1,2,6
1579190043,1,2,6
1579190044,1,2,6
1579190045,1,3,6
1579190046,1,3,6
1579190047,0,-1,6
1579190048,1,3,6
1579190049,0,-1,6
1579190050,1,3,6
1579190051,1,3,6
1579190052,1,3,6
1579190053,1,3,6
1579190054,0,-1,6
1579190055,1,3,6
1579190056,1,3,6
1579190057,1,3,6
1579190058,1,3,6
1579190059,1,3,6
1579190060,0,-1,6
1579190061,1,3,6
1579190062,1,3,6
1579190063,0,-1,6
1579190064,1,3,6
1579190065,1,3,6
1579190066,1,3,6
1579190067,1,3,6
1579190068,1,3,6
1579190069,0,-1,6
1579190070,1,3,6
1579190071,1,3,6
1579190072,1,3,6
1579190073,1,3,6
1579190074,1,3,6
1579190075,1,3,6
1579190076,0,-1,6
1579190077,0,-1,6
1579190078,1,3,6
1579190079,1,3,6
1579190080,1,3,6
1579190081,1,3,6
1579190082,0,-1,6
1579190083,1,3,6
1579190084,1,3,6
1579190085,1,3,6
1579190086,1,3,6
1579190087,1,3,6
1579190088,1,3,6
1579190089,0,-1,6
1579190090,0,-1,6
1579190091,1,3,6
1579190092,1,3,6
1579190093,1,3,6
1579190094,1,3,6
1579190095,1,3,6
1579190096,0,-1,6
1579190097,1,3,6
1579190098,1,3,6
1579190099,1,3,6
1579190100,1,3,6
1579190101,1,3,6
1579190102,1,3,6
1579190103,0,-1,6
1579190104,0,-1,6
1579190105,1,3,6
1579190106,1,3,6
1579190107,1,3,6
1579190108,1,3,6
1579190109,0,-1,6
1579190110,1,3,6
1579190111,1,3,6
1579190112,1,3,6
1579190113,1,3,6
1579190114,1,3,6
1579190115,1,3,6
1579190116,0,-1,6
1579190117,1,3,6
1579190118,0,-1,6
1579190119,1,3,6
1579190120,1,3,6
1579190121,1,3,6
1579190122,0,-1,6
1579190123,1,3,6
1579190124,1,3,6
1579190125,1,3,6
1579190126,1,3,6
1579190127,1,3,6
1579190128,1,3,6
1579190129,0,-1,6
1579190130,1,3,6
1579190131,1,3,6
1579190132,1,1,6
1579190133,1,1,6
1579190134,1,1,6
1579190135,0,-1,6
1579190136,1,1,6
1579190137,1,1,6
1579190138,1,1,6
1579190139,1,1,6
1579190140,1,1,6
1579190141,1,1,6
1579190142,0,-1,6
1579190143,1,1,6
1579190144,1,1,6
1579190145,1,1,6
1579190146,1,1,6
1579190147,1,1,6
1579190148,1,1,6
1579190149,0,-1,6
1579190150,1,1,6
1579190151,1,1,6
1579190152,1,1,6
1579190153,1,1,6
1579190154,1,1,6
1579190155,1,1,6
1579190156,0,-1,6
1579190157,1,1,6
1579190158,1,1,6
1579190159,1,1,6
1579190160,1,1,6
1579190161,1,1,6
1579190162,1,1,6
1579190163,1,1,6
1579190164,1,1,6
1579190165,1,1,6
1579190166,1,1,6
1579190167,1,1,6
1579190168,1,1,6
1579190169,0,-1,6
1579190170,1,1,6
1579190171,1,1,6
1579190172,1,1,6
1579190173,1,1,6
1579190174,1,1,6
1579190175,1,1,6
1579190176,0,-1,6
1579190177,1,1,6
1579190178,1,1,6
1579190179,1,1,6
1579190180,1,1,6
1579190181,1,1,6
1579190182,0,-1,6
1579190183,1,1,6
1579190184,1,1,6
1579190185,1,1,6
1579190186,1,1,6
1579190187,1,1,6
1579190188,1,1,6
1579190189,1,1,6
1579190190,1,1,6
1579190191,1,1,6
1579190192,1,1,6
1579190193,1,1,6
1579190194,1,1,6
1579190195,0,-1,6
1579190196,1,1,6
1579190197,1,1,6
1579190198,1,1,6
1579190199,1,1,6
1579190200,1,1,6
1579190201,0,-1,6
1579190202,1,1,6
1579190203,1,1,6
1579190204,1,1,6
1579190205,1,1,6
1579190206,1,1,6
1579190207,1,1,6
1579190208,1,1,6
1579190209,0,-1,6
1579190210,1,1,6
1579190211,1,1,6
1579190212,1,1,6
1579190213,1,1,6
1579190214,1,1,6
1579190215,0,-1,6
1579190216,1,1,6
1579190217,1,1,6
1579190218,1,1,6
1579190219,1,1,6
1579190220,1,1,6
1579190221,1,1,6
1579190222,0,-1,6
1579190223,1,1,6
1579190224,1,1,6
1579190225,1,1,6
1579190226,1,1,6
1579190227,1,1,6
1579190228,0,-1,6
1579190229,1,1,6
1579190230,1,1,6
1579190231,1,1,6
1579190232,1,1,6
1579190233,1,1,6
1579190234,0,-1,6
1579190235,1,1,6
1579190236,1,1,6
1579190237,1,1,6
1579190238,1,1,6
1579190239,1,1,6
1579190240,1,1,6
1579190241,0,-1,6
1579190242,1,1,6
1579190243,0,-1,6
1579190244,1,1,6
1579190245,1,1,6
1579190246,1,1,6
1579190247,1,1,6
1579190248,0,-1,6
1579190249,1,1,6
1579190250,1,1,6
1579190251,1,1,6
1579190252,1,1,6
1579190253,1,1,6
1579190254,0,-1,6
1579190255,1,1,6
1579190256,1,1,6
1579190257,0,-1,6
1579190258,1,1,6
1579190259,1,1,6
1579190260,1,1,6
1579190261,0,-1,6
1579190262,1,1,6
1579190263,1,1,6
1579190264,1,1,6
1579190265,1,1,6
1579190266,1,1,6
1579190267,0,-1,6
1579190268,1,1,6
1579190269,1,1,6
1579190270,1,1,6
1579190271,0,-1,6
1579190272,1,1,6
1579190273,1,1,6
1579190274,0,-1,6
1579190275,1,1,6
1579190276,1,1,6
1579190277,1,1,6
1579190278,1,1,6
1579190279,1,1,6
1579190280,1,1,6
1579190281,0,-1,6
1579190282,1,1,6
1579190283,1,1,6
1579190284,1,1,6
1579190285,1,1,6
1579190286,1,1,6
1579190287,1,1,6
1579190288,0,-1,6
1579190289,1,1,6
1579190290,1,1,6
1579190291,1,1,6
1579190292,1,1,6
1579190293,1,1,6
1579190294,0,-1,6
1579190295,1,1,6
1579190296,1,1,6
1579190297,1,1,6
1579190298,1,1,6
1579190299,1,1,6
1579190300,1,1,6
1579190301,1,1,6
1579190302,1,1,6
1579190303,1,1,6
1579190304,1,1,6
1579190305,1,1,6
1579190306,1,1,6
1579190307,0,-1,6
1579190308,1,1,6
1579190309,1,1,6
1579190310,1,1,6
1579190311,1,1,6
1579190312,1,1,6
1579190313,0,-1,6
1579190314,1,1,6
1579190315,1,1,6
1579190316,1,1,6
1579190317,1,1,6
1579190318,1,1,6
1579190319,0,-1,6
1579190320,1,1,6
1579190321,1,1,6
1579190322,1,1,6
1579190323,1,1,6
1579190324,1,1,6
1579190325,1,1,6
1579190326,1,1,6
1579190327,0,-1,6
1579190328,1,1,6
1579190329,1,1,6
1579190330,1,1,6
1579190331,1,1,6
1579190332,0,-1,6
1579190333,1,1,6
1579190334,1,1,6
1579190335,1,1,6
1579190336,1,1,6
1579190337,1,1,6
1579190338,0,-1,6
1579190339,1,1,6
1579190340,1,1,6
1579190341,1,1,6
1579190342,1,1,6
1579190343,1,1,6
1579190344,1,1,6
1579190345,0,-1,6
1579190346,1,1,6
1579190347,1,1,6
1579190348,1,1,6
1579190349,1,1,6
1579190350,1,1,6
1579190351,1,1,6
1579190352,0,-1,6
1579190353,1,1,6
1579190354,0,-1,6
1579190355,1,1,6
1579190356,1,1,6
1579190357,1,1,6
1579190358,1,1,6
1579190359,0,-1,6
1579190360,1,1,6
1579190361,1,1,6
1579190362,1,1,6
1579190363,1,1,6
1579190364,1,1,6
1579190365,0,-1,6
1579190366,1,1,6
1579190367,1,1,6
1579190368,0,-1,6
1579190369,1,1,6
1579190370,1,1,6
1579190371,1,1,6
1579190372,0,-1,6
1579190373,1,3,6
1579190374,1,3,6
1579190375,1,3,6
1579190376,1,3,6
1579190377,1,3,6
1579190378,1,3,6
1579190379,0,-1,6
1579190380,1,3,6
1579190381,1,3,6
1579190382,0,-1,6
1579190383,1,3,6
1579190384,1,3,6
1579190385,0,-1,6
1579190386,1,3,6
1579190387,1,3,6
1579190388,1,3,6
1579190389,1,3,6
1579190390,1,3,6
1579190391,0,-1,6
1579190392,1,3,6
1579190393,1,3,6
1579190394,1,3,6
1579190395,1,3,6
1579190396,1,3,6
1579190397,1,3,6
1579190398,0,-1,6
1579190399,1,3,6
1579190400,1,3,6
1579190401,1,3,6
1579190402,1,3,6
1579190403,1,3,6
1579190404,1,3,6
1579190405,0,-1,6
1579190406,1,3,6
1579190407,1,3,6
1579190408,1,3,6
1579190409,1,3,6
1579190410,1,3,6
1579190411,0,-1,6
1579190412,1,3,6
1579190413,1,3,6
1579190414,1,3,6
1579190415,1,3,6
1579190416,1,3,6
1579190417,1,3,6
1579190418,0,-1,6
1579190419,1,3,6
1579190420,1,3,6
1579190421,1,3,6
1579190422,1,3,6
1579190423,1,3,6
1579190424,1,3,6
1579190425,0,-1,6
1579190426,1,3,6
1579190427,1,3,6
1579190428,1,3,6
1579190429,1,3,6
1579190430,1,3,6
1579190431,0,-1,6
1579190432,1,3,6
1579190433,1,3,6
1579190434,1,3,6
1579190435,1,3,6
1579190436,1,3,6
1579190437,1,3,6
1579190438,0,-1,6
1579190439,1,3,6
1579190440,0,-1,6
1579190441,1,3,6
1579190442,1,3,6
1579190443,1,3,6
1579190444,1,3,6
1579190445,0,-1,6
1579190446,1,3,6
1579190447,1,3,6
1579190448,1,1,6
1579190449,1,1,6
1579190450,1,1,6
1579190451,0,-1,6
1579190452,1,1,6
1579190453,1,1,6
1579190454,1,1,6
1579190455,1,1,6
1579190456,1,1,6
1579190457,0,-1,6
1579190458,1,1,6
1579190459,1,1,6
1579190460,1,1,6
1579190461,1,1,6
1579190462,1,1,6
1579190463,1,1,6
1579190464,0,-1,6
1579190465,1,1,6
1579190466,1,1,6
1579190467,0,-1,6
1579190468,1,1,6
1579190469,1,1,6
1579190470,1,1,6
1579190471,0,-1,6
1579190472,1,1,6
1579190473,1,1,6
1579190474,1,1,6
1579190475,1,1,6
1579190476,1,1,6
1579190477,1,1,6
1579190478,0,-1,6
1579190479,1,1,6
1579190480,1,1,6
1579190481,0,-1,6
1579190482,1,1,6
1579190483,1,1,6
1579190484,1,1,6
1579190485,0,-1,6
1579190486,1,1,6
1579190487,1,1,6
1579190488,1,1,6
1579190489,1,1,6
1579190490,1,1,6
1579190491,1,1,6
1579190492,1,1,6
1579197416,1,13,7
1579197417,1,13,7
1579197418,0,13,7
1579197419,1,13,7
1579197420,1,13,7
1579197421,0,-1,7
1579197422,1,13,7
1579197423,1,13,7
1579197424,1,13,7
1579197425,1,13,7
1579197426,1,13,7
1579197427,1,13,7
1579197428,1,13,7
1579197429,1,13,7
1579197430,0,-1,7
1579197431,1,13,7
1579197432,1,13,7
1579197433,1,13,7
1579197434,1,13,7
1579197435,1,13,7
1579197436,1,13,7
1579197437,0,-1,7
1579197438,1,13,7
1579197439,1,13,7
1579197440,1,13,7
1579197441,1,13,7
1579197442,1,13,7
1579197443,1,13,7
1579197444,1,13,7
1579197445,0,-1,7
1579197446,0,-1,7
1579197447,1,13,7
1579197448,1,13,7
1579197449,1,13,7
1579197450,1,13,7
1579197451,1,13,7
1579197452,1,13,7
1579197453,0,-1,7
1579197454,1,13,7
1579197455,1,13,7
1579197456,1,13,7
1579197457,1,13,7
1579197458,1,13,7
1579197459,1,13,7
1579197460,0,-1,7
1579197461,1,13,7
1579197462,1,13,7
1579197463,1,13,7
1579197464,1,13,7
1579197465,1,13,7
1579197466,1,13,7
1579197467,0,-1,7
1579197468,1,13,7
1579197469,1,13,7
1579197470,0,-1,7
1579197471,1,13,7
1579197472,1,13,7
1579197473,1,13,7
1579197474,1,13,7
1579197475,0,-1,7
1579197476,1,13,7
1579197477,1,13,7
1579197478,1,11,7
1579197479,1,11,7
1579197480,1,11,7
1579197481,1,11,7
1579197482,1,11,7
1579197483,1,13,7
1579197484,1,13,7
1579197485,1,13,7
1579197486,0,-1,7
1579197487,1,13,7
1579197488,0,-1,7
1579197489,1,13,7
1579197490,1,13,7
1579197491,1,13,7
1579197492,0,-1,7
1579197493,1,13,7
1579197494,1,13,7
1579197495,1,13,7
1579197496,1,13,7
1579197497,1,13,7
1579197498,1,13,7
1579197499,0,-1,7
1579197500,1,11,7
1579197501,1,11,7
1579197502,1,11,7
1579197503,1,11,7
1579197504,1,11,7
1579197505,0,-1,7
1579197506,1,11,7
1579197507,1,11,7
1579197508,1,11,7
1579197509,1,12,7
1579197510,1,12,7
1579197511,1,12,7
1579197512,0,-1,7
1579197513,1,12,7
1579197514,1,11,7
1579197515,1,11,7
1579197516,1,11,7
1579197517,1,11,7
1579197518,1,11,7
1579197519,1,11,7
1579197520,1,11,7
1579197521,1,11,7
1579197522,1,11,7
1579197523,1,11,7
1579197524,1,11,7
1579197525,1,12,7
1579197526,0,-1,7
1579197527,1,12,7
1579197528,1,12,7
1579197529,0,-1,7
1579197530,1,11,7
1579197531,1,11,7
1579197532,1,11,7
1579197533,0,-1,7
1579197534,1,12,7
1579197535,1,12,7
1579197536,1,12,7
1579197537,1,12,7
1579197538,1,12,7
1579197539,1,12,7
1579197540,1,12,7
1579197541,0,-1,7
1579197542,1,12,7
1579197543,1,12,7
1579197544,1,12,7
1579197545,1,12,7
1579197546,1,12,7
1579197547,1,12,7
1579197548,1,12,7
1579197549,0,-1,7
1579197550,1,12,7
1579197551,1,12,7
1579197552,1,12,7
1579197553,1,12,7
1579197554,1,12,7
1579197555,1,11,7
1579197556,0,-1,7
1579197557,1,11,7
1579197558,0,-1,7
1579197559,1,11,7
1579197560,1,11,7
1579197561,1,11,7
1579197562,1,11,7
1579197563,1,11,7
1579197564,0,-1,7
1579197565,1,11,7
1579197566,1,11,7
1579197567,1,11,7
1579197568,1,11,7
1579197569,1,3,7
1579197570,1,3,7
1579197571,1,3,7
1579197572,0,-1,7
1579197573,1,3,7
1579197574,1,3,7
1579197575,1,3,7
1579197576,1,3,7
1579197577,1,3,7
1579197578,0,-1,7
1579197579,1,11,7
1579197580,1,11,7
1579197581,1,3,7
1579197582,1,3,7
1579197583,1,3,7
1579197584,1,3,7
1579197585,1,13,7
1579197586,0,-1,7
1579197587,1,13,7
1579197588,1,13,7
1579197589,1,13,7
1579197590,1,13,7
1579197591,1,13,7
1579197592,0,-1,7
1579197593,1,13,7
1579197594,1,13,7
1579197595,1,13,7
1579197596,1,13,7
1579197597,1,13,7
1579197598,1,13,7
1579197599,0,-1,7
1579197600,1,13,7
1579197601,1,13,7
1579197602,1,12,7
1579197603,1,12,7
1579197604,0,-1,7
1579197605,1,12,7
1579197606,1,12,7
1579197607,1,12,7
1579197608,1,12,7
1579197609,1,12,7
1579197610,1,12,7
1579197611,0,-1,7
1579197612,1,13,7
1579197613,0,-1,7
1579197614,1,12,7
1579197615,1,12,7
1579197616,1,12,7
1579197617,0,-1,7
1579197618,1,12,7
1579197619,1,12,7
1579197620,1,12,7
1579197621,1,12,7
1579197622,1,12,7
1579197623,0,-1,7
1579197624,1,12,7
1579197625,1,12,7
1579197626,1,12,7
1579197627,0,-1,7
1579197628,1,12,7
1579197629,1,12,7
1579197630,0,-1,7
1579197631,1,12,7
1579197632,1,12,7
1579197633,1,12,7
1579197634,1,12,7
1579197635,1,12,7
1579197636,1,12,7
1579197637,0,-1,7
1579197638,1,12,7
1579197639,1,12,7
1579197640,1,12,7
1579197641,1,12,7
1579197642,1,12,7
1579197643,1,12,7
1579197644,0,-1,7
1579197645,0,12,7
1579197646,1,12,7
1579197647,1,12,7
1579197648,1,12,7
1579197649,1,11,7
1579197650,0,-1,7
1579197651,1,11,7
1579197652,1,11,7
1579197653,1,11,7
1579197654,1,11,7
1579197655,1,11,7
1579197656,1,11,7
1579197657,1,11,7
1579197658,1,11,7
1579197659,1,11,7
1579197660,1,11,7
1579197661,1,11,7
1579197662,1,11,7
1579197663,0,-1,7
1579197664,1,11,7
1579197665,1,11,7
1579197666,1,11,7
1579197667,1,11,7
1579197668,1,11,7
1579197669,0,-1,7
1579197670,1,11,7
1579197671,1,11,7
1579197672,1,11,7
1579197673,1,11,7
1579197674,1,11,7
1579197675,0,-1,7
1579197676,1,11,7
1579197677,1,11,7
1579197678,1,11,7
1579197679,1,11,7
1579197680,1,11,7
1579197681,0,-1,7
1579197682,1,11,7
1579197683,1,11,7
1579197684,1,11,7
1579197685,1,11,7
1579197686,1,11,7
1579197687,1,11,7
1579197688,0,-1,7
1579197689,1,11,7
1579197690,1,11,7
1579197691,1,11,7
1579197692,1,11,7
1579197693,0,-1,7
1579197694,1,11,7
1579197695,1,11,7
1579197696,0,-1,7
1579197697,1,11,7
1579197698,1,11,7
1579197699,1,11,7
1579197700,1,11,7
1579197701,1,11,7
1579197702,1,11,7
1579197703,1,11,7
1579197704,1,11,7
1579197705,0,-1,7
1579197706,1,11,7
1579197707,1,11,7
1579197708,1,11,7
1579197709,1,11,7
1579197710,1,11,7
1579197711,1,11,7
1579197712,1,11,7
1579197713,1,11,7
1579197714,0,-1,7
1579197715,1,11,7
1579197716,1,11,7
1579197717,1,11,7
1579197718,1,11,7
1579197719,1,11,7
1579197720,1,11,7
1579197721,1,11,7
1579197722,0,-1,7
1579197723,1,11,7
1579197724,1,11,7
1579197725,0,-1,7
1579197726,1,11,7
1579197727,1,11,7
1579197728,1,11,7
1579197729,0,-1,7
1579197730,1,11,7
1579197731,1,11,7
1579197732,1,11,7
1579197733,1,11,7
1579197734,1,11,7
1579197735,0,-1,7
1579197736,1,11,7
1579197737,1,11,7
1579197738,1,11,7
1579197739,1,11,7
1579197740,1,11,7
1579197741,1,11,7
1579197742,1,11,7
1579197743,0,-1,7
1579197744,1,11,7
1579197745,1,11,7
1579197746,1,11,7
1579197747,1,11,7
1579197748,1,11,7
1579197749,0,-1,7
1579197750,1,11,7
1579197751,1,11,7
1579197752,1,11,7
1579197753,1,11,7
1579197754,1,11,7
1579197755,0,-1,7
1579197756,1,11,7
1579197757,1,11,7
1579197758,1,11,7
1579197759,1,11,7
1579197760,1,11,7
1579197761,0,-1,7
1579197762,1,11,7
1579197763,1,11,7
1579197764,1,11,7
1579197765,1,11,7
1579197766,1,11,7
1579197767,1,11,7
1579197768,1,11,7
1579197769,1,11,7
1579197770,1,11,7
1579197771,1,11,7
1579197772,1,11,7
1579197773,1,11,7
1579197774,0,-1,7
1579197775,1,11,7
1579197776,1,11,7
1579197777,1,11,7
1579197778,1,11,7
1579197779,1,11,7
1579197780,0,-1,7
1579197781,1,11,7
1579197782,1,11,7
1579197783,1,11,7
1579197784,1,11,7
1579197785,1,11,7
1579197786,1,11,7
1579197787,0,-1,7
1579197788,1,11,7
1579197789,1,11,7
1579197790,1,11,7
1579197791,1,11,7
1579197792,1,11,7
1579197793,0,-1,7
1579197794,0,-1,7
1579197795,1,4,7
1579197796,1,4,7
1579197797,1,4,7
1579197798,1,4,7
1579197799,1,4,7
1579197800,0,-1,7
1579197801,1,4,7
1579197802,1,4,7
1579197803,1,2,7
1579197804,1,2,7
1579197805,1,2,7
1579197806,1,2,7
1579197807,1,2,7
1579197808,0,-1,7
1579197809,1,2,7
1579197810,1,2,7
1579197811,1,2,7
1579197812,1,2,7
1579197813,1,2,7
1579197814,0,-1,7
1579197815,1,2,7
1579197816,0,-1,7
1579197817,1,2,7
1579197818,1,2,7
1579197819,1,2,7
1579197820,1,2,7
1579197821,0,-1,7
1579197822,0,-1,7
1579197823,1,2,7
1579197824,1,2,7
1579197825,1,13,7
1579197826,1,13,7
1579197827,1,13,7
1579197828,0,-1,7
1579197829,1,2,7
1579197830,1,2,7
1579197831,1,3,7
1579197832,1,3,7
1579197833,1,3,7
1579197834,1,3,7
1579197835,0,-1,7
1579197836,0,-1,7
1579197837,1,3,7
1579197838,1,3,7
1579197839,1,3,7
1579197840,1,3,7
1579197841,1,3,7
1579197842,1,3,7
1579197843,0,-1,7
1579197844,1,3,7
1579197845,1,3,7
1579197846,0,-1,7
1579197847,1,3,7
1579197848,1,3,7
1579197849,1,13,7
1579197850,1,13,7
1579197851,0,-1,7
1579197852,1,13,7
1579197853,1,13,7
1579197854,1,13,7
1579197855,1,13,7
1579197856,1,13,7
1579197857,1,13,7
1579197858,1,13,7
1579197859,0,-1,7
1579197860,1,13,7
1579197861,1,13,7
1579197862,1,13,7
1579197863,1,13,7
1579197864,1,13,7
1579197865,1,13,7
1579197866,1,13,7
1579197867,1,13,7
1579197868,1,13,7
1579197869,1,13,7
1579197870,1,13,7
1579197871,1,13,7
1579197872,1,3,7
1579197873,1,3,7
1579197874,0,-1,7
1579197875,1,3,7
1579197876,1,3,7
1579197877,1,3,7
1579197878,1,3,7
1579197879,1,13,7
1579197880,1,13,7
1579197881,0,-1,7
1579197882,1,13,7
1579197883,1,13,7
1579197884,1,13,7
1579197885,1,13,7
1579197886,1,3,7
1579197887,1,3,7
1579197888,1,3,7
1579197889,0,-1,7
1579197890,1,3,7
1579197891,0,-1,7
1579197892,1,3,7
1579197893,1,3,7
1579197894,1,3,7
1579197895,1,3,7
1579197896,1,3,7
1579197897,0,-1,7
1579197898,1,3,7
1579197899,1,3,7
1579197900,1,13,7
1579197901,1,13,7
1579197902,1,13,7
1579197903,0,-1,7
1579197904,1,13,7
1579197905,0,-1,7
1579197906,1,13,7
1579197907,1,13,7
1579197908,1,13,7
1579197909,1,13,7
1579197910,0,-1,7
1579197911,1,13,7
1579197912,1,13,7
1579197913,1,13,7
1579197914,1,3,7
1579197915,1,3,7
1579197916,0,-1,7
1579197917,1,3,7
1579197918,1,3,7
1579197919,0,-1,7
1579197920,1,3,7
1579197921,1,3,7
1579197922,1,3,7
1579197923,1,3,7
1579197924,0,-1,7
1579197925,1,3,7
1579197926,1,3,7
1579197927,1,3,7
1579197928,0,3,7
1579197929,0,3,7
1579197930,0,3,7
1579197931,0,-1,7
1579197932,0,-1,7
1579197933,0,3,7
1579197934,0,3,7
1579197935,1,3,7
1579197936,1,12,7
1579197937,0,-1,7
1579197938,1,12,7
1579197939,1,11,7
1579197940,1,11,7
1579197941,1,3,7
1579197942,1,3,7
1579197943,1,3,7
1579197944,1,12,7
1579197945,1,12,7
1579197946,1,12,7
1579197947,0,-1,7
1579197948,1,12,7
1579197949,1,12,7
1579197950,1,12,7
1579197951,1,12,7
1579197952,1,12,7
1579197953,1,12,7
1579197954,1,12,7
1579197955,1,12,7
1579197956,0,-1,7
1579197957,1,12,7
1579197958,1,12,7
1579197959,1,12,7
1579197960,1,12,7
1579197961,0,-1,7
1579197962,1,12,7
1579197963,1,12,7
1579197964,1,12,7
1579197965,1,12,7
1579197966,1,12,7
1579197967,1,12,7
1579197968,1,12,7
1579197969,1,12,7
1579197970,0,-1,7
1579197971,1,12,7
1579197972,1,12,7
1579197973,1,12,7
1579197974,1,12,7
1579197975,1,12,7
1579197976,0,-1,7
1579197977,1,12,7
1579197978,1,12,7
1579197979,1,12,7
1579197980,1,12,7
1579197981,1,12,7
1579197982,0,-1,7
1579197983,1,12,7
1579197984,1,12,7
1579197985,1,12,7
1579197986,1,12,7
1579197987,1,12,7
1579197988,0,-1,7
1579197989,1,12,7
1579197990,1,12,7
1579197991,1,12,7
1579197992,1,12,7
1579197993,1,12,7
1579197994,1,12,7
1579197995,0,-1,7
1579197996,1,12,7
1579197997,1,12,7
1579197998,1,12,7
1579197999,1,12,7
1579198000,1,12,7
1579198001,0,-1,7
1579198002,1,12,7
1579198003,0,-1,7
1579198004,1,12,7
1579198005,1,12,7
1579198006,1,12,7
1579198007,1,12,7
1579198008,0,-1,7
1579198009,1,12,7
1579198010,1,12,7
1579198011,1,12,7
1579198012,1,12,7
1579198013,1,12,7
1579198014,0,-1,7
1579198015,1,12,7
1579198016,1,12,7
1579198017,1,12,7
1579198018,1,12,7
1579198019,1,12,7
1579198020,1,12,7
1579198021,0,-1,7
1579198022,1,12,7
1579198023,1,12,7
1579198024,1,12,7
1579198025,1,12,7
1579198026,1,12,7
1579198027,0,-1,7
1579198028,1,12,7
1579198029,1,12,7
1579198030,1,12,7
1579198031,1,12,7
1579198032,1,12,7
1579198033,1,12,7
1579198034,1,12,7
1579198035,1,12,7
1579198036,1,12,7
1579198037,1,12,7
1579198038,1,12,7
1579198039,1,12,7
1579198040,0,-1,7
1579198041,1,12,7
1579198042,1,12,7
1579198043,1,11,7
1579198044,1,11,7
1579198045,1,11,7
1579198046,1,11,7
1579198047,0,-1,7
1579198048,1,12,7
1579198049,1,12,7
1579198050,1,12,7
1579198051,1,12,7
1579198052,1,12,7
1579198053,1,12,7
1579198054,0,-1,7
1579198055,1,12,7
1579198056,1,12,7
1579198057,1,11,7
1579198058,0,-1,7
1579198059,1,12,7
1579198060,1,12,7
1579198061,0,-1,7
1579198062,1,12,7
1579198063,1,12,7
1579198064,1,12,7
1579198065,1,11,7
1579198066,1,11,7
1579198067,1,11,7
1579198068,0,-1,7
1579198069,1,11,7
1579198070,1,11,7
1579198071,1,11,7
1579198072,0,-1,7
1579198073,1,11,7
1579198074,1,11,7
1579198075,1,11,7
1579198076,1,11,7
1579198077,1,11,7
1579198078,1,11,7
1579198079,1,11,7
1579198080,1,11,7
1579198081,0,-1,7
1579198082,1,11,7
1579198083,1,11,7
1579198084,1,11,7
1579198085,1,11,7
1579198086,1,11,7
1579198087,1,11,7
1579198088,1,11,7
1579198089,1,11,7
1579198090,1,11,7
1579198091,1,11,7
1579198092,1,11,7
1579198093,1,11,7
1579198094,1,11,7
1579198095,1,11,7
1579198096,1,11,7
1579198097,1,11,7
1579198098,1,11,7
1579198099,1,11,7
1579198100,1,12,7
1579198101,1,12,7
1579198102,1,12,7
1579198103,0,-1,7
1579198104,1,12,7
1579198105,1,12,7
1579198106,1,12,7
1579198107,1,12,7
1579198108,1,12,7
1579198109,1,12,7
1579198110,0,-1,7
1579198111,1,12,7
1579198112,1,12,7
1579198113,1,12,7
1579198114,1,12,7
1579198115,1,12,7
1579198116,1,12,7
1579198117,0,-1,7
1579198118,1,12,7
1579198119,1,12,7
1579198120,1,12,7
1579198121,1,12,7
1579198122,1,12,7
1579198123,1,1,7
1579198124,1,1,7
1579198125,1,1,7
1579198126,0,-1,7
1579198127,1,1,7
1579198128,1,1,7
1579198129,1,1,7
1579198130,1,1,7
1579198131,1,1,7
1579198132,1,1,7
1579198133,0,-1,7
1579198134,1,1,7
1579198135,1,1,7
1579198136,1,1,7
1579198137,1,1,7
1579198138,1,1,7
1579198139,1,1,7
1579198140,1,1,7
1579198141,0,-1,7
1579198142,1,1,7
1579198143,1,1,7
1579198144,1,1,7
1579198145,1,1,7
1579198146,1,1,7
1579198147,1,1,7
1579198148,0,-1,7
1579198149,1,1,7
1579198150,1,1,7
1579198151,1,1,7
1579198152,1,1,7
1579198153,1,1,7
1579198154,1,1,7
1579198155,1,2,7
1579198156,0,-1,7
1579198157,1,2,7
1579198158,1,2,7
1579198159,0,-1,7
1579198160,1,2,7
1579198161,1,2,7
1579198162,1,2,7
1579198163,1,2,7
1579198164,0,-1,7
1579198165,1,2,7
1579198166,0,-1,7
1579198167,1,2,7
1579198168,1,2,7
1579198169,1,13,7
1579198170,1,13,7
1579198171,1,13,7
1579198172,1,13,7
1579198173,1,13,7
1579198174,1,13,7
1579198175,1,13,7
1579198176,1,13,7
1579198177,1,13,7
1579198178,0,-1,7
1579198179,1,2,7
1579198180,1,2,7
1579198181,1,2,7
1579198182,1,2,7
1579198183,1,2,7
1579198184,1,2,7
1579198185,1,2,7
1579198186,1,2,7
1579198187,1,2,7
1579198188,1,2,7
1579198189,1,2,7
1579198190,1,13,7
1579198191,1,13,7
1579198192,1,13,7
1579198193,0,-1,7
1579198194,1,13,7
1579198195,1,13,7
1579198196,1,13,7
1579198197,1,13,7
1579198198,1,13,7
1579198199,1,13,7
1579198200,1,13,7
1579198201,1,13,7
1579198202,1,13,7
1579198203,1,13,7
1579198204,1,13,7
1579198205,1,13,7
1579198206,0,-1,7
1579198207,1,13,7
1579198208,1,13,7
1579198209,1,13,7
1579198210,1,13,7
1579198211,1,13,7
1579198212,1,13,7
1579198213,1,13,7
1579198214,1,13,7
1579198215,1,13,7
1579198216,1,13,7
1579198217,1,13,7
1579198218,1,13,7
1579198219,0,-1,7
1579198220,1,13,7
1579198221,1,13,7
1579198222,1,13,7
1579198223,1,13,7
1579198224,1,13,7
1579198225,0,-1,7
1579198226,1,13,7
1579198227,1,13,7
1579198228,1,13,7
1579198229,1,13,7
1579198230,1,13,7
1579198231,1,13,7
1579198232,0,-1,7
1579198233,1,13,7
1579198234,1,13,7
1579198235,1,13,7
1579198236,1,13,7
1579198237,1,13,7
1579198238,1,13,7
1579198239,0,-1,7
1579198240,1,13,7
1579198241,1,13,7
1579198242,1,13,7
1579198243,1,13,7
1579198244,1,13,7
1579198245,0,-1,7
1579198246,1,13,7
1579198247,1,13,7
1579198248,1,13,7
1579198249,1,13,7
1579198250,1,13,7
1579198251,0,-1,7
1579198252,0,-1,7
1579198253,1,13,7
1579198254,1,13,7
1579198255,1,13,7
1579198256,1,13,7
1579198257,1,13,7
1579198258,0,-1,7
1579198259,1,13,7
1579198260,1,13,7
1579198261,1,13,7
1579198262,1,13,7
1579198263,1,13,7
1579198264,0,-1,7
1579198265,1,13,7
1579198266,0,-1,7
1579198267,1,13,7
1579198268,1,13,7
1579198269,1,13,7
1579198270,0,-1,7
1579198271,1,13,7
1579198272,1,13,7
1579198273,1,13,7
1579198274,1,13,7
1579198275,1,13,7
1579198276,1,13,7
1579198277,0,-1,7
1579198278,1,13,7
1579198279,1,13,7
1579198280,0,-1,7
1579198281,1,13,7
1579198282,1,13,7
1579198283,0,-1,7
1579198284,1,13,7
1579198285,1,13,7
1579198286,1,13,7
1579198287,1,13,7
1579198288,1,13,7
1579198289,0,-1,7
1579198290,1,13,7
1579198291,1,13,7
1579198292,1,13,7
1579198293,1,13,7
1579198294,1,13,7
1579198295,1,13,7
1579198296,1,13,7
1579198297,1,13,7
1579198298,1,13,7
1579198299,1,13,7
1579198300,1,13,7
1579198301,1,13,7
1579198302,0,-1,7
1579198303,1,13,7
1579198304,1,13,7
1579198305,1,13,7
1579198306,1,13,7
1579198307,1,13,7
1579198308,1,13,7
1579198309,0,-1,7
1579198310,1,13,7
1579198311,1,13,7
1579198312,1,13,7
1579198313,1,13,7
1579198314,1,13,7
1579198315,0,-1,7
1579198316,1,13,7
1579198317,1,13,7
1579198318,1,3,7
1579198319,1,3,7
1579198320,1,3,7
1579198321,0,-1,7
1579198322,0,-1,7
1579198323,1,3,7
1579198324,1,3,7
1579198325,1,3,7
1579198326,1,3,7
1579198327,1,3,7
1579198328,0,-1,7
1579198329,1,3,7
1579198330,1,3,7
1579198331,1,3,7
1579198332,1,3,7
1579198333,1,3,7
1579198334,0,-1,7
1579198335,0,-1,7
1579198336,1,3,7
1579198337,1,3,7
1579198338,1,3,7
1579198339,1,3,7
1579198340,1,3,7
1579198341,1,3,7
1579198342,0,-1,7
1579198343,1,3,7
1579198344,1,3,7
1579198345,1,3,7
1579198346,1,3,7
1579198347,1,3,7
1579198348,0,-1,7
1579198349,0,-1,7
1579198350,1,3,7
1579198351,1,3,7
1579198352,1,3,7
1579198353,1,3,7
1579198354,1,3,7
1579198355,0,-1,7
1579198356,1,3,7
1579198357,1,3,7
1579198358,1,3,7
1579198359,1,3,7
1579198360,1,3,7
1579198361,0,-1,7
1579198362,1,3,7
1579198363,1,3,7
1579198364,1,3,7
1579198365,1,3,7
1579198366,1,3,7
1579198367,1,3,7
1579198368,0,-1,7
1579198369,1,3,7
1579198370,1,3,7
1579198371,1,3,7
1579198372,1,3,7
1579198373,1,3,7
1579198374,0,-1,7
1579198375,1,1,7
1579198376,1,1,7
1579198377,0,-1,7
1579198378,1,1,7
1579198379,1,6,7
1579198380,1,12,7
1579198381,1,12,7
1579198382,1,12,7
1579198383,1,12,7
1579198384,1,2,7
1579198385,1,2,7
1579198386,0,-1,7
1579198387,1,2,7
1579198388,1,2,7
1579198389,1,2,7
1579198390,1,2,7
1579198391,1,2,7
1579198392,0,-1,7
1579198393,1,2,7
1579198394,1,2,7
1579198395,1,2,7
1579198396,1,2,7
1579198397,1,2,7
1579198398,1,2,7
1579198399,0,-1,7
1579198400,1,2,7
1579198401,1,2,7
1579198402,1,2,7
1579198403,1,2,7
1579198404,1,2,7
1579198405,0,-1,7
1579198406,0,-1,7
1579198407,1,2,7
1579198408,1,2,7
1579198409,1,2,7
1579198410,1,2,7
1579198411,1,2,7
1579198412,0,-1,7
1579198413,1,2,7
1579198414,1,2,7
1579198415,1,2,7
1579198416,1,2,7
1579198417,1,12,7
1579198418,1,12,7
1579198419,0,-1,7
1579198420,1,12,7
1579198421,1,12,7
1579198422,1,12,7
1579198423,1,12,7
1579198424,1,2,7
1579198425,0,-1,7
1579198426,1,2,7
1579198427,1,1,7
1579198428,1,1,7
1579198429,1,1,7
1579198430,1,1,7
1579198431,1,1,7
1579198432,0,-1,7
1579198433,1,1,7
1579198434,1,2,7
1579198435,1,2,7
1579198436,1,2,7
1579198437,1,2,7
1579198438,1,2,7
1579198439,0,-1,7
1579198440,1,2,7
1579198441,1,2,7
1579198442,1,2,7
1579198443,1,2,7
1579198444,1,2,7
1579198445,0,-1,7
1579198446,1,2,7
1579198447,0,-1,7
1579198448,1,2,7
1579198449,1,2,7
1579198450,1,2,7
1579198451,1,2,7
1579198452,0,-1,7
1579198453,1,2,7
1579198454,1,2,7
1579198455,1,2,7
1579198456,1,2,7
1579198457,1,2,7
1579198458,0,-1,7
1579198459,1,2,7
1579198460,1,2,7
1579198461,0,-1,7
1579198462,1,2,7
1579198463,1,2,7
1579198464,0,-1,7
1579198465,1,2,7
1579198466,1,2,7
1579198467,1,2,7
1579198468,1,2,7
1579198469,1,2,7
1579198470,0,-1,7
1579198471,1,2,7
1579198472,1,2,7
1579198473,1,2,7
1579198474,1,2,7
1579198475,1,2,7
1579198476,1,2,7
1579198477,1,2,7
1579198478,1,2,7
1579198479,0,-1,7
1579198480,1,2,7
1579198481,1,2,7
1579198482,1,2,7
1579198483,0,-1,7
1579198484,1,2,7
1579198485,1,2,7
1579198486,1,2,7
1579198487,1,2,7
1579198488,1,2,7
1579198489,1,2,7
1579198490,0,-1,7
1579198491,1,2,7
1579198492,1,2,7
1579198493,1,2,7
1579198494,1,2,7
1579198495,1,2,7
1579198496,1,2,7
1579198497,0,-1,7
1579198498,1,2,7
1579198499,1,2,7
1579198500,1,2,7
1579198501,1,2,7
1579198502,1,1,7
1579198503,0,-1,7
1579198504,1,1,7
1579198505,1,1,7
1579198506,1,1,7
1579198507,1,13,7
1579198508,1,13,7
1579198509,0,-1,7
1579198510,1,12,7
1579198511,1,12,7
1579198512,1,12,7
1579198513,1,12,7
1579198514,1,12,7
1579198515,1,12,7
1579198516,0,-1,7
1579198517,0,-1,7
1579198518,1,12,7
1579198519,1,12,7
1579198520,1,12,7
1579198521,1,12,7
1579198522,1,12,7
1579198523,0,-1,7
1579198524,1,12,7
1579198525,1,12,7
1579198526,1,12,7
1579198527,1,12,7
1579198528,1,12,7
1579198529,1,12,7
1579198530,0,-1,7
1579198531,1,12,7
1579198532,1,12,7
1579198533,1,12,7
1579198534,1,12,7
1579198535,1,12,7
1579198536,1,12,7
1579198537,1,12,7
1579198538,1,12,7
1579198539,1,12,7
1579198540,1,12,7
1579198541,1,12,7
1579198542,1,12,7
1579198543,1,12,7
1579198544,1,12,7
1579198545,1,12,7
1579198546,1,12,7
1579198547,1,12,7
1579198548,1,12,7
1579198549,1,1,7
1579198550,1,1,7
1579198551,1,1,7
1579198552,1,1,7
1579198553,1,1,7
1579198554,0,-1,7
1579198555,1,1,7
1579198556,1,1,7
1579198557,1,1,7
1579198558,1,1,7
1579198559,1,1,7
1579198560,1,1,7
1579198561,0,-1,7
1579198562,0,1,7
1579198563,1,1,7
1579198564,1,1,7
1579198565,1,1,7
1579198566,1,1,7
1579198567,1,1,7
1579198568,0,-1,7
1579198569,1,1,7
1579198570,1,1,7
1579198571,1,1,7
1579198572,0,-1,7
1579198573,1,1,7
1579198574,1,1,7
1579198575,1,1,7
1579198576,0,-1,7
1579198577,1,1,7
1579198578,1,1,7
1579198579,1,13,7
1579198580,1,13,7
1579198581,1,13,7
1579198582,1,13,7
1579198583,0,-1,7
1579198584,1,13,7
1579198585,1,13,7
1579198586,0,-1,7
1579198587,1,13,7
1579198588,1,13,7
1579198589,1,13,7
1579198590,1,13,7
1579198591,1,13,7
1579198592,1,13,7
1579198593,1,13,7
1579198594,1,13,7
1579198595,1,13,7
1579198596,0,-1,7
1579198597,1,13,7
1579198598,1,13,7
1579198599,1,13,7
1579198600,0,-1,7
1579198601,1,13,7
1579198602,1,13,7
1579198603,1,13,7
1579198604,0,-1,7
1579198605,1,13,7
1579198606,1,13,7
1579198607,1,3,7
1579198608,1,3,7
1579198609,1,13,7
1579198610,1,13,7
1579198611,0,-1,7
1579198612,1,13,7
1579198613,1,13,7
1579198614,0,-1,7
1579198615,1,13,7
1579198616,1,13,7
1579198617,1,13,7
1579198618,1,13,7
1579198619,0,-1,7
1579198620,1,13,7
1579198621,1,13,7
1579198622,1,13,7
1579198623,1,13,7
1579198624,1,13,7
1579198625,1,13,7
1579198626,0,-1,7
1579198627,1,13,7
1579198628,0,-1,7
1579198629,1,13,7
1579198630,1,13,7
1579198631,1,13,7
1579198632,1,13,7
1579198633,1,13,7
1579198634,0,-1,7
1579198635,1,13,7
1579198636,1,13,7
1579198637,1,13,7
1579198638,1,13,7
1579198639,1,3,7
1579198640,1,3,7
1579198641,1,3,7
1579198642,1,3,7
1579198643,1,3,7
1579198644,1,3,7
1579198645,1,3,7
1579198646,1,3,7
1579198647,1,3,7
1579198648,1,3,7
1579198649,1,3,7
1579198650,1,3,7
1579198651,1,3,7
1579198652,1,3,7
1579198653,1,3,7
1579198654,1,3,7
1579198655,1,3,7
1579198656,1,3,7
1579198657,1,3,7
1579198658,1,3,7
1579198659,1,3,7
1579198660,1,3,7
1579198661,1,3,7
1579198662,1,3,7
1579198663,1,3,7
1579198664,1,3,7
1579198665,0,-1,7
1579198666,1,3,7
1579198667,1,3,7
1579198668,1,3,7
1579198669,1,3,7
1579198670,1,3,7
1579198671,1,11,7
1579198672,1,11,7
1579198673,0,-1,7
1579198674,1,11,7
1579198675,1,11,7
1579198676,1,11,7
1579198677,1,11,7
1579198678,1,11,7
1579198679,1,11,7
1579198680,1,11,7
1579198681,1,1,7
1579198682,1,1,7
1579198683,1,1,7
1579198684,1,1,7
1579198685,1,1,7
1579198686,1,1,7
1579198687,1,1,7
1579198688,1,1,7
1579198689,1,1,7
1579198690,1,1,7
1579198691,1,1,7
1579198692,1,1,7
1579198693,1,1,7
1579198694,1,1,7
1579198695,1,1,7
1579198696,1,1,7
1579198697,1,1,7
1579198698,0,-1,7
1579198699,1,1,7
1579198700,1,1,7
1579198701,1,1,7
1579198702,1,1,7
1579198703,1,1,7
1579198704,1,1,7
1579198705,1,1,7
1579198706,1,1,7
1579198707,1,1,7
1579198708,1,1,7
1579198709,1,1,7
1579198710,1,1,7
1579198711,1,1,7
1579198712,1,1,7
1579198713,1,1,7
1579198714,1,1,7
1579198715,1,1,7
1579198716,1,1,7
1579198717,1,1,7
1579198718,1,1,7
1579198719,0,-1,7
1579198720,1,1,7
1579198721,1,1,7
1579198722,1,1,7
1579198723,1,1,7
1579198724,1,1,7
1579198725,0,-1,7
1579198726,0,-1,7
1579198727,1,1,7
1579198728,1,1,7
1579198729,1,1,7
1579198730,1,1,7
1579198731,1,1,7
1579198732,1,1,7
1579198733,1,1,7
1579198734,0,-1,7
1579198735,1,1,7
1579198736,1,2,7
1579198737,1,2,7
1579198738,1,2,7
1579198739,0,-1,7
1579198740,1,2,7
1579198741,1,2,7
1579198742,1,2,7
1579198743,1,2,7
1579198744,1,2,7
1579198745,1,2,7
1579198746,1,2,7
1579198747,1,2,7
1579198748,0,-1,7
1579198749,1,2,7
1579198750,1,2,7
1579198751,1,2,7
1579198752,1,2,7
1579198753,0,-1,7
1579198754,1,2,7
1579198755,1,2,7
1579198756,0,-1,7
1579198757,1,2,7
1579198758,1,2,7
1579198759,1,2,7
1579198760,1,2,7
1579198761,1,2,7
1579198762,1,2,7
1579198763,1,2,7
1579198764,0,-1,7
1579198765,1,2,7
1579198766,1,2,7
1579198767,0,-1,7
1579198768,1,2,7
1579198769,1,2,7
1579198770,1,2,7
1579198771,1,2,7
1579198772,0,-1,7
1579198773,1,2,7
1579198774,1,2,7
1579198775,1,2,7
1579198776,1,2,7
1579198777,1,2,7
1579198778,1,2,7
1579198779,0,-1,7
1579198780,1,2,7
1579198781,0,-1,7
1579198782,1,2,7
1579198783,1,2,7
1579198784,1,2,7
1579198785,1,13,7
1579198786,0,-1,7
1579198787,1,13,7
1579198788,1,13,7
1579198789,1,13,7
1579198790,1,13,7
1579198791,1,13,7
1579198792,1,13,7
1579198793,0,-1,7
1579198794,1,13,7
1579198795,0,-1,7
1579198796,1,13,7
1579198797,1,13,7
1579198798,1,13,7
1579198799,1,13,7
1579198800,1,13,7
1579198801,0,-1,7
1579198802,1,13,7
1579198803,1,13,7
1579198804,1,13,7
1579198805,1,13,7
1579198806,1,13,7
1579198807,1,13,7
1579198808,0,-1,7
1579198809,1,13,7
1579198810,1,13,7
1579198811,1,13,7
1579198812,1,13,7
1579198813,1,13,7
1579198814,1,13,7
1579198815,0,-1,7
1579198816,1,13,7
1579198817,1,13,7
1579198818,1,13,7
1579198819,1,13,7
1579198820,1,13,7
1579198821,0,-1,7
1579198822,1,13,7
1579198823,1,13,7
1579198824,1,13,7
1579198825,1,13,7
1579198826,1,13,7
1579198827,1,13,7
1579198828,0,-1,7
1579198829,1,13,7
1579198830,1,13,7
1579198831,1,13,7
1579198832,1,13,7
1579198833,1,13,7
1579198834,0,-1,7
1579198835,1,13,7
1579198836,1,13,7
1579198837,1,13,7
1579198838,1,13,7
1579198839,1,13,7
1579198840,1,13,7
1579198841,0,-1,7
1579198842,1,13,7
1579198843,1,13,7
1579198844,1,13,7
1579198845,1,13,7
1579198846,1,13,7
1579198847,1,13,7
1579198848,0,-1,7
1579198849,1,13,7
1579198850,0,-1,7
1579198851,1,13,7
1579198852,1,13,7
1579198853,1,13,7
1579198854,1,13,7
1579198855,0,-1,7
1579198856,1,13,7
1579198857,1,13,7
1579198858,1,13,7
1579198859,1,13,7
1579198860,1,13,7
1579198861,0,-1,7
1579198862,1,13,7
1579198863,1,13,7
1579198864,0,-1,7
1579198865,1,13,7
1579198866,1,13,7
1579198867,0,-1,7
1579198868,1,13,7
1579198869,1,13,7
1579198870,1,13,7
1579198871,1,13,7
1579198872,1,13,7
1579198873,1,13,7
1579198874,0,-1,7
1579198875,1,13,7
1579198876,1,13,7
1579198877,1,13,7
1579198878,1,13,7
1579198879,1,13,7
1579198880,1,13,7
1579198881,0,-1,7
1579198882,1,13,7
1579198883,1,13,7
1579198884,1,13,7
1579198885,1,13,7
1579198886,1,13,7
1579198887,1,13,7
1579198888,0,-1,7
1579198889,1,13,7
1579198890,1,13,7
1579198891,1,13,7
1579198892,1,13,7
1579198893,1,13,7
1579198894,1,13,7
1579198895,1,13,7
1579198896,0,-1,7
1579198897,1,13,7
1579198898,1,13,7
1579198899,1,13,7
1579198900,1,13,7
1579198901,1,13,7
1579198902,1,13,7
1579198903,0,-1,7
1579198904,1,13,7
1579198905,1,13,7
1579198906,1,13,7
1579198907,1,13,7
1579198908,1,13,7
1579198909,0,-1,7
1579198910,1,13,7
1579198911,1,13,7
1579198912,1,13,7
1579198913,1,13,7
1579198914,1,13,7
1579198915,0,-1,7
1579198916,1,13,7
1579198917,1,13,7
1579198918,1,13,7
1579198919,0,-1,7
1579198920,1,13,7
1579198921,1,13,7
1579198922,0,-1,7
1579198923,1,13,7
1579198924,1,13,7
1579198925,1,13,7
1579198926,1,13,7
1579198927,1,13,7
1579198928,1,13,7
1579198929,0,-1,7
1579198930,1,13,7
1579198931,1,13,7
1579198932,0,-1,7
1579198933,0,-1,7
1579198934,1,13,7
1579198935,1,13,7
1579198936,0,-1,7
1579198937,1,13,7
1579198938,1,11,7
1579198939,1,11,7
1579198940,1,11,7
1579198941,1,11,7
1579198942,1,11,7
1579198943,1,11,7
1579198944,1,11,7
1579198945,0,-1,7
1579198946,1,11,7
1579198947,1,11,7
1579198948,1,11,7
1579198949,1,11,7
1579198950,1,11,7
1579198951,1,11,7
1579198952,1,11,7
1579198953,1,11,7
1579198954,0,-1,7
1579198955,1,11,7
1579198956,1,11,7
1579198957,1,11,7
1579198958,0,11,7
1579198959,1,11,7
1579198960,1,11,7
1579198961,0,-1,7
1579198962,1,11,7
1579198963,1,11,7
1579198964,1,11,7
1579198965,1,11,7
1579198966,1,11,7
1579198967,1,11,7
1579198968,0,-1,7
1579198969,1,11,7
1579198970,1,11,7
1579198971,1,11,7
1579198972,1,11,7
1579198973,1,11,7
1579198974,1,11,7
1579198975,0,-1,7
1579198976,1,11,7
1579198977,1,11,7
1579198978,1,11,7
1579198979,1,11,7
1579198980,1,11,7
1579198981,1,11,7
1579198982,0,-1,7
1579198983,1,11,7
1579198984,1,11,7
1579198985,1,11,7
1579198986,1,11,7
1579198987,1,11,7
1579198988,0,-1,7
1579198989,0,-1,7
1579198990,1,11,7
1579198991,1,11,7
1579198992,1,11,7
1579198993,1,11,7
1579198994,1,11,7
1579198995,0,-1,7
1579198996,1,11,7
1579198997,1,11,7
1579198998,1,11,7
1579198999,1,11,7
1579199000,1,11,7
1579199001,1,11,7
1579199002,0,-1,7
1579199003,0,-1,7
1579199004,1,11,7
1579199005,1,11,7
1579199006,1,11,7
1579199007,1,11,7
1579199008,0,-1,7
1579199009,1,11,7
1579199010,1,11,7
1579199011,1,11,7
1579199012,1,11,7
1579199013,1,11,7
1579199014,1,11,7
1579199015,0,-1,7
1579199016,1,11,7
1579199017,1,11,7
1579199018,1,11,7
1579199019,1,11,7
1579199020,1,11,7
1579199021,1,11,7
1579199022,1,11,7
1579199023,0,-1,7
1579199024,1,11,7
1579199025,1,11,7
1579199026,1,11,7
1579199027,1,11,7
1579199028,1,11,7
1579199029,1,11,7
1579199030,0,-1,7
1579199031,1,11,7
1579199032,1,11,7
1579199033,1,11,7
1579199034,1,11,7
1579199035,1,11,7
1579199036,1,11,7
1579199037,0,-1,7
1579199038,1,11,7
1579199039,1,11,7
1579199040,1,11,7
1579199041,1,11,7
1579199042,1,11,7
1579199043,1,11,7
1579199044,0,-1,7
1579199045,1,11,7
1579199046,1,11,7
1579199047,1,11,7
1579199048,1,11,7
1579199049,1,11,7
1579199050,1,11,7
1579199051,1,11,7
1579199052,1,11,7
1579199053,1,11,7
1579199054,1,11,7
1579199055,1,11,7
1579199056,1,11,7
1579199057,1,11,7
1579199058,1,11,7
1579199059,1,11,7
1579199060,1,11,7
1579199061,1,11,7
1579199062,1,11,7
1579199063,1,11,7
1579199064,1,11,7
1579199065,1,11,7
1579199066,1,11,7
1579199067,1,12,7
1579199068,0,-1,7
1579199069,1,12,7
1579199070,1,12,7
1579199071,1,12,7
1579199072,1,12,7
1579199073,1,12,7
1579199074,1,12,7
1579199075,1,12,7
1579199076,1,12,7
1579199077,1,12,7
1579199078,1,12,7
1579199079,1,12,7
1579199080,1,12,7
1579199081,1,12,7
1579199082,1,12,7
1579199083,1,12,7
1579199084,0,-1,7
1579199085,1,12,7
1579199086,0,-1,7
1579199087,1,12,7
1579199088,1,12,7
1579199089,1,12,7
1579199090,1,12,7
1579199091,0,-1,7
1579199092,1,12,7
1579199093,1,12,7
1579199094,1,12,7
1579199095,1,12,7
1579199096,1,12,7
1579199097,1,12,7
1579199098,0,-1,7
1579199099,1,12,7
1579199100,1,11,7
1579199101,1,11,7
1579199102,1,11,7
1579199103,1,11,7
1579199104,1,11,7
1579199105,0,-1,7
1579199106,1,11,7
1579199107,1,11,7
1579199108,1,11,7
1579199109,1,11,7
1579199110,1,11,7
1579199111,1,11,7
1579199112,1,11,7
1579199113,1,11,7
1579199114,0,-1,7
1579199115,1,11,7
1579199116,1,12,7
1579199117,1,12,7
1579199118,1,11,7
1579199119,1,11,7
1579199120,0,-1,7
1579199121,1,12,7
1579199122,1,12,7
1579199123,1,11,7
1579199124,1,11,7
1579199125,1,11,7
1579199126,0,-1,7
1579199127,0,-1,7
1579199128,1,11,7
1579199129,1,11,7
1579199130,1,11,7
1579199131,1,11,7
1579199132,1,11,7
1579199133,1,11,7
1579199134,0,-1,7
1579199135,1,11,7
1579199136,1,11,7
1579199137,1,11,7
1579199138,1,11,7
1579199139,1,11,7
1579199140,1,11,7
1579199141,0,-1,7
1579199142,1,11,7
1579199143,1,11,7
1579199144,1,11,7
1579199145,1,11,7
1579199146,1,11,7
1579199147,0,-1,7
1579199148,1,11,7
1579199149,1,11,7
1579199150,1,11,7
1579199151,1,11,7
1579199152,1,11,7
1579199153,1,11,7
1579199154,0,-1,7
1579199155,0,-1,7
1579199156,1,11,7
1579199157,1,11,7
1579199158,1,11,7
1579199159,1,11,7
1579199160,1,11,7
1579199161,0,-1,7
1579199162,1,11,7
1579199163,1,11,7
1579199164,1,11,7
1579199165,1,11,7
1579199166,1,11,7
1579199167,1,11,7
1579199168,1,11,7
1579199169,1,11,7
1579199170,1,11,7
1579199171,1,11,7
1579199172,1,11,7
1579199173,1,11,7
1579199174,0,-1,7
1579199175,1,12,7
1579199176,1,12,7
1579199177,1,11,7
1579199178,1,11,7
1579199179,1,12,7
1579199180,1,12,7
1579199181,0,-1,7
1579199182,1,12,7
1579199183,0,-1,7
1579199184,1,12,7
1579199185,1,12,7
1579199186,1,12,7
1579199187,1,12,7
1579199188,0,-1,7
1579199189,1,12,7
1579199190,1,12,7
1579199191,1,11,7
1579199192,1,11,7
1579199193,1,12,7
1579199194,1,12,7
1579199195,0,-1,7
1579199196,1,12,7
1579199197,1,12,7
1579199198,1,11,7
1579199199,1,11,7
1579199200,1,11,7
1579199201,1,11,7
1579199202,1,11,7
1579199203,0,-1,7
1579199204,1,11,7
1579199205,1,11,7
1579199206,1,11,7
1579199207,1,11,7
1579199208,1,11,7
1579199209,1,11,7
1579199210,0,-1,7
1579199211,0,-1,7
1579199212,1,11,7
1579199213,1,11,7
1579199214,1,11,7
1579199215,1,11,7
1579199216,1,11,7
1579199217,0,-1,7
1579199218,1,11,7
1579199219,1,11,7
1579199220,1,11,7
1579199221,1,11,7
1579199222,1,11,7
1579199223,1,11,7
1579199224,0,-1,7
1579199225,0,-1,7
1579199226,1,11,7
1579199227,1,11,7
1579199228,1,11,7
1579199229,1,11,7
1579199230,1,11,7
1579199231,0,-1,7
1579199232,1,11,7
1579199233,1,11,7
1579199234,1,11,7
1579199235,1,11,7
1579199236,1,11,7
1579199237,1,11,7
1579199238,0,-1,7
1579199239,1,11,7
1579199240,1,11,7
1579205403,1,11,8
1579205404,1,11,8
1579205405,1,11,8
1579205406,1,11,8
1579205407,1,11,8
1579205408,0,-1,8
1579205409,1,11,8
1579205410,1,11,8
1579205411,1,11,8
1579205412,1,11,8
1579205413,1,11,8
1579205414,1,11,8
1579205415,1,11,8
1579205416,1,11,8
1579205417,1,11,8
1579205418,1,11,8
1579205419,1,11,8
1579205420,0,-1,8
1579205421,1,11,8
1579205422,1,11,8
1579205423,1,11,8
1579205424,1,11,8
1579205425,1,11,8
1579205426,1,11,8
1579205427,1,11,8
1579205428,0,-1,8
1579205429,1,11,8
1579205430,1,11,8
1579205431,1,11,8
1579205432,1,11,8
1579205433,1,11,8
1579205434,1,11,8
1579205435,1,11,8
1579205436,1,11,8
1579205437,0,-1,8
1579205438,1,11,8
1579205439,1,11,8
1579205440,1,12,8
1579205441,1,12,8
1579205442,1,11,8
1579205443,1,11,8
1579205444,1,11,8
1579205445,1,11,8
1579205446,0,-1,8
1579205447,0,-1,8
1579205448,1,11,8
1579205449,1,11,8
1579205450,1,12,8
1579205451,1,11,8
1579205452,1,11,8
1579205453,1,11,8
1579205454,1,11,8
1579205455,0,-1,8
1579205456,1,12,8
1579205457,1,12,8
1579205458,1,12,8
1579205459,1,12,8
1579205460,1,12,8
1579205461,1,12,8
1579205462,1,12,8
1579205463,1,12,8
1579205464,1,12,8
1579205465,0,-1,8
1579205466,1,12,8
1579205467,1,11,8
1579205468,1,11,8
1579205469,1,11,8
1579205470,1,11,8
1579205471,1,11,8
1579205472,1,11,8
1579205473,1,11,8
1579205474,1,11,8
1579205475,1,11,8
1579205476,1,11,8
1579205477,1,11,8
1579205478,1,11,8
1579205479,1,11,8
1579205480,1,11,8
1579205481,1,11,8
1579205482,1,11,8
1579205483,0,-1,8
1579205484,1,11,8
1579205485,1,11,8
1579205486,1,11,8
1579205487,1,11,8
1579205488,0,-1,8
1579205489,1,11,8
1579205490,1,11,8
1579205491,1,11,8
1579205492,0,-1,8
1579205493,1,11,8
1579205494,1,11,8
1579205495,1,11,8
1579205496,1,11,8
1579205497,1,11,8
1579205498,1,11,8
1579205499,1,11,8
1579205500,1,11,8
1579205501,1,11,8
1579205502,0,-1,8
1579205503,1,11,8
1579205504,1,11,8
1579205505,1,11,8
1579205506,1,11,8
1579205507,1,11,8
1579205508,1,11,8
1579205509,1,11,8
1579205510,1,11,8
1579205511,1,11,8
1579205512,1,11,8
1579205513,0,-1,8
1579205514,1,11,8
1579205515,1,11,8
1579205516,0,-1,8
1579205517,1,11,8
1579205518,1,11,8
1579205519,1,11,8
1579205520,1,11,8
1579205521,1,11,8
1579205522,1,11,8
1579205523,0,-1,8
1579205524,1,11,8
1579205525,1,11,8
1579205526,1,11,8
1579205527,1,11,8
1579205528,1,11,8
1579205529,1,11,8
1579205530,1,11,8
1579205531,1,11,8
1579205532,1,11,8
1579205533,0,-1,8
1579205534,1,11,8
1579205535,1,11,8
1579205536,1,11,8
1579205537,1,11,8
1579205538,1,11,8
1579205539,1,11,8
1579205540,1,11,8
1579205541,1,11,8
1579205542,1,11,8
1579205543,0,-1,8
1579205544,0,-1,8
1579205545,1,11,8
1579205546,1,11,8
1579205547,1,11,8
1579205548,1,11,8
1579205549,1,11,8
1579205550,1,11,8
1579205551,1,11,8
1579205552,1,11,8
1579205553,1,11,8
1579205554,0,-1,8
1579205555,1,11,8
1579205556,1,11,8
1579205557,1,11,8
1579205558,1,11,8
1579205559,1,11,8
1579205560,1,11,8
1579205561,1,11,8
1579205562,0,-1,8
1579205563,1,11,8
1579205564,1,11,8
1579205565,1,11,8
1579205566,1,11,8
1579205567,1,11,8
1579205568,1,11,8
1579205569,1,11,8
1579205570,1,11,8
1579205571,1,11,8
1579205572,1,11,8
1579205573,1,11,8
1579205574,0,-1,8
1579205575,1,11,8
1579205576,1,11,8
1579205577,1,11,8
1579205578,1,11,8
1579205579,1,11,8
1579205580,1,11,8
1579205581,1,11,8
1579205582,1,11,8
1579205583,1,11,8
1579205584,0,-1,8
1579205585,1,11,8
1579205586,1,11,8
1579205587,1,11,8
1579205588,1,11,8
1579205589,1,11,8
1579205590,1,11,8
1579205591,1,11,8
1579205592,1,11,8
1579205593,1,11,8
1579205594,0,-1,8
1579205595,1,11,8
1579205596,1,11,8
1579205597,1,11,8
1579205598,1,11,8
1579205599,1,11,8
1579205600,1,11,8
1579205601,1,11,8
1579205602,1,11,8
1579205603,0,-1,8
1579205604,1,11,8
1579205605,1,11,8
1579205606,1,11,8
1579205607,1,11,8
1579205608,1,11,8
1579205609,1,11,8
1579205610,1,11,8
1579205611,1,11,8
1579205612,0,-1,8
1579205613,0,-1,8
1579205614,1,11,8
1579205615,1,11,8
1579205616,1,11,8
1579205617,1,11,8
1579205618,1,11,8
1579205619,1,11,8
1579205620,1,11,8
1579205621,0,-1,8
1579205622,1,11,8
1579205623,1,12,8
1579205624,1,12,8
1579205625,1,12,8
1579205626,1,12,8
1579205627,1,12,8
1579205628,1,12,8
1579205629,1,11,8
1579205630,0,-1,8
1579205631,1,11,8
1579205632,1,11,8
1579205633,1,11,8
1579205634,1,11,8
1579205635,1,11,8
1579205636,1,11,8
1579205637,1,11,8
1579205638,1,11,8
1579205639,1,11,8
1579205640,0,-1,8
1579205641,1,12,8
1579205642,1,12,8
1579205643,1,12,8
1579205644,1,12,8
1579205645,1,12,8
1579205646,1,12,8
1579205647,1,12,8
1579205648,1,12,8
1579205649,0,-1,8
1579205650,1,12,8
1579205651,1,12,8
1579205652,1,12,8
1579205653,1,12,8
1579205654,0,-1,8
1579205655,1,12,8
1579205656,1,12,8
1579205657,1,12,8
1579205658,0,-1,8
1579205659,1,12,8
1579205660,1,12,8
1579205661,1,12,8
1579205662,1,12,8
1579205663,1,12,8
1579205664,1,12,8
1579205665,1,12,8
1579205666,1,12,8
1579205667,0,-1,8
1579205668,0,-1,8
1579205669,1,12,8
1579205670,1,12,8
1579205671,1,12,8
1579205672,1,12,8
1579205673,1,12,8
1579205674,1,12,8
1579205675,1,12,8
1579205676,1,12,8
1579205677,1,12,8
1579205678,0,-1,8
1579205679,1,12,8
1579205680,1,12,8
1579205681,1,12,8
1579205682,1,12,8
1579205683,1,12,8
1579205684,1,12,8
1579205685,1,12,8
1579205686,1,12,8
1579205687,1,12,8
1579205688,1,12,8
1579205689,1,12,8
1579205690,1,12,8
1579205691,1,12,8
1579205692,1,12,8
1579205693,1,12,8
1579205694,0,-1,8
1579205695,1,12,8
1579205696,1,12,8
1579205697,1,12,8
1579205698,1,12,8
1579205699,1,12,8
1579205700,1,12,8
1579205701,1,12,8
1579205702,1,12,8
1579205703,1,12,8
1579205704,0,-1,8
1579205705,1,12,8
1579205706,1,12,8
1579205707,1,12,8
1579205708,1,12,8
1579205709,0,-1,8
1579205710,1,12,8
1579205711,1,12,8
1579205712,1,12,8
1579205713,0,12,8
1579205714,0,-1,8
1579205715,1,12,8
1579205716,1,12,8
1579205717,1,12,8
1579205718,1,12,8
1579205719,1,12,8
1579205720,1,12,8
1579205721,1,12,8
1579205722,0,-1,8
1579205723,0,-1,8
1579205724,1,12,8
1579205725,1,12,8
1579205726,1,12,8
1579205727,1,11,8
1579205728,1,11,8
1579205729,1,11,8
1579205730,1,11,8
1579205731,1,11,8
1579205732,1,11,8
1579205733,1,11,8
1579205734,0,-1,8
1579205735,1,11,8
1579205736,1,12,8
1579205737,1,12,8
1579205738,1,11,8
1579205739,1,11,8
1579205740,1,11,8
1579205741,1,11,8
1579205742,1,11,8
1579205743,1,11,8
1579205744,1,11,8
1579205745,0,-1,8
1579205746,1,11,8
1579205747,1,11,8
1579205748,1,11,8
1579205749,1,11,8
1579205750,1,11,8
1579205751,1,11,8
1579205752,1,11,8
1579205753,1,11,8
1579205754,0,-1,8
1579205755,1,11,8
1579205756,1,11,8
1579205757,1,11,8
1579205758,1,11,8
1579205759,1,11,8
1579205760,1,11,8
1579205761,1,11,8
1579205762,1,11,8
1579205763,1,11,8
1579205764,1,11,8
1579205765,1,11,8
1579205766,1,11,8
1579205767,1,11,8
1579205768,1,11,8
1579205769,1,11,8
1579205770,1,11,8
1579205771,1,11,8
1579205772,1,11,8
1579205773,1,11,8
1579205774,1,11,8
1579205775,1,11,8
1579205776,1,11,8
1579205777,0,-1,8
1579205778,0,-1,8
1579205779,1,11,8
1579205780,1,11,8
1579205781,1,11,8
1579205782,1,11,8
1579205783,1,11,8
1579205784,1,11,8
1579205785,0,11,8
1579205786,0,11,8
1579205787,0,-1,8
1579205788,0,11,8
1579205789,0,11,8
1581627804,1,12,9
1581627805,1,12,9
1581627806,1,12,9
1581627807,0,12,9
1581627808,0,12,9
1581627809,1,12,9
1581627810,1,12,9
1581627811,0,-1,9
1581627812,1,12,9
1581627813,1,12,9
1581627814,1,12,9
1581627815,1,12,9
1581627816,1,12,9
1581627817,1,12,9
1581627818,0,-1,9
1581627819,1,12,9
1581627820,1,12,9
1581627821,0,-1,9
1581627822,1,12,9
1581627823,1,12,9
1581627824,0,-1,9
1581627825,1,12,9
1581627826,1,12,9
1581627827,1,12,9
1581627828,1,12,9
1581627829,1,12,9
1581627830,1,12,9
1581627831,0,-1,9
1581627832,1,12,9
1581627833,1,12,9
1581627834,1,12,9
1581627835,0,-1,9
1581627836,1,12,9
1581627837,1,12,9
1581627838,0,-1,9
1581627839,1,12,9
1581627840,1,12,9
1581627841,1,12,9
1581627842,1,12,9
1581627843,1,12,9
1581627844,1,12,9
1581627845,0,-1,9
1581627846,1,12,9
1581627847,1,12,9
1581627848,1,12,9
1581627849,1,12,9
1581627850,1,12,9
1581627851,1,12,9
1581627852,0,-1,9
1581627853,1,12,9
1581627854,1,12,9
1581627855,1,12,9
1581627856,1,12,9
1581627857,1,12,9
1581627858,0,-1,9
1581627859,1,12,9
1581627860,1,12,9
1581627861,1,12,9
1581627862,1,12,9
1581627863,1,12,9
1581627864,1,12,9
1581627865,1,12,9
1581627866,1,12,9
1581627867,1,12,9
1581627868,1,12,9
1581627869,1,12,9
1581627870,1,12,9
1581627871,0,-1,9
1581627872,1,12,9
1581627873,1,12,9
1581627874,1,12,9
1581627875,1,12,9
1581627876,1,12,9
1581627877,1,12,9
1581627878,1,12,9
1581627879,1,12,9
1581627880,1,12,9
1581627881,1,12,9
1581627882,1,12,9
1581627883,1,12,9
1581627884,1,12,9
1581627885,0,-1,9
1581627886,1,12,9
1581627887,1,12,9
1581627888,1,12,9
1581627889,1,12,9
1581627890,0,-1,9
1581627891,1,12,9
1581627892,1,12,9
1581627893,1,12,9
1581627894,1,12,9
1581627895,1,12,9
1581627896,1,12,9
1581627897,1,12,9
1581627898,1,12,9
1581627899,0,-1,9
1581627900,1,12,9
1581627901,1,12,9
1581627902,1,12,9
1581627903,1,12,9
1581627904,1,12,9
1581627905,0,-1,9
1581627906,1,12,9
1581627907,1,12,9
1581627908,1,12,9
1581627909,1,12,9
1581627910,1,12,9
1581627911,1,12,9
1581627912,0,-1,9
1581627913,1,12,9
1581627914,1,12,9
1581627915,1,12,9
1581627916,1,12,9
1581627917,1,12,9
1581627918,1,12,9
1581627919,0,-1,9
1581627920,1,12,9
1581627921,1,12,9
1581627922,1,12,9
1581627923,1,12,9
1581627924,1,12,9
1581627925,1,12,9
1581627926,0,-1,9
1581627927,1,12,9
1581627928,1,12,9
1581627929,1,12,9
1581627930,1,12,9
1581627931,1,12,9
1581627932,0,-1,9
1581627933,1,12,9
1581627934,1,12,9
1581627935,1,12,9
1581627936,1,12,9
1581627937,1,12,9
1581627938,1,12,9
1581627939,0,-1,9
1581627940,1,12,9
1581627941,1,12,9
1581627942,1,12,9
1581627943,1,12,9
1581627944,1,12,9
1581627945,0,-1,9
1581627946,0,-1,9
1581627947,1,12,9
1581627948,1,12,9
1581627949,1,12,9
1581627950,1,12,9
1581627951,1,12,9
1581627952,0,-1,9
1581627953,1,12,9
1581627954,1,12,9
1581627955,1,12,9
1581627956,1,12,9
1581627957,1,12,9
1581627958,0,-1,9
1581627959,1,12,9
1581627960,0,-1,9
1581627961,1,12,9
1581627962,1,12,9
1581627963,1,12,9
1581627964,1,12,9
1581627965,0,-1,9
1581627966,1,12,9
1581627967,1,12,9
1581627968,1,12,9
1581627969,1,12,9
1581627970,1,12,9
1581627971,1,12,9
1581627972,0,-1,9
1581627973,1,12,9
1581627974,0,-1,9
1581627975,1,12,9
1581627976,1,12,9
1581627977,1,12,9
1581627978,0,-1,9
1581627979,1,12,9
1581627980,1,12,9
1581627981,1,12,9
1581627982,1,12,9
1581627983,0,-1,9
1581627984,1,12,9
1581627985,1,13,9
1581627986,1,13,9
1581627987,1,13,9
1581627988,1,13,9
1581627989,1,13,9
1581627990,1,13,9
1581627991,1,13,9
1581627992,1,13,9
1581627993,1,13,9
1581627994,1,13,9
1581627995,1,13,9
1581627996,1,13,9
1581627997,1,13,9
1581627998,1,13,9
1581627999,1,13,9
1581628000,1,13,9
1581628001,1,13,9
1581628002,1,13,9
1581628003,1,13,9
1581628004,1,13,9
1581628005,1,13,9
1581628006,1,13,9
1581628007,1,13,9
1581628008,1,13,9
1581628009,1,13,9
1581628010,0,-1,9
1581628011,1,13,9
1581628012,1,13,9
1581628013,1,13,9
1581628014,1,13,9
1581628015,1,13,9
1581628016,1,13,9
1581628017,1,13,9
1581628018,1,13,9
1581628019,1,13,9
1581628020,1,13,9
1581628021,1,13,9
1581628022,1,13,9
1581628023,0,-1,9
1581628024,1,13,9
1581628025,1,13,9
1581628026,1,13,9
1581628027,1,13,9
1581628028,1,13,9
1581628029,1,13,9
1581628030,1,13,9
1581628031,1,13,9
1581628032,1,13,9
1581628033,1,13,9
1581628034,1,13,9
1581628035,1,13,9
1581628036,1,13,9
1581628037,0,-1,9
1581628038,1,13,9
1581628039,1,13,9
1581628040,1,13,9
1581628041,1,13,9
1581628042,1,13,9
1581628043,0,-1,9
1581628044,1,13,9
1581628045,1,13,9
1581628046,1,13,9
1581628047,1,13,9
1581628048,1,13,9
1581628049,1,13,9
1581628050,1,13,9
1581628051,0,-1,9
1581628052,1,13,9
1581628053,1,13,9
1581628054,1,13,9
1581628055,1,13,9
1581628056,1,13,9
1581628057,0,-1,9
1581628058,1,13,9
1581628059,1,13,9
1581628060,1,13,9
1581628061,1,13,9
1581628062,1,13,9
1581628063,1,13,9
1581628064,0,-1,9
1581628065,1,13,9
1581628066,1,13,9
1581628067,1,13,9
1581628068,1,13,9
1581628069,1,13,9
1581628070,0,-1,9
1581628071,1,13,9
1581628072,1,13,9
1581628073,1,13,9
1581628074,1,13,9
1581628075,1,13,9
1581628076,1,13,9
1581628077,0,-1,9
1581628078,1,13,9
1581628079,1,13,9
1581628080,1,13,9
1581628081,1,13,9
1581628082,1,13,9
1581628083,0,-1,9
1581628084,1,13,9
1581628085,0,-1,9
1581628086,1,13,9
1581628087,1,13,9
1581628088,1,13,9
1581628089,1,13,9
1581628090,0,-1,9
1581628091,1,13,9
1581628092,1,13,9
1581628093,1,13,9
1581628094,1,13,9
1581628095,1,13,9
1581628096,0,-1,9
1581628097,1,13,9
1581628098,1,13,9
1581628099,0,-1,9
1581628100,1,13,9
1581628101,1,13,9
1581628102,0,-1,9
1581628103,1,13,9
1581628104,1,13,9
1581628105,1,13,9
1581628106,1,13,9
1581628107,1,13,9
1581628108,1,13,9
1581628109,0,-1,9
1581628110,1,13,9
1581628111,1,13,9
1581628112,1,13,9
1581628113,1,13,9
1581628114,1,13,9
1581628115,1,13,9
1581628116,1,13,9
1581628117,1,13,9
1581628118,1,13,9
1581628119,1,13,9
1581628120,1,13,9
1581628121,1,13,9
1581628122,0,-1,9
1581628123,1,13,9
1581628124,1,13,9
1581628125,1,13,9
1581628126,1,13,9
1581628127,1,13,9
1581628128,1,13,9
1581628129,0,-1,9
1581628130,1,13,9
1581628131,1,13,9
1581628132,1,13,9
1581628133,1,13,9
1581628134,0,-1,9
1581628135,1,13,9
1581628136,1,13,9
1581628137,1,13,9
1581628138,1,13,9
1581628139,1,13,9
1581628140,1,13,9
1581628141,0,-1,9
1581628142,1,13,9
1581628143,1,13,9
1581628144,1,13,9
1581628145,1,13,9
1581628146,1,13,9
1581628147,1,13,9
1581628148,0,-1,9
1581628149,1,13,9
1581628150,1,13,9
1581628151,1,13,9
1581628152,1,13,9
1581628153,1,13,9
1581628154,0,-1,9
1581628155,1,13,9
1581628156,1,13,9
1581628157,1,13,9
1581628158,1,13,9
1581628159,1,13,9
1581628160,1,13,9
1581628161,0,-1,9
1581628162,1,13,9
1581628163,1,13,9
1581628164,1,13,9
1581628165,1,13,9
1581628166,1,13,9
1581628167,0,-1,9
1581628168,0,-1,9
1581628169,1,13,9
1581628170,1,13,9
1581628171,1,13,9
1581628172,1,13,9
1581628173,1,13,9
1581628174,0,-1,9
1581628175,1,13,9
1581628176,1,13,9
1581628177,1,13,9
1581628178,1,13,9
1581628179,1,13,9
1581628180,0,-1,9
1581628181,1,13,9
1581628182,1,13,9
1581628183,1,13,9
1581628184,1,13,9
1581628185,1,13,9
1581628186,0,-1,9
1581628187,1,13,9
1581628188,1,13,9
1581628189,1,13,9
1581628190,1,13,9
1581628191,1,13,9
1581628192,1,13,9
1581628193,0,-1,9
1581628194,1,13,9
1581628195,1,13,9
1581628196,0,-1,9
1581628197,1,13,9
1581628198,1,13,9
1581628199,0,-1,9
1581628200,1,13,9
1581628201,1,13,9
1581628202,1,13,9
1581628203,1,13,9
1581628204,1,13,9
1581628205,1,13,9
1581628206,0,-1,9
1581628207,1,13,9
1581628208,1,13,9
1581628209,1,13,9
1581628210,1,13,9
1581628211,1,13,9
1581628212,1,13,9
1581628213,1,13,9
1581628214,1,13,9
1581628215,1,13,9
1581628216,1,13,9
1581628217,1,13,9
1581628218,0,-1,9
1581628219,1,13,9
1581628220,1,13,9
1581628221,1,13,9
1581628222,1,13,9
1581628223,1,13,9
1581628224,1,13,9
1581628225,0,-1,9
1581628226,1,13,9
1581628227,1,13,9
1581628228,1,13,9
1581628229,1,13,9
1581628230,1,13,9
1581628231,0,-1,9
1581628232,1,13,9
1581628233,1,13,9
1581628234,1,13,9
1581628235,1,13,9
1581628236,1,13,9
1581628237,1,13,9
1581628238,0,-1,9
1581628239,1,13,9
1581628240,1,13,9
1581628241,1,13,9
1581628242,1,13,9
1581628243,1,13,9
1581628244,1,13,9
1581628245,0,-1,9
1581628246,1,13,9
1581628247,1,13,9
1581628248,1,13,9
1581628249,1,13,9
1581628250,1,13,9
1581628251,0,-1,9
1581628252,1,13,9
1581628253,1,13,9
1581628254,1,13,9
1581628255,1,13,9
1581628256,1,13,9
1581628257,0,-1,9
1581628258,1,13,9
1581628259,1,13,9
1581628260,1,13,9
1581628261,1,13,9
1581628262,1,13,9
1581628263,1,13,9
1581628264,0,-1,9
1581628265,0,-1,9
1581628266,1,13,9
1581628267,1,13,9
1581628268,1,13,9
1581628269,1,13,9
1581628270,0,-1,9
1581628271,1,13,9
1581628272,1,13,9
1581628273,1,13,9
1581628274,1,13,9
1581628275,1,13,9
1581628276,1,13,9
1581628277,0,-1,9
1581628278,1,13,9
1581628279,0,-1,9
1581628280,1,13,9
1581628281,1,13,9
1581628282,1,13,9
1581628283,1,13,9
1581628284,0,-1,9
1581628285,1,13,9
1581628286,1,13,9
1581628287,1,13,9
1581628288,1,13,9
1581628289,1,13,9
1581628290,0,-1,9
1581628291,1,13,9
1581628292,1,13,9
1581628293,0,-1,9
1581628294,1,13,9
1581628295,1,13,9
1581628296,0,-1,9
1581628297,1,13,9
1581628298,1,13,9
1581628299,1,13,9
1581628300,1,13,9
1581628301,1,13,9
1581628302,1,13,9
1581628303,0,-1,9
1581628304,1,13,9
1581628305,1,13,9
1581628306,1,13,9
1581628307,0,-1,9
1581628308,1,13,9
1581628309,1,13,9
1581628310,1,13,9
1581628311,1,13,9
1581628312,1,13,9
1581628313,1,13,9
1581628314,1,13,9
1581628315,1,13,9
1581628316,0,-1,9
1581628317,1,13,9
1581628318,1,13,9
1581628319,1,13,9
1581628320,1,13,9
1581628321,1,13,9
1581628322,0,-1,9
1581628323,1,13,9
1581628324,1,13,9
1581628325,1,13,9
1581628326,1,13,9
1581628327,1,13,9
1581628328,1,13,9
1581628329,0,-1,9
1581628330,1,13,9
1581628331,1,13,9
1581628332,1,13,9
1581628333,1,13,9
1581628334,1,13,9
1581628335,0,-1,9
1581628336,1,13,9
1581628337,1,13,9
1581628338,1,13,9
1581628339,1,13,9
1581628340,1,13,9
1581628341,0,-1,9
1581628342,1,13,9
1581628343,1,13,9
1581628344,1,13,9
1581628345,1,13,9
1581628346,1,13,9
1581628347,1,13,9
1581628348,0,-1,9
1581628349,1,13,9
1581628350,1,13,9
1581628351,1,13,9
1581628352,1,13,9
1581628353,1,13,9
1581628354,1,13,9
1581628355,0,-1,9
1581628356,1,13,9
1581628357,1,13,9
1581628358,1,13,9
1581628359,1,13,9
1581628360,1,13,9
1581628361,0,-1,9
1581628362,0,-1,9
1581628363,1,13,9
1581628364,1,13,9
1581628365,1,13,9
1581628366,1,13,9
1581628367,1,13,9
1581628368,0,-1,9
1581628369,1,13,9
1581628370,1,13,9
1581628371,1,13,9
1581628372,1,13,9
1581628373,1,13,9
1581628374,0,-1,9
1581628375,1,13,9
1581628376,0,-1,9
1581628377,1,13,9
1581628378,1,13,9
1581628379,1,13,9
1581628380,1,13,9
1581628381,0,-1,9
1581628382,1,13,9
1581628383,1,13,9
1581628384,1,13,9
1581628385,1,13,9
1581628386,1,13,9
1581628387,0,-1,9
1581628388,1,13,9
1581628389,1,13,9
1581628390,0,-1,9
1581628391,1,13,9
1581628392,1,13,9
1581628393,0,-1,9
1581628394,1,13,9
1581628395,1,13,9
1581628396,1,13,9
1581628397,1,13,9
1581628398,1,13,9
1581628399,1,13,9
1581628400,0,-1,9
1581628401,1,13,9
1581628402,1,13,9
1581628403,1,13,9
1581628404,0,-1,9
1581628405,1,13,9
1581628406,1,13,9
1581628407,0,-1,9
1581628408,1,13,9
1581628409,1,13,9
1581628410,1,13,9
1581628411,1,13,9
1581628412,1,13,9
1581628413,1,13,9
1581628414,0,-1,9
1581628415,1,13,9
1581628416,1,13,9
1581628417,1,13,9
1581628418,1,13,9
1581628419,1,13,9
1581628420,1,13,9
1581628421,1,13,9
1581628422,1,13,9
1581628423,1,13,9
1581628424,1,13,9
1581628425,1,13,9
1581628426,1,13,9
1581628427,0,-1,9
1581628428,1,13,9
1581628429,1,13,9
1581628430,1,13,9
1581628431,1,13,9
1581628432,1,13,9
1581628433,0,-1,9
1581628434,1,13,9
1581628435,1,13,9
1581628436,1,13,9
1581628437,1,13,9
1581628438,1,13,9
1581628439,1,13,9
1581628440,0,-1,9
1581628441,1,13,9
1581628442,1,13,9
1581628443,1,13,9
1581628444,1,13,9
1581628445,1,13,9
1581628446,0,-1,9
1581628447,1,13,9
1581628448,1,13,9
1581628449,1,13,9
1581628450,1,13,9
1581628451,1,13,9
1581628452,1,13,9
1581628453,0,-1,9
1581628454,1,13,9
1581628455,1,13,9
1581628456,1,13,9
1581628457,1,13,9
1581628458,1,13,9
1581628459,0,-1,9
1581628460,0,-1,9
1581628461,1,13,9
1581628462,1,13,9
1581628463,1,13,9
1581628464,1,13,9
1581628465,1,13,9
1581628466,0,-1,9
1581628467,1,13,9
1581628468,1,13,9
1581628469,1,13,9
1581628470,1,13,9
1581628471,1,13,9
1581628472,0,-1,9
1581628473,0,-1,9
1581628474,1,13,9
1581628475,1,13,9
1581628476,1,13,9
1581628477,1,13,9
1581628478,1,13,9
1581628479,0,-1,9
1581628480,1,13,9
1581628481,1,13,9
1581628482,1,13,9
1581628483,1,13,9
1581628484,1,13,9
1581628485,0,-1,9
1581628486,1,13,9
1581628487,0,-1,9
1581628488,1,13,9
1581628489,1,13,9
1581628490,1,13,9
1581628491,1,13,9
1581628492,0,-1,9
1581628493,1,13,9
1581628494,1,13,9
1581628495,1,13,9
1581628496,1,13,9
1581628497,1,13,9
1581628498,0,-1,9
1581628499,1,13,9
1581628500,1,13,9
1581628501,0,-1,9
1581628502,1,13,9
1581628503,1,13,9
1581628504,1,13,9
1581628505,0,-1,9
1581628506,1,13,9
1581628507,1,13,9
1581628508,1,13,9
1581628509,1,13,9
1581628510,1,13,9
1581628511,0,-1,9
1581628512,1,13,9
1581628513,1,13,9
1581628514,1,13,9
1581628515,0,-1,9
1581628516,1,13,9
1581628517,1,13,9
1581628518,0,-1,9
1581628519,1,13,9
1581628520,1,13,9
1581628521,1,13,9
1581628522,1,13,9
1581628523,1,13,9
1581628524,0,-1,9
1581628525,1,13,9
1581628526,1,13,9
1581628527,1,13,9
1581628528,1,13,9
1581628529,1,13,9
1581628530,1,13,9
1581628531,1,13,9
1581628532,1,13,9
1581628533,1,13,9
1581628534,1,13,9
1581628535,1,13,9
1581628536,1,13,9
1581628537,0,-1,9
1581628538,1,13,9
1581628539,1,13,9
1581628540,1,13,9
1581628541,1,13,9
1581628542,1,13,9
1581628543,0,-1,9
1581628544,1,13,9
1581628545,1,13,9
1581628546,1,13,9
1581628547,1,13,9
1581628548,1,13,9
1581628549,1,13,9
1581628550,0,-1,9
1581628551,1,13,9
1581628552,1,13,9
1581628553,1,13,9
1581628554,1,13,9
1581628555,1,13,9
1581628556,0,-1,9
1581628557,0,-1,9
1581628558,1,13,9
1581628559,1,13,9
1581628560,1,13,9
1581628561,1,13,9
1581628562,1,13,9
1581628563,0,-1,9
1581628564,1,13,9
1581628565,1,13,9
1581628566,1,13,9
1581628567,1,13,9
1581628568,1,13,9
1581628569,0,-1,9
1581628570,1,13,9
1581628571,1,13,9
1581628572,1,13,9
1581628573,1,13,9
1581628574,1,13,9
1581628575,1,13,9
1581628576,0,-1,9
1581628577,1,13,9
1581628578,1,13,9
1581628579,1,13,9
1581628580,1,13,9
1581628581,1,13,9
1581628582,1,13,9
1581628583,0,-1,9
1581628584,0,-1,9
1581628585,1,13,9
1581628586,1,13,9
1581628587,1,13,9
1581628588,1,13,9
1581628589,0,-1,9
1581628590,1,13,9
1581628591,1,13,9
1581628592,1,13,9
1581628593,1,13,9
1581628594,1,13,9
1581628595,0,-1,9
1581628596,1,13,9
1581628597,1,13,9
1581628598,0,-1,9
1581628599,1,13,9
1581628600,1,13,9
1581628601,1,13,9
1581628602,0,-1,9
1581628603,1,13,9
1581628604,1,13,9
1581628605,1,13,9
1581628606,1,13,9
1581628607,1,13,9
1581628608,0,-1,9
1581628609,1,13,9
1581628610,1,13,9
1581628611,1,13,9
1581628612,0,-1,9
1581628613,1,13,9
1581628614,1,13,9
1581628615,0,-1,9
1581628616,1,13,9
1581628617,1,13,9
1581628618,1,13,9
1581628619,1,13,9
1581628620,1,13,9
1581628621,0,-1,9
1581628622,1,13,9
1581628623,1,13,9
1581628624,1,13,9
1581628625,1,13,9
1581628626,1,13,9
1581628627,0,-1,9
1581628628,1,13,9
1581628629,1,13,9
1581628630,1,13,9
1581628631,1,13,9
1581628632,1,13,9
1581628633,1,13,9
1581628634,0,-1,9
1581628635,1,13,9
1581628636,1,13,9
1581628637,1,13,9
1581628638,1,13,9
1581628639,0,-1,9
1581628640,0,-1,9
1581628641,1,13,9
1581628642,1,13,9
1581628643,1,13,9
1581628644,1,13,9
1581628645,1,13,9
1581628646,0,-1,9
1581628647,1,13,9
1581628648,1,13,9
1581628649,1,13,9
1581628650,1,13,9
1581628651,1,13,9
1581628652,0,-1,9
1581628653,1,13,9
1581628654,0,-1,9
1581628655,1,13,9
1581628656,1,13,9
1581628657,1,13,9
1581628658,1,13,9
1581628659,0,-1,9
1581628660,1,13,9
1581628661,1,13,9
1581628662,1,13,9
1581628663,1,13,9
1581628664,1,13,9
1581628665,1,13,9
1581628666,0,-1,9
1581628667,1,13,9
1581628668,0,-1,9
1581628669,1,13,9
1581628670,1,13,9
1581628671,1,13,9
1581628672,1,13,9
1581628673,1,13,9
1581628674,1,13,9
1581628675,0,13,9
1581628676,0,-1,9
1581628677,0,10506,9
1581628678,0,10506,9
1581628679,0,-1,9
1581628680,0,10506,9
1581628681,0,-1,9
1581628682,0,-1,9
1581628683,0,10506,9
1581628684,0,10506,9
1581628685,0,10506,9
1581628686,0,10506,9
1581628687,0,-1,9
1581628688,0,10506,9
1581628689,0,10506,9
1581628690,0,10506,9
1581628691,0,10506,9
1581628692,0,10506,9
1581628693,0,10506,9
1581628694,0,10506,9
1581628695,0,10506,9
1581628696,0,10506,9
1581628697,0,-1,9
1581628698,0,10506,9
1581628699,0,10506,9
1581628700,0,10506,9
1581628701,0,10506,9
1581628702,0,10506,9
1581628703,0,10506,9
1581628704,0,10506,9
1581628705,0,10506,9
1581628706,0,10506,9
1581628707,0,10506,9
1581628708,0,10506,9
1581628709,0,10506,9
1581628710,0,-1,9
1581628711,0,10506,9
1581628712,0,10506,9
1581628713,0,10506,9
1581628714,0,10506,9
1581628715,0,10506,9
1581628716,0,10506,9
1581628717,0,10506,9
1581628718,1,10506,9
1581628719,1,10506,9
1581628720,1,10506,9
1581628721,1,10506,9
1581628722,0,-1,9
1581628723,1,3,9
1581628724,0,-1,9
1581628725,1,3,9
1581628726,1,3,9
1581628727,1,3,9
1581628728,1,3,9
1581628729,1,3,9
1581628730,0,-1,9
1581628731,1,3,9
1581628732,1,3,9
1581628733,1,3,9
1581628734,1,3,9
1581628735,1,3,9
1581628736,0,-1,9
1581628737,1,3,9
1581628738,1,3,9
1581628739,1,3,9
1581628740,1,3,9
1581628741,1,3,9
1581628742,1,3,9
1581628743,0,-1,9
1581628744,1,3,9
1581628745,1,3,9
1581628746,1,3,9
1581628747,1,3,9
1581628748,1,3,9
1581628749,0,-1,9
1581628750,1,3,9
1581628751,0,-1,9
1581628752,1,3,9
1581628753,1,3,9
1581628754,1,3,9
1581628755,1,3,9
1581628756,0,-1,9
1581628757,1,3,9
1581628758,1,3,9
1581628759,1,3,9
1581628760,1,3,9
1581628761,1,3,9
1581628762,0,-1,9
1581628763,1,3,9
1581628764,1,3,9
1581628765,1,3,9
1581628766,1,3,9
1581628767,1,3,9
1581628768,1,3,9
1581628769,0,-1,9
1581628770,1,3,9
1581628771,1,3,9
1581628772,1,3,9
1581628773,1,3,9
1581628774,1,3,9
1581628775,0,-1,9
1581628776,1,3,9
1581628777,1,3,9
1581628778,1,3,9
1581628779,1,3,9
1581628780,1,3,9
1581628781,1,3,9
1581628782,1,3,9
1581628783,1,3,9
1581628784,1,3,9
1581628785,1,3,9
1581628786,1,3,9
1581628787,1,3,9
1581628788,0,-1,9
1581628789,1,3,9
1581628790,1,3,9
1581628791,1,3,9
1581628792,1,3,9
1581628793,1,3,9
1581628794,0,-1,9
1581628795,1,3,9
1581628796,1,3,9
1581628797,1,3,9
1581628798,1,3,9
1581628799,1,3,9
1581628800,1,3,9
1581628801,0,-1,9
1581628802,1,3,9
1581628803,1,3,9
1581628804,1,3,9
1581628805,1,3,9
1581628806,1,3,9
1581628807,1,3,9
1581628808,0,-1,9
1581628809,1,3,9
1581628810,1,3,9
1581628811,1,3,9
1581628812,1,3,9
1581628813,1,3,9
1581628814,0,-1,9
1581628815,1,3,9
1581628816,1,3,9
1581628817,1,3,9
1581628818,1,3,9
1581628819,1,3,9
1581628820,1,3,9
1581628821,0,-1,9
1581628822,1,3,9
1581628823,1,3,9
1581628824,1,3,9
1581628825,1,3,9
1581628826,1,3,9
1581628827,0,-1,9
1581628828,1,3,9
1581628829,1,3,9
1581628830,1,3,9
1581628831,1,3,9
1581628832,1,3,9
1581628833,1,3,9
1581628834,0,-1,9
1581628835,0,-1,9
1581628836,1,3,9
1581628837,1,3,9
1581628838,1,3,9
1581628839,1,3,9
1581628840,1,2,9
1581628841,0,-1,9
1581628842,1,2,9
1581628843,1,2,9
1581628844,1,2,9
1581628845,1,2,9
1581628846,1,2,9
1581628847,0,-1,9
1581628848,1,2,9
1581628849,0,-1,9
1581628850,1,2,9
1581628851,1,2,9
1581628852,1,2,9
1581628853,1,2,9
1581628854,0,-1,9
1581628855,1,2,9
1581628856,1,2,9
1581628857,1,2,9
1581628858,1,2,9
1581628859,1,2,9
1581628860,1,2,9
1581628861,0,-1,9
1581628862,1,2,9
1581628863,1,2,9
1581628864,1,2,9
1581628865,1,2,9
1581628866,1,2,9
1581628867,0,-1,9
1581628868,1,2,9
1581628869,1,2,9
1581628870,1,2,9
1581628871,1,2,9
1581628872,1,2,9
1581628873,1,2,9
1581628874,0,-1,9
1581628875,1,2,9
1581628876,1,2,9
1581628877,0,-1,9
1581628878,1,2,9
1581628879,1,2,9
1581628880,0,-1,9
1581628881,1,2,9
1581628882,1,2,9
1581628883,1,2,9
1581628884,1,2,9
1581628885,1,2,9
1581628886,1,2,9
1581628887,0,-1,9
1581628888,1,2,9
1581628889,1,2,9
1581628890,1,2,9
1581628891,1,2,9
1581628892,1,2,9
1581628893,1,2,9
1581628894,0,-1,9
1581628895,1,2,9
1581628896,1,2,9
1581628897,1,2,9
1581628898,1,2,9
1581628899,1,2,9
1581628900,0,-1,9
1581628901,1,2,9
1581628902,1,2,9
1581628903,1,2,9
1581628904,1,2,9
1581628905,1,2,9
1581628906,1,2,9
1581628907,1,2,9
1581628908,1,2,9
1581628909,1,2,9
1581628910,1,2,9
1581628911,1,2,9
1581628912,1,2,9
1581628913,0,-1,9
1581628914,1,2,9
1581628915,1,2,9
1581628916,1,2,9
1581628917,1,2,9
1581628918,1,2,9
1581628919,1,2,9
1581628920,0,-1,9
1581628921,1,2,9
1581628922,1,2,9
1581628923,1,2,9
1581628924,1,2,9
1581628925,1,2,9
1581628926,0,-1,9
1581628927,1,2,9
1581628928,1,2,9
1581628929,1,2,9
1581628930,1,2,9
1581628931,1,2,9
1581628932,1,2,9
1581628933,0,-1,9
1581628934,1,2,9
1581628935,1,2,9
1581628936,1,2,9
1581628937,1,2,9
1581628938,1,2,9
1581628939,0,-1,9
1581628940,1,2,9
1581628941,0,-1,9
1581628942,1,2,9
1581628943,1,2,9
1581628944,1,2,9
1581628945,1,2,9
1581628946,0,-1,9
1581628947,1,2,9
1581628948,1,2,9
1581628949,1,2,9
1581628950,1,2,9
1581628951,1,2,9
1581628952,0,-1,9
1581628953,1,2,9
1581628954,1,2,9
1581628955,1,2,9
1581628956,1,2,9
1581628957,1,2,9
1581628958,0,-1,9
1581628959,1,2,9
1581628960,0,-1,9
1581628961,1,2,9
1581628962,1,2,9
1581628963,1,2,9
1581628964,1,2,9
1581628965,0,-1,9
1581628966,1,2,9
1581628967,1,2,9
1581628968,1,2,9
1581628969,1,2,9
1581628970,1,2,9
1581628971,0,-1,9
1581628972,1,2,9
1581628973,1,2,9
1581628974,0,-1,9
1581628975,1,2,9
1581628976,1,2,9
1581628977,1,2,9
1581628978,0,-1,9
1581628979,1,2,9
1581628980,1,2,9
1581628981,1,2,9
1581628982,1,2,9
1581628983,1,2,9
1581628984,0,-1,9
1581628985,1,2,9
1581628986,1,2,9
1581628987,1,2,9
1581628988,1,2,9
1581628989,1,2,9
1581628990,1,2,9
1581628991,0,-1,9
1581628992,1,2,9
1581628993,1,2,9
1581628994,1,2,9
1581628995,1,2,9
1581628996,1,2,9
1581628997,1,2,9
1581628998,0,-1,9
1581628999,1,2,9
1581629000,1,2,9
1581629001,1,2,9
1581629002,0,-1,9
1581629003,1,2,9
1581629004,1,2,9
1581629005,1,2,9
1581629006,1,2,9
1581629007,1,2,9
1581629008,1,2,9
1581629009,1,2,9
1581629010,0,-1,9
1581629011,1,2,9
1581629012,1,2,9
1581629013,1,2,9
1581629014,1,2,9
1581629015,1,2,9
1581629016,1,2,9
1581629017,0,-1,9
1581629018,1,2,9
1581629019,1,2,9
1581629020,1,2,9
1581629021,1,2,9
1581629022,1,2,9
1581629023,0,-1,9
1581629024,1,2,9
1581629025,1,2,9
1581629026,1,2,9
1581629027,1,2,9
1581629028,1,2,9
1581629029,1,2,9
1581629030,0,-1,9
1581629031,1,2,9
1581629032,1,2,9
1581629033,1,2,9
1581629034,1,2,9
1581629035,1,2,9
1581629036,0,-1,9
1581629037,1,2,9
1581629038,1,2,9
1581629039,1,2,9
1581629040,1,2,9
1581629041,1,2,9
1581629042,1,2,9
1581629043,0,-1,9
1581629044,0,-1,9
1581629045,1,2,9
1581629046,1,2,9
1581629047,1,2,9
1581629048,1,2,9
1581629049,0,-1,9
1581629050,1,2,9
1581629051,1,2,9
1581629052,1,2,9
1581629053,1,2,9
1581629054,1,2,9
1581629055,0,-1,9
1581629056,1,2,9
1581629057,1,2,9
1581629058,1,2,9
1581629059,1,2,9
1581629060,1,2,9
1581629061,0,-1,9
1581629062,1,2,9
1581629063,1,2,9
1581629064,1,2,9
1581629065,1,2,9
1581629066,1,2,9
1581629067,1,2,9
1581629068,0,-1,9
1581629069,1,2,9
1581629070,1,2,9
1581629071,1,2,9
1581629072,1,2,9
1581629073,1,2,9
1581629074,1,2,9
1581629075,0,-1,9
1581629076,1,2,9
1581629077,1,2,9
1581629078,1,2,9
1581629079,1,2,9
1581629080,1,2,9
1581629081,0,-1,9
1581629082,1,2,9
1581629083,1,2,9
1581629084,1,2,9
1581629085,1,2,9
1581629086,1,2,9
1581629087,1,2,9
1581629088,1,2,9
1581629089,1,2,9
1581629090,1,2,9
1581629091,1,2,9
1581629092,1,2,9
1581629093,1,2,9
1581629094,0,-1,9
1581629095,1,2,9
1581629096,1,2,9
1581629097,1,2,9
1581629098,1,2,9
1581629099,0,-1,9
1581629100,0,-1,9
1581629101,1,2,9
1581629102,1,2,9
1581629103,1,2,9
1581629104,1,2,9
1581629105,1,2,9
1581629106,1,2,9
1581629107,0,-1,9
1581629108,1,2,9
1581629109,1,2,9
1581629110,1,2,9
1581629111,1,2,9
1581629112,1,2,9
1581629113,0,-1,9
1581629114,1,2,9
1581629115,1,2,9
1581629116,1,2,9
1581629117,1,2,9
1581629118,1,2,9
1581629119,1,2,9
1581629120,0,-1,9
1581629121,1,2,9
1581629122,1,2,9
1581629123,1,2,9
1581629124,1,2,9
1581629125,1,2,9
1581629126,0,-1,9
1581629127,0,-1,9
1581629128,1,2,9
1581629129,1,2,9
1581629130,1,2,9
1581629131,1,2,9
1581629132,1,2,9
1581629133,0,-1,9
1581629134,1,2,9
1581629135,1,2,9
1581629136,1,2,9
1581629137,1,2,9
1581629138,1,2,9
1581629139,0,-1,9
1581629140,1,2,9
1581629141,0,-1,9
1581629142,1,2,9
1581629143,1,2,9
1581629144,1,2,9
1581629145,0,-1,9
1581629146,1,2,9
1581629147,1,2,9
1581629148,1,2,9
1581629149,1,2,9
1581629150,1,2,9
1581629151,1,2,9
1581629152,0,-1,9
1581629153,1,2,9
1581629154,1,2,9
1581629155,0,-1,9
1581629156,1,2,9
1581629157,1,2,9
1581629158,1,2,9
1581629159,0,-1,9
1581629160,1,2,9
1581629161,1,2,9
1581629162,1,2,9
1581629163,1,2,9
1581629164,1,2,9
1581629165,0,-1,9
1581629166,1,2,9
1581629167,1,2,9
1581629168,1,2,9
1581629169,1,2,9
1581629170,1,2,9
1581629171,1,2,9
1581629172,1,2,9
1581629173,1,2,9
1581629174,1,2,9
1581629175,1,2,9
1581629176,1,2,9
1581629177,1,2,9
1581629178,0,-1,9
1581629179,1,2,9
1581629180,1,2,9
1581629181,1,2,9
1581629182,1,2,9
1581629183,1,2,9
1581629184,1,2,9
1581629185,1,2,9
1581629186,1,2,9
1581629187,1,2,9
1581629188,1,2,9
1581629189,1,2,9
1581629190,0,-1,9
1581629191,1,2,9
1581629192,1,2,9
1581629193,1,2,9
1581629194,1,2,9
1581629195,1,2,9
1581629196,0,-1,9
1581629197,0,-1,9
1581629198,1,2,9
1581629199,1,2,9
1581629200,1,2,9
1581629201,1,2,9
1581629202,1,2,9
1581629203,1,2,9
1581629204,0,-1,9
1581629205,1,2,9
1581629206,1,2,9
1581629207,1,2,9
1581629208,1,2,9
1581629209,1,2,9
1581629210,0,-1,9
1581629211,1,2,9
1581629212,1,2,9
1581629213,1,2,9
1581629214,1,2,9
1581629215,1,2,9
1581629216,1,2,9
1581629217,0,-1,9
1581629218,1,2,9
1581629219,1,2,9
1581629220,1,2,9
1581629221,1,2,9
1581629222,1,2,9
1581629223,0,-1,9
1581629224,0,-1,9
1581629225,1,2,9
1581629226,1,2,9
1581629227,1,2,9
1581629228,1,2,9
1581629229,1,2,9
1581629230,0,-1,9
1581629231,1,2,9
1581629232,1,2,9
1581629233,1,2,9
1581629234,1,2,9
1581629235,1,2,9
1581629236,0,-1,9
1581629237,1,2,9
1581629238,0,-1,9
1581629239,1,2,9
1581629240,1,2,9
1581629241,1,2,9
1581629242,1,2,9
1581629243,0,-1,9
1581629244,1,2,9
1581629245,1,2,9
1581629246,1,2,9
1581629247,1,2,9
1581629248,1,2,9
1581629249,1,2,9
1581629250,0,-1,9
1581629251,1,2,9
1581629252,0,-1,9
1581629253,1,2,9
1581629254,1,2,9
1581629255,1,2,9
1581629256,0,-1,9
1581629257,1,2,9
1581629258,1,2,9
1581629259,1,2,9
1581629260,1,2,9
1581629261,1,2,9
1581629262,1,2,9
1581629263,0,-1,9
1581629264,1,2,9
1581629265,1,2,9
1581629266,1,2,9
1581629267,1,2,9
1581629268,1,2,9
1581629269,1,2,9
1581629270,0,-1,9
1581629271,1,2,9
1581629272,1,2,9
1581629273,1,2,9
1581629274,1,2,9
1581629275,1,2,9
1581629276,0,-1,9
1581629277,1,2,9
1581629278,1,2,9
1581629279,1,2,9
1581629280,1,2,9
1581629281,1,2,9
1581629282,1,2,9
1581629283,0,-1,9
1581629284,1,2,9
1581629285,1,2,9
1581629286,1,2,9
1581629287,1,2,9
1581629288,1,2,9
1581629289,1,2,9
1581629290,0,-1,9
1581629291,1,2,9
1581629292,1,2,9
1581629293,1,2,9
1581629294,1,2,9
1581629295,1,2,9
1581629296,1,2,9
1581629297,1,2,9
1581629298,1,2,9
1581629299,1,2,9
1581629300,1,2,9
1581629301,1,2,9
1581629302,1,2,9
1581629303,0,-1,9
1581629304,1,2,9
1581629305,1,2,9
1581629306,1,2,9
1581629307,1,2,9
1581629308,1,2,9
1581629309,1,2,9
1581629310,1,2,9
1581629311,1,2,9
1581629312,1,2,9
1581629313,1,2,9
1581629314,1,2,9
1581629315,1,2,9
1581629316,0,-1,9
1581629317,1,2,9
1581629318,1,2,9
1581629319,1,2,9
1581629320,1,2,9
1581629321,1,2,9
1581629322,0,-1,9
1581629323,1,2,9
1581629324,1,2,9
1581629325,1,2,9
1581629326,1,2,9
1581629327,1,2,9
1581629328,1,2,9
1581629329,0,-1,9
1581629330,1,2,9
1581629331,1,2,9
1581629332,1,2,9
1581629333,1,2,9
1581629334,1,2,9
1581629335,0,-1,9
1581629336,1,2,9
1581629337,1,2,9
1581629338,1,2,9
1581629339,1,2,9
1581629340,1,2,9
1581629341,1,2,9
1581629342,1,2,9
1581629343,1,2,9
1581629344,1,2,9
1581629345,0,-1,9
1581629346,1,2,9
1581629347,1,2,9
1581629348,1,2,9
1581629349,0,-1,9
1581629350,1,2,9
1581629351,1,2,9
1581629352,1,2,9
1581629353,1,2,9
1581629354,1,2,9
1581629355,0,-1,9
1581629356,1,2,9
1581629357,1,2,9
1581629358,1,2,9
1581629359,1,2,9
1581629360,1,2,9
1581629361,1,2,9
1581629362,1,2,9
1581629363,0,-1,9
1581629364,1,2,9
1581629365,1,2,9
1581629366,1,2,9
1581629367,1,2,9
1581629368,1,2,9
1581629369,1,2,9
1581629370,0,-1,9
1581629371,1,2,9
1581629372,1,2,9
1581629373,1,2,9
1581629374,1,2,9
1581629375,1,2,9
1581629376,0,-1,9
1581629377,0,-1,9
1581629378,1,2,9
1581629379,1,2,9
1581629380,1,2,9
1581629381,1,2,9
1581629382,0,-1,9
1581629383,1,2,9
1581629384,1,2,9
1581629385,1,2,9
1581629386,1,2,9
1581629387,1,2,9
1581629388,0,-1,9
1581629389,1,2,9
1581629390,1,2,9
1581629391,0,-1,9
1581629392,1,2,9
1581629393,1,2,9
1581629394,1,2,9
1581629395,0,-1,9
1581629396,1,2,9
1581629397,1,2,9
1581629398,1,2,9
1581629399,1,2,9
1581629400,1,2,9
1581629401,0,-1,9
1581629402,1,2,9
1581629403,1,2,9
1581629404,1,2,9
1581629405,1,2,9
1581629406,1,2,9
1581629407,1,2,9
1581629408,0,-1,9
1581629409,1,2,9
1581629410,1,2,9
1581629411,1,2,9
1581629412,1,2,9
1581629413,1,2,9
1581629414,1,2,9
1581629415,0,-1,9
1581629416,1,2,9
1581629417,1,2,9
1581629418,1,2,9
1581629419,1,2,9
1581629420,1,2,9
1581629421,0,-1,9
1581629422,1,2,9
1581629423,1,2,9
1581629424,1,2,9
1581629425,1,2,9
1581629426,1,2,9
1581629427,0,-1,9
1581629428,1,2,9
1581629429,1,2,9
1581629430,1,2,9
1581629431,1,2,9
1581629432,1,2,9
1581629433,0,-1,9
1581629434,1,2,9
1581629435,1,2,9
1581629436,1,2,9
1581629437,1,2,9
1581629438,1,2,9
1581629439,1,2,9
1581629440,0,-1,9
1581629441,1,2,9
1581629442,1,2,9
1581629443,1,2,9
1581629444,1,2,9
1581629445,1,2,9
1581629446,0,-1,9
1581629447,1,2,9
1581629448,1,2,9
1581629449,1,2,9
1581629450,1,2,9
1581629451,1,2,9
1581629452,1,2,9
1581629453,0,-1,9
1581629454,1,2,9
1581629455,1,2,9
1581629456,1,2,9
1581629457,1,2,9
1581629458,1,2,9
1581629459,1,2,9
1581629460,0,-1,9
1581629461,1,2,9
1581629462,1,2,9
1581629463,1,2,9
1581629464,1,2,9
1581629465,1,2,9
1581629466,0,-1,9
1581629467,1,2,9
1581629468,1,2,9
1581629469,1,2,9
1581629470,1,2,9
1581629471,1,2,9
1581629472,0,-1,9
1581629473,1,2,9
1581629474,0,-1,9
1581629475,1,2,9
1581629476,1,2,9
1581629477,1,2,9
1581629478,1,2,9
1581629479,0,-1,9
1581629480,1,2,9
1581629481,1,2,9
1581629482,1,2,9
1581629483,1,2,9
1581629484,1,2,9
1581629485,0,-1,9
1581629486,1,2,9
1581629487,1,2,9
1581629488,0,-1,9
1581629489,1,2,9
1581629490,1,2,9
1581629491,1,2,9
1581629492,0,-1,9
1581629493,1,2,9
1581629494,1,2,9
1581629495,1,2,9
1581629496,1,2,9
1581629497,1,2,9
1581629498,0,-1,9
1581629499,1,2,9
1581629500,1,2,9
1581629501,1,2,9
1581629502,1,2,9
1581629503,1,2,9
1581629504,1,2,9
1581629505,0,-1,9
1581629506,1,2,9
1581629507,1,2,9
1581629508,1,2,9
1581629509,1,2,9
1581629510,1,2,9
1581629511,1,2,9
1581629512,0,-1,9
1581629513,1,2,9
1581629514,1,2,9
1581629515,1,2,9
1581629516,1,2,9
1581629517,1,2,9
1581629518,1,2,9
1581629519,0,-1,9
1581629520,1,2,9
1581629521,1,2,9
1581629522,1,2,9
1581629523,1,2,9
1581629524,1,2,9
1581629525,1,2,9
1581629526,0,-1,9
1581629527,1,2,9
1581629528,1,2,9
1581629529,0,-1,9
1581629530,1,2,9
1581629531,1,2,9
1581629532,0,-1,9
1581629533,1,2,9
1581629534,1,2,9
1581629535,1,2,9
1581629536,1,2,9
1581629537,1,2,9
1581629538,1,2,9
1581629539,1,2,9
1581629540,1,2,9
1581629541,1,2,9
1581629542,1,2,9
1581629543,1,2,9
1581629544,1,2,9
1581629545,0,-1,9
1581629546,1,2,9
1581629547,1,2,9
1581629548,1,2,9
1581629549,1,2,9
1581629550,1,2,9
1581629551,1,2,9
1581629552,0,-1,9
1581629553,1,2,9
1581629554,1,2,9
1581629555,1,2,9
1581629556,1,2,9
1581629557,1,2,9
1581629558,1,2,9
1581629559,1,2,9
1581629560,1,2,9
1581629561,1,2,9
1581629562,1,2,9
1581629563,1,2,9
1581629564,1,2,9
1581629565,0,-1,9
1581629566,1,2,9
1581629567,1,2,9
1581629568,1,2,9
1581629569,1,2,9
1581629570,1,2,9
1581629571,1,2,9
1581629572,0,-1,9
1581629573,1,2,9
1581629574,1,2,9
1581629575,1,2,9
1581629576,1,2,9
1581629577,1,2,9
1581629578,1,2,9
1581629579,0,-1,9
1581629580,1,2,9
1581629581,1,2,9
1581629582,1,2,9
1581629583,1,2,9
1581629584,1,2,9
1581629585,0,-1,9
1581629586,1,2,9
1581629587,1,2,9
1581629588,1,2,9
1581629589,1,2,9
1581629590,1,2,9
1581629591,1,2,9
1581629592,1,2,9
1581629593,0,-1,9
1581629594,1,2,9
1581629595,1,2,9
1581629596,1,2,9
1581629597,1,2,9
1581629598,0,-1,9
1581629599,0,-1,9
1581629600,1,3,9
1581629601,1,3,9
1581629602,1,3,9
1581629603,1,3,9
1581629604,1,3,9
1581629605,0,-1,9
1581629606,1,3,9
1581629607,1,3,9
1581629608,1,3,9
1581629609,1,3,9
1581629610,1,3,9
1581629611,1,3,9
1581629612,0,-1,9
1581629613,0,-1,9
1581629614,1,3,9
1581629615,1,3,9
1581629616,1,3,9
1581629617,1,3,9
1581629618,1,3,9
1581629619,0,-1,9
1581629620,1,3,9
1581629621,1,3,9
1581629622,1,3,9
1581629623,1,3,9
1581629624,1,3,9
1581629625,0,-1,9
1581629626,1,3,9
1581629627,1,3,9
1581629628,1,3,9
1581629629,1,3,9
1581629630,1,3,9
1581629631,0,-1,9
1581629632,1,3,9
1581629633,1,3,9
1581629634,1,3,9
1581629635,1,3,9
1581629636,1,3,9
1581629637,1,3,9
1581629638,1,3,9
1581629639,0,-1,9
1581629640,1,3,9
1581629641,0,-1,9
1581629642,1,3,9
1581629643,1,3,9
1581629644,1,3,9
1581629645,1,3,9
1581629646,0,-1,9
1581629647,1,3,9
1581629648,1,3,9
1581629649,1,3,9
1581629650,1,3,9
1581629651,1,3,9
1581629652,1,3,9
1581629653,1,3,9
1581629654,1,3,9
1581629655,1,3,9
1581629656,1,3,9
1581629657,1,3,9
1581629658,1,3,9
1581629659,0,-1,9
1581629660,1,3,9
1581629661,1,3,9
1581629662,1,3,9
1581629663,1,3,9
1581629664,1,3,9
1581629665,1,3,9
1581629666,0,-1,9
1581629667,1,3,9
1581629668,1,3,9
1581629669,1,3,9
1581629670,1,3,9
1581629671,1,3,9
1581629672,1,3,9
1581629673,0,-1,9
1581629674,1,3,9
1581629675,1,3,9
1581629676,1,3,9
1581629677,1,3,9
1581629678,1,3,9
1581629679,1,3,9
1581629680,1,3,9
1581629681,1,3,9
1581629682,1,3,9
1581629683,1,3,9
1581629684,1,3,9
1581629685,1,3,9
1581629686,1,3,9
1581629687,1,3,9
1581629688,1,3,9
1581629689,0,-1,9
1581629690,1,3,9
1581629691,1,3,9
1581629692,1,3,9
1581629693,1,3,9
1581629694,1,3,9
1581629695,1,3,9
1581629696,0,-1,9
1581629697,1,3,9
1581629698,1,3,9
1581629699,1,3,9
1581629700,1,3,9
1581629701,1,3,9
1581629702,1,3,9
1581629703,1,3,9
1581629704,1,3,9
1581629705,1,3,9
1581629706,1,3,9
1581629707,1,3,9
1581629708,0,-1,9
1581629709,0,3,9
1581629710,0,-1,9
1581629711,1,3,9
1581629712,1,3,9
1581629713,1,3,9
1581629714,1,3,9
1581629715,0,-1,9
1581629716,1,3,9
1581629717,1,3,9
1581629718,1,13,9
1581629719,1,13,9
1581629720,1,13,9
1581629721,1,13,9
1581629722,1,13,9
1581629723,0,-1,9
1581629724,0,-1,9
1581629725,1,13,9
1581629726,1,13,9
1581629727,1,2,9
1581629728,1,2,9
1581629729,1,2,9
1581629730,1,2,9
1581629731,0,-1,9
1581629732,1,2,9
1581629733,1,2,9
1581629734,1,2,9
1581629735,1,2,9
1581629736,1,2,9
1581629737,1,2,9
1581629738,0,-1,9
1581629739,1,2,9
1581629740,1,2,9
1581629741,1,2,9
1581629742,1,2,9
1581629743,1,2,9
1581629744,1,2,9
1581629745,0,-1,9
1581629746,1,2,9
1581629747,1,2,9
1581629748,1,2,9
1581629749,1,2,9
1581629750,1,2,9
1581629751,1,2,9
1581629752,1,2,9
1581629753,0,-1,9
1581629754,1,2,9
1581629755,1,12,9
1581629756,1,12,9
1581629757,1,12,9
1581629758,1,12,9
1581629759,0,-1,9
1581629760,1,12,9
1581629761,1,12,9
1581629762,1,12,9
1581629763,1,12,9
1581629764,1,2,9
1581629765,1,2,9
1581629766,0,-1,9
1581629767,1,2,9
1581629768,1,2,9
1581629769,1,2,9
1581629770,1,2,9
1581629771,1,2,9
1581629772,0,-1,9
1581629773,1,2,9
1581629774,1,2,9
1581629775,1,2,9
1581629776,1,2,9
1581629777,1,2,9
1581629778,1,2,9
1581629779,0,-1,9
1581629780,0,-1,9
1581629781,1,2,9
1581629782,1,2,9
1581629783,1,2,9
1581629784,1,2,9
1581629785,1,2,9
1581629786,0,-1,9
1581629787,1,2,9
1581629788,1,2,9
1581629789,1,2,9
1581629790,1,2,9
1581629791,1,2,9
1581629792,1,2,9
1581629793,0,-1,9
1581629794,0,-1,9
1581629795,1,2,9
1581629796,1,2,9
1581629797,1,2,9
1581629798,1,2,9
1581629799,1,2,9
1581629800,0,-1,9
1581629801,1,2,9
1581629802,1,2,9
1581629803,1,2,9
1581629804,1,2,9
1581629805,1,2,9
1581629806,1,2,9
1581629807,0,-1,9
1581629808,1,2,9
1581629809,1,2,9
1581629810,1,2,9
1581629811,1,2,9
1581629812,1,2,9
1581629813,1,2,9
1581629814,0,-1,9
1581629815,1,2,9
1581629816,1,2,9
1581629817,1,2,9
1581629818,1,2,9
1581629819,1,2,9
1581629820,1,2,9
1581629821,0,-1,9
1581629822,1,2,9
1581629823,1,2,9
1581629824,1,2,9
1581629825,1,2,9
1581629826,1,2,9
1581629827,1,2,9
1581629828,0,-1,9
1581629829,1,2,9
1581629830,1,2,9
1581629831,1,2,9
1581629832,1,2,9
1581629833,1,2,9
1581629834,1,2,9
1581629835,0,-1,9
1581629836,1,2,9
1581629837,1,2,9
1581629838,1,2,9
1581629839,1,2,9
1581629840,1,2,9
1581629841,1,2,9
1581629842,0,-1,9
1581629843,1,2,9
1581629844,1,2,9
1581629845,1,2,9
1581629846,1,2,9
1581629847,1,2,9
1581629848,1,2,9
1581629849,0,-1,9
1581629850,1,2,9
1581629851,1,2,9
1581629852,1,2,9
1581629853,1,2,9
1581629854,1,2,9
1581629855,1,2,9
1581629856,1,2,9
1581629857,0,-1,9
1581629858,1,2,9
1581629859,1,2,9
1581629860,0,10,9
1581629861,0,10,9
1581629862,0,10692,9
1581629863,0,-1,9
1581629864,0,10692,9
1581629865,1,57666,9
1581629866,1,57666,9
1581629867,1,57666,9
1581629868,1,57666,9
1581629869,1,57666,9
1581629870,1,57666,9
1581629871,1,57666,9
1581629872,1,57666,9
1581629873,1,57666,9
1581629874,0,57666,9
1581629875,1,57666,9
1581629876,0,57666,9
1581629877,0,-1,9
1581629878,0,57666,9
1581629879,0,-1,9
1581629880,0,-1,9
1581629881,1,57666,9
1581629882,0,-1,9
1581629883,1,57663,9
1581629884,1,57663,9
1581629885,1,57663,9
1581629886,1,57663,9
1581629887,1,57663,9
1581629888,1,57663,9
1581629889,1,57663,9
1581629890,1,57663,9
1581629891,1,57663,9
1581629892,1,57663,9
1581629893,1,57663,9
1581629894,1,57663,9
1581629895,1,57663,9
1581629896,0,-1,9
1581629897,1,57663,9
1581629898,1,57663,9
1581629899,1,57663,9
1581629900,0,-1,9
1581629901,1,57663,9
1581629902,1,57663,9
1581629903,1,57663,9
1581629904,1,57663,9
1581629905,1,57663,9
1581629906,1,57663,9
1581629907,1,57663,9
1581629908,0,-1,9
1581629909,1,57663,9
1581629910,1,57663,9
1581629911,1,57663,9
1581629912,0,57663,9
1581629913,0,57663,9
1581629914,1,57663,9
1581629915,1,57663,9
1581629916,1,57663,9
1581629917,1,57663,9
1581629918,1,57663,9
1581629919,0,57663,9
1581629920,1,57663,9
1581629921,1,57663,9
1581629922,1,57663,9
1581629923,0,57663,9
1581629924,0,-1,9
1581629925,1,57663,9
1581629926,1,57663,9
1581629927,1,57663,9
1581629928,1,57663,9
1581629929,1,57663,9
1581629930,1,57663,9
1581629931,1,57663,9
1581629932,1,57663,9
1581629933,0,-1,9
1581629934,1,57663,9
1581629935,1,57663,9
1581629936,1,57663,9
1581629937,1,57663,9
1581629938,1,57663,9
1581629939,1,57663,9
1581629940,1,57663,9
1581629941,0,-1,9
1581629942,0,-1,9
1581629943,1,57663,9
1581629944,1,57663,9
1581629945,1,57663,9
1581629946,1,57663,9
1581629947,1,57663,9
1581629948,1,57663,9
1581629949,0,-1,9
1581629950,1,57663,9
1581629951,1,57663,9
1581629952,1,57663,9
1581629953,1,57663,9
1581629954,1,57663,9
1581629955,1,57663,9
1581629956,0,-1,9
1581629957,1,57663,9
1581629958,1,57663,9
1581629959,1,57663,9
1581629960,1,57663,9
1581629961,1,57663,9
1581629962,1,57663,9
1581629963,1,57663,9
1581629964,0,-1,9
1581629965,0,57663,9
1581629966,0,57663,9
1581629967,0,-1,9
1581629968,1,57663,9
1581629969,1,57663,9
1581629970,1,57663,9
1581629971,0,-1,9
1581629972,1,57663,9
1581629973,1,57663,9
1581629974,1,57663,9
1581629975,1,57663,9
1581629976,1,57663,9
1581629977,1,57663,9
1581629978,0,-1,9
1581629979,0,-1,9
1581629980,1,57663,9
1581629981,1,57663,9
1581629982,1,57663,9
1581629983,1,57663,9
1581629984,0,-1,9
1581629985,1,57663,9
1581629986,0,-1,9
1581629987,1,57663,9
1581629988,1,57663,9
1581629989,1,57663,9
1581629990,1,57663,9
1581629991,0,-1,9
1581629992,1,57663,9
1581629993,1,57663,9
1581629994,1,57663,9
1581629995,1,57663,9
1581629996,1,57663,9
1581629997,0,-1,9
1581629998,1,57663,9
1581629999,1,57663,9
1581630000,1,57663,9
1581630001,1,57663,9
1581630002,1,57663,9
1581630003,1,57663,9
1581630004,0,-1,9
1581630005,1,57663,9
1581630006,1,57663,9
1581630007,1,57663,9
1581630008,1,57663,9
1581630009,1,57663,9
1581630010,1,57663,9
1581630011,0,-1,9
1581630012,1,57663,9
1581630013,1,57663,9
1581630014,1,57663,9
1581630015,1,57663,9
1581630016,1,57663,9
1581630017,1,57663,9
1581630018,1,57663,9
1581630019,0,-1,9
1581630020,0,57663,9
1581630021,0,57663,9
1581630022,1,57663,9
1581630023,1,57663,9
1581630024,1,57663,9
1581630025,1,57663,9
1581630026,1,57663,9
1581630027,0,-1,9
1581630028,1,57663,9
1581630029,1,57663,9
1581630030,1,57663,9
1581630031,1,57663,9
1581630032,0,57663,9
1581630033,1,57663,9
1581630034,1,57663,9
1581630035,0,-1,9
1581630036,1,57663,9
1581630037,1,57663,9
1581630038,1,57663,9
1581630039,1,57663,9
1581630040,1,57663,9
1581630041,1,57663,9
1581630042,0,-1,9
1581630043,1,57663,9
1581630044,1,57663,9
1581630045,1,57663,9
1581630046,0,-1,9
1581630047,1,57663,9
1581630048,1,57663,9
1581630049,1,57663,9
1581630050,0,-1,9
1581630051,1,57663,9
1581630052,1,57663,9
1581630053,1,57663,9
1581630054,1,57663,9
1581630055,0,57663,9
1581630056,1,57663,9
1581630057,0,57663,9
1581630058,0,-1,9
1581630059,0,57663,9
1581630060,0,57663,9
1581630061,0,-1,9
1581630062,1,57663,9
1581630063,1,57663,9
1581630064,1,57663,9
1581630065,0,-1,9
1581630066,1,57663,9
1581630067,1,57663,9
1581630068,1,57663,9
1581630069,1,57663,9
1581630070,1,57663,9
1581630071,0,-1,9
1581630072,1,57663,9
1581630073,0,-1,9
1581630074,1,57663,9
1581630075,1,57663,9
1581630076,1,57663,9
1581630077,1,57663,9
1581630078,0,-1,9
1581630079,1,57663,9
1581630080,1,57663,9
1581630081,1,57663,9
1581630082,1,57663,9
1581630083,1,57663,9
1581630084,0,-1,9
1581630085,0,-1,9
1581630086,1,57663,9
1581630087,1,57663,9
1581630088,1,57663,9
1581630089,1,57663,9
1581630090,0,-1,9
1581630091,1,57663,9
1581630092,1,57663,9
1581630093,1,57663,9
1581630094,1,57663,9
1581630095,1,57663,9
1581630096,1,57663,9
1581630097,0,-1,9
1581630098,1,57663,9
1581630099,1,57663,9
1581630100,1,57663,9
1581630101,1,57663,9
1581630102,1,57663,9
1581630103,1,57663,9
1581630104,1,57663,9
1581630105,0,-1,9
1581630106,1,57663,9
1581630107,1,57663,9
1581630108,1,57663,9
1581630109,1,57663,9
1581630110,1,57663,9
1581630111,1,57663,9
1581630112,1,57663,9
1581630113,0,-1,9
1581630114,0,-1,9
1581630115,1,57663,9
1581630116,1,57663,9
1581630117,1,57663,9
1581630118,1,57663,9
1581630119,1,57663,9
1581630120,1,57663,9
1581630121,1,57663,9
1581630122,0,-1,9
1581630123,1,57663,9
1581630124,1,57663,9
1581630125,1,57663,9
1581630126,1,57663,9
1581630127,1,57663,9
1581630128,1,57663,9
1581630129,0,-1,9
1581630130,1,57663,9
1581630131,1,57663,9
1581630132,1,57663,9
1581630133,1,57663,9
1581630134,1,57663,9
1581630135,1,57663,9
1581630136,0,-1,9
1581630137,1,57663,9
1581630138,1,57663,9
1581630139,1,57663,9
1581630140,1,57663,9
1581630141,1,57663,9
1581630142,1,57663,9
1581630143,1,57663,9
1581630144,0,-1,9
1581630145,1,57663,9
1581630146,1,57663,9
1581630147,1,57663,9
1581630148,1,57663,9
1581630149,0,-1,9
1581630150,1,57663,9
1581630151,1,57663,9
1581630152,1,57663,9
1581630153,1,57663,9
1581630154,1,57663,9
1581630155,1,57663,9
1581630156,1,57663,9
1581630157,1,57663,9
1581630158,1,57663,9
1581630159,1,57663,9
1581630160,1,57663,9
1581630161,1,57663,9
1581630162,1,57663,9
1581630163,1,57663,9
1581630164,1,57663,9
1581630165,1,57663,9
1581630166,1,57663,9
1581630167,1,57663,9
1581630168,0,-1,9
1581630169,1,57663,9
1581630170,1,57663,9
1581630171,1,57663,9
1581630172,1,57663,9
1581630173,1,57663,9
1581630174,1,57663,9
1581630175,0,-1,9
1581630176,1,57663,9
1581630177,1,57663,9
1581630178,1,57663,9
1581630179,1,57663,9
1581630180,1,57663,9
1581630181,1,57663,9
1581630182,0,-1,9
1581630183,1,57663,9
1581630184,1,57663,9
1581630185,1,57663,9
1581630186,1,57663,9
1581630187,1,57663,9
1581630188,1,57663,9
1581630189,1,57663,9
1581630190,0,-1,9
1581630191,0,-1,9
1581630192,1,57663,9
1581630193,1,57663,9
1581630194,1,57663,9
1581630195,1,57663,9
1581630196,1,57663,9
1581630197,1,57663,9
1581630198,0,-1,9
1581630199,1,57663,9
1581630200,1,57663,9
1581630201,1,57663,9
1581630202,1,57663,9
1581630203,1,57663,9
1581630204,1,57663,9
1581630205,1,57663,9
1581630206,0,-1,9
1581630207,1,57663,9
1581630208,1,57663,9
1581630209,1,57663,9
1581630210,1,57663,9
1581630211,1,57663,9
1581630212,1,57663,9
1581630213,1,57663,9
1581630214,1,57663,9
1581630215,1,57663,9
1581630216,1,57663,9
1581630217,1,57663,9
1581630218,1,57663,9
1581630219,0,-1,9
1581630220,1,57663,9
1581630221,1,57663,9
1581630222,1,57663,9
1581630223,1,57663,9
1581630224,1,57663,9
1581630225,1,57663,9
1581630226,1,57663,9
1581630227,1,57663,9
1581630228,1,57663,9
1581630229,1,57663,9
1581630230,1,57663,9
1581630231,1,57663,9
1581630232,1,57663,9
1581630233,0,-1,9
1581630234,1,57663,9
1581630235,1,57663,9
1581630236,1,57663,9
1581630237,0,-1,9
1581630238,1,57663,9
1581630239,1,57663,9
1581630240,1,57663,9
1581630241,1,57663,9
1581630242,1,57663,9
1581630243,1,57663,9
1581630244,1,57663,9
1581630245,0,-1,9
1581630246,1,57663,9
1581630247,0,-1,9
1581630248,1,57663,9
1581630249,1,57663,9
1581630250,1,57663,9
1581630251,1,57663,9
1581630252,1,57663,9
1581630253,0,-1,9
1581630254,1,57663,9
1581630255,1,57663,9
1581630256,1,57663,9
1581630257,1,57663,9
1581630258,1,57663,9
1581630259,1,57663,9
1581630260,0,-1,9
1581630261,0,-1,9
1581630262,1,57663,9
1581630263,1,57663,9
1581630264,1,57663,9
1581630265,1,57663,9
1581630266,1,57663,9
1581630267,1,57663,9
1581630268,0,-1,9
1581630269,1,57663,9
1581630270,1,57663,9
1581630271,1,57663,9
1581630272,1,57663,9
1581630273,1,57663,9
1581630274,1,57663,9
1581630275,0,-1,9
1581630276,1,57663,9
1581630277,1,57663,9
1581630278,1,57663,9
1581630279,1,57663,9
1581630280,1,57663,9
1581630281,1,57663,9
1581630282,1,57663,9
1581630283,0,-1,9
1581630284,1,57663,9
1581630285,1,57663,9
1581630286,1,57663,9
1581630287,1,57663,9
1581630288,1,57663,9
1581630289,1,57663,9
1581630290,1,57663,9
1581630291,1,57663,9
1581630292,1,57663,9
1581630293,1,57663,9
1581630294,1,57663,9
1581630295,1,57663,9
1581630296,1,57663,9
1581630297,1,57663,9
1581630298,1,57663,9
1581630299,0,-1,9
1581630300,1,57663,9
1581630301,1,57663,9
1581630302,1,57663,9
1581630303,1,57663,9
1581630304,1,57663,9
1581630305,1,57663,9
1581630306,0,-1,9
1581630307,1,57663,9
1581630308,1,57663,9
1581630309,1,57663,9
1581630310,1,57663,9
1581630311,1,57663,9
1581630312,1,57663,9
1581630313,0,57663,9
1581630314,0,-1,9
1581630315,1,57663,9
1581630316,0,-1,9
1581630317,1,57663,9
1581630318,1,57663,9
1581630319,1,57663,9
1581630320,1,57663,9
1581630321,1,57663,9
1581630322,1,57663,9
1581630323,1,57663,9
1581630324,1,57663,9
1581630325,1,57663,9
1581630326,1,57663,9
1581630327,1,57663,9
1581630328,1,57663,9
1581630329,0,-1,9
1581630330,1,57663,9
1581630331,1,57663,9
1581630332,0,-1,9
1581630333,1,57663,9
1581630334,1,57663,9
1581630335,1,57663,9
1581630336,1,57663,9
1581630337,0,-1,9
1581630338,1,57663,9
1581630339,1,57663,9
1581630340,1,57663,9
1581630341,1,57663,9
1581630342,1,57663,9
1581630343,1,57663,9
1581630344,1,57663,9
1581630345,0,-1,9
1581630346,0,-1,9
1581630347,1,57663,9
1581630348,1,57663,9
1581630349,1,57663,9
1581630350,1,57663,9
1581630351,1,57663,9
1581630352,0,-1,9
1581630353,1,57663,9
1581630354,1,57663,9
1581630355,1,57663,9
1581630356,1,57663,9
1581630357,1,57663,9
1581630358,1,57663,9
1581630359,0,-1,9
1581630360,0,-1,9
1581630361,1,57663,9
1581630362,1,57663,9
1581630363,1,57663,9
1581630364,1,57663,9
1581630365,0,-1,9
1581630366,1,57663,9
1581630367,0,-1,9
1581630368,1,57663,9
1581630369,1,57663,9
1581630370,1,57663,9
1581630371,1,57663,9
1581630372,1,57663,9
1581630373,1,57663,9
1581630374,0,-1,9
1581630375,1,57663,9
1581630376,1,57663,9
1581630377,1,57663,9
1581630378,1,57663,9
1581630379,0,-1,9
1581630380,1,57663,9
1581630381,1,57663,9
1581630382,1,57663,9
1581630383,1,57663,9
1581630384,1,57663,9
1581630385,1,57663,9
1581630386,1,57663,9
1581630387,0,-1,9
1581630388,1,57663,9
1581630389,1,57663,9
1581630390,0,-1,9
1581630391,1,57663,9
1581630392,1,57663,9
1581630393,1,57663,9
1581630394,1,57663,9
1581630395,0,-1,9
1581630396,1,57663,9
1581630397,1,57663,9
1581630398,1,57663,9
1581630399,1,57663,9
1581630400,1,57663,9
1581630401,1,57663,9
1581630402,0,-1,9
1581630403,1,57663,9
1581630404,0,-1,9
1581630405,1,57663,9
1581630406,1,57663,9
1581630407,1,57663,9
1581630408,1,57663,9
1581630409,1,57663,9
1581630410,0,-1,9
1581630411,1,57663,9
1581630412,1,57663,9
1581630413,1,57663,9
1581630414,1,57663,9
1581630415,1,57663,9
1581630416,1,57663,9
1581630417,1,57663,9
1581630418,0,-1,9
1581630419,1,57663,9
1581630420,1,57663,9
1581630421,1,57663,9
1581630422,1,57663,9
1581630423,1,57663,9
1581630424,1,57663,9
1581630425,0,-1,9
1581630426,1,57663,9
1581630427,1,57663,9
1581630428,1,57663,9
1581630429,1,57663,9
1581630430,1,57663,9
1581630431,1,57663,9
1581630432,1,57663,9
1581630433,0,-1,9
1581630434,1,57663,9
1581630435,1,57663,9
1581630436,1,57663,9
1581630437,1,57663,9
1581630438,1,57663,9
1581630439,1,57663,9
1581630440,1,57663,9
1581630441,0,-1,9
1581630442,1,57663,9
1581630443,1,57663,9
1581630444,1,57663,9
1581630445,1,57663,9
1581630446,1,57663,9
1581630447,1,57663,9
1581630448,1,57663,9
1581630449,0,-1,9
1581630450,1,57663,9
1581630451,1,57663,9
1581630452,1,57663,9
1581630453,1,57663,9
1581630454,1,57663,9
1581630455,1,57663,9
1581630456,0,-1,9
1581630457,1,57663,9
1581630458,1,57663,9
1581630459,0,-1,9
1581630460,1,57663,9
1581630461,1,57663,9
1581630462,1,57663,9
1581630463,1,57663,9
1581630464,1,57663,9
1581630465,1,57663,9
1581630466,0,-1,9
1581630467,1,57663,9
1581630468,1,57663,9
1581630469,1,57663,9
1581630470,1,57663,9
1581630471,0,57663,9
1581634921,0,11,10
1581634922,0,11,10
1581634923,0,11,10
1581634924,0,-1,10
1581634925,1,11,10
1581634926,1,11,10
1581634927,1,11,10
1581634928,1,11,10
1581634929,1,11,10
1581634930,1,11,10
1581634931,1,11,10
1581634932,0,-1,10
1581634933,1,11,10
1581634934,1,11,10
1581634935,1,11,10
1581634936,1,11,10
1581634937,1,11,10
1581634938,1,11,10
1581634939,0,-1,10
1581634940,1,11,10
1581634941,1,11,10
1581634942,1,11,10
1581634943,1,11,10
1581634944,1,11,10
1581634945,0,-1,10
1581634946,1,11,10
1581634947,1,11,10
1581634948,1,11,10
1581634949,1,11,10
1581634950,1,11,10
1581634951,1,11,10
1581634952,0,-1,10
1581634953,0,-1,10
1581634954,1,11,10
1581634955,1,11,10
1581634956,1,11,10
1581634957,1,11,10
1581634958,1,11,10
1581634959,0,-1,10
1581634960,1,11,10
1581634961,1,11,10
1581634962,1,11,10
1581634963,1,11,10
1581634964,1,11,10
1581634965,1,11,10
1581634966,0,-1,10
1581634967,0,-1,10
1581634968,1,11,10
1581634969,1,11,10
1581634970,1,11,10
1581634971,1,11,10
1581634972,1,11,10
1581634973,0,-1,10
1581634974,1,11,10
1581634975,1,11,10
1581634976,1,11,10
1581634977,1,11,10
1581634978,1,11,10
1581634979,1,11,10
1581634980,0,-1,10
1581634981,0,-1,10
1581634982,1,11,10
1581634983,1,11,10
1581634984,1,11,10
1581634985,1,11,10
1581634986,1,11,10
1581634987,0,-1,10
1581634988,1,11,10
1581634989,1,11,10
1581634990,1,11,10
1581634991,1,11,10
1581634992,1,12,10
1581634993,1,12,10
1581634994,0,-1,10
1581634995,0,-1,10
1581634996,1,12,10
1581634997,1,12,10
1581634998,1,12,10
1581634999,1,12,10
1581635000,1,12,10
1581635001,0,-1,10
1581635002,1,12,10
1581635003,1,12,10
1581635004,1,12,10
1581635005,1,12,10
1581635006,1,11,10
1581635007,1,11,10
1581635008,0,-1,10
1581635009,0,-1,10
1581635010,1,11,10
1581635011,1,12,10
1581635012,1,12,10
1581635013,1,12,10
1581635014,1,12,10
1581635015,0,-1,10
1581635016,1,12,10
1581635017,1,12,10
1581635018,1,12,10
1581635019,1,12,10
1581635020,1,12,10
1581635021,0,-1,10
1581635022,1,12,10
1581635023,0,-1,10
1581635024,1,12,10
1581635025,1,12,10
1581635026,1,12,10
1581635027,1,12,10
1581635028,1,12,10
1581635029,0,-1,10
1581635030,1,11,10
1581635031,1,11,10
1581635032,1,11,10
1581635033,1,11,10
1581635034,1,11,10
1581635035,1,11,10
1581635036,1,11,10
1581635037,0,-1,10
1581635038,1,11,10
1581635039,1,11,10
1581635040,1,11,10
1581635041,1,11,10
1581635042,1,11,10
1581635043,1,11,10
1581635044,1,11,10
1581635045,1,11,10
1581635046,1,11,10
1581635047,0,-1,10
1581635048,1,11,10
1581635049,1,11,10
1581635050,1,11,10
1581635051,1,11,10
1581635052,1,11,10
1581635053,1,11,10
1581635054,1,11,10
1581635055,0,-1,10
1581635056,1,11,10
1581635057,1,11,10
1581635058,1,11,10
1581635059,1,11,10
1581635060,1,11,10
1581635061,1,11,10
1581635062,0,-1,10
1581635063,1,11,10
1581635064,1,11,10
1581635065,0,-1,10
1581635066,1,11,10
1581635067,1,11,10
1581635068,1,11,10
1581635069,1,11,10
1581635070,0,-1,10
1581635071,1,11,10
1581635072,1,11,10
1581635073,1,11,10
1581635074,1,11,10
1581635075,1,11,10
1581635076,1,11,10
1581635077,0,-1,10
1581635078,1,11,10
1581635079,0,-1,10
1581635080,1,11,10
1581635081,1,11,10
1581635082,1,11,10
1581635083,0,-1,10
1581635084,1,11,10
1581635085,1,11,10
1581635086,1,11,10
1581635087,1,11,10
1581635088,1,11,10
1581635089,0,-1,10
1581635090,1,11,10
1581635091,1,11,10
1581635092,1,11,10
1581635093,1,11,10
1581635094,1,11,10
1581635095,1,11,10
1581635096,1,11,10
1581635097,0,-1,10
1581635098,1,11,10
1581635099,1,11,10
1581635100,1,11,10
1581635101,1,12,10
1581635102,1,12,10
1581635103,0,-1,10
1581635104,1,12,10
1581635105,1,12,10
1581635106,1,12,10
1581635107,0,-1,10
1581635108,1,11,10
1581635109,1,11,10
1581635110,1,11,10
1581635111,0,-1,10
1581635112,1,11,10
1581635113,1,11,10
1581635114,1,11,10
1581635115,1,11,10
1581635116,1,11,10
1581635117,1,12,10
1581635118,0,-1,10
1581635119,1,12,10
1581635120,1,12,10
1581635121,1,12,10
1581635122,1,12,10
1581635123,1,12,10
1581635124,1,12,10
1581635125,0,-1,10
1581635126,1,12,10
1581635127,1,12,10
1581635128,1,12,10
1581635129,1,12,10
1581635130,1,12,10
1581635131,1,12,10
1581635132,1,12,10
1581635133,1,12,10
1581635134,1,12,10
1581635135,1,12,10
1581635136,1,12,10
1581635137,0,-1,10
1581635138,1,12,10
1581635139,1,12,10
1581635140,1,12,10
1581635141,1,12,10
1581635142,1,12,10
1581635143,1,12,10
1581635144,0,-1,10
1581635145,1,12,10
1581635146,1,12,10
1581635147,1,12,10
1581635148,0,-1,10
1581635149,1,12,10
1581635150,1,12,10
1581635151,1,12,10
1581635152,1,12,10
1581635153,1,12,10
1581635154,1,12,10
1581635155,1,12,10
1581635156,1,12,10
1581635157,1,12,10
1581635158,0,-1,10
1581635159,1,12,10
1581635160,0,-1,10
1581635161,1,11,10
1581635162,1,11,10
1581635163,1,11,10
1581635164,1,11,10
1581635165,0,-1,10
1581635166,1,11,10
1581635167,1,11,10
1581635168,1,11,10
1581635169,1,11,10
1581635170,1,11,10
1581635171,1,11,10
1581635172,0,-1,10
1581635173,1,11,10
1581635174,0,-1,10
1581635175,1,11,10
1581635176,0,-1,10
1581635177,1,11,10
1581635178,1,11,10
1581635179,0,-1,10
1581635180,1,11,10
1581635181,1,11,10
1581635182,1,11,10
1581635183,1,11,10
1581635184,1,11,10
1581635185,0,11,10
1581635186,0,-1,10
1581635187,0,11,10
1581635188,1,11,10
1581635189,1,11,10
1581635190,1,11,10
1581635191,1,11,10
1581635192,1,11,10
1581635193,1,11,10
1581635194,1,11,10
1581635195,1,11,10
1581635196,1,11,10
1581635197,1,11,10
1581635198,0,-1,10
1581635199,1,11,10
1581635200,1,11,10
1581635201,1,11,10
1581635202,1,11,10
1581635203,1,11,10
1581635204,0,-1,10
1581635205,1,11,10
1581635206,1,11,10
1581635207,1,11,10
1581635208,1,11,10
1581635209,1,11,10
1581635210,1,11,10
1581635211,0,-1,10
1581635212,1,11,10
1581635213,1,11,10
1581635214,1,11,10
1581635215,1,11,10
1581635216,1,11,10
1581635217,1,11,10
1581635218,1,11,10
1581635219,0,-1,10
1581635220,1,11,10
1581635221,1,11,10
1581635222,1,11,10
1581635223,1,11,10
1581635224,1,11,10
1581635225,1,11,10
1581635226,1,11,10
1581635227,1,11,10
1581635228,1,11,10
1581635229,0,-1,10
1581635230,1,11,10
1581635231,1,11,10
1581635232,1,11,10
1581635233,1,11,10
1581635234,1,11,10
1581635235,1,11,10
1581635236,0,-1,10
1581635237,1,11,10
1581635238,1,11,10
1581635239,1,11,10
1581635240,1,11,10
1581635241,1,11,10
1581635242,0,-1,10
1581635243,1,11,10
1581635244,1,11,10
1581635245,0,-1,10
1581635246,1,11,10
1581635247,1,11,10
1581635248,1,11,10
1581635249,0,-1,10
1581635250,1,11,10
1581635251,1,11,10
1581635252,1,11,10
1581635253,1,11,10
1581635254,1,11,10
1581635255,1,11,10
1581635256,1,11,10
1581635257,0,-1,10
1581635258,1,11,10
1581635259,0,-1,10
1581635260,1,11,10
1581635261,1,11,10
1581635262,1,11,10
1581635263,1,11,10
1581635264,0,-1,10
1581635265,1,11,10
1581635266,1,11,10
1581635267,1,11,10
1581635268,1,11,10
1581635269,1,11,10
1581635270,1,11,10
1581635271,1,11,10
1581635272,0,-1,10
1581635273,0,-1,10
1581635274,1,11,10
1581635275,1,11,10
1581635276,1,11,10
1581635277,1,11,10
1581635278,0,-1,10
1581635279,1,11,10
1581635280,1,11,10
1581635281,1,11,10
1581635282,1,11,10
1581635283,1,11,10
1581635284,1,11,10
1581635285,1,11,10
1581635286,0,-1,10
1581635287,1,11,10
1581635288,1,11,10
1581635289,1,11,10
1581635290,1,11,10
1581635291,1,11,10
1581635292,0,-1,10
1581635293,1,11,10
1581635294,1,11,10
1581635295,1,11,10
1581635296,1,11,10
1581635297,1,11,10
1581635298,1,11,10
1581635299,1,11,10
1581635300,1,11,10
1581635301,0,-1,10
1581635302,1,11,10
1581635303,1,11,10
1581635304,1,11,10
1581635305,1,11,10
1581635306,1,11,10
1581635307,1,11,10
1581635308,0,-1,10
1581635309,1,11,10
1581635310,1,11,10
1581635311,1,11,10
1581635312,1,11,10
1581635313,1,11,10
1581635314,1,11,10
1581635315,0,-1,10
1581635316,1,11,10
1581635317,1,11,10
1581635318,1,11,10
1581635319,1,11,10
1581635320,1,11,10
1581635321,0,-1,10
1581635322,1,11,10
1581635323,1,11,10
1581635324,1,11,10
1581635325,1,11,10
1581635326,1,11,10
1581635327,1,11,10
1581635328,1,11,10
1581635329,0,-1,10
1581635330,1,11,10
1581635331,1,11,10
1581635332,1,11,10
1581635333,1,11,10
1581635334,1,13,10
1581635335,1,13,10
1581635336,1,13,10
1581635337,1,13,10
1581635338,1,13,10
1581635339,1,13,10
1581635340,1,13,10
1581635341,1,13,10
1581635342,1,13,10
1581635343,1,13,10
1581635344,1,13,10
1581635345,1,13,10
1581635346,1,13,10
1581635347,1,13,10
1581635348,1,12,10
1581635349,1,12,10
1581635350,1,12,10
1581635351,1,12,10
1581635352,0,-1,10
1581635353,1,12,10
1581635354,1,12,10
1581635355,1,12,10
1581635356,1,12,10
1581635357,1,12,10
1581635358,1,12,10
1581635359,1,12,10
1581635360,0,-1,10
1581635361,1,12,10
1581635362,1,12,10
1581635363,1,12,10
1581635364,1,12,10
1581635365,1,12,10
1581635366,1,13,10
1581635367,1,13,10
1581635368,0,-1,10
1581635369,1,13,10
1581635370,0,-1,10
1581635371,1,13,10
1581635372,1,13,10
1581635373,1,13,10
1581635374,1,13,10
1581635375,1,13,10
1581635376,1,13,10
1581635377,0,-1,10
1581635378,1,13,10
1581635379,1,13,10
1581635380,1,13,10
1581635381,1,13,10
1581635382,1,13,10
1581635383,1,13,10
1581635384,0,-1,10
1581635385,1,13,10
1581635386,1,13,10
1581635387,1,13,10
1581635388,1,13,10
1581635389,1,13,10
1581635390,1,13,10
1581635391,1,13,10
1581635392,1,13,10
1581635393,1,12,10
1581635394,0,-1,10
1581635395,1,12,10
1581635396,1,12,10
1581635397,0,-1,10
1581635398,0,-1,10
1581635399,1,12,10
1581635400,1,12,10
1581635401,1,13,10
1581635402,0,-1,10
1581635403,1,13,10
1581635404,1,13,10
1581635405,1,13,10
1581635406,1,13,10
1581635407,1,13,10
1581635408,1,13,10
1581635409,0,-1,10
1581635410,1,13,10
1581635411,1,13,10
1581635412,0,-1,10
1581635413,1,13,10
1581635414,1,13,10
1581635415,1,13,10
1581635416,1,13,10
1581635417,0,-1,10
1581635418,1,13,10
1581635419,1,13,10
1581635420,1,13,10
1581635421,1,13,10
1581635422,1,13,10
1581635423,0,-1,10
1581635424,1,13,10
1581635425,1,13,10
1581635426,1,13,10
1581635427,1,13,10
1581635428,1,13,10
1581635429,0,-1,10
1581635430,1,13,10
1581635431,1,13,10
1581635432,1,13,10
1581635433,1,13,10
1581635434,1,13,10
1581635435,1,13,10
1581635436,0,-1,10
1581635437,1,13,10
1581635438,1,13,10
1581635439,1,13,10
1581635440,1,13,10
1581635441,1,13,10
1581635442,1,13,10
1581635443,1,13,10
1581635444,0,-1,10
1581635445,1,13,10
1581635446,0,13,10
1581635447,0,13,10
1581635448,0,13,10
1581635449,1,13,10
1581635450,0,13,10
1581635451,0,-1,10
1581635452,1,13,10
1581635453,1,13,10
1581635454,1,13,10
1581635455,1,13,10
1581635456,1,13,10
1581635457,1,13,10
1581635458,0,-1,10
1581635459,1,13,10
1581635460,1,13,10
1581635461,1,13,10
1581635462,1,13,10
1581635463,1,13,10
1581635464,1,13,10
1581635465,0,-1,10
1581635466,1,13,10
1581635467,0,-1,10
1581635468,1,13,10
1581635469,1,13,10
1581635470,1,13,10
1581635471,1,13,10
1581635472,1,13,10
1581635473,0,-1,10
1581635474,1,13,10
1581635475,1,13,10
1581635476,1,13,10
1581635477,1,13,10
1581635478,1,13,10
1581635479,1,13,10
1581635480,0,-1,10
1581635481,0,-1,10
1581635482,1,13,10
1581635483,1,13,10
1581635484,1,2,10
1581635485,1,2,10
1581635486,1,2,10
1581635487,0,-1,10
1581635488,1,2,10
1581635489,1,2,10
1581635490,1,2,10
1581635491,1,2,10
1581635492,1,2,10
1581635493,1,2,10
1581635494,1,2,10
1581635495,0,-1,10
1581635496,1,2,10
1581635497,1,2,10
1581635498,1,2,10
1581635499,1,2,10
1581635500,1,2,10
1581635501,1,2,10
1581635502,1,2,10
1581635503,0,-1,10
1581635504,1,2,10
1581635505,0,-1,10
1581635506,1,2,10
1581635507,1,2,10
1581635508,1,2,10
1581635509,1,2,10
1581635510,0,-1,10
1581635511,1,2,10
1581635512,1,2,10
1581635513,1,2,10
1581635514,1,2,10
1581635515,1,2,10
1581635516,1,2,10
1581635517,1,2,10
1581635518,0,-1,10
1581635519,1,2,10
1581635520,1,2,10
1581635521,1,2,10
1581635522,1,2,10
1581635523,1,2,10
1581635524,1,2,10
1581635525,1,2,10
1581635526,0,-1,10
1581635527,1,2,10
1581635528,1,2,10
1581635529,1,2,10
1581635530,1,2,10
1581635531,1,2,10
1581635532,1,2,10
1581635533,1,2,10
1581635534,0,-1,10
1581635535,1,2,10
1581635536,1,2,10
1581635537,0,-1,10
1581635538,1,2,10
1581635539,1,2,10
1581635540,1,2,10
1581635541,1,2,10
1581635542,1,2,10
1581635543,1,2,10
1581635544,1,2,10
1581635545,1,2,10
1581635546,1,2,10
1581635547,1,2,10
1581635548,1,2,10
1581635549,1,2,10
1581635550,1,2,10
1581635551,0,-1,10
1581635552,1,2,10
1581635553,1,2,10
1581635554,1,2,10
1581635555,1,2,10
1581635556,1,2,10
1581635557,1,1,10
1581635558,1,1,10
1581635559,1,1,10
1581635560,1,1,10
1581635561,1,1,10
1581635562,1,1,10
1581635563,1,1,10
1581635564,1,1,10
1581635565,1,1,10
1581635566,0,-1,10
1581635567,1,1,10
1581635568,1,1,10
1581635569,1,1,10
1581635570,1,1,10
1581635571,1,1,10
1581635572,1,1,10
1581635573,1,1,10
1581635574,0,-1,10
1581635575,1,1,10
1581635576,1,1,10
1581635577,1,1,10
1581635578,1,1,10
1581635579,1,1,10
1581635580,1,1,10
1581635581,1,1,10
1581635582,0,-1,10
1581635583,1,1,10
1581635584,1,1,10
1581635585,1,1,10
1581635586,1,1,10
1581635587,1,1,10
1581635588,1,1,10
1581635589,0,-1,10
1581635590,1,1,10
1581635591,1,1,10
1581635592,1,1,10
1581635593,1,1,10
1581635594,1,1,10
1581635595,1,1,10
1581635596,1,1,10
1581635597,0,-1,10
1581635598,1,1,10
1581635599,1,1,10
1581635600,1,1,10
1581635601,1,1,10
1581635602,1,1,10
1581635603,1,1,10
1581635604,1,1,10
1581635605,0,-1,10
1581635606,0,-1,10
1581635607,1,1,10
1581635608,1,1,10
1581635609,1,1,10
1581635610,1,1,10
1581635611,1,1,10
1581635612,1,1,10
1581635613,0,-1,10
1581635614,1,1,10
1581635615,1,1,10
1581635616,1,6,10
1581635617,1,11,10
1581635618,1,3,10
1581635619,1,3,10
1581635620,1,3,10
1581635621,1,3,10
1581635622,1,3,10
1581635623,1,3,10
1581635624,1,3,10
1581635625,1,3,10
1581635626,1,3,10
1581635627,0,-1,10
1581635628,1,3,10
1581635629,1,3,10
1581635630,1,3,10
1581635631,1,3,10
1581635632,1,3,10
1581635633,1,3,10
1581635634,0,-1,10
1581635635,1,3,10
1581635636,1,3,10
1581635637,1,1,10
1581635638,1,1,10
1581635639,1,2,10
1581635640,0,-1,10
1581635641,1,3,10
1581635642,1,3,10
1581635643,1,3,10
1581635644,1,1,10
1581635645,1,1,10
1581635646,1,1,10
1581635647,1,1,10
1581635648,0,-1,10
1581635649,1,1,10
1581635650,1,1,10
1581635651,1,1,10
1581635652,1,1,10
1581635653,1,1,10
1581635654,1,1,10
1581635655,1,1,10
1581635656,1,1,10
1581635657,1,1,10
1581635658,1,1,10
1581635659,1,1,10
1581635660,1,1,10
1581635661,1,1,10
1581635662,0,-1,10
1581635663,1,1,10
1581635664,1,1,10
1581635665,1,1,10
1581635666,1,1,10
1581635667,1,1,10
1581635668,0,-1,10
1581635669,1,1,10
1581635670,1,1,10
1581635671,1,1,10
1581635672,1,1,10
1581635673,1,1,10
1581635674,0,-1,10
1581635675,1,1,10
1581635676,0,-1,10
1581635677,1,1,10
1581635678,1,1,10
1581635679,1,1,10
1581635680,1,1,10
1581635681,0,-1,10
1581635682,1,1,10
1581635683,1,1,10
1581635684,1,1,10
1581635685,1,1,10
1581635686,1,1,10
1581635687,0,-1,10
1581635688,1,1,10
1581635689,1,1,10
1581635690,0,-1,10
1581635691,1,1,10
1581635692,1,1,10
1581635693,1,1,10
1581635694,0,-1,10
1581635695,1,1,10
1581635696,1,1,10
1581635697,1,1,10
1581635698,1,1,10
1581635699,1,1,10
1581635700,1,1,10
1581635701,0,-1,10
1581635702,1,1,10
1581635703,1,1,10
1581635704,0,-1,10
1581635705,1,1,10
1581635706,1,1,10
1581635707,0,-1,10
1581635708,1,1,10
1581635709,1,1,10
1581635710,1,1,10
1581635711,1,1,10
1581635712,1,1,10
1581635713,1,1,10
1581635714,0,-1,10
1581635715,1,1,10
1581635716,1,1,10
1581635717,1,1,10
1581635718,1,1,10
1581635719,1,1,10
1581635720,1,1,10
1581635721,1,1,10
1581635722,1,1,10
1581635723,1,1,10
1581635724,1,1,10
1581635725,1,1,10
1581635726,1,1,10
1581635727,0,-1,10
1581635728,1,1,10
1581635729,1,1,10
1581635730,1,1,10
1581635731,1,1,10
1581635732,1,1,10
1581635733,1,1,10
1581635734,1,1,10
1581635735,1,1,10
1581635736,1,1,10
1581635737,1,1,10
1581635738,1,1,10
1581635739,1,1,10
1581635740,0,-1,10
1581635741,1,1,10
1581635742,1,1,10
1581635743,1,1,10
1581635744,1,1,10
1581635745,0,-1,10
1581635746,0,-1,10
1581635747,1,1,10
1581635748,1,1,10
1581635749,1,1,10
1581635750,1,1,10
1581635751,1,1,10
1581635752,1,1,10
1581635753,0,-1,10
1581635754,1,1,10
1581635755,1,1,10
1581635756,1,1,10
1581635757,1,1,10
1581635758,1,1,10
1581635759,0,-1,10
1581635760,1,1,10
1581635761,1,1,10
1581635762,1,1,10
1581635763,1,1,10
1581635764,1,1,10
1581635765,1,1,10
1581635766,0,-1,10
1581635767,1,2,10
1581635768,1,2,10
1581635769,1,2,10
1581635770,1,2,10
1581635771,1,2,10
1581635772,0,-1,10
1581635773,0,-1,10
1581635774,1,2,10
1581635775,1,2,10
1581635776,1,2,10
1581635777,1,2,10
1581635778,1,2,10
1581635779,1,2,10
1581635780,0,-1,10
1581635781,1,2,10
1581635782,1,2,10
1581635783,1,2,10
1581635784,1,2,10
1581635785,1,2,10
1581635786,0,-1,10
1581635787,0,-1,10
1581635788,0,-1,10
1581635789,1,2,10
1581635790,1,2,10
1581635791,1,2,10
1581635792,0,-1,10
1581635793,1,2,10
1581635794,1,2,10
1581635795,1,2,10
1581635796,1,2,10
1581635797,1,2,10
1581635798,1,2,10
1581635799,0,-1,10
1581635800,1,2,10
1581635801,0,-1,10
1581635802,1,12,10
1581635803,1,12,10
1581635804,1,12,10
1581635805,1,12,10
1581635806,1,1,10
1581635807,0,-1,10
1581635808,1,1,10
1581635809,1,12,10
1581635810,1,12,10
1581635811,1,12,10
1581635812,0,-1,10
1581635813,1,12,10
1581635814,1,12,10
1581635815,0,-1,10
1581635816,1,12,10
1581635817,1,12,10
1581635818,1,1,10
1581635819,1,1,10
1581635820,1,1,10
1581635821,0,-1,10
1581635822,1,1,10
1581635823,1,1,10
1581635824,1,1,10
1581635825,1,1,10
1581635826,1,1,10
1581635827,1,1,10
1581635828,1,1,10
1581635829,0,-1,10
1581635830,1,1,10
1581635831,1,1,10
1581635832,1,1,10
1581635833,1,1,10
1581635834,1,1,10
1581635835,1,1,10
1581635836,0,-1,10
1581635837,1,1,10
1581635838,1,1,10
1581635839,1,1,10
1581635840,1,1,10
1581635841,1,1,10
1581635842,1,1,10
1581635843,1,1,10
1581635844,1,1,10
1581635845,1,1,10
1581635846,1,1,10
1581635847,1,1,10
1581635848,1,1,10
1581635849,1,1,10
1581635850,1,1,10
1581635851,1,1,10
1581635852,0,-1,10
1581635853,1,1,10
1581635854,1,1,10
1581635855,1,1,10
1581635856,0,-1,10
1581635857,1,1,10
1581635858,1,1,10
1581635859,0,-1,10
1581635860,1,1,10
1581635861,1,1,10
1581635862,1,1,10
1581635863,1,1,10
1581635864,1,1,10
1581635865,1,1,10
1581635866,1,1,10
1581635867,0,-1,10
1581635868,1,1,10
1581635869,1,1,10
1581635870,0,-1,10
1581635871,1,1,10
1581635872,1,1,10
1581635873,1,1,10
1581635874,0,-1,10
1581635875,1,1,10
1581635876,1,1,10
1581635877,1,1,10
1581635878,1,1,10
1581635879,1,1,10
1581635880,1,12,10
1581635881,1,12,10
1581635882,0,-1,10
1581635883,1,12,10
1581635884,0,-1,10
1581635885,1,12,10
1581635886,1,12,10
1581635887,1,12,10
1581635888,0,-1,10
1581635889,1,12,10
1581635890,1,12,10
1581635891,1,12,10
1581635892,1,12,10
1581635893,1,12,10
1581635894,1,12,10
1581635895,1,12,10
1581635896,0,-1,10
1581635897,1,12,10
1581635898,1,12,10
1581635899,1,12,10
1581635900,1,12,10
1581635901,1,12,10
1581635902,1,12,10
1581635903,0,-1,10
1581635904,1,12,10
1581635905,1,12,10
1581635906,1,12,10
1581635907,1,12,10
1581635908,1,12,10
1581635909,1,12,10
1581635910,1,12,10
1581635911,1,12,10
1581635912,0,-1,10
1581635913,1,12,10
1581635914,1,12,10
1581635915,1,12,10
1581635916,1,12,10
1581635917,1,12,10
1581635918,1,12,10
1581635919,1,12,10
1581635920,1,12,10
1581635921,0,-1,10
1581635922,1,12,10
1581635923,1,12,10
1581635924,1,12,10
1581635925,1,12,10
1581635926,1,12,10
1581635927,1,12,10
1581635928,1,12,10
1581635929,1,12,10
1581635930,1,12,10
1581635931,0,-1,10
1581635932,1,12,10
1581635933,1,12,10
1581635934,1,12,10
1581635935,1,12,10
1581635936,1,12,10
1581635937,1,12,10
1581635938,1,12,10
1581635939,1,12,10
1581635940,0,-1,10
1581635941,1,12,10
1581635942,1,12,10
1581635943,1,12,10
1581635944,1,13,10
1581635945,1,13,10
1581635946,1,13,10
1581635947,1,13,10
1581635948,0,-1,10
1581635949,1,13,10
1581635950,1,13,10
1581635951,1,13,10
1581635952,1,13,10
1581635953,0,-1,10
1581635954,1,13,10
1581635955,1,13,10
1581635956,0,-1,10
1581635957,1,13,10
1581635958,1,13,10
1581635959,1,13,10
1581635960,1,13,10
1581635961,1,13,10
1581635962,0,-1,10
1581635963,1,13,10
1581635964,1,13,10
1581635965,1,13,10
1581635966,1,13,10
1581635967,1,13,10
1581635968,1,13,10
1581635969,1,13,10
1581635970,1,2,10
1581635971,1,2,10
1581635972,1,2,10
1581635973,1,2,10
1581635974,1,2,10
1581635975,1,2,10
1581635976,0,-1,10
1581635977,1,2,10
1581635978,1,2,10
1581635979,1,2,10
1581635980,1,2,10
1581635981,1,2,10
1581635982,0,-1,10
1581635983,1,2,10
1581635984,1,2,10
1581635985,1,2,10
1581635986,1,2,10
1581635987,1,2,10
1581635988,1,2,10
1581635989,0,-1,10
1581635990,1,2,10
1581635991,1,2,10
1581635992,1,2,10
1581635993,1,2,10
1581635994,1,2,10
1581635995,0,-1,10
1581635996,1,2,10
1581635997,1,2,10
1581635998,1,2,10
1581635999,1,2,10
1581636000,1,2,10
1581636001,1,2,10
1581636002,0,-1,10
1581636003,1,2,10
1581636004,0,-1,10
1581636005,1,2,10
1581636006,1,2,10
1581636007,1,2,10
1581636008,0,-1,10
1581636009,0,-1,10
1581636010,1,2,10
1581636011,1,2,10
1581636012,1,2,10
1581636013,1,2,10
1581636014,1,2,10
1581636015,0,-1,10
1581636016,1,2,10
1581636017,1,2,10
1581636018,1,2,10
1581636019,1,2,10
1581636020,1,2,10
1581636021,0,-1,10
1581636022,1,12,10
1581636023,0,-1,10
1581636024,1,12,10
1581636025,1,12,10
1581636026,1,12,10
1581636027,1,12,10
1581636028,0,-1,10
1581636029,1,3,10
1581636030,1,3,10
1581636031,1,3,10
1581636032,1,3,10
1581636033,1,3,10
1581636034,1,3,10
1581636035,0,-1,10
1581636036,1,3,10
1581636037,0,-1,10
1581636038,1,11,10
1581636039,1,11,10
1581636040,1,11,10
1581636041,1,11,10
1581636042,0,-1,10
1581636043,1,11,10
1581636044,1,11,10
1581636045,1,11,10
1581636046,1,11,10
1581636047,1,11,10
1581636048,1,11,10
1581636049,1,11,10
1581636050,1,11,10
1581636051,0,-1,10
1581636052,1,11,10
1581636053,1,11,10
1581636054,1,11,10
1581636055,1,11,10
1581636056,1,11,10
1581636057,1,11,10
1581636058,1,11,10
1581636059,1,11,10
1581636060,0,-1,10
1581636061,1,11,10
1581636062,1,11,10
1581636063,1,11,10
1581636064,1,11,10
1581636065,1,11,10
1581636066,1,11,10
1581636067,1,11,10
1581636068,1,11,10
1581636069,0,-1,10
1581636070,1,12,10
1581636071,1,12,10
1581636072,1,12,10
1581636073,1,12,10
1581636074,1,12,10
1581636075,1,12,10
1581636076,1,12,10
1581636077,0,-1,10
1581636078,1,12,10
1581636079,1,12,10
1581636080,1,12,10
1581636081,1,12,10
1581636082,1,12,10
1581636083,1,12,10
1581636084,0,-1,10
1581636085,1,12,10
1581636086,1,12,10
1581636087,1,12,10
1581636088,1,12,10
1581636089,1,12,10
1581636090,1,12,10
1581636091,1,12,10
1581636092,1,12,10
1581636093,1,12,10
1581636094,1,12,10
1581636095,1,12,10
1581636096,1,12,10
1581636097,1,12,10
1581636098,1,12,10
1581636099,1,12,10
1581636100,0,-1,10
1581636101,1,12,10
1581636102,1,12,10
1581636103,1,12,10
1581636104,1,12,10
1581636105,1,12,10
1581636106,1,12,10
1581636107,0,-1,10
1581636108,1,12,10
1581636109,1,12,10
1581636110,1,12,10
1581636111,1,12,10
1581636112,1,12,10
1581636113,1,12,10
1581636114,0,-1,10
1581636115,1,12,10
1581636116,1,12,10
1581636117,1,12,10
1581636118,1,12,10
1581636119,1,12,10
1581636120,0,-1,10
1581636121,1,12,10
1581636122,1,12,10
1581636123,1,12,10
1581636124,1,12,10
1581636125,1,12,10
1581636126,1,12,10
1581636127,0,-1,10
1581636128,1,12,10
1581636129,1,12,10
1581636130,1,12,10
1581636131,1,12,10
1581636132,1,12,10
1581636133,1,12,10
1581636134,0,-1,10
1581636135,1,11,10
1581636136,1,11,10
1581636137,1,11,10
1581636138,1,11,10
1581636139,1,11,10
1581636140,0,-1,10
1581636141,1,11,10
1581636142,1,11,10
1581636143,1,11,10
1581636144,1,11,10
1581636145,1,11,10
1581636146,0,-1,10
1581636147,1,11,10
1581636148,0,-1,10
1581636149,1,11,10
1581636150,1,11,10
1581636151,1,11,10
1581636152,1,11,10
1581636153,0,-1,10
1581636154,1,12,10
1581636155,1,12,10
1581636156,1,12,10
1581636157,1,12,10
1581636158,1,12,10
1581636159,1,12,10
1581636160,0,-1,10
1581636161,0,-1,10
1581636162,1,12,10
1581636163,1,12,10
1581636164,1,12,10
1581636165,1,12,10
1581636166,1,12,10
1581636167,1,12,10
1581636168,0,-1,10
1581636169,0,12,10
1581636170,1,12,10
1581636171,1,12,10
1581636172,1,12,10
1581636173,1,12,10
1581636174,1,12,10
1581636175,0,-1,10
1581636176,0,-1,10
1581636177,1,12,10
1581636178,1,12,10
1581636179,1,12,10
1581636180,1,12,10
1581636181,1,12,10
1581636182,1,12,10
1581636183,1,12,10
1581636184,0,-1,10
1581636185,1,12,10
1581636186,1,12,10
1581636187,1,12,10
1581636188,1,12,10
1581636189,0,-1,10
1581636190,1,13,10
1581636191,1,13,10
1581636192,1,13,10
1581636193,1,13,10
1581636194,1,13,10
1581636195,1,13,10
1581636196,1,13,10
1581636197,1,13,10
1581636198,0,-1,10
1581636199,1,13,10
1581636200,1,13,10
1581636201,1,13,10
1581636202,1,13,10
1581636203,0,-1,10
1581636204,1,13,10
1581636205,1,13,10
1581636206,1,13,10
1581636207,1,13,10
1581636208,1,13,10
1581636209,1,13,10
1581636210,1,13,10
1581636211,1,13,10
1581636212,0,-1,10
1581636213,1,13,10
1581636214,1,13,10
1581636215,1,13,10
1581636216,1,13,10
1581636217,1,13,10
1581636218,1,13,10
1581636219,1,13,10
1581636220,0,-1,10
1581636221,1,13,10
1581636222,1,13,10
1581636223,1,13,10
1581636224,1,13,10
1581636225,1,13,10
1581636226,1,13,10
1581636227,1,13,10
1581636228,0,-1,10
1581636229,1,13,10
1581636230,1,13,10
1581636231,0,-1,10
1581636232,1,13,10
1581636233,1,13,10
1581636234,1,13,10
1581636235,0,-1,10
1581636236,1,13,10
1581636237,1,13,10
1581636238,1,13,10
1581636239,1,13,10
1581636240,1,13,10
1581636241,1,12,10
1581636242,1,12,10
1581636243,0,-1,10
1581636244,1,12,10
1581636245,0,-1,10
1581636246,1,12,10
1581636247,1,12,10
1581636248,1,12,10
1581636249,1,12,10
1581636250,1,12,10
1581636251,0,-1,10
1581636252,1,12,10
1581636253,1,12,10
1581636254,1,12,10
1581636255,1,12,10
1581636256,1,12,10
1581636257,1,12,10
1581636258,0,-1,10
1581636259,0,-1,10
1581636260,1,12,10
1581636261,1,12,10
1581636262,1,11,10
1581636263,1,11,10
1581636264,1,11,10
1581636265,0,-1,10
1581636266,1,11,10
1581636267,1,11,10
1581636268,1,11,10
1581636269,1,11,10
1581636270,1,11,10
1581636271,1,11,10
1581636272,0,-1,10
1581636273,1,11,10
1581636274,1,11,10
1581636275,1,11,10
1581636276,1,11,10
1581636277,1,11,10
1581636278,1,11,10
1581636279,1,11,10
1581636280,0,-1,10
1581636281,1,11,10
1581636282,1,11,10
1581636283,1,11,10
1581636284,1,11,10
1581636285,1,11,10
1581636286,1,11,10
1581636287,0,-1,10
1581636288,1,11,10
1581636289,1,11,10
1581636290,1,11,10
1581636291,1,11,10
1581636292,1,11,10
1581636293,1,11,10
1581636294,0,-1,10
1581636295,1,11,10
1581636296,1,11,10
1581636297,1,11,10
1581636298,1,11,10
1581636299,1,11,10
1581636300,1,11,10
1581636301,1,11,10
1581636302,1,11,10
1581636303,1,11,10
1581636304,1,11,10
1581636305,1,11,10
1581636306,1,11,10
1581636307,1,11,10
1581636308,1,11,10
1581636309,0,-1,10
1581636310,1,11,10
1581636311,1,11,10
1581636312,1,11,10
1581636313,1,11,10
1581636314,1,11,10
1581636315,1,11,10
1581636316,1,11,10
1581636317,1,11,10
1581636318,1,11,10
1581636319,1,11,10
1581636320,1,11,10
1581636321,1,11,10
1581636322,1,11,10
1581636323,0,-1,10
1581636324,1,11,10
1581636325,1,11,10
1581636326,1,11,10
1581636327,1,11,10
1581636328,1,11,10
1581636329,1,11,10
1581636330,1,11,10
1581636331,0,-1,10
1581636332,1,11,10
1581636333,1,11,10
1581636334,1,11,10
1581636335,1,11,10
1581636336,1,12,10
1581636337,1,13,10
1581636338,1,13,10
1581636339,0,-1,10
1581636340,1,13,10
1581636341,1,13,10
1581636342,0,-1,10
1581636343,1,13,10
1581636344,1,13,10
1581636345,1,13,10
1581636346,0,-1,10
1581636347,1,13,10
1581636348,1,11,10
1581636349,1,11,10
1581636350,1,13,10
1581636351,1,13,10
1581636352,1,13,10
1581636353,0,-1,10
1581636354,1,13,10
1581636355,1,13,10
1581636356,0,-1,10
1581636357,1,13,10
1581636358,1,13,10
1581636359,1,13,10
1581636360,0,-1,10
1581636361,1,13,10
1581636362,1,13,10
1581636363,1,13,10
1581636364,1,13,10
1581636365,1,13,10
1581636366,1,13,10
1581636367,1,13,10
1581636368,0,-1,10
1581636369,1,13,10
1581636370,0,-1,10
1581636371,1,13,10
1581636372,1,13,10
1581636373,1,13,10
1581636374,1,13,10
1581636375,0,-1,10
1581636376,1,2,10
1581636377,1,2,10
1581636378,1,2,10
1581636379,1,2,10
1581636380,1,2,10
1581636381,1,2,10
1581636382,0,-1,10
1581636383,1,2,10
1581636384,0,-1,10
1581636385,1,2,10
1581636386,1,2,10
1581636387,1,2,10
1581636388,1,2,10
1581636389,0,-1,10
1581636390,1,2,10
1581636391,1,2,10
1581636392,1,2,10
1581636393,1,2,10
1581636394,1,2,10
1581636395,1,2,10
1581636396,1,2,10
1581636397,0,-1,10
1581636398,0,-1,10
1581636399,1,2,10
1581636400,1,2,10
1581636401,1,2,10
1581636402,1,2,10
1581636403,1,2,10
1581636404,1,2,10
1581636405,1,2,10
1581636406,1,2,10
1581636407,1,2,10
1581636408,0,-1,10
1581636409,1,2,10
1581636410,1,2,10
1581636411,1,2,10
1581636412,1,2,10
1581636413,1,2,10
1581636414,1,2,10
1581636415,1,2,10
1581636416,1,2,10
1581636417,1,2,10
1581636418,0,-1,10
1581636419,1,2,10
1581636420,1,2,10
1581636421,1,2,10
1581636422,1,2,10
1581636423,1,2,10
1581636424,1,2,10
1581636425,0,-1,10
1581636426,1,2,10
1581636427,0,-1,10
1581636428,1,2,10
1581636429,1,2,10
1581636430,1,2,10
1581636431,1,2,10
1581636432,1,2,10
1581636433,0,-1,10
1581636434,1,2,10
1581636435,1,2,10
1581636436,1,2,10
1581636437,1,2,10
1581636438,1,2,10
1581636439,1,2,10
1581636440,1,2,10
1581636441,1,2,10
1581636442,1,2,10
1581636443,1,2,10
1581636444,1,2,10
1581636445,1,2,10
1581636446,1,2,10
1581636447,1,2,10
1581636448,0,-1,10
1581636449,1,2,10
1581636450,1,2,10
1581636451,1,2,10
1581636452,1,2,10
1581636453,1,2,10
1581636454,0,-1,10
1581636455,1,2,10
1581636456,1,2,10
1581636457,1,2,10
1581636458,1,13,10
1581636459,1,13,10
1581636460,1,13,10
1581636461,1,13,10
1581636462,1,13,10
1581636463,1,13,10
1581636464,1,13,10
1581636465,1,13,10
1581636466,1,13,10
1581636467,1,13,10
1581636468,1,13,10
1581636469,1,13,10
1581636470,1,13,10
1581636471,1,13,10
1581636472,1,13,10
1581636473,1,13,10
1581636474,1,13,10
1581636475,1,13,10
1581636476,1,13,10
1581636477,1,13,10
1581636478,1,13,10
1581636479,0,-1,10
1581636480,1,13,10
1581636481,1,13,10
1581636482,0,-1,10
1581636483,1,13,10
1581636484,1,13,10
1581636485,1,13,10
1581636486,0,-1,10
1581636487,1,13,10
1581636488,1,13,10
1581636489,1,13,10
1581636490,1,13,10
1581636491,1,13,10
1581636492,0,-1,10
1581636493,1,13,10
1581636494,1,13,10
1581636495,1,13,10
1581636496,1,13,10
1581636497,1,13,10
1581636498,1,13,10
1581636499,0,-1,10
1581636500,1,13,10
1581636501,1,13,10
1581636502,1,13,10
1581636503,1,13,10
1581636504,1,13,10
1581636505,1,13,10
1581636506,0,-1,10
1581636507,1,13,10
1581636508,1,13,10
1581636509,1,13,10
1581636510,1,13,10
1581636511,1,13,10
1581636512,1,13,10
1581636513,1,13,10
1581636514,1,13,10
1581636515,1,13,10
1581636516,1,13,10
1581636517,1,13,10
1581636518,1,13,10
1581636519,0,-1,10
1581636520,1,13,10
1581636521,1,13,10
1581636522,1,13,10
1581636523,1,13,10
1581636524,1,13,10
1581636525,0,-1,10
1581636526,1,13,10
1581636527,1,13,10
1581636528,1,13,10
1581636529,1,13,10
1581636530,1,13,10
1581636531,1,13,10
1581636532,0,-1,10
1581636533,1,13,10
1581636534,1,13,10
1581636535,1,13,10
1581636536,1,13,10
1581636537,1,13,10
1581636538,0,-1,10
1581636539,1,13,10
1581636540,1,13,10
1581636541,1,13,10
1581636542,1,13,10
1581636543,1,13,10
1581636544,1,13,10
1581636545,0,-1,10
1581636546,1,13,10
1581636547,1,13,10
1581636548,1,13,10
1581636549,1,13,10
1581636550,1,13,10
1581636551,0,-1,10
1581636552,1,13,10
1581636553,1,13,10
1581636554,1,13,10
1581636555,1,13,10
1581636556,1,13,10
1581636557,1,13,10
1581636558,0,-1,10
1581636559,1,13,10
1581636560,1,13,10
1581636561,1,13,10
1581636562,1,13,10
1581636563,1,13,10
1581636564,0,-1,10
1581636565,0,-1,10
1581636566,1,13,10
1581636567,1,13,10
1581636568,1,13,10
1581636569,1,13,10
1581636570,1,13,10
1581636571,0,-1,10
1581636572,1,13,10
1581636573,1,13,10
1581636574,1,13,10
1581636575,1,13,10
1581636576,1,13,10
1581636577,0,-1,10
1581636578,1,13,10
1581636579,0,-1,10
1581636580,1,13,10
1581636581,1,13,10
1581636582,1,13,10
1581636583,1,13,10
1581636584,0,-1,10
1581636585,1,13,10
1581636586,1,13,10
1581636587,1,13,10
1581636588,1,13,10
1581636589,1,13,10
1581636590,0,-1,10
1581636591,1,13,10
1581636592,1,13,10
1581636593,0,-1,10
1581636594,1,13,10
1581636595,1,13,10
1581636596,1,13,10
1581636597,0,-1,10
1581636598,1,13,10
1581636599,1,13,10
1581636600,1,13,10
1581636601,1,13,10
1581636602,1,13,10
1581636603,0,-1,10
1581636604,1,13,10
1581636605,1,13,10
1581636606,1,13,10
1581636607,1,13,10
1581636608,1,13,10
1581636609,1,13,10
1581636610,1,13,10
1581636611,1,13,10
1581636612,1,13,10
1581636613,1,13,10
1581636614,1,13,10
1581636615,1,13,10
1581636616,1,13,10
1581636617,0,-1,10
1581636618,1,13,10
1581636619,1,13,10
1581636620,1,13,10
1581636621,1,13,10
1581636622,1,13,10
1581636623,0,-1,10
1581636624,1,13,10
1581636625,1,13,10
1581636626,1,13,10
1581636627,1,13,10
1581636628,1,13,10
1581636629,1,13,10
1581636630,0,-1,10
1581636631,1,13,10
1581636632,1,13,10
1581636633,1,13,10
1581636634,1,13,10
1581636635,1,13,10
1581636636,1,13,10
1581636637,0,-1,10
1581636638,1,13,10
1581636639,1,13,10
1581636640,1,13,10
1581636641,1,13,10
1581636642,1,13,10
1581636643,1,13,10
1581636644,0,-1,10
1581636645,1,13,10
1581636646,1,13,10
1581636647,1,13,10
1581636648,1,13,10
1581636649,1,13,10
1581636650,0,-1,10
1581636651,1,13,10
1581636652,1,13,10
1581636653,1,13,10
1581636654,1,13,10
1581636655,1,13,10
1581636656,1,13,10
1581636657,0,-1,10
1581636658,1,13,10
1581636659,1,13,10
1581636660,1,13,10
1581636661,1,13,10
1581636662,1,13,10
1581636663,0,-1,10
1581636664,0,-1,10
1581636665,1,13,10
1581636666,1,13,10
1581636667,1,13,10
1581636668,1,13,10
1581636669,1,13,10
1581636670,1,13,10
1581636671,0,-1,10
1581636672,1,13,10
1581636673,1,13,10
1581636674,1,13,10
1581636675,1,13,10
1581636676,1,13,10
1581636677,0,-1,10
1581636678,1,13,10
1581636679,1,13,10
1581636680,1,13,10
1581636681,1,13,10
1581636682,1,13,10
1581636683,1,13,10
1581636684,0,-1,10
1581636685,1,13,10
1581636686,1,13,10
1581636687,1,13,10
1581636688,1,13,10
1581636689,1,13,10
1581636690,0,-1,10
1581636691,0,-1,10
1581636692,1,13,10
1581636693,1,13,10
1581636694,1,13,10
1581636695,1,13,10
1581636696,1,13,10
1581636697,1,13,10
1581636698,1,13,10
1581636699,0,-1,10
1581636700,1,13,10
1581636701,1,13,10
1581636702,1,13,10
1581636703,1,13,10
1581636704,1,13,10
1581636705,1,13,10
1581636706,0,-1,10
1581636707,1,13,10
1581636708,1,13,10
1581636709,1,13,10
1581636710,1,13,10
1581636711,1,13,10
1581636712,1,13,10
1581636713,1,13,10
1581636714,1,13,10
1581636715,1,13,10
1581636716,1,13,10
1581636717,0,-1,10
1581636718,1,13,10
1581636719,0,-1,10
1581636720,1,13,10
1581636721,1,13,10
1581636722,1,13,10
1581636723,1,13,10
1581636724,0,-1,10
1581636725,1,13,10
1581636726,1,13,10
1581636727,1,13,10
1581636728,1,13,10
1581636729,1,13,10
1581636730,1,13,10
1581636731,0,-1,10
1581636732,1,13,10
1581636733,1,13,10
1581636734,0,-1,10
1581636735,1,13,10
1581636736,1,13,10
1581636737,0,-1,10
1581636738,1,13,10
1581636739,1,13,10
1581636740,1,13,10
1581636741,1,13,10
1581636742,1,13,10
1581636743,0,-1,10
1581636744,1,13,10
1581636745,1,13,10
1581636746,1,13,10
1581636747,1,13,10
1581636748,0,-1,10
1581636749,0,-1,10
1581636750,1,13,10
1581636751,1,13,10
1581636752,1,13,10
1581636753,1,13,10
1581636754,1,13,10
1581636755,1,13,10
1581636756,0,-1,10
1581636757,1,13,10
1581636758,1,13,10
1581636759,1,13,10
1581636760,1,13,10
1581636761,1,13,10
1581636762,1,13,10
1581636763,0,-1,10
1581636764,1,13,10
1581636765,1,13,10
1581636766,1,13,10
1581636767,1,13,10
1581636768,1,2,10
1581636769,0,-1,10
1581636770,1,2,10
1581636771,1,2,10
1581636772,1,2,10
1581636773,1,2,10
1581636774,1,2,10
1581636775,0,-1,10
1581636776,1,2,10
1581636777,1,2,10
1581636778,1,2,10
1581636779,1,2,10
1581636780,1,2,10
1581636781,1,2,10
1581636782,1,2,10
1581636783,0,-1,10
1581636784,1,2,10
1581636785,1,2,10
1581636786,1,2,10
1581636787,1,2,10
1581636788,1,2,10
1581636789,0,-1,10
1581636790,1,11,10
1581636791,1,11,10
1581636792,1,11,10
1581636793,1,11,10
1581636794,1,11,10
1581636795,1,11,10
1581636796,0,-1,10
1581636797,1,11,10
1581636798,1,11,10
1581636799,1,11,10
1581636800,1,11,10
1581636801,1,11,10
1581636802,1,11,10
1581636803,0,-1,10
1581636804,0,-1,10
1581636805,1,11,10
1581636806,1,11,10
1581636807,1,11,10
1581636808,1,11,10
1581636809,0,-1,10
1581636810,1,11,10
1581636811,1,11,10
1581636812,1,11,10
1581636813,1,11,10
1581636814,1,11,10
1581636815,1,11,10
1581636816,0,-1,10
1581636817,1,11,10
1581636818,1,11,10
1581636819,1,11,10
1581636820,1,11,10
1581636821,1,11,10
1581636822,1,11,10
1581636823,0,-1,10
1581636824,1,11,10
1581636825,1,11,10
1581636826,1,11,10
1581636827,1,11,10
1581636828,1,11,10
1581636829,0,-1,10
1581636830,1,11,10
1581636831,1,11,10
1581636832,0,-1,10
1581636833,1,11,10
1581636834,1,11,10
1581636835,1,11,10
1581636836,0,-1,10
1581636837,1,13,10
1581636838,1,13,10
1581636839,1,13,10
1581636840,1,13,10
1581636841,1,13,10
1581636842,0,-1,10
1581636843,1,13,10
1581636844,1,13,10
1581636845,1,13,10
1581636846,0,-1,10
1581636847,1,13,10
1581636848,1,13,10
1581636849,0,-1,10
1581636850,1,13,10
1581636851,1,13,10
1581636852,1,13,10
1581636853,1,13,10
1581636854,1,13,10
1581636855,0,-1,10
1581636856,1,13,10
1581636857,1,13,10
1581636858,1,13,10
1581636859,1,13,10
1581636860,1,13,10
1581636861,1,13,10
1581636862,1,13,10
1581636863,0,-1,10
1581636864,1,13,10
1581636865,1,13,10
1581636866,1,13,10
1581636867,1,13,10
1581636868,1,13,10
1581636869,1,13,10
1581636870,1,13,10
1581636871,0,-1,10
1581636872,1,13,10
1581636873,1,13,10
1581636874,0,-1,10
1581636875,1,13,10
1581636876,1,13,10
1581636877,1,13,10
1581636878,1,13,10
1581636879,1,13,10
1581636880,0,-1,10
1581636881,1,13,10
1581636882,1,13,10
1581636883,1,12,10
1581636884,1,12,10
1581636885,0,-1,10
1581636886,1,12,10
1581636887,1,12,10
1581636888,1,12,10
1581636889,1,12,10
1581636890,1,12,10
1581636891,1,12,10
1581636892,0,-1,10
1581636893,1,12,10
1581636894,1,12,10
1581636895,1,12,10
1581636896,1,12,10
1581636897,1,13,10
1581636898,1,13,10
1581636899,0,-1,10
1581636900,1,13,10
1581636901,1,13,10
1581636902,1,13,10
1581636903,1,13,10
1581636904,1,13,10
1581636905,1,13,10
1581636906,0,-1,10
1581636907,1,13,10
1581636908,1,13,10
1581636909,1,13,10
1581636910,1,13,10
1581636911,1,13,10
1581636912,1,13,10
1581636913,0,-1,10
1581636914,1,13,10
1581636915,0,-1,10
1581636916,1,13,10
1581636917,1,13,10
1581636918,1,13,10
1581636919,1,13,10
1581636920,0,-1,10
1581636921,1,13,10
1581636922,1,13,10
1581636923,1,13,10
1581636924,1,13,10
1581636925,1,13,10
1581636926,0,-1,10
1581636927,1,13,10
1581636928,1,13,10
1581636929,0,-1,10
1581636930,1,13,10
1581636931,1,13,10
1581636932,1,13,10
1581636933,0,-1,10
1581636934,1,13,10
1581636935,1,13,10
1581636936,1,13,10
1581636937,1,13,10
1581636938,1,13,10
1581636939,0,-1,10
1581636940,1,13,10
1581636941,1,13,10
1581636942,1,13,10
1581636943,0,-1,10
1581636944,1,13,10
1581636945,1,13,10
1581636946,1,13,10
1581636947,1,13,10
1581636948,1,13,10
1581636949,1,13,10
1581636950,1,13,10
1581636951,1,13,10
1581636952,0,-1,10
1581636953,1,13,10
1581636954,1,13,10
1581636955,1,13,10
1581636956,1,13,10
1581636957,1,13,10
1581636958,0,-1,10
1581636959,1,13,10
1581636960,1,13,10
1581636961,1,13,10
1581636962,1,13,10
1581636963,1,13,10
1581636964,1,13,10
1581636965,0,-1,10
1581636966,1,13,10
1581636967,1,13,10
1581636968,1,13,10
1581636969,1,13,10
1581636970,1,13,10
1581636971,0,-1,10
1581636972,1,13,10
1581636973,1,13,10
1581636974,1,13,10
1581636975,1,13,10
1581636976,1,13,10
1581636977,0,-1,10
1581636978,1,13,10
1581636979,1,13,10
1581636980,1,13,10
1581636981,1,13,10
1581636982,1,13,10
1581636983,1,13,10
1581636984,0,-1,10
1581636985,0,-1,10
1581636986,1,13,10
1581636987,1,13,10
1581636988,1,13,10
1581636989,1,13,10
1581636990,1,13,10
1581636991,0,-1,10
1581636992,1,13,10
1581636993,1,13,10
1581636994,1,13,10
1581636995,1,13,10
1581636996,1,13,10
1581636997,0,-1,10
1581636998,1,13,10
1581636999,1,13,10
1581637000,1,13,10
1581637001,1,13,10
1581637002,1,13,10
1581637003,0,-1,10
1581637004,1,13,10
1581637005,1,13,10
1581637006,1,12,10
1581637007,1,12,10
1581637008,1,12,10
1581637009,0,-1,10
1581637010,1,12,10
1581637011,1,12,10
1581637012,1,12,10
1581637013,1,12,10
1581637014,1,12,10
1581637015,1,12,10
1581637016,0,-1,10
1581637017,1,2,10
1581637018,1,2,10
1581637019,1,2,10
1581637020,1,2,10
1581637021,1,2,10
1581637022,0,-1,10
1581637023,1,2,10
1581637024,1,2,10
1581637025,1,2,10
1581637026,0,-1,10
1581637027,1,2,10
1581637028,1,2,10
1581637029,0,-1,10
1581637030,1,2,10
1581637031,1,2,10
1581637032,1,2,10
1581637033,1,2,10
1581637034,1,2,10
1581637035,0,-1,10
1581637036,1,2,10
1581637037,1,2,10
1581637038,0,13,10
1581637039,1,13,10
1581637040,0,-1,10
1581637041,1,13,10
1581637042,1,13,10
1581637043,1,13,10
1581637044,1,13,10
1581637045,1,13,10
1581637046,1,13,10
1581637047,1,13,10
1581637048,0,-1,10
1581637049,1,13,10
1581637050,1,13,10
1581637051,1,13,10
1581637052,1,13,10
1581637053,1,13,10
1581637054,1,13,10
1581637055,0,-1,10
1581637056,1,13,10
1581637057,1,13,10
1581637058,1,13,10
1581637059,1,13,10
1581637060,1,13,10
1581637061,1,13,10
1581637062,0,-1,10
1581637063,1,13,10
1581637064,1,13,10
1581637065,1,13,10
1581637066,1,13,10
1581637067,1,13,10
1581637068,0,-1,10
1581637069,1,13,10
1581637070,1,13,10
1581637071,1,13,10
1581637072,1,13,10
1581637073,1,13,10
1581637074,1,13,10
1581637075,0,-1,10
1581637076,1,13,10
1581637077,1,13,10
1581637078,1,13,10
1581637079,1,13,10
1581637080,1,13,10
1581637081,0,-1,10
1581637082,0,-1,10
1581637083,1,13,10
1581637084,1,13,10
1581637085,1,13,10
1581637086,1,13,10
1581637087,1,13,10
1581637088,0,-1,10
1581637089,1,13,10
1581637090,1,13,10
1581637091,1,13,10
1581637092,1,13,10
1581637093,1,13,10
1581637094,0,-1,10
1581637095,1,13,10
1581637096,0,-1,10
1581637097,1,13,10
1581637098,1,13,10
1581637099,1,13,10
1581637100,1,13,10
1581637101,0,-1,10
1581637102,1,13,10
1581637103,1,13,10
1581637104,1,13,10
1581637105,1,13,10
1581637106,1,13,10
1581637107,0,-1,10
1581637108,1,13,10
1581637109,1,13,10
1581637110,1,13,10
1581637111,1,13,10
1581637112,1,13,10
1581637113,1,13,10
1581637114,0,-1,10
1581637115,1,13,10
1581637116,1,13,10
1581637117,1,13,10
1581637118,1,13,10
1581637119,1,13,10
1581637120,1,13,10
1581637121,0,-1,10
1581637122,1,13,10
1581637123,1,13,10
1581637124,1,13,10
1581637125,1,13,10
1581637126,1,13,10
1581637127,1,13,10
1581637128,0,-1,10
1581637129,1,13,10
1581637130,1,13,10
1581637131,1,13,10
1581637132,1,13,10
1581637133,1,13,10
1581637134,0,-1,10
1581637135,1,13,10
1581637136,1,13,10
1581637137,1,13,10
1581637138,1,13,10
1581637139,1,13,10
1581637140,1,13,10
1581637141,0,-1,10
1581637142,1,13,10
1581637143,1,13,10
1581637144,1,13,10
1581637145,1,13,10
1581637146,1,13,10
1581637147,0,-1,10
1581637148,1,13,10
1581637149,1,13,10
1581637150,1,13,10
1581637151,0,-1,10
1581637152,1,13,10
1581637153,1,13,10
1581637154,1,13,10
1581637155,1,13,10
1581637156,1,13,10
1581637157,1,13,10
1581637158,1,13,10
1581637159,1,13,10
1581637160,0,-1,10
1581637161,1,13,10
1581637162,1,13,10
1581637163,1,13,10
1581637164,1,13,10
1581637165,1,13,10
1581637166,1,13,10
1581637167,1,13,10
1581637168,1,13,10
1581637169,1,13,10
1581637170,1,13,10
1581637171,1,13,10
1581637172,0,-1,10
1581637173,1,13,10
1581637174,1,13,10
1581637175,1,13,10
1581637176,1,13,10
1581637177,1,13,10
1581637178,1,13,10
1581637179,0,-1,10
1581637180,1,13,10
1581637181,1,13,10
1581637182,1,13,10
1581637183,1,13,10
1581637184,1,13,10
1581637185,0,-1,10
1581637186,1,13,10
1581637187,1,13,10
1581637188,1,13,10
1581637189,1,13,10
1581637190,1,13,10
1581637191,0,-1,10
1581637192,1,13,10
1581637193,0,-1,10
1581637194,1,13,10
1581637195,1,13,10
1581637196,1,13,10
1581637197,0,-1,10
1581637198,1,13,10
1581637199,1,13,10
1581637200,1,13,10
1581637201,1,13,10
1581637202,1,13,10
1581637203,1,13,10
1581637204,0,-1,10
1581637205,1,13,10
1581637206,1,13,10
1581637207,1,13,10
1581637208,1,13,10
1581637209,1,13,10
1581637210,0,-1,10
1581637211,1,13,10
1581637212,1,13,10
1581637213,1,13,10
1581637214,1,13,10
1581637215,1,13,10
1581637216,1,13,10
1581637217,1,13,10
1581637218,1,13,10
1581637219,1,13,10
1581637220,0,-1,10
1581637221,1,2,10
1581637222,1,2,10
1581637223,1,2,10
1581637224,1,2,10
1581637225,1,2,10
1581637226,1,2,10
1581637227,0,-1,10
1581637228,1,2,10
1581637229,1,2,10
1581637230,1,2,10
1581637231,1,2,10
1581637232,1,2,10
1581637233,1,2,10
1581637234,1,2,10
1581637235,0,-1,10
1581637236,1,2,10
1581637237,1,13,10
1581637238,0,-1,10
1581637239,1,2,10
1581637240,1,2,10
1581637241,1,2,10
1581637242,1,2,10
1581637243,0,-1,10
1581637244,1,2,10
1581637245,1,2,10
1581637246,1,2,10
1581637247,1,2,10
1581637248,0,-1,10
1581637249,1,1,10
1581637250,1,1,10
1581637251,1,1,10
1581637252,1,1,10
1581637253,1,1,10
1581637254,1,1,10
1581637255,1,1,10
1581637256,1,1,10
1581637257,1,1,10
1581637258,1,1,10
1581637259,0,-1,10
1581637260,1,1,10
1581637261,1,1,10
1581637262,1,1,10
1581637263,1,1,10
1581637264,1,1,10
1581637265,1,1,10
1581637266,0,-1,10
1581637267,1,1,10
1581637268,1,1,10
1581637269,1,1,10
1581637270,1,1,10
1581637271,1,13,10
1581637272,0,-1,10
1581637273,1,13,10
1581637274,1,13,10
1581637275,1,13,10
1581637276,0,-1,10
1581637277,1,13,10
1581637278,1,13,10
1581637279,1,13,10
1581637280,0,-1,10
1581637281,1,12,10
1581637282,1,12,10
1581637283,1,12,10
1581637284,1,12,10
1581637285,1,12,10
1581637286,1,12,10
1581637287,0,-1,10
1581637288,1,12,10
1581637289,1,12,10
1581637290,1,12,10
1581637291,0,-1,10
1581637292,1,12,10
1581637293,1,12,10
1581637294,1,12,10
1581637295,0,-1,10
1581637296,1,12,10
1581637297,1,12,10
1581637298,1,12,10
1581637299,1,12,10
1581637300,1,12,10
1581637301,1,12,10
1581637302,0,-1,10
1581637303,1,12,10
1581637304,1,12,10
1581637305,1,12,10
1581637306,1,12,10
1581637307,1,12,10
1581637308,1,11,10
1581637309,0,-1,10
1581637310,1,11,10
1581637311,1,11,10
1581637312,1,11,10
1581637313,1,11,10
1581637314,1,11,10
1581637315,1,11,10
1581637316,1,11,10
1581637317,1,11,10
1581637318,1,11,10
1581637319,0,-1,10
1581637320,1,11,10
1581637321,1,11,10
1581637322,1,11,10
1581637323,1,11,10
1581637324,1,11,10
1581637325,1,11,10
1581637326,0,-1,10
1581637327,1,11,10
1581637328,1,11,10
1581637329,1,11,10
1581637330,1,11,10
1581637331,1,11,10
1581637332,1,11,10
1581637333,0,-1,10
1581637334,1,11,10
1581637335,1,11,10
1581637336,1,11,10
1581637337,1,11,10
1581637338,1,11,10
1581637339,0,-1,10
1581637340,1,11,10
1581637341,1,11,10
1581637342,1,11,10
1581637343,1,11,10
1581637344,1,11,10
1581637345,1,11,10
1581637346,0,-1,10
1581637347,0,-1,10
1581637348,1,11,10
1581637349,1,11,10
1581637350,1,11,10
1581637351,1,11,10
1581637352,1,11,10
1581637353,0,-1,10
1581637354,1,11,10
1581637355,1,11,10
1581637356,1,11,10
1581637357,1,11,10
1581637358,1,11,10
1581637359,1,11,10
1581637360,0,-1,10
1581637361,1,11,10
1581637362,1,11,10
1581637363,1,11,10
1581637364,1,11,10
1581637365,1,11,10
1581637366,0,-1,10
1581637367,1,11,10
1581637368,1,11,10
1581637369,1,11,10
1581637370,1,11,10
1581637371,1,11,10
1581637372,1,11,10
1581637373,0,-1,10
1581637374,0,-1,10
1581637375,1,11,10
1581637376,1,11,10
1581637377,1,11,10
1581637378,1,11,10
1581637379,0,-1,10
1581637380,1,11,10
1581637381,1,11,10
1581637382,1,11,10
1581637383,1,11,10
1581637384,1,11,10
1581637385,1,11,10
1581637386,0,-1,10
1581637387,1,11,10
1581637388,0,-1,10
1581637389,1,11,10
1581637390,1,11,10
1581637391,1,11,10
1581637392,1,11,10
1581637393,0,-1,10
1581637394,1,11,10
1581637395,1,11,10
1581637396,1,11,10
1581637397,1,11,10
1581637398,1,11,10
1581637399,1,11,10
1581637400,1,11,10
1581637401,1,11,10
1581637402,1,11,10
1581637403,1,11,10
1581637404,1,11,10
1581637405,1,11,10
1581637406,1,11,10
1581637407,1,11,10
1581637408,1,11,10
1581637409,0,-1,10
1581637410,1,11,10
1581637411,1,12,10
1581637412,1,12,10
1581637413,1,12,10
1581637414,1,12,10
1581637415,1,12,10
1581637416,0,-1,10
1581637417,1,12,10
1581637418,1,12,10
1581637419,1,12,10
1581637420,1,12,10
1581637421,1,12,10
1581637422,1,12,10
1581637423,0,-1,10
1581637424,1,12,10
1581637425,1,12,10
1581637426,1,12,10
1581637427,1,12,10
1581637428,1,12,10
1581637429,1,12,10
1581637430,0,-1,10
1581637431,1,12,10
1581637432,1,12,10
1581637433,1,12,10
1581637434,1,12,10
1581637435,1,12,10
1581637436,1,12,10
1581637437,0,-1,10
1581637438,1,12,10
1581637439,1,12,10
1581637440,1,12,10
1581637441,1,12,10
1581637442,1,3,10
1581637443,0,-1,10
1581637444,1,3,10
1581637445,1,3,10
1581637446,1,3,10
1581637447,1,3,10
1581637448,1,3,10
1581637449,1,3,10
1581637450,1,3,10
1581637451,1,3,10
1581637452,0,-1,10
1581637453,1,3,10
1581637454,1,12,10
1581637455,1,12,10
1581637456,1,12,10
1581637457,1,12,10
1581637458,1,12,10
1581637459,0,-1,10
1581637460,1,12,10
1581637461,1,3,10
1581637462,1,3,10
1581637463,1,3,10
1581637464,1,3,10
1581637465,0,-1,10
1581637466,1,3,10
1581637467,1,3,10
1581637468,1,3,10
1581637469,1,3,10
1581637470,1,3,10
1581637471,1,3,10
1581637472,0,-1,10
1581637473,1,3,10
1581637474,1,3,10
1581637475,1,3,10
1581637476,1,3,10
1581637477,1,3,10
1581637478,0,-1,10
1581637479,1,3,10
1581637480,1,3,10
1581637481,1,3,10
1581637482,1,3,10
1581637483,1,3,10
1581637484,1,3,10
1581637485,0,-1,10
1581637486,0,-1,10
1581637487,1,3,10
1581637488,1,3,10
1581637489,1,2,10
1581637490,1,2,10
1581637491,0,-1,10
1581637492,1,2,10
1581637493,1,2,10
1581637494,1,2,10
1581637495,1,2,10
1581637496,1,2,10
1581637497,1,2,10
1581637498,0,-1,10
1581637499,1,2,10
1581637500,0,-1,10
1581637501,1,2,10
1581637502,1,2,10
1581637503,1,2,10
1581637504,1,2,10
1581637505,0,-1,10
1581637506,1,2,10
1581637507,1,2,10
1581637508,1,2,10
1581637509,1,2,10
1581637510,1,2,10
1581637511,0,-1,10
1581637512,1,2,10
1581637513,1,2,10
1581637514,1,2,10
1581637515,1,2,10
1581637516,1,2,10
1581637517,1,2,10
1581637518,0,-1,10
1581637519,1,2,10
1581637520,1,2,10
1581637521,1,2,10
1581637522,1,2,10
1581637523,1,2,10
1581637524,1,2,10
1581637525,0,-1,10
1581637526,1,2,10
1581637527,0,-1,10
1581637528,1,2,10
1581637529,1,2,10
1581637530,1,2,10
1581637531,1,2,10
1581637532,0,-1,10
1581637533,1,2,10
1581637534,1,2,10
1581637535,1,2,10
1581637536,1,2,10
1581637537,1,2,10
1581637538,0,-1,10
1581637539,1,2,10
1581637540,1,2,10
1581637541,0,-1,10
1581637542,1,2,10
1581637543,1,2,10
1581637544,0,-1,10
1581637545,1,2,10
1581637546,1,2,10
1581637547,1,2,10
1581637548,1,2,10
1581637549,1,2,10
1581637550,1,2,10
1581637551,0,-1,10
1581637552,1,2,10
1581637553,1,2,10
1581637554,1,2,10
1581637555,1,2,10
1581637556,1,2,10
1581637557,1,2,10
1581637558,0,-1,10
1581637559,1,2,10
1581637560,1,2,10
1581637561,1,2,10
1581637562,1,2,10
1581637563,1,2,10
1581637564,0,-1,10
1581637565,1,2,10
1581637566,1,2,10
1581637567,1,2,10
1581637568,1,2,10
1581637569,0,-1,10
1581637570,1,2,10
1581637571,1,2,10
1581637572,1,2,10
1581637573,1,1,10
1581637574,1,1,10
1581637575,1,2,10
1581637576,1,2,10
1581637577,0,-1,10
1581637578,1,2,10
1581637579,1,2,10
1581637580,1,2,10
1581637581,1,2,10
1581637582,1,2,10
1581637583,0,-1,10
1581637584,0,-1,10
1581637585,1,2,10
1581637586,1,2,10
1581637587,1,2,10
1581637588,1,2,10
1581637589,1,1,10
1581637590,0,-1,10
1581637591,1,1,10
1581637592,1,2,10
1581637593,1,2,10
1581637594,1,2,10
1581637595,1,2,10
1581637596,1,2,10
1581637597,0,-1,10
1581637598,1,2,10
1581637599,1,2,10
1581637600,1,2,10
1581637601,1,2,10
1581637602,1,2,10
1581637603,1,2,10
1581637604,0,-1,10
1581637605,1,2,10
1581637606,1,2,10
1581637607,1,2,10
1581637608,1,2,10
1581637609,1,2,10
1581637610,1,1,10
1581637611,0,-1,10
1581637612,1,1,10
1581637613,1,1,10
1581637614,1,1,10
1581637615,1,1,10
1581637616,1,1,10
1581637617,1,1,10
1581637618,0,-1,10
1581637619,1,1,10
1581637620,1,2,10
1581637621,1,2,10
1581637622,1,2,10
1581637623,1,2,10
1581637624,0,-1,10
1581637625,0,-1,10
1581637626,1,2,10
1581637627,1,2,10
1581637628,1,2,10
1581637629,1,2,10
1581637630,1,2,10
1581637631,0,-1,10
1581637632,1,2,10
1581637633,1,2,10
1581637634,1,2,10
1581637635,1,2,10
1581637636,1,2,10
1581637637,1,2,10
1581637638,1,2,10
1581637639,0,-1,10
1581637640,1,2,10
1581637641,1,2,10
1581637642,1,2,10
1581637643,1,12,10
1581637644,1,12,10
1581637645,1,12,10
1581637646,1,12,10
1581637647,1,12,10
1581637648,1,12,10
1581637649,1,12,10
1581637650,0,-1,10
1581637651,1,12,10
1581637652,1,2,10
1581637653,0,-1,10
1581637654,1,2,10
1581637655,1,2,10
1581637656,0,-1,10
1581637657,1,2,10
1581637658,1,2,10
1581637659,1,2,10
1581637660,1,2,10
1581637661,1,2,10
1581637662,1,2,10
1581637663,0,-1,10
1581637664,1,2,10
1581637665,1,2,10
1581637666,1,2,10
1581637667,1,2,10
1581637668,1,2,10
1581637669,1,2,10
1581637670,1,2,10
1581637671,1,2,10
1581637672,1,2,10
1581637673,1,2,10
1581637674,1,2,10
1581637675,1,2,10
1581637676,0,-1,10
1581637677,1,2,10
1581637678,1,2,10
1581637679,1,2,10
1581637680,1,2,10
1581637681,0,-1,10
1581637682,1,2,10
1581637683,1,2,10
1581637684,1,2,10
1581637685,1,2,10
1581637686,1,2,10
1581637687,1,2,10
1581637688,1,2,10
1581637689,1,2,10
1581637690,1,2,10
1581637691,0,-1,10
1581637692,1,2,10
1581637693,1,2,10
1581637694,1,2,10
1581637695,0,-1,10
1581637696,1,2,10
1581637697,1,2,10
1581637698,1,2,10
1581637699,0,-1,10
1581637700,1,2,10
1581637701,1,2,10
1581637702,1,2,10
1581637703,1,2,10
1581637704,1,2,10
1581637705,1,2,10
1581637706,0,-1,10
1581637707,1,2,10
1581637708,1,2,10
1581637709,0,-1,10
1581637710,1,2,10
1581637711,1,2,10
1581637712,1,2,10
1581637713,1,2,10
1581637714,0,-1,10
1581637715,1,2,10
1581637716,1,2,10
1581637717,1,2,10
1581637718,1,2,10
1581637719,1,2,10
1581637720,1,2,10
1581637721,0,-1,10
1581637722,1,2,10
1581637723,0,-1,10
1581637724,1,2,10
1581637725,1,2,10
1581637726,1,2,10
1581637727,1,2,10
1581637728,1,2,10
1581637729,0,-1,10
1581637730,1,2,10
1581637731,1,2,10
1581637732,1,2,10
1581637733,1,2,10
1581637734,1,2,10
1581637735,1,2,10
1581637736,1,2,10
1581637737,0,-1,10
1581637738,1,13,10
1581637739,1,13,10
1581637740,1,2,10
1581637741,1,2,10
1581637742,1,2,10
1581637743,1,2,10
1581637744,1,13,10
1581637745,0,-1,10
1581637746,1,13,10
1581637747,1,13,10
1581637748,1,13,10
1581637749,1,13,10
1581637750,1,13,10
1581637751,0,-1,10
1581637752,1,13,10
1581637753,1,13,10
1581637754,1,13,10
1581637755,1,13,10
1581637756,1,13,10
1581637757,1,13,10
1581637758,1,13,10
1581637759,0,-1,10
1581637760,1,13,10
1581637761,1,13,10
1581637762,1,13,10
1581637763,1,13,10
1581637764,1,13,10
1581637765,1,13,10
1581637766,1,13,10
1581637767,1,13,10
1581637768,1,13,10
1581637769,1,13,10
1581637770,1,13,10
1581637771,1,13,10
1581637772,1,13,10
1581637773,0,-1,10
1581637774,1,13,10
1581637775,1,13,10
1581637776,1,13,10
1581637777,1,13,10
1581637778,1,13,10
1581637779,0,-1,10
1581637780,1,12,10
1581637781,1,12,10
1581637782,1,12,10
1581637783,1,12,10
1581637784,1,12,10
1581637785,1,12,10
1581637786,0,-1,10
1581637787,1,12,10
1581637788,1,12,10
1581637789,1,12,10
1581637790,1,12,10
1581637791,1,12,10
1581637792,0,-1,10
1581637793,1,12,10
1581637794,1,12,10
1581637795,1,12,10
1581637796,1,12,10
1581637797,1,12,10
1581637798,1,12,10
1581637799,1,12,10
1581637800,1,12,10
1581637801,0,-1,10
1581637802,1,12,10
1581637803,1,12,10
1581637804,1,12,10
1581637805,1,12,10
1581637806,0,-1,10
1581637807,1,12,10
1581637808,1,12,10
1581637809,0,-1,10
1581637810,1,12,10
1581637811,1,12,10
1581637812,1,12,10
1581637813,1,12,10
1581637814,1,12,10
1581637815,1,12,10
1581637816,0,-1,10
1581637817,1,12,10
1581637818,1,12,10
1581637819,1,12,10
1581637820,0,-1,10
1581637821,1,12,10
1581637822,1,12,10
1581637823,0,-1,10
1581637824,1,12,10
1581637825,1,12,10
1581637826,1,12,10
1581637827,1,12,10
1581637828,1,12,10
1581637829,1,13,10
1581637830,0,-1,10
1581637831,1,13,10
1581637832,1,13,10
1581637833,0,-1,10
1581637834,0,-1,10
1581637835,1,13,10
1581637836,1,13,10
1581637837,1,13,10
1581637838,0,-1,10
1581637839,1,13,10
1581637840,1,13,10
1581637841,1,13,10
1581637842,1,13,10
1581637843,1,13,10
1581637844,1,13,10
1581637845,0,-1,10
1581637846,1,13,10
1581637847,1,13,10
1581637848,0,13,10
1581637849,1,13,10
1581637850,1,13,10
1581637851,1,13,10
1581637852,0,-1,10
1581637853,1,13,10
1581637854,1,13,10
1581637855,1,13,10
1581637856,1,13,10
1581637857,1,13,10
1581637858,1,13,10
1581637859,0,-1,10
1581637860,1,13,10
1581637861,1,13,10
1581637862,0,-1,10
1581637863,1,13,10
1581637864,1,13,10
1581637865,1,13,10
1581637866,0,-1,10
1581637867,1,13,10
1581637868,1,13,10
1581637869,1,13,10
1581637870,1,13,10
1581637871,1,13,10
1581637872,0,-1,10
1581637873,1,13,10
1581637874,1,13,10
1581637875,1,13,10
1581637876,1,13,10
1581637877,1,13,10
1581637878,1,13,10
1581637879,1,13,10
1581637880,1,13,10
1581637881,1,13,10
1581637882,1,13,10
1581637883,1,13,10
1581637884,1,13,10
1581637885,0,-1,10
1581637886,1,13,10
1581637887,1,13,10
1581637888,1,13,10
1581637889,1,13,10
1581637890,1,13,10
1581637891,1,13,10
1581637892,1,13,10
1581637893,1,13,10
1581637894,1,13,10
1581637895,1,13,10
1581637896,1,13,10
1581637897,1,13,10
1581637898,0,-1,10
1581637899,1,13,10
1581637900,1,13,10
1581637901,1,13,10
1581637902,1,13,10
1581637903,1,13,10
1581637904,1,13,10
1581637905,1,13,10
1581637906,1,13,10
1581637907,1,13,10
1581637908,1,13,10
1581637909,1,13,10
1581637910,1,13,10
1581637911,0,-1,10
1581637912,1,13,10
1581637913,1,13,10
1581637914,1,13,10
1581637915,1,13,10
1581637916,1,13,10
1581637917,0,-1,10
1581637918,0,-1,10
1581637919,1,13,10
1581637920,1,13,10
1581637921,1,13,10
1581637922,1,13,10
1581637923,0,-1,10
1581637924,1,13,10
1581637925,1,13,10
1581637926,1,13,10
1581637927,1,13,10
1581637928,1,13,10
1581637929,1,13,10
1581637930,0,-1,10
1581637931,1,13,10
1581637932,1,13,10
1581637933,1,13,10
1581637934,1,13,10
1581637935,1,13,10
1581637936,0,-1,10
1581637937,1,13,10
1581637938,1,13,10
1581637939,1,13,10
1581637940,1,13,10
1581637941,1,13,10
1581637942,0,-1,10
1581637943,1,13,10
1581637944,1,13,10
1581637945,0,-1,10
1581637946,1,13,10
1581637947,1,13,10
1581637948,1,13,10
1581637949,0,-1,10
1581637950,1,13,10
1581637951,1,13,10
1581637952,1,13,10
1581637953,1,13,10
1581637954,1,13,10
1581637955,1,13,10
1581637956,0,-1,10
1581637957,1,13,10
1581637958,1,13,10
1581637959,0,-1,10
1581637960,1,13,10
1581637961,1,13,10
1581637962,0,-1,10
1581637963,1,13,10
1581637964,1,13,10
1581637965,1,13,10
1581637966,1,13,10
1581637967,1,13,10
1581637968,1,13,10
1581637969,0,-1,10
1581637970,1,13,10
1581637971,1,13,10
1581637972,1,13,10
1581637973,1,13,10
1581637974,1,13,10
1581637975,1,13,10
1581637976,1,13,10
1581637977,1,13,10
1581637978,1,13,10
1581637979,1,13,10
1581637980,1,13,10
1581637981,0,-1,10
1581637982,1,13,10
1581637983,1,13,10
1581637984,1,13,10
1581637985,1,13,10
1581637986,1,13,10
1581637987,1,13,10
1581637988,0,-1,10
1581637989,1,13,10
1581637990,1,13,10
1581637991,1,13,10
1581637992,1,13,10
1581637993,1,13,10
1581637994,0,-1,10
1581637995,1,13,10
1581637996,1,13,10
1581637997,1,13,10
1581637998,1,13,10
1581637999,1,13,10
1581638000,1,13,10
1581638001,0,-1,10
1581638002,1,13,10
1581638003,1,13,10
1581638004,1,13,10
1581638005,1,13,10
1581638006,1,13,10
1581638007,0,-1,10
1581638008,1,13,10
1581638009,1,13,10
1581638010,1,13,10
1581638011,1,13,10
1581638012,1,13,10
1581638013,0,-1,10
1581638014,1,13,10
1581638015,0,-1,10
1581638016,1,13,10
1581638017,1,13,10
1581638018,1,13,10
1581638019,1,13,10
1581638020,1,13,10
1581638021,1,13,10
1581638022,1,13,10
1581638023,1,13,10
1581638024,1,13,10
1581638025,1,13,10
1581638026,0,-1,10
1581638027,1,13,10
1581638028,1,13,10
1581638029,0,-1,10
1581638030,1,12,10
1581638031,1,12,10
1581638032,1,12,10
1581638033,0,-1,10
1581638034,1,12,10
1581638035,1,12,10
1581638036,1,12,10
1581638037,1,12,10
1581638038,1,12,10
1581638039,0,-1,10
1581638040,1,12,10
1581638041,1,12,10
1581638042,1,12,10
1581638043,1,12,10
1581638044,1,12,10
1581638045,1,12,10
1581638046,0,-1,10
1581638047,1,12,10
1581638048,1,12,10
1581638049,1,12,10
1581638050,1,12,10
1581638051,1,12,10
1581638052,1,12,10
1581638053,0,-1,10
1581638054,1,12,10
1581638055,1,12,10
1581638056,0,-1,10
1581638057,1,12,10
1581638058,1,12,10
1581638059,1,12,10
1581638060,0,-1,10
1581638061,0,10505,10
1581638062,0,10505,10
1581638063,0,10505,10
1581638064,0,10505,10
1581638065,0,10505,10
1581638066,0,10505,10
1581638067,0,-1,10
1581638068,0,10505,10
1581638069,0,10505,10
1581638070,0,-1,10
1581638071,0,10505,10
1581638072,0,10505,10
1581638073,0,10505,10
1581638074,0,10505,10
1581638075,0,10505,10
1581638076,0,10505,10
1581638077,0,-1,10
1581638078,0,10505,10
1581638079,0,10505,10
1581638080,0,10505,10
1581638081,0,10505,10
1581638082,0,10505,10
1581638083,0,10505,10
1581638084,0,10505,10
1581638085,0,-1,10
1581638086,0,10505,10
1581638087,0,10505,10
1581638088,0,10505,10
1581638089,0,10505,10
1581638090,0,10505,10
1581638091,0,-1,10
1581638092,0,10505,10
1581638093,0,10505,10
1581638094,0,10505,10
1581638095,0,10505,10
1581638096,0,10505,10
1581638097,0,10505,10
1581638098,0,-1,10
1581638099,0,-1,10
1581638100,0,10505,10
1581638101,0,10505,10
1581638102,0,10505,10
1581638103,0,10505,10
1581638104,0,10505,10
1581638105,0,10505,10
1581638106,0,10505,10
1581638107,0,10505,10
1581638108,0,10505,10
1581638109,0,10505,10
1581638110,0,-1,10
1581638111,0,10505,10
1581638112,0,10505,10
1581638113,0,-1,10
1581638114,0,10505,10
1581638115,0,10505,10
1581638116,0,10505,10
1581638117,0,10505,10
1581638118,0,10505,10
1581638119,0,10505,10
1581638120,0,10505,10
1581638121,0,10505,10
1581638122,0,10505,10
1581638123,0,-1,10
1581638124,0,10505,10
1581638125,0,10505,10
1581638126,0,10505,10
1581638127,0,10505,10
1581638128,0,10505,10
1581638129,0,-1,10
1581638130,0,10505,10
1581638131,0,10505,10
1581638132,0,10505,10
1581638133,0,10505,10
1581638134,0,10505,10
1581638135,0,10505,10
1581638136,0,-1,10
1581638137,0,10505,10
1581638138,0,10505,10
1581638139,0,10505,10
1581638140,0,10505,10
1581638141,0,10505,10
1581638142,0,10505,10
1581638143,0,10505,10
1581638144,0,10505,10
1581638145,0,10505,10
1581638146,0,10505,10
1581638147,0,10505,10
1581638148,0,10505,10
1581638149,0,-1,10
1581638150,0,10505,10
1581638151,0,10505,10
1581638152,0,10505,10
1581638153,0,10505,10
1581638154,0,10505,10
1581638155,0,10505,10
1581638156,0,10505,10
1581638157,0,10505,10
1581638158,0,10505,10
1581638159,0,10505,10
1581638160,0,10505,10
1581638161,0,10505,10
1581638162,0,-1,10
1581638163,0,10505,10
1581638164,0,10505,10
1581638165,0,10505,10
1581638166,0,10505,10
1581638167,0,10505,10
1581638168,0,10505,10
1581638169,0,10505,10
1581638170,0,10505,10
1581638171,0,10505,10
1581638172,0,10505,10
1581638173,0,10505,10
1581638174,0,-1,10
1581638175,0,10505,10
1581638176,0,10505,10
1581638177,0,10505,10
1581638178,0,10505,10
1581638179,0,10505,10
1581638180,0,10505,10
1581638181,0,10505,10
1581638182,0,10505,10
1581638183,0,10505,10
1581638184,0,10505,10
1581638185,0,10505,10
1581638186,0,10505,10
1581638187,0,-1,10
1581638188,0,10505,10
1581638189,0,10505,10
1581638190,0,-1,10
1581638191,0,10505,10
1581638192,0,10505,10
1581638193,0,10505,10
1581638194,0,10505,10
1581638195,0,10505,10
1581638196,0,10505,10
1581638197,0,10505,10
1581638198,0,10505,10
1581638199,0,-1,10
1581638200,0,10505,10
1581638201,0,10505,10
1581638202,0,10505,10
1581638203,0,10505,10
1581638204,0,-1,10
1581638205,0,10505,10
1581638206,0,10505,10
1581638207,0,10505,10
1581638208,0,10505,10
1581638209,0,10505,10
1581638210,0,10505,10
1581638211,0,10505,10
1581638212,0,-1,10
1581638213,0,10505,10
1581638214,0,10505,10
1581638215,0,10505,10
1581638216,0,10505,10
1581638217,0,10505,10
1581638218,0,10505,10
1581638219,0,10505,10
1581638220,0,10505,10
1581638221,0,10505,10
1581638222,0,10505,10
1581638223,0,10505,10
1581638224,0,-1,10
1581638225,0,10505,10
1581638226,0,10505,10
1581638227,0,10505,10
1581638228,0,10505,10
1581638229,0,10505,10
1581638230,0,10505,10
1581638231,0,10505,10
1581638232,0,10505,10
1581638233,0,10505,10
1581638234,0,10505,10
1581638235,0,10505,10
1581638236,0,10505,10
1581638237,0,10505,10
1581638238,0,10505,10
1581638239,0,10505,10
1581638240,0,10505,10
1581638241,0,10505,10
1581638242,0,10505,10
1581638243,0,10505,10
1581638244,0,10505,10
1581638245,0,10505,10
1581638246,0,10505,10
1581638247,0,10505,10
1581638248,0,10505,10
1581638249,0,-1,10
1581638250,0,10505,10
1581638251,0,10505,10
1581638252,0,10505,10
1581638253,0,10505,10
1581638254,0,10505,10
1581638255,0,10505,10
1581638256,0,10505,10
1581638257,0,10505,10
1581638258,0,10505,10
1581638259,0,10505,10
1581638260,0,10505,10
1581638261,0,-1,10
1581638262,0,10505,10
1581638263,0,-1,10
1581638264,0,10505,10
1581638265,0,10505,10
1581638266,0,10505,10
1581638267,0,10505,10
1581638268,0,10505,10
1581638269,0,10505,10
1581638270,0,10505,10
1581638271,0,10505,10
1581638272,0,10505,10
1581638273,0,10505,10
1581638274,0,-1,10
1581638275,0,10505,10
1581638276,0,10505,10
1581638277,0,-1,10
1581638278,0,10505,10
1581638279,0,10505,10
1581638280,0,10505,10
1581638281,0,10505,10
1581638282,0,10505,10
1581638283,0,10505,10
1581638284,0,10505,10
1581638285,0,10505,10
1581638286,0,-1,10
1581638287,0,10505,10
1581638288,0,10505,10
1581638289,0,10505,10
1581638290,0,10505,10
1581638291,0,-1,10
1581638292,0,10505,10
1581638293,0,10505,10
1581638294,0,10505,10
1581638295,0,10505,10
1581638296,0,10505,10
1581638297,0,10505,10
1581638298,0,10505,10
1581638299,0,-1,10
1581638300,0,10505,10
1581638301,0,10505,10
1581638302,0,10505,10
1581638303,0,10505,10
1581638304,0,10505,10
1581638305,0,10505,10
1581638306,0,-1,10
1581638307,0,10505,10
1581638308,0,10505,10
1581638309,0,10505,10
1581638310,0,10505,10
1581638311,0,-1,10
1581638312,0,10505,10
1581638313,0,10505,10
1581638314,0,10505,10
1581638315,0,10505,10
1581638316,0,10505,10
1581638317,0,10505,10
1581638318,0,10505,10
1581638319,0,10505,10
1581638320,0,-1,10
1581638321,0,10505,10
1581638322,0,10505,10
1581638323,0,-1,10
1581638324,0,10505,10
1581638325,0,10505,10
1581638326,0,10505,10
1581638327,0,10505,10
1581638328,0,10505,10
1581638329,0,10505,10
1581638330,0,10505,10
1581638331,0,10505,10
1581638332,0,10505,10
1581638333,0,10505,10
1581638334,0,10505,10
1581638335,0,10505,10
1581638336,0,-1,10
1581638337,0,-1,10
1581638338,0,10505,10
1581638339,0,10505,10
1581638340,0,10505,10
1581638341,0,10505,10
1581638342,0,10505,10
1581638343,0,10505,10
1581638344,0,10505,10
1581638345,0,10505,10
1581638346,0,10505,10
1581638347,0,10505,10
1581638348,0,10505,10
1581638349,0,-1,10
1581638350,0,10505,10
1581638351,0,-1,10
1581638352,0,10505,10
1581638353,0,10505,10
1581638354,0,10505,10
1581638355,0,10505,10
1581638356,0,10505,10
1581638357,0,10505,10
1581638358,0,10505,10
1581638359,0,10505,10
1581638360,0,10505,10
1581638361,0,10505,10
1581638362,0,-1,10
1581638363,0,10505,10
1581638364,0,10505,10
1581638365,0,10505,10
1581638366,0,10505,10
1581638367,0,10505,10
1581638368,0,10505,10
1581638369,0,10505,10
1581638370,0,10505,10
1581638371,0,10505,10
1581638372,0,10505,10
1581638373,0,10505,10
1581638374,0,-1,10
1581638375,0,10505,10
1581638376,0,10505,10
1581638377,0,10505,10
1581638378,0,10505,10
1581638379,0,10505,10
1581638380,0,10505,10
1581638381,0,10505,10
1581638382,0,10505,10
1581638383,0,10505,10
1581638384,0,10505,10
1581638385,0,10505,10
1581638386,0,10505,10
1581638387,0,-1,10
1581638388,0,10505,10
1581638389,0,10505,10
1581638390,0,10505,10
1581638391,0,10505,10
1581638392,0,10505,10
1581638393,0,10505,10
1581638394,0,10505,10
1581638395,0,10505,10
1581638396,0,-1,10
1581638397,0,10505,10
1581638398,0,10505,10
1581638399,0,-1,10
1581638400,0,10505,10
1581638401,0,10505,10
1581638402,0,10505,10
1581638403,0,10505,10
1581638404,0,10505,10
1581638405,0,10505,10
1581638406,0,10505,10
1581638407,0,10505,10
1581638408,0,10505,10
1581638409,0,10505,10
1581638410,0,-1,10
1581638411,0,10505,10
1581638412,0,10505,10
1581638413,0,10505,10
1581638414,0,10505,10
1581638415,0,10505,10
1581638416,0,10505,10
1581638417,0,10505,10
1581638418,0,10505,10
1581638419,0,10505,10
1581638420,0,10505,10
1581638421,0,10505,10
1581638422,0,10505,10
1581638423,0,10505,10
1581638424,0,-1,10
1581638425,0,10505,10
1581638426,0,10505,10
1581638427,0,10505,10
1581638428,0,10505,10
1581638429,0,10505,10
1581638430,0,10505,10
1581638431,0,10505,10
1581638432,0,10505,10
1581638433,0,10505,10
1581638434,0,10505,10
1581638435,0,10505,10
1581638436,0,10505,10
1581638437,0,-1,10
1581638438,0,-1,10
1581638439,0,10505,10
1581638440,0,10505,10
1581638441,0,10505,10
1581638442,0,10505,10
1581638443,0,10505,10
1581638444,0,10505,10
1581638445,0,10505,10
1581638446,0,10505,10
1581638447,0,10505,10
1581638448,0,10505,10
1581638449,0,-1,10
1581638450,0,10505,10
1581638451,0,10505,10
1581638452,0,10505,10
1581638453,0,10505,10
1581638454,0,10505,10
1581638455,0,10505,10
1581638456,0,10505,10
1581638457,0,10505,10
1581638458,0,10505,10
1581638459,0,10505,10
1581638460,0,10505,10
1581638461,0,-1,10
1581638462,0,10505,10
1581638463,0,10505,10
1581638464,0,10505,10
1581638465,0,10505,10
1581638466,0,10505,10
1581638467,0,10505,10
1581638468,0,10505,10
1581638469,0,10505,10
1581638470,0,10505,10
1581638471,0,10505,10
1581638472,0,10505,10
1581638473,0,10505,10
1581638474,0,-1,10
1581638475,0,10505,10
1581638476,0,10505,10
1581638477,0,10505,10
1581638478,0,10505,10
1581638479,0,10505,10
1581638480,0,10505,10
1581638481,0,10505,10
1581638482,0,10505,10
1581638483,0,10505,10
1581638484,0,10505,10
1581638485,0,10505,10
1581638486,0,-1,10
1581638487,0,10505,10
1581638488,0,10505,10
1581638489,0,10505,10
1581638490,0,10505,10
1581638491,0,10505,10
1581638492,0,10505,10
1581638493,0,10505,10
1581638494,0,10505,10
1581638495,0,10505,10
1581638496,0,10505,10
1581638497,0,10505,10
1581638498,0,10505,10
1581638499,0,-1,10
1581638500,0,10505,10
1581638501,0,10505,10
1581638502,0,10505,10
1581638503,0,10505,10
1581638504,0,10505,10
1581638505,0,10505,10
1581638506,0,10505,10
1581638507,0,10505,10
1581638508,0,10505,10
1581638509,0,10505,10
1581638510,0,10505,10
1581638511,0,-1,10
1581638512,0,10505,10
1581638513,0,10505,10
1581638514,0,10505,10
1581638515,0,10505,10
1581638516,0,10505,10
1581638517,0,10505,10
1581638518,0,10505,10
1581638519,0,10505,10
1581638520,0,10505,10
1581638521,0,10505,10
1581638522,0,10505,10
1581638523,0,10505,10
1581638524,0,-1,10
1581638525,0,10505,10
1581638526,0,10505,10
1581638527,0,10505,10
1581638528,0,10505,10
1581638529,0,10505,10
1581638530,0,10505,10
1581638531,0,10505,10
1581638532,0,10505,10
1581638533,0,10505,10
1581638534,0,10505,10
1581638535,0,10505,10
1581638536,0,10505,10
1581638537,0,-1,10
1581638538,0,10505,10
1581638539,0,-1,10
1581638540,0,10505,10
1581638541,0,10505,10
1581638542,0,10505,10
1581638543,0,10505,10
1581638544,0,10505,10
1581638545,0,10505,10
1581638546,0,10505,10
1581638547,0,10505,10
1581638548,0,10505,10
1581638549,0,-1,10
1581638550,0,10505,10
1581638551,0,10505,10
1581638552,0,10505,10
1581638553,0,10505,10
1581638554,0,10505,10
1581638555,0,10505,10
1581638556,0,10505,10
1581638557,0,10505,10
1581638558,0,10505,10
1581638559,0,10505,10
1581638560,0,10505,10
1581638561,0,-1,10
1581638562,0,10505,10
1581638563,0,10505,10
1581638564,0,10505,10
1581638565,0,10505,10
1581638566,0,10505,10
1581638567,0,10505,10
1581638568,0,10505,10
1581638569,0,10505,10
1581638570,0,-1,10
1581638571,0,10505,10
1581638572,0,10505,10
1581638573,0,10505,10
1581638574,0,-1,10
1581638575,0,10505,10
1581638576,0,10505,10
1581638577,0,10505,10
1581638578,0,10505,10
1581638579,0,10505,10
1581638580,0,10505,10
1581638581,0,10505,10
1581638582,0,10505,10
1581638583,0,10505,10
1581638584,0,-1,10
1581638585,0,10505,10
1581638586,0,-1,10
1581638587,0,10505,10
1581638588,0,10505,10
1581638589,0,10505,10
1581638590,0,10505,10
1581638591,0,10505,10
1581638592,0,10505,10
1581638593,0,10505,10
1581638594,0,10505,10
1581638595,0,10505,10
1581638596,0,10505,10
1581638597,0,10505,10
1581638598,0,10505,10
1581638599,0,-1,10
1581638600,0,10505,10
1581638601,0,10505,10
1581638602,0,-1,10
1581638603,0,10505,10
1581638604,0,10505,10
1581638605,0,10505,10
1581638606,0,10505,10
1581638607,0,10505,10
1581638608,0,10505,10
1581638609,0,10505,10
1581638610,0,10505,10
1581638611,0,-1,10
1581638612,0,10505,10
1581638613,0,10505,10
1581638614,0,10505,10
1581638615,0,10505,10
1581638616,0,10505,10
1581638617,0,10505,10
1581638618,0,10505,10
1581638619,0,10505,10
1581638620,0,10505,10
1581638621,0,10505,10
1581638622,0,10505,10
1581638623,0,10505,10
1581638624,0,-1,10
1581638625,0,10505,10
1581638626,0,10505,10
1581638627,0,10505,10
1581638628,0,10505,10
1581638629,0,10505,10
1581638630,0,-1,10
1581638631,0,10505,10
1581638632,0,10505,10
1581638633,0,10505,10
1581638634,0,10505,10
1581638635,0,10505,10
1581638636,0,10505,10
1581638637,0,-1,10
1581638638,0,10505,10
1581638639,0,10505,10
1581638640,0,10505,10
1581638641,0,10505,10
1581638642,0,10505,10
1581638643,0,10505,10
1581638644,0,10505,10
1581638645,0,10505,10
1581638646,0,10505,10
1581638647,0,10505,10
1581638648,0,10505,10
1581638649,0,10505,10
1581638650,0,-1,10
1581638651,0,10505,10
1581638652,0,10505,10
1581638653,0,10505,10
1581638654,0,10505,10
1581638655,0,10505,10
1581638656,0,10505,10
1581638657,0,10505,10
1581638658,0,10505,10
1581638659,0,10505,10
1581638660,0,-1,10
1581638661,0,10505,10
1581638662,0,10505,10
1581638663,0,-1,10
1581638664,0,10505,10
1581638665,0,10505,10
1581638666,0,10505,10
1581638667,0,10505,10
1581638668,0,10505,10
1581638669,0,10505,10
1581638670,0,10505,10
1581638671,0,10505,10
1581638672,0,10505,10
1581638673,0,10505,10
1581638674,0,10505,10
1581638675,0,-1,10
1581638676,0,10505,10
1581638677,0,10505,10
1581638678,0,10505,10
1581638679,0,10505,10
1581638680,0,10505,10
1581638681,0,10505,10
1581638682,0,10505,10
1581638683,0,10505,10
1581638684,0,10505,10
1581638685,0,10505,10
1581638686,0,10505,10
1581638687,0,-1,10
1581638688,0,-1,10
1581638689,1,10505,10
1581638690,1,10505,10
1581638691,1,2,10
1581638692,1,2,10
1581638693,1,12,10
1581638694,1,12,10
1581638695,1,12,10
1581638696,0,-1,10
1581638697,0,12,10
1581694140,0,2,11
1581694141,0,2,11
1581694142,0,-1,11
1581694143,0,2,11
1581694144,1,2,11
1581694145,1,2,11
1581694146,1,2,11
1581694147,1,2,11
1581694148,1,2,11
1581694149,0,-1,11
1581694150,1,2,11
1581694151,1,2,11
1581694152,1,2,11
1581694153,1,2,11
1581694154,1,2,11
1581694155,0,-1,11
1581694156,1,2,11
1581694157,0,-1,11
1581694158,1,2,11
1581694159,1,2,11
1581694160,1,2,11
1581694161,1,2,11
1581694162,0,-1,11
1581694163,1,2,11
1581694164,1,2,11
1581694165,1,2,11
1581694166,1,2,11
1581694167,1,2,11
1581694168,1,2,11
1581694169,0,-1,11
1581694170,1,2,11
1581694171,0,-1,11
1581694172,1,2,11
1581694173,1,2,11
1581694174,1,2,11
1581694175,1,2,11
1581694176,1,2,11
1581694177,0,-1,11
1581694178,1,2,11
1581694179,1,2,11
1581694180,1,2,11
1581694181,1,2,11
1581694182,1,2,11
1581694183,0,-1,11
1581694184,1,2,11
1581694185,0,-1,11
1581694186,1,2,11
1581694187,1,2,11
1581694188,1,2,11
1581694189,1,2,11
1581694190,0,-1,11
1581694191,1,2,11
1581694192,1,2,11
1581694193,1,2,11
1581694194,1,2,11
1581694195,1,2,11
1581694196,1,2,11
1581694197,0,-1,11
1581694198,1,2,11
1581694199,0,-1,11
1581694200,1,2,11
1581694201,1,2,11
1581694202,1,2,11
1581694203,0,-1,11
1581694204,1,2,11
1581694205,1,2,11
1581694206,1,2,11
1581694207,1,2,11
1581694208,1,2,11
1581694209,1,2,11
1581694210,1,2,11
1581694211,1,2,11
1581694212,1,2,11
1581694213,1,2,11
1581694214,1,2,11
1581694215,1,2,11
1581694216,1,2,11
1581694217,0,-1,11
1581694218,1,2,11
1581694219,1,2,11
1581694220,1,2,11
1581694221,1,2,11
1581694222,1,2,11
1581694223,1,2,11
1581694224,0,-1,11
1581694225,1,2,11
1581694226,0,-1,11
1581694227,1,2,11
1581694228,1,2,11
1581694229,1,2,11
1581694230,1,2,11
1581694231,0,-1,11
1581694232,1,2,11
1581694233,1,2,11
1581694234,1,2,11
1581694235,1,2,11
1581694236,1,2,11
1581694237,1,2,11
1581694238,0,-1,11
1581694239,1,2,11
1581694240,0,-1,11
1581694241,1,2,11
1581694242,1,2,11
1581694243,1,2,11
1581694244,0,-1,11
1581694245,1,2,11
1581694246,1,2,11
1581694247,1,2,11
1581694248,1,2,11
1581694249,1,2,11
1581694250,1,2,11
1581694251,0,-1,11
1581694252,1,2,11
1581694253,1,2,11
1581694254,0,-1,11
1581694255,1,2,11
1581694256,1,2,11
1581694257,1,2,11
1581694258,0,-1,11
1581694259,1,2,11
1581694260,1,2,11
1581694261,1,2,11
1581694262,1,2,11
1581694263,1,2,11
1581694264,0,-1,11
1581694265,1,2,11
1581694266,1,2,11
1581694267,1,2,11
1581694268,1,2,11
1581694269,1,2,11
1581694270,1,2,11
1581694271,1,2,11
1581694272,1,2,11
1581694273,1,2,11
1581694274,1,2,11
1581694275,1,2,11
1581694276,1,2,11
1581694277,1,2,11
1581694278,1,2,11
1581694279,1,2,11
1581694280,1,2,11
1581694281,1,2,11
1581694282,1,2,11
1581694283,1,2,11
1581694284,1,2,11
1581694285,1,2,11
1581694286,1,2,11
1581694287,1,2,11
1581694288,1,2,11
1581694289,1,2,11
1581694290,1,2,11
1581694291,0,-1,11
1581694292,1,2,11
1581694293,1,2,11
1581694294,1,2,11
1581694295,1,2,11
1581694296,1,3,11
1581694297,1,3,11
1581694298,1,3,11
1581694299,1,3,11
1581694300,1,3,11
1581694301,1,3,11
1581694302,1,3,11
1581694303,1,3,11
1581694304,0,-1,11
1581694305,1,3,11
1581694306,1,3,11
1581694307,1,3,11
1581694308,1,3,11
1581694309,1,3,11
1581694310,1,3,11
1581694311,0,-1,11
1581694312,1,3,11
1581694313,1,3,11
1581694314,1,3,11
1581694315,1,3,11
1581694316,1,3,11
1581694317,1,3,11
1581694318,0,-1,11
1581694319,1,3,11
1581694320,1,3,11
1581694321,1,3,11
1581694322,1,3,11
1581694323,1,3,11
1581694324,0,-1,11
1581694325,1,3,11
1581694326,1,3,11
1581694327,1,3,11
1581694328,1,3,11
1581694329,1,3,11
1581694330,0,-1,11
1581694331,1,3,11
1581694332,1,3,11
1581694333,1,3,11
1581694334,1,3,11
1581694335,1,3,11
1581694336,1,3,11
1581694337,0,-1,11
1581694338,1,3,11
1581694339,1,3,11
1581694340,1,3,11
1581694341,1,3,11
1581694342,1,3,11
1581694343,1,3,11
1581694344,0,-1,11
1581694345,1,3,11
1581694346,1,3,11
1581694347,0,-1,11
1581694348,1,3,11
1581694349,1,3,11
1581694350,0,-1,11
1581694351,0,-1,11
1581694352,1,3,11
1581694353,1,3,11
1581694354,1,3,11
1581694355,1,3,11
1581694356,0,-1,11
1581694357,1,3,11
1581694358,1,3,11
1581694359,1,3,11
1581694360,1,3,11
1581694361,1,3,11
1581694362,1,3,11
1581694363,0,-1,11
1581694364,1,3,11
1581694365,0,-1,11
1581694366,1,3,11
1581694367,1,3,11
1581694368,1,3,11
1581694369,1,3,11
1581694370,0,-1,11
1581694371,1,3,11
1581694372,1,3,11
1581694373,1,3,11
1581694374,1,3,11
1581694375,1,3,11
1581694376,0,-1,11
1581694377,1,3,11
1581694378,1,3,11
1581694379,0,-1,11
1581694380,1,3,11
1581694381,1,3,11
1581694382,0,-1,11
1581694383,1,3,11
1581694384,1,3,11
1581694385,1,3,11
1581694386,1,3,11
1581694387,1,3,11
1581694388,1,3,11
1581694389,0,-1,11
1581694390,1,3,11
1581694391,1,3,11
1581694392,1,3,11
1581694393,1,3,11
1581694394,1,3,11
1581694395,1,3,11
1581694396,1,3,11
1581694397,1,3,11
1581694398,1,3,11
1581694399,0,-1,11
1581694400,1,3,11
1581694401,1,3,11
1581694402,0,-1,11
1581694403,1,3,11
1581694404,1,3,11
1581694405,1,3,11
1581694406,1,3,11
1581694407,1,3,11
1581694408,1,3,11
1581694409,1,3,11
1581694410,1,3,11
1581694411,1,3,11
1581694412,1,3,11
1581694413,1,3,11
1581694414,1,3,11
1581694415,0,-1,11
1581694416,1,3,11
1581694417,1,3,11
1581694418,1,3,11
1581694419,1,3,11
1581694420,1,3,11
1581694421,1,3,11
1581694422,0,-1,11
1581694423,1,3,11
1581694424,1,3,11
1581694425,1,3,11
1581694426,1,3,11
1581694427,1,3,11
1581694428,1,3,11
1581694429,1,3,11
1581694430,1,3,11
1581694431,1,3,11
1581694432,1,3,11
1581694433,1,3,11
1581694434,1,3,11
1581694435,0,-1,11
1581694436,1,3,11
1581694437,1,3,11
1581694438,1,3,11
1581694439,1,3,11
1581694440,1,3,11
1581694441,1,3,11
1581694442,0,-1,11
1581694443,1,3,11
1581694444,1,3,11
1581694445,1,3,11
1581694446,1,3,11
1581694447,1,3,11
1581694448,0,-1,11
1581694449,1,3,11
1581694450,1,3,11
1581694451,1,3,11
1581694452,1,3,11
1581694453,1,3,11
1581694454,0,-1,11
1581694455,1,3,11
1581694456,1,3,11
1581694457,0,3,11
1581694458,0,3,11
1581694459,1,3,11
1581694460,0,-1,11
1581694461,1,2,11
1581694462,0,-1,11
1581694463,1,2,11
1581694464,1,2,11
1581694465,1,2,11
1581694466,1,2,11
1581694467,0,-1,11
1581694468,1,2,11
1581694469,1,2,11
1581694470,1,2,11
1581694471,1,2,11
1581694472,1,2,11
1581694473,1,2,11
1581694474,0,-1,11
1581694475,1,2,11
1581694476,1,2,11
1581694477,1,2,11
1581694478,1,2,11
1581694479,1,2,11
1581694480,1,2,11
1581694481,0,-1,11
1581694482,1,2,11
1581694483,1,2,11
1581694484,1,2,11
1581694485,1,2,11
1581694486,1,2,11
1581694487,1,2,11
1581694488,0,-1,11
1581694489,1,2,11
1581694490,0,-1,11
1581694491,1,2,11
1581694492,1,2,11
1581694493,1,2,11
1581694494,1,2,11
1581694495,1,2,11
1581694496,0,-1,11
1581694497,1,2,11
1581694498,1,2,11
1581694499,1,2,11
1581694500,1,2,11
1581694501,1,2,11
1581694502,1,2,11
1581694503,0,-1,11
1581694504,0,-1,11
1581694505,1,2,11
1581694506,1,2,11
1581694507,1,2,11
1581694508,1,2,11
1581694509,1,2,11
1581694510,1,2,11
1581694511,0,-1,11
1581694512,1,2,11
1581694513,1,2,11
1581694514,1,2,11
1581694515,1,2,11
1581694516,1,2,11
1581694517,1,2,11
1581694518,1,2,11
1581694519,1,2,11
1581694520,1,2,11
1581694521,1,2,11
1581694522,1,2,11
1581694523,1,2,11
1581694524,1,2,11
1581694525,1,2,11
1581694526,0,-1,11
1581694527,1,2,11
1581694528,1,2,11
1581694529,1,2,11
1581694530,1,2,11
1581694531,1,2,11
1581694532,1,2,11
1581694533,0,-1,11
1581694534,1,2,11
1581694535,1,2,11
1581694536,1,2,11
1581694537,1,2,11
1581694538,1,2,11
1581694539,0,-1,11
1581694540,1,2,11
1581694541,1,2,11
1581694542,1,2,11
1581694543,1,3,11
1581694544,1,3,11
1581694545,1,3,11
1581694546,0,-1,11
1581694547,1,3,11
1581694548,1,3,11
1581694549,1,3,11
1581694550,1,3,11
1581694551,1,3,11
1581694552,1,3,11
1581694553,0,-1,11
1581694554,1,3,11
1581694555,1,3,11
1581694556,1,3,11
1581694557,1,3,11
1581694558,1,3,11
1581694559,1,3,11
1581694560,0,-1,11
1581694561,1,3,11
1581694562,1,3,11
1581694563,1,3,11
1581694564,1,3,11
1581694565,1,3,11
1581694566,1,3,11
1581694567,0,-1,11
1581694568,1,3,11
1581694569,1,3,11
1581694570,1,3,11
1581694571,0,-1,11
1581694572,1,3,11
1581694573,0,-1,11
1581694574,1,3,11
1581694575,1,3,11
1581694576,1,3,11
1581694577,1,3,11
1581694578,1,3,11
1581694579,1,3,11
1581694580,1,3,11
1581694581,0,-1,11
1581694582,1,3,11
1581694583,1,3,11
1581694584,1,3,11
1581694585,1,3,11
1581694586,1,3,11
1581694587,1,3,11
1581694588,1,3,11
1581694589,0,-1,11
1581694590,1,3,11
1581694591,1,3,11
1581694592,1,3,11
1581694593,1,3,11
1581694594,1,3,11
1581694595,1,3,11
1581694596,1,3,11
1581694597,1,3,11
1581694598,1,3,11
1581694599,1,3,11
1581694600,1,3,11
1581694601,1,3,11
1581694602,1,3,11
1581694603,1,3,11
1581694604,0,-1,11
1581694605,1,3,11
1581694606,1,3,11
1581694607,1,3,11
1581694608,1,3,11
1581694609,1,3,11
1581694610,0,-1,11
1581694611,1,3,11
1581694612,1,3,11
1581694613,1,3,11
1581694614,1,3,11
1581694615,0,-1,11
1581694616,1,3,11
1581694617,1,3,11
1581694618,0,-1,11
1581694619,1,3,11
1581694620,1,3,11
1581694621,1,3,11
1581694622,1,3,11
1581694623,1,3,11
1581694624,1,2,11
1581694625,0,-1,11
1581694626,1,2,11
1581694627,1,2,11
1581694628,1,2,11
1581694629,1,2,11
1581694630,1,2,11
1581694631,1,2,11
1581694632,1,2,11
1581694633,1,2,11
1581694634,0,-1,11
1581694635,1,2,11
1581694636,1,2,11
1581694637,1,2,11
1581694638,1,2,11
1581694639,1,2,11
1581694640,1,2,11
1581694641,0,-1,11
1581694642,1,2,11
1581694643,0,-1,11
1581694644,1,2,11
1581694645,1,2,11
1581694646,1,2,11
1581694647,1,2,11
1581694648,1,2,11
1581694649,0,-1,11
1581694650,1,2,11
1581694651,1,2,11
1581694652,1,2,11
1581694653,1,2,11
1581694654,1,2,11
1581694655,1,2,11
1581694656,1,2,11
1581694657,0,-1,11
1581694658,1,2,11
1581694659,1,12,11
1581694660,1,12,11
1581694661,1,2,11
1581694662,1,2,11
1581694663,1,2,11
1581694664,0,-1,11
1581694665,1,2,11
1581694666,1,2,11
1581694667,1,2,11
1581694668,1,12,11
1581694669,1,12,11
1581694670,1,2,11
1581694671,1,2,11
1581694672,1,2,11
1581694673,1,2,11
1581694674,0,2,11
1581694675,1,12,11
1581694676,1,12,11
1581694677,1,12,11
1581694678,1,12,11
1581694679,1,12,11
1581694680,1,12,11
1581694681,1,12,11
1581694682,1,12,11
1581694683,1,12,11
1581694684,1,2,11
1581694685,1,2,11
1581694686,1,2,11
1581694687,0,-1,11
1581694688,1,2,11
1581694689,1,2,11
1581694690,1,2,11
1581694691,1,2,11
1581694692,1,2,11
1581694693,1,2,11
1581694694,1,2,11
1581694695,0,-1,11
1581694696,1,2,11
1581694697,1,2,11
1581694698,1,2,11
1581694699,1,2,11
1581694700,1,7,11
1581694701,1,12,11
1581694702,0,-1,11
1581694703,1,2,11
1581694704,1,2,11
1581694705,1,2,11
1581694706,1,2,11
1581694707,1,1,11
1581694708,1,1,11
1581694709,1,2,11
1581694710,0,-1,11
1581694711,1,2,11
1581694712,1,2,11
1581694713,1,2,11
1581694714,1,1,11
1581694715,1,1,11
1581694716,1,1,11
1581694717,1,1,11
1581694718,0,-1,11
1581694719,1,2,11
1581694720,1,2,11
1581694721,1,1,11
1581694722,0,-1,11
1581694723,1,2,11
1581694724,1,2,11
1581694725,0,-1,11
1581694726,1,2,11
1581694727,1,2,11
1581694728,1,2,11
1581694729,0,-1,11
1581694730,1,2,11
1581694731,1,2,11
1581694732,1,2,11
1581694733,0,-1,11
1581694734,1,2,11
1581694735,1,2,11
1581694736,1,2,11
1581694737,1,1,11
1581694738,1,1,11
1581694739,1,2,11
1581694740,0,-1,11
1581694741,1,2,11
1581694742,1,2,11
1581694743,1,2,11
1581694744,1,2,11
1581694745,1,2,11
1581694746,1,2,11
1581694747,0,-1,11
1581694748,1,2,11
1581694749,1,2,11
1581694750,1,2,11
1581694751,1,2,11
1581694752,1,2,11
1581694753,1,2,11
1581694754,0,-1,11
1581694755,1,2,11
1581694756,1,2,11
1581694757,1,2,11
1581694758,1,2,11
1581694759,1,2,11
1581694760,1,2,11
1581694761,1,2,11
1581694762,1,2,11
1581694763,0,-1,11
1581694764,1,2,11
1581694765,1,2,11
1581694766,1,2,11
1581694767,1,2,11
1581694768,1,2,11
1581694769,1,2,11
1581694770,0,-1,11
1581694771,1,2,11
1581694772,1,2,11
1581694773,1,2,11
1581694774,1,2,11
1581694775,1,2,11
1581694776,1,2,11
1581694777,0,-1,11
1581694778,1,2,11
1581694779,1,2,11
1581694780,1,2,11
1581694781,1,2,11
1581694782,1,2,11
1581694783,1,2,11
1581694784,0,-1,11
1581694785,1,2,11
1581694786,1,2,11
1581694787,1,2,11
1581694788,1,2,11
1581694789,1,2,11
1581694790,1,2,11
1581694791,0,-1,11
1581694792,1,2,11
1581694793,1,1,11
1581694794,1,1,11
1581694795,1,1,11
1581694796,1,1,11
1581694797,1,1,11
1581694798,0,-1,11
1581694799,1,1,11
1581694800,1,2,11
1581694801,1,2,11
1581694802,1,2,11
1581694803,1,2,11
1581694804,1,2,11
1581694805,1,2,11
1581694806,0,-1,11
1581694807,1,2,11
1581694808,1,2,11
1581694809,1,2,11
1581694810,1,2,11
1581694811,1,2,11
1581694812,1,2,11
1581694813,1,2,11
1581694814,1,2,11
1581694815,1,2,11
1581694816,1,2,11
1581694817,1,2,11
1581694818,1,2,11
1581694819,1,2,11
1581694820,1,2,11
1581694821,1,2,11
1581694822,0,-1,11
1581694823,1,2,11
1581694824,1,2,11
1581694825,1,2,11
1581694826,1,2,11
1581694827,1,2,11
1581694828,1,2,11
1581694829,1,2,11
1581694830,0,-1,11
1581694831,1,2,11
1581694832,1,2,11
1581694833,1,2,11
1581694834,1,2,11
1581694835,1,2,11
1581694836,0,-1,11
1581694837,1,2,11
1581694838,1,2,11
1581694839,1,2,11
1581694840,1,2,11
1581694841,1,2,11
1581694842,1,2,11
1581694843,1,2,11
1581694844,0,-1,11
1581694845,1,2,11
1581694846,1,2,11
1581694847,1,2,11
1581694848,1,2,11
1581694849,1,2,11
1581694850,1,2,11
1581694851,0,-1,11
1581694852,1,2,11
1581694853,1,2,11
1581694854,1,2,11
1581694855,1,2,11
1581694856,1,2,11
1581694857,1,2,11
1581694858,0,-1,11
1581694859,1,2,11
1581694860,1,2,11
1581694861,1,2,11
1581694862,1,2,11
1581694863,1,2,11
1581694864,1,2,11
1581694865,0,-1,11
1581694866,1,2,11
1581694867,1,2,11
1581694868,1,2,11
1581694869,1,2,11
1581694870,1,2,11
1581694871,1,2,11
1581694872,1,2,11
1581694873,0,-1,11
1581694874,1,2,11
1581694875,1,2,11
1581694876,1,2,11
1581694877,1,2,11
1581694878,1,2,11
1581694879,1,2,11
1581694880,0,-1,11
1581694881,1,2,11
1581694882,0,-1,11
1581694883,1,2,11
1581694884,1,2,11
1581694885,1,2,11
1581694886,1,2,11
1581694887,1,2,11
1581694888,0,-1,11
1581694889,1,2,11
1581694890,1,2,11
1581694891,1,2,11
1581694892,1,2,11
1581694893,1,2,11
1581694894,1,2,11
1581694895,0,-1,11
1581694896,1,2,11
1581694897,1,2,11
1581694898,1,2,11
1581694899,1,2,11
1581694900,1,2,11
1581694901,1,2,11
1581694902,1,2,11
1581694903,0,-1,11
1581694904,1,2,11
1581694905,1,2,11
1581694906,1,2,11
1581694907,1,2,11
1581694908,1,2,11
1581694909,0,-1,11
1581694910,1,2,11
1581694911,1,2,11
1581694912,1,2,11
1581694913,1,2,11
1581694914,1,2,11
1581694915,1,2,11
1581694916,1,2,11
1581694917,1,2,11
1581694918,1,2,11
1581694919,1,2,11
1581694920,1,2,11
1581694921,1,2,11
1581694922,1,2,11
1581694923,0,-1,11
1581694924,1,3,11
1581694925,1,3,11
1581694926,1,3,11
1581694927,1,3,11
1581694928,1,3,11
1581694929,1,3,11
1581694930,1,3,11
1581694931,1,3,11
1581694932,1,3,11
1581694933,1,3,11
1581694934,0,-1,11
1581694935,1,3,11
1581694936,1,3,11
1581694937,0,-1,11
1581694938,1,3,11
1581694939,1,3,11
1581694940,1,3,11
1581694941,0,-1,11
1581694942,1,3,11
1581694943,1,3,11
1581694944,1,3,11
1581694945,1,3,11
1581694946,1,3,11
1581694947,1,3,11
1581694948,1,3,11
1581694949,0,-1,11
1581694950,1,3,11
1581694951,0,-1,11
1581694952,1,3,11
1581694953,1,3,11
1581694954,1,3,11
1581694955,1,3,11
1581694956,0,-1,11
1581694957,1,3,11
1581694958,1,3,11
1581694959,1,3,11
1581694960,1,3,11
1581694961,1,3,11
1581694962,1,3,11
1581694963,1,3,11
1581694964,1,3,11
1581694965,0,-1,11
1581694966,1,3,11
1581694967,1,3,11
1581694968,1,3,11
1581694969,1,3,11
1581694970,1,3,11
1581694971,1,3,11
1581694972,1,3,11
1581694973,1,3,11
1581694974,1,3,11
1581694975,1,3,11
1581694976,0,-1,11
1581694977,1,3,11
1581694978,1,3,11
1581694979,1,3,11
1581694980,1,3,11
1581694981,1,3,11
1581694982,1,3,11
1581694983,1,3,11
1581694984,0,-1,11
1581694985,1,1,11
1581694986,1,1,11
1581694987,1,3,11
1581694988,0,-1,11
1581694989,1,3,11
1581694990,1,3,11
1581694991,1,3,11
1581694992,0,-1,11
1581694993,0,-1,11
1581694994,1,3,11
1581694995,1,3,11
1581694996,1,3,11
1581694997,1,3,11
1581694998,0,-1,11
1581694999,1,3,11
1581695000,1,3,11
1581695001,1,3,11
1581695002,1,3,11
1581695003,1,3,11
1581695004,1,3,11
1581695005,1,3,11
1581695006,0,-1,11
1581695007,1,3,11
1581695008,1,3,11
1581695009,1,3,11
1581695010,1,3,11
1581695011,1,3,11
1581695012,1,3,11
1581695013,1,3,11
1581695014,0,-1,11
1581695015,1,3,11
1581695016,1,3,11
1581695017,1,3,11
1581695018,0,-1,11
1581695019,1,3,11
1581695020,0,-1,11
1581695021,0,-1,11
1581695022,1,3,11
1581695023,1,3,11
1581695024,1,3,11
1581695025,1,3,11
1581695026,1,3,11
1581695027,1,3,11
1581695028,1,3,11
1581695029,0,-1,11
1581695030,1,3,11
1581695031,1,3,11
1581695032,1,3,11
1581695033,1,3,11
1581695034,0,-1,11
1581695035,1,3,11
1581695036,1,3,11
1581695037,1,3,11
1581695038,1,3,11
1581695039,1,3,11
1581695040,1,3,11
1581695041,1,3,11
1581695042,1,3,11
1581695043,1,3,11
1581695044,0,-1,11
1581695045,1,3,11
1581695046,1,3,11
1581695047,1,3,11
1581695048,0,-1,11
1581695049,1,3,11
1581695050,1,3,11
1581695051,0,-1,11
1581695052,1,3,11
1581695053,1,3,11
1581695054,1,12,11
1581695055,1,12,11
1581695056,1,12,11
1581695057,0,-1,11
1581695058,1,12,11
1581695059,1,12,11
1581695060,1,12,11
1581695061,1,12,11
1581695062,1,12,11
1581695063,1,11,11
1581695064,1,11,11
1581695065,1,11,11
1581695066,1,11,11
1581695067,0,-1,11
1581695068,1,11,11
1581695069,1,11,11
1581695070,0,-1,11
1581695071,1,11,11
1581695072,1,11,11
1581695073,1,11,11
1581695074,1,11,11
1581695075,1,11,11
1581695076,1,11,11
1581695077,1,11,11
1581695078,1,11,11
1581695079,1,11,11
1581695080,1,11,11
1581695081,1,11,11
1581695082,1,11,11
1581695083,1,11,11
1581695084,1,11,11
1581695085,0,-1,11
1581695086,1,11,11
1581695087,1,11,11
1581695088,1,11,11
1581695089,1,11,11
1581695090,1,11,11
1581695091,0,-1,11
1581695092,1,11,11
1581695093,1,11,11
1581695094,1,11,11
1581695095,1,11,11
1581695096,1,11,11
1581695097,1,11,11
1581695098,0,-1,11
1581695099,1,11,11
1581695100,1,11,11
1581695101,1,11,11
1581695102,1,11,11
1581695103,1,11,11
1581695104,1,11,11
1581695105,1,11,11
1581695106,1,11,11
1581695107,1,11,11
1581695108,1,11,11
1581695109,0,-1,11
1581695110,1,11,11
1581695111,0,-1,11
1581695112,1,11,11
1581695113,1,11,11
1581695114,1,11,11
1581695115,1,11,11
1581695116,1,11,11
1581695117,1,11,11
1581695118,1,11,11
1581695119,1,11,11
1581695120,1,11,11
1581695121,1,11,11
1581695122,1,11,11
1581695123,1,11,11
1581695124,1,11,11
1581695125,0,-1,11
1581695126,1,11,11
1581695127,1,11,11
1581695128,1,11,11
1581695129,1,11,11
1581695130,1,11,11
1581695131,0,-1,11
1581695132,1,11,11
1581695133,1,11,11
1581695134,1,12,11
1581695135,1,12,11
1581695136,1,12,11
1581695137,1,12,11
1581695138,1,12,11
1581695139,0,-1,11
1581695140,1,12,11
1581695141,1,12,11
1581695142,1,12,11
1581695143,1,12,11
1581695144,1,12,11
1581695145,1,12,11
1581695146,1,12,11
1581695147,1,12,11
1581695148,1,12,11
1581695149,1,12,11
1581695150,1,12,11
1581695151,0,-1,11
1581695152,1,12,11
1581695153,1,12,11
1581695154,0,-1,11
1581695155,1,12,11
1581695156,1,12,11
1581695157,1,12,11
1581695158,1,12,11
1581695159,1,12,11
1581695160,1,12,11
1581695161,1,12,11
1581695162,1,12,11
1581695163,1,12,11
1581695164,1,12,11
1581695165,1,12,11
1581695166,1,1,11
1581695167,1,1,11
1581695168,1,1,11
1581695169,0,-1,11
1581695170,1,1,11
1581695171,1,1,11
1581695172,1,1,11
1581695173,1,1,11
1581695174,1,1,11
1581695175,1,1,11
1581695176,1,1,11
1581695177,0,-1,11
1581695178,1,1,11
1581695179,1,1,11
1581695180,1,1,11
1581695181,1,1,11
1581695182,1,1,11
1581695183,1,1,11
1581695184,0,-1,11
1581695185,1,1,11
1581695186,1,1,11
1581695187,1,1,11
1581695188,1,1,11
1581695189,1,1,11
1581695190,1,1,11
1581695191,1,1,11
1581695192,0,-1,11
1581695193,1,1,11
1581695194,1,11,11
1581695195,1,11,11
1581695196,1,1,11
1581695197,1,1,11
1581695198,1,1,11
1581695199,0,-1,11
1581695200,1,1,11
1581695201,0,-1,11
1581695202,1,1,11
1581695203,1,1,11
1581695204,1,1,11
1581695205,1,1,11
1581695206,1,1,11
1581695207,1,1,11
1581695208,1,1,11
1581695209,1,1,11
1581695210,1,1,11
1581695211,1,1,11
1581695212,1,1,11
1581695213,1,1,11
1581695214,1,1,11
1581695215,0,-1,11
1581695216,1,1,11
1581695217,1,1,11
1581695218,1,1,11
1581695219,1,1,11
1581695220,1,1,11
1581695221,1,1,11
1581695222,1,1,11
1581695223,0,-1,11
1581695224,1,1,11
1581695225,1,1,11
1581695226,1,1,11
1581695227,1,1,11
1581695228,0,-1,11
1581695229,1,13,11
1581695230,1,13,11
1581695231,1,13,11
1581695232,1,13,11
1581695233,1,13,11
1581695234,1,13,11
1581695235,1,13,11
1581695236,1,13,11
1581695237,0,-1,11
1581695238,1,13,11
1581695239,1,13,11
1581695240,1,13,11
1581695241,1,13,11
1581695242,0,-1,11
1581695243,1,2,11
1581695244,1,1,11
1581695245,0,-1,11
1581695246,1,1,11
1581695247,1,2,11
1581695248,1,2,11
1581695249,1,2,11
1581695250,1,2,11
1581695251,1,2,11
1581695252,1,2,11
1581695253,0,-1,11
1581695254,1,2,11
1581695255,1,2,11
1581695256,0,-1,11
1581695257,1,2,11
1581695258,1,2,11
1581695259,1,2,11
1581695260,0,-1,11
1581695261,1,2,11
1581695262,1,2,11
1581695263,1,2,11
1581695264,1,2,11
1581695265,1,2,11
1581695266,1,2,11
1581695267,1,2,11
1581695268,0,-1,11
1581695269,1,2,11
1581695270,0,-1,11
1581695271,1,2,11
1581695272,1,2,11
1581695273,1,2,11
1581695274,1,2,11
1581695275,1,2,11
1581695276,0,-1,11
1581695277,1,2,11
1581695278,1,2,11
1581695279,1,2,11
1581695280,1,2,11
1581695281,1,2,11
1581695282,1,2,11
1581695283,0,-1,11
1581695284,0,-1,11
1581695285,1,2,11
1581695286,1,13,11
1581695287,1,13,11
1581695288,1,13,11
1581695289,1,13,11
1581695290,0,-1,11
1581695291,1,13,11
1581695292,1,13,11
1581695293,1,13,11
1581695294,1,13,11
1581695295,1,13,11
1581695296,0,-1,11
1581695297,1,13,11
1581695298,0,-1,11
1581695299,1,13,11
1581695300,1,13,11
1581695301,1,13,11
1581695302,1,13,11
1581695303,1,13,11
1581695304,0,-1,11
1581695305,1,13,11
1581695306,1,13,11
1581695307,1,13,11
1581695308,1,13,11
1581695309,1,13,11
1581695310,1,13,11
1581695311,0,-1,11
1581695312,0,-1,11
1581695313,1,13,11
1581695314,1,13,11
1581695315,1,13,11
1581695316,1,13,11
1581695317,1,13,11
1581695318,0,-1,11
1581695319,1,13,11
1581695320,1,13,11
1581695321,1,13,11
1581695322,1,13,11
1581695323,1,13,11
1581695324,1,13,11
1581695325,0,-1,11
1581695326,0,-1,11
1581695327,1,13,11
1581695328,1,13,11
1581695329,1,13,11
1581695330,1,13,11
1581695331,1,13,11
1581695332,0,-1,11
1581695333,1,13,11
1581695334,1,13,11
1581695335,1,2,11
1581695336,1,2,11
1581695337,1,2,11
1581695338,0,-1,11
1581695339,1,2,11
1581695340,0,-1,11
1581695341,1,2,11
1581695342,1,2,11
1581695343,1,2,11
1581695344,0,-1,11
1581695345,1,2,11
1581695346,1,2,11
1581695347,1,2,11
1581695348,1,2,11
1581695349,1,2,11
1581695350,1,2,11
1581695351,0,-1,11
1581695352,1,2,11
1581695353,1,2,11
1581695354,1,2,11
1581695355,1,2,11
1581695356,1,2,11
1581695357,1,2,11
1581695358,0,-1,11
1581695359,1,2,11
1581695360,1,2,11
1581695361,1,2,11
1581695362,1,2,11
1581695363,1,2,11
1581695364,0,-1,11
1581695365,1,2,11
1581695366,1,2,11
1581695367,1,2,11
1581695368,1,2,11
1581695369,1,2,11
1581695370,1,2,11
1581695371,0,-1,11
1581695372,1,2,11
1581695373,1,2,11
1581695374,1,2,11
1581695375,1,2,11
1581695376,1,2,11
1581695377,1,2,11
1581695378,0,-1,11
1581695379,1,2,11
1581695380,1,2,11
1581695381,1,2,11
1581695382,1,2,11
1581695383,1,2,11
1581695384,0,-1,11
1581695385,1,2,11
1581695386,1,2,11
1581695387,1,2,11
1581695388,1,2,11
1581695389,1,2,11
1581695390,0,-1,11
1581695391,1,2,11
1581695392,1,2,11
1581695393,1,2,11
1581695394,1,13,11
1581695395,0,-1,11
1581695396,1,13,11
1581695397,1,13,11
1581695398,1,13,11
1581695399,1,13,11
1581695400,1,13,11
1581695401,1,13,11
1581695402,1,13,11
1581695403,1,13,11
1581695404,1,13,11
1581695405,0,-1,11
1581695406,1,13,11
1581695407,1,13,11
1581695408,1,13,11
1581695409,0,-1,11
1581695410,1,13,11
1581695411,1,13,11
1581695412,0,-1,11
1581695413,1,13,11
1581695414,1,13,11
1581695415,1,13,11
1581695416,1,13,11
1581695417,1,13,11
1581695418,1,13,11
1581695419,0,-1,11
1581695420,1,13,11
1581695421,1,13,11
1581695422,1,13,11
1581695423,0,-1,11
1581695424,1,13,11
1581695425,1,13,11
1581695426,0,-1,11
1581695427,1,13,11
1581695428,1,13,11
1581695429,1,13,11
1581695430,1,13,11
1581695431,1,13,11
1581695432,0,-1,11
1581695433,1,13,11
1581695434,1,13,11
1581695435,1,13,11
1581695436,1,13,11
1581695437,1,13,11
1581695438,0,-1,11
1581695439,1,13,11
1581695440,1,13,11
1581695441,1,13,11
1581695442,1,13,11
1581695443,1,13,11
1581695444,0,-1,11
1581695445,1,13,11
1581695446,1,13,11
1581695447,1,13,11
1581695448,1,13,11
1581695449,1,13,11
1581695450,1,13,11
1581695451,1,13,11
1581695452,0,-1,11
1581695453,1,13,11
1581695454,1,13,11
1581695455,1,13,11
1581695456,1,13,11
1581695457,1,13,11
1581695458,1,13,11
1581695459,0,-1,11
1581695460,1,13,11
1581695461,1,13,11
1581695462,1,13,11
1581695463,1,13,11
1581695464,1,13,11
1581695465,1,13,11
1581695466,1,13,11
1581695467,1,13,11
1581695468,1,13,11
1581695469,1,13,11
1581695470,1,13,11
1581695471,1,13,11
1581695472,1,13,11
1581695473,0,-1,11
1581695474,1,13,11
1581695475,1,13,11
1581695476,1,13,11
1581695477,1,13,11
1581695478,1,13,11
1581695479,1,13,11
1581695480,1,13,11
1581695481,1,11,11
1581695482,1,11,11
1581695483,1,11,11
1581695484,1,11,11
1581695485,0,-1,11
1581695486,1,11,11
1581695487,1,11,11
1581695488,1,11,11
1581695489,1,11,11
1581695490,1,11,11
1581695491,1,11,11
1581695492,0,-1,11
1581695493,1,11,11
1581695494,1,11,11
1581695495,1,11,11
1581695496,1,11,11
1581695497,1,11,11
1581695498,1,11,11
1581695499,0,-1,11
1581695500,1,11,11
1581695501,1,11,11
1581695502,1,11,11
1581695503,1,11,11
1581695504,1,11,11
1581695505,1,11,11
1581695506,0,-1,11
1581695507,1,12,11
1581695508,1,12,11
1581695509,1,12,11
1581695510,1,12,11
1581695511,1,12,11
1581695512,1,12,11
1581695513,0,-1,11
1581695514,1,12,11
1581695515,1,12,11
1581695516,1,12,11
1581695517,1,12,11
1581695518,1,12,11
1581695519,1,12,11
1581695520,0,-1,11
1581695521,1,12,11
1581695522,1,12,11
1581695523,1,12,11
1581695524,1,12,11
1581695525,1,12,11
1581695526,1,12,11
1581695527,1,12,11
1581695528,0,-1,11
1581695529,1,13,11
1581695530,1,13,11
1581695531,1,13,11
1581695532,1,13,11
1581695533,1,13,11
1581695534,1,13,11
1581695535,0,-1,11
1581695536,1,13,11
1581695537,1,13,11
1581695538,1,13,11
1581695539,1,13,11
1581695540,1,13,11
1581695541,1,13,11
1581695542,1,13,11
1581695543,0,-1,11
1581695544,1,13,11
1581695545,1,13,11
1581695546,1,13,11
1581695547,1,13,11
1581695548,1,13,11
1581695549,1,13,11
1581695550,1,13,11
1581695551,1,13,11
1581695552,1,13,11
1581695553,1,13,11
1581695554,1,13,11
1581695555,1,13,11
1581695556,1,13,11
1581695557,0,-1,11
1581695558,1,13,11
1581695559,1,13,11
1581695560,1,13,11
1581695561,1,13,11
1581695562,1,13,11
1581695563,1,13,11
1581695564,0,-1,11
1581695565,1,13,11
1581695566,1,13,11
1581695567,1,13,11
1581695568,1,13,11
1581695569,1,13,11
1581695570,1,13,11
1581695571,1,11,11
1581695572,0,-1,11
1581695573,1,11,11
1581695574,1,13,11
1581695575,1,13,11
1581695576,1,13,11
1581695577,1,13,11
1581695578,0,-1,11
1581695579,1,13,11
1581695580,1,13,11
1581695581,1,13,11
1581695582,1,13,11
1581695583,1,13,11
1581695584,0,-1,11
1581695585,1,13,11
1581695586,1,11,11
1581695587,1,11,11
1581695588,1,11,11
1581695589,0,-1,11
1581695590,1,11,11
1581695591,1,11,11
1581695592,1,11,11
1581695593,1,11,11
1581695594,1,11,11
1581695595,1,11,11
1581695596,1,11,11
1581695597,0,-1,11
1581695598,1,11,11
1581695599,1,11,11
1581695600,1,11,11
1581695601,1,11,11
1581695602,1,11,11
1581695603,0,-1,11
1581695604,0,-1,11
1581695605,1,11,11
1581695606,1,11,11
1581695607,1,11,11
1581695608,1,11,11
1581695609,1,11,11
1581695610,1,11,11
1581695611,0,-1,11
1581695612,1,11,11
1581695613,1,11,11
1581695614,1,11,11
1581695615,1,11,11
1581695616,1,13,11
1581695617,0,-1,11
1581695618,1,13,11
1581695619,1,13,11
1581695620,0,-1,11
1581695621,1,11,11
1581695622,1,11,11
1581695623,1,11,11
1581695624,1,11,11
1581695625,1,13,11
1581695626,0,-1,11
1581695627,1,13,11
1581695628,1,11,11
1581695629,1,11,11
1581695630,1,11,11
1581695631,0,-1,11
1581695632,1,11,11
1581695633,1,11,11
1581695634,1,11,11
1581695635,1,11,11
1581695636,1,11,11
1581695637,1,11,11
1581695638,1,11,11
1581695639,0,-1,11
1581695640,1,11,11
1581695641,1,11,11
1581695642,1,11,11
1581695643,1,11,11
1581695644,1,11,11
1581695645,0,-1,11
1581695646,1,11,11
1581695647,1,11,11
1581695648,1,11,11
1581695649,1,11,11
1581695650,1,11,11
1581695651,1,11,11
1581695652,1,11,11
1581695653,1,11,11
1581695654,1,11,11
1581695655,1,11,11
1581695656,0,-1,11
1581695657,1,11,11
1581695658,1,11,11
1581695659,0,-1,11
1581695660,1,11,11
1581695661,1,11,11
1581695662,1,11,11
1581695663,0,-1,11
1581695664,1,11,11
1581695665,1,11,11
1581695666,1,11,11
1581695667,1,11,11
1581695668,1,11,11
1581695669,1,11,11
1581695670,1,11,11
1581695671,1,11,11
1581695672,1,11,11
1581695673,0,-1,11
1581695674,1,11,11
1581695675,1,11,11
1581695676,1,11,11
1581695677,1,11,11
1581695678,1,11,11
1581695679,1,11,11
1581695680,1,11,11
1581695681,0,-1,11
1581695682,1,11,11
1581695683,1,11,11
1581695684,1,11,11
1581695685,1,11,11
1581695686,1,11,11
1581695687,1,11,11
1581695688,0,-1,11
1581695689,1,11,11
1581695690,1,13,11
1581695691,1,13,11
1581695692,1,13,11
1581695693,1,13,11
1581695694,0,-1,11
1581695695,1,13,11
1581695696,1,13,11
1581695697,1,13,11
1581695698,1,13,11
1581695699,1,13,11
1581695700,1,13,11
1581695701,0,-1,11
1581695702,1,13,11
1581695703,1,13,11
1581695704,1,13,11
1581695705,1,13,11
1581695706,1,13,11
1581695707,1,13,11
1581695708,1,13,11
1581695709,0,-1,11
1581695710,1,13,11
1581695711,1,13,11
1581695712,1,13,11
1581695713,1,13,11
1581695714,1,13,11
1581695715,1,13,11
1581695716,1,13,11
1581695717,1,13,11
1581695718,1,11,11
1581695719,1,11,11
1581695720,1,13,11
1581695721,1,13,11
1581695722,1,13,11
1581695723,1,13,11
1581695724,1,13,11
1581695725,1,11,11
1581695726,1,11,11
1581695727,1,11,11
1581695728,1,11,11
1581695729,1,13,11
1581695730,1,13,11
1581695731,1,13,11
1581695732,1,11,11
1581695733,0,-1,11
1581695734,1,13,11
1581695735,1,13,11
1581695736,0,-1,11
1581695737,1,13,11
1581695738,1,13,11
1581695739,1,13,11
1581695740,1,13,11
1581695741,1,13,11
1581695742,0,-1,11
1581695743,1,13,11
1581695744,1,13,11
1581695745,1,13,11
1581695746,1,2,11
1581695747,1,2,11
1581695748,1,2,11
1581695749,1,2,11
1581695750,0,-1,11
1581695751,1,2,11
1581695752,1,2,11
1581695753,1,2,11
1581695754,1,2,11
1581695755,1,2,11
1581695756,1,2,11
1581695757,1,2,11
1581695758,1,2,11
1581695759,1,2,11
1581695760,1,2,11
1581695761,1,2,11
1581695762,1,2,11
1581695763,0,-1,11
1581695764,1,2,11
1581695765,1,2,11
1581695766,1,2,11
1581695767,1,2,11
1581695768,1,2,11
1581695769,0,-1,11
1581695770,0,-1,11
1581695771,1,2,11
1581695772,1,2,11
1581695773,1,2,11
1581695774,1,2,11
1581695775,1,2,11
1581695776,0,-1,11
1581695777,1,2,11
1581695778,1,2,11
1581695779,1,2,11
1581695780,1,2,11
1581695781,1,2,11
1581695782,0,-1,11
1581695783,1,2,11
1581695784,0,-1,11
1581695785,1,2,11
1581695786,1,2,11
1581695787,1,2,11
1581695788,1,2,11
1581695789,0,-1,11
1581695790,1,2,11
1581695791,1,2,11
1581695792,1,2,11
1581695793,1,2,11
1581695794,1,2,11
1581695795,0,-1,11
1581695796,1,2,11
1581695797,1,2,11
1581695798,0,-1,11
1581695799,1,2,11
1581695800,1,2,11
1581695801,1,2,11
1581695802,0,-1,11
1581695803,1,2,11
1581695804,1,2,11
1581695805,1,2,11
1581695806,1,2,11
1581695807,1,2,11
1581695808,0,-1,11
1581695809,1,2,11
1581695810,1,2,11
1581695811,1,2,11
1581695812,1,2,11
1581695813,1,2,11
1581695814,1,2,11
1581695815,0,-1,11
1581695816,1,2,11
1581695817,1,2,11
1581695818,1,2,11
1581695819,1,2,11
1581695820,1,2,11
1581695821,0,-1,11
1581695822,1,2,11
1581695823,1,2,11
1581695824,1,2,11
1581695825,1,2,11
1581695826,1,2,11
1581695827,1,2,11
1581695828,1,2,11
1581695829,1,2,11
1581695830,1,2,11
1581695831,1,2,11
1581695832,1,2,11
1581695833,1,2,11
1581695834,1,2,11
1581695835,0,-1,11
1581695836,1,2,11
1581695837,1,2,11
1581695838,1,2,11
1581695839,1,2,11
1581695840,1,2,11
1581695841,1,2,11
1581695842,1,2,11
1581695843,0,-1,11
1581695844,1,2,11
1581695845,1,2,11
1581695846,1,2,11
1581695847,1,2,11
1581695848,1,2,11
1581695849,0,-1,11
1581695850,1,2,11
1581695851,1,2,11
1581695852,1,2,11
1581695853,1,2,11
1581695854,1,2,11
1581695855,1,2,11
1581695856,1,2,11
1581695857,1,2,11
1581695858,1,2,11
1581695859,1,2,11
1581695860,1,2,11
1581695861,1,2,11
1581695862,0,-1,11
1581695863,1,2,11
1581695864,1,2,11
1581695865,1,2,11
1581695866,1,2,11
1581695867,0,-1,11
1581695868,1,2,11
1581695869,1,2,11
1581695870,1,2,11
1581695871,1,2,11
1581695872,1,2,11
1581695873,1,2,11
1581695874,1,2,11
1581695875,0,-1,11
1581695876,1,2,11
1581695877,1,2,11
1581695878,1,2,11
1581695879,1,2,11
1581695880,1,2,11
1581695881,0,-1,11
1581695882,1,2,11
1581695883,1,13,11
1581695884,1,13,11
1581695885,1,11,11
1581695886,1,11,11
1581695887,1,11,11
1581695888,0,-1,11
1581695889,1,11,11
1581695890,1,13,11
1581695891,1,13,11
1581695892,1,13,11
1581695893,1,13,11
1581695894,1,13,11
1581695895,0,-1,11
1581695896,1,13,11
1581695897,1,13,11
1581695898,1,13,11
1581695899,1,13,11
1581695900,1,13,11
1581695901,1,13,11
1581695902,0,-1,11
1581695903,1,13,11
1581695904,1,13,11
1581695905,1,13,11
1581695906,1,13,11
1581695907,1,13,11
1581695908,0,-1,11
1581695909,0,-1,11
1581695910,1,13,11
1581695911,1,13,11
1581695912,1,13,11
1581695913,1,13,11
1581695914,1,13,11
1581695915,0,-1,11
1581695916,1,13,11
1581695917,1,13,11
1581695918,1,13,11
1581695919,1,13,11
1581695920,1,13,11
1581695921,0,-1,11
1581695922,1,13,11
1581695923,0,-1,11
1581695924,1,13,11
1581695925,1,13,11
1581695926,1,13,11
1581695927,1,13,11
1581695928,0,-1,11
1581695929,1,13,11
1581695930,1,13,11
1581695931,1,13,11
1581695932,1,11,11
1581695933,1,11,11
1581695934,0,-1,11
1581695935,1,11,11
1581695936,1,11,11
1581695937,1,11,11
1581695938,1,11,11
1581695939,1,11,11
1581695940,0,-1,11
1581695941,1,11,11
1581695942,1,11,11
1581695943,1,11,11
1581695944,1,11,11
1581695945,1,11,11
1581695946,1,11,11
1581695947,0,-1,11
1581695948,1,11,11
1581695949,1,11,11
1581695950,1,11,11
1581695951,1,11,11
1581695952,1,11,11
1581695953,1,11,11
1581695954,0,-1,11
1581695955,1,11,11
1581695956,1,11,11
1581695957,1,11,11
1581695958,1,11,11
1581695959,1,11,11
1581695960,0,-1,11
1581695961,1,11,11
1581695962,1,11,11
1581695963,1,11,11
1581695964,1,11,11
1581695965,1,11,11
1581695966,1,11,11
1581695967,1,11,11
1581695968,1,11,11
1581695969,1,11,11
1581695970,1,11,11
1581695971,1,11,11
1581695972,0,-1,11
1581695973,1,13,11
1581695974,1,13,11
1581695975,1,13,11
1581695976,1,13,11
1581695977,1,13,11
1581695978,0,-1,11
1581695979,1,13,11
1581695980,1,13,11
1581695981,1,13,11
1581695982,1,11,11
1581695983,1,11,11
1581695984,1,11,11
1581695985,1,11,11
1581695986,0,-1,11
1581695987,1,11,11
1581695988,1,11,11
1581695989,1,11,11
1581695990,1,11,11
1581695991,1,13,11
1581695992,1,13,11
1581695993,1,13,11
1581695994,1,13,11
1581695995,1,13,11
1581695996,1,13,11
1581695997,1,13,11
1581695998,0,-1,11
1581695999,1,13,11
1581696000,1,13,11
1581696001,1,13,11
1581696002,1,13,11
1581696003,1,13,11
1581696004,0,-1,11
1581696005,1,13,11
1581696006,0,-1,11
1581696007,1,13,11
1581696008,1,13,11
1581696009,1,13,11
1581696010,1,13,11
1581696011,0,-1,11
1581696012,1,13,11
1581696013,1,13,11
1581696014,1,13,11
1581696015,1,13,11
1581696016,1,13,11
1581696017,0,-1,11
1581696018,1,13,11
1581696019,1,13,11
1581696020,0,-1,11
1581696021,1,13,11
1581696022,1,13,11
1581696023,1,13,11
1581696024,0,-1,11
1581696025,1,13,11
1581696026,1,13,11
1581696027,1,13,11
1581696028,1,13,11
1581696029,1,13,11
1581696030,0,-1,11
1581696031,1,13,11
1581696032,1,13,11
1581696033,1,13,11
1581696034,1,13,11
1581696035,1,13,11
1581696036,1,13,11
1581696037,0,-1,11
1581696038,1,13,11
1581696039,1,13,11
1581696040,1,13,11
1581696041,1,13,11
1581696042,1,13,11
1581696043,0,-1,11
1581696044,1,13,11
1581696045,1,13,11
1581696046,1,13,11
1581696047,1,13,11
1581696048,1,13,11
1581696049,0,-1,11
1581696050,1,13,11
1581696051,1,12,11
1581696052,1,12,11
1581696053,1,12,11
1581696054,1,12,11
1581696055,0,-1,11
1581696056,1,13,11
1581696057,1,13,11
1581696058,1,13,11
1581696059,1,13,11
1581696060,1,13,11
1581696061,0,-1,11
1581696062,0,-1,11
1581696063,1,13,11
1581696064,1,13,11
1581696065,1,13,11
1581696066,1,13,11
1581696067,1,13,11
1581696068,0,-1,11
1581696069,1,13,11
1581696070,1,13,11
1581696071,1,13,11
1581696072,1,13,11
1581696073,1,13,11
1581696074,0,-1,11
1581696075,1,13,11
1581696076,0,-1,11
1581696077,1,13,11
1581696078,1,13,11
1581696079,1,13,11
1581696080,0,-1,11
1581696081,1,13,11
1581696082,1,13,11
1581696083,1,13,11
1581696084,1,13,11
1581696085,1,13,11
1581696086,0,-1,11
1581696087,1,13,11
1581696088,1,13,11
1581696089,0,-1,11
1581696090,1,13,11
1581696091,1,13,11
1581696092,1,13,11
1581696093,0,-1,11
1581696094,1,13,11
1581696095,1,13,11
1581696096,1,13,11
1581696097,1,13,11
1581696098,1,13,11
1581696099,0,-1,11
1581696100,1,13,11
1581696101,1,13,11
1581696102,1,13,11
1581696103,0,-1,11
1581696104,1,13,11
1581696105,1,13,11
1581696106,1,13,11
1581696107,1,13,11
1581696108,1,13,11
1581696109,1,13,11
1581696110,1,13,11
1581696111,0,-1,11
1581696112,1,13,11
1581696113,1,13,11
1581696114,1,13,11
1581696115,1,13,11
1581696116,1,13,11
1581696117,1,12,11
1581696118,0,-1,11
1581696119,1,12,11
1581696120,1,13,11
1581696121,1,13,11
1581696122,1,13,11
1581696123,1,13,11
1581696124,0,-1,11
1581696125,1,13,11
1581696126,1,13,11
1581696127,1,13,11
1581696128,1,13,11
1581696129,1,13,11
1581696130,0,-1,11
1581696131,0,-1,11
1581696132,1,13,11
1581696133,1,13,11
1581696134,1,13,11
1581696135,1,13,11
1581696136,1,13,11
1581696137,0,-1,11
1581696138,1,13,11
1581696139,1,13,11
1581696140,1,13,11
1581696141,1,13,11
1581696142,1,13,11
1581696143,0,-1,11
1581696144,1,13,11
1581696145,1,13,11
1581696146,1,13,11
1581696147,1,13,11
1581696148,1,13,11
1581696149,0,-1,11
1581696150,1,13,11
1581696151,1,13,11
1581696152,1,13,11
1581696153,1,13,11
1581696154,1,3,11
1581696155,1,3,11
1581696156,0,-1,11
1581696157,1,3,11
1581696158,1,3,11
1581696159,0,-1,11
1581696160,1,3,11
1581696161,1,3,11
1581696162,1,3,11
1581696163,1,3,11
1581696164,0,-1,11
1581696165,1,3,11
1581696166,1,3,11
1581696167,1,3,11
1581696168,1,3,11
1581696169,1,3,11
1581696170,1,3,11
1581696171,1,3,11
1581696172,0,-1,11
1581696173,0,-1,11
1581696174,1,3,11
1581696175,1,3,11
1581696176,1,3,11
1581696177,1,3,11
1581696178,1,3,11
1581696179,0,-1,11
1581696180,1,3,11
1581696181,1,3,11
1581696182,1,3,11
1581696183,1,3,11
1581696184,1,1,11
1581696185,1,1,11
1581696186,1,1,11
1581696187,0,-1,11
1581696188,1,1,11
1581696189,1,2,11
1581696190,1,3,11
1581696191,1,3,11
1581696192,1,3,11
1581696193,1,3,11
1581696194,0,-1,11
1581696195,1,3,11
1581696196,1,3,11
1581696197,1,3,11
1581696198,1,3,11
1581696199,1,3,11
1581696200,1,3,11
1581696201,1,3,11
1581696202,0,-1,11
1581696203,1,3,11
1581696204,1,3,11
1581696205,1,3,11
1581696206,1,3,11
1581696207,1,3,11
1581696208,1,3,11
1581696209,0,-1,11
1581696210,1,3,11
1581696211,1,3,11
1581696212,1,3,11
1581696213,1,3,11
1581696214,1,3,11
1581696215,1,3,11
1581696216,1,3,11
1581696217,1,3,11
1581696218,1,3,11
1581696219,1,3,11
1581696220,1,3,11
1581696221,1,3,11
1581696222,1,3,11
1581696223,0,-1,11
1581696224,1,3,11
1581696225,1,3,11
1581696226,1,3,11
1581696227,1,3,11
1581696228,1,3,11
1581696229,1,3,11
1581696230,0,-1,11
1581696231,1,3,11
1581696232,1,3,11
1581696233,1,3,11
1581696234,1,3,11
1581696235,1,3,11
1581696236,1,3,11
1581696237,0,-1,11
1581696238,1,3,11
1581696239,1,3,11
1581696240,1,3,11
1581696241,1,3,11
1581696242,1,3,11
1581696243,1,3,11
1581696244,1,3,11
1581696245,1,3,11
1581696246,1,3,11
1581696247,1,3,11
1581696248,1,3,11
1581696249,1,3,11
1581696250,1,3,11
1581696251,1,3,11
1581696252,0,-1,11
1581696253,1,3,11
1581696254,1,3,11
1581696255,1,3,11
1581696256,1,3,11
1581696257,1,3,11
1581696258,1,3,11
1581696259,1,3,11
1581696260,0,-1,11
1581696261,1,3,11
1581696262,1,3,11
1581696263,1,3,11
1581696264,1,3,11
1581696265,1,3,11
1581696266,1,3,11
1581696267,0,-1,11
1581696268,1,3,11
1581696269,1,3,11
1581696270,1,3,11
1581696271,1,3,11
1581696272,1,3,11
1581696273,1,3,11
1581696274,0,-1,11
1581696275,1,3,11
1581696276,1,3,11
1581696277,1,3,11
1581696278,1,3,11
1581696279,1,3,11
1581696280,1,3,11
1581696281,0,-1,11
1581696282,1,3,11
1581696283,1,3,11
1581696284,0,-1,11
1581696285,1,3,11
1581696286,1,3,11
1581696287,1,3,11
1581696288,0,-1,11
1581696289,1,3,11
1581696290,1,3,11
1581696291,1,3,11
1581696292,1,3,11
1581696293,1,3,11
1581696294,1,3,11
1581696295,0,-1,11
1581696296,1,3,11
1581696297,1,3,11
1581696298,0,-1,11
1581696299,1,3,11
1581696300,1,3,11
1581696301,1,3,11
1581696302,1,3,11
1581696303,0,-1,11
1581696304,1,3,11
1581696305,1,3,11
1581696306,1,3,11
1581696307,1,3,11
1581696308,1,3,11
1581696309,1,3,11
1581696310,0,-1,11
1581696311,1,3,11
1581696312,0,-1,11
1581696313,1,3,11
1581696314,1,3,11
1581696315,1,3,11
1581696316,1,3,11
1581696317,0,-1,11
1581696318,1,3,11
1581696319,1,3,11
1581696320,1,3,11
1581696321,1,3,11
1581696322,1,3,11
1581696323,1,3,11
1581696324,0,-1,11
1581696325,1,3,11
1581696326,0,-1,11
1581696327,1,3,11
1581696328,1,3,11
1581696329,1,3,11
1581696330,1,3,11
1581696331,1,3,11
1581696332,0,-1,11
1581696333,1,3,11
1581696334,1,3,11
1581696335,1,3,11
1581696336,1,3,11
1581696337,1,3,11
1581696338,1,3,11
1581696339,0,-1,11
1581696340,0,-1,11
1581696341,1,3,11
1581696342,1,3,11
1581696343,1,3,11
1581696344,1,3,11
1581696345,1,3,11
1581696346,0,-1,11
1581696347,1,3,11
1581696348,1,3,11
1581696349,1,3,11
1581696350,0,-1,11
1581696351,1,3,11
1581696352,1,3,11
1581696353,0,-1,11
1581696354,0,-1,11
1581696355,1,3,11
1581696356,1,3,11
1581696357,1,3,11
1581696358,1,3,11
1581696359,1,3,11
1581696360,1,3,11
1581696361,0,-1,11
1581696362,1,3,11
1581696363,1,3,11
1581696364,1,3,11
1581696365,1,3,11
1581696366,1,3,11
1581696367,0,-1,11
1581696368,0,-1,11
1581696369,1,3,11
1581696370,1,3,11
1581696371,1,3,11
1581696372,1,3,11
1581696373,1,3,11
1581696374,0,-1,11
1581696375,1,3,11
1581696376,1,3,11
1581696377,1,3,11
1581696378,1,3,11
1581696379,1,3,11
1581696380,1,3,11
1581696381,0,-1,11
1581696382,0,-1,11
1581696383,1,3,11
1581696384,1,3,11
1581696385,1,3,11
1581696386,1,3,11
1581696387,1,3,11
1581696388,0,-1,11
1581696389,1,3,11
1581696390,1,3,11
1581696391,1,3,11
1581696392,1,3,11
1581696393,1,3,11
1581696394,1,3,11
1581696395,0,-1,11
1581696396,1,3,11
1581696397,1,3,11
1581696398,1,3,11
1581696399,1,3,11
1581696400,1,3,11
1581696401,1,3,11
1581696402,1,3,11
1581696403,0,-1,11
1581696404,1,3,11
1581696405,1,3,11
1581696406,1,3,11
1581696407,1,3,11
1581696408,1,3,11
1581696409,0,-1,11
1581696410,1,3,11
1581701902,1,1,12
1581701903,0,-1,12
1581701904,0,-1,12
1581701905,1,1,12
1581701906,1,1,12
1581701907,0,1,12
1581701908,1,1,12
1581701909,1,1,12
1581701910,1,1,12
1581701911,0,-1,12
1581701912,1,1,12
1581701913,1,1,12
1581701914,1,1,12
1581701915,1,1,12
1581701916,1,1,12
1581701917,0,-1,12
1581701918,1,1,12
1581701919,1,1,12
1581701920,1,1,12
1581701921,1,1,12
1581701922,1,1,12
1581701923,1,1,12
1581701924,0,-1,12
1581701925,1,1,12
1581701926,1,1,12
1581701927,1,1,12
1581701928,1,1,12
1581701929,1,1,12
1581701930,1,1,12
1581701931,0,-1,12
1581701932,1,1,12
1581701933,1,1,12
1581701934,0,-1,12
1581701935,1,1,12
1581701936,1,1,12
1581701937,0,-1,12
1581701938,1,1,12
1581701939,1,1,12
1581701940,1,1,12
1581701941,1,1,12
1581701942,1,1,12
1581701943,1,1,12
1581701944,0,-1,12
1581701945,1,1,12
1581701946,1,1,12
1581701947,1,1,12
1581701948,0,-1,12
1581701949,1,1,12
1581701950,0,-1,12
1581701951,1,1,12
1581701952,1,1,12
1581701953,1,1,12
1581701954,1,1,12
1581701955,1,1,12
1581701956,1,1,12
1581701957,0,-1,12
1581701958,1,1,12
1581701959,1,1,12
1581701960,1,1,12
1581701961,1,1,12
1581701962,1,1,12
1581701963,1,1,12
1581701964,0,-1,12
1581701965,1,1,12
1581701966,1,1,12
1581701967,1,1,12
1581701968,1,1,12
1581701969,1,1,12
1581701970,1,1,12
1581701971,0,-1,12
1581701972,1,1,12
1581701973,1,1,12
1581701974,1,1,12
1581701975,1,1,12
1581701976,1,1,12
1581701977,1,1,12
1581701978,0,-1,12
1581701979,1,1,12
1581701980,1,1,12
1581701981,1,1,12
1581701982,1,3,12
1581701983,1,3,12
1581701984,0,-1,12
1581701985,1,3,12
1581701986,1,3,12
1581701987,1,3,12
1581701988,1,3,12
1581701989,1,3,12
1581701990,1,3,12
1581701991,0,-1,12
1581701992,1,3,12
1581701993,1,3,12
1581701994,1,3,12
1581701995,1,3,12
1581701996,1,3,12
1581701997,0,-1,12
1581701998,1,3,12
1581701999,1,3,12
1581702000,1,3,12
1581702001,1,3,12
1581702002,1,3,12
1581702003,1,3,12
1581702004,0,-1,12
1581702005,0,-1,12
1581702006,1,3,12
1581702007,1,3,12
1581702008,1,3,12
1581702009,1,3,12
1581702010,0,-1,12
1581702011,1,3,12
1581702012,1,3,12
1581702013,1,3,12
1581702014,1,3,12
1581702015,1,3,12
1581702016,1,3,12
1581702017,0,-1,12
1581702018,1,3,12
1581702019,0,-1,12
1581702020,1,3,12
1581702021,1,3,12
1581702022,1,3,12
1581702023,1,3,12
1581702024,0,-1,12
1581702025,1,3,12
1581702026,1,3,12
1581702027,1,3,12
1581702028,1,3,12
1581702029,1,3,12
1581702030,1,3,12
1581702031,0,-1,12
1581702032,1,3,12
1581702033,1,3,12
1581702034,1,3,12
1581702035,1,3,12
1581702036,1,3,12
1581702037,1,3,12
1581702038,0,-1,12
1581702039,1,3,12
1581702040,1,3,12
1581702041,1,3,12
1581702042,1,3,12
1581702043,1,3,12
1581702044,1,3,12
1581702045,0,-1,12
1581702046,0,-1,12
1581702047,1,3,12
1581702048,1,3,12
1581702049,1,3,12
1581702050,1,3,12
1581702051,0,-1,12
1581702052,1,3,12
1581702053,1,3,12
1581702054,1,3,12
1581702055,1,3,12
1581702056,1,3,12
1581702057,0,-1,12
1581702058,1,3,12
1581702059,1,3,12
1581702060,0,-1,12
1581702061,1,3,12
1581702062,1,3,12
1581702063,1,3,12
1581702064,1,3,12
1581702065,1,3,12
1581702066,1,3,12
1581702067,1,3,12
1581702068,1,3,12
1581702069,1,3,12
1581702070,0,-1,12
1581702071,1,3,12
1581702072,1,3,12
1581702073,1,3,12
1581702074,1,3,12
1581702075,1,3,12
1581702076,1,3,12
1581702077,0,-1,12
1581702078,1,3,12
1581702079,1,3,12
1581702080,1,3,12
1581702081,1,3,12
1581702082,1,3,12
1581702083,1,3,12
1581702084,0,-1,12
1581702085,1,3,12
1581702086,1,3,12
1581702087,1,3,12
1581702088,1,3,12
1581702089,1,3,12
1581702090,0,-1,12
1581702091,1,3,12
1581702092,1,3,12
1581702093,1,3,12
1581702094,1,3,12
1581702095,1,3,12
1581702096,1,3,12
1581702097,0,-1,12
1581702098,1,3,12
1581702099,1,3,12
1581702100,1,3,12
1581702101,1,3,12
1581702102,1,3,12
1581702103,0,-1,12
1581702104,0,-1,12
1581702105,1,3,12
1581702106,1,3,12
1581702107,1,3,12
1581702108,1,3,12
1581702109,1,3,12
1581702110,0,-1,12
1581702111,1,3,12
1581702112,1,3,12
1581702113,1,3,12
1581702114,1,3,12
1581702115,1,3,12
1581702116,0,-1,12
1581702117,1,3,12
1581702118,0,-1,12
1581702119,1,3,12
1581702120,1,3,12
1581702121,1,3,12
1581702122,1,3,12
1581702123,0,-1,12
1581702124,1,3,12
1581702125,1,3,12
1581702126,1,3,12
1581702127,1,3,12
1581702128,1,3,12
1581702129,1,3,12
1581702130,0,-1,12
1581702131,1,3,12
1581702132,0,-1,12
1581702133,1,3,12
1581702134,1,3,12
1581702135,1,3,12
1581702136,0,-1,12
1581702137,1,3,12
1581702138,1,3,12
1581702139,1,3,12
1581702140,1,3,12
1581702141,1,3,12
1581702142,0,-1,12
1581702143,1,3,12
1581702144,1,3,12
1581702145,1,3,12
1581702146,1,3,12
1581702147,1,3,12
1581702148,1,3,12
1581702149,0,-1,12
1581702150,1,3,12
1581702151,1,3,12
1581702152,1,3,12
1581702153,1,3,12
1581702154,1,3,12
1581702155,1,3,12
1581702156,0,-1,12
1581702157,1,3,12
1581702158,1,3,12
1581702159,1,3,12
1581702160,1,3,12
1581702161,1,3,12
1581702162,1,3,12
1581702163,0,-1,12
1581702164,1,3,12
1581702165,1,3,12
1581702166,1,3,12
1581702167,1,3,12
1581702168,1,3,12
1581702169,0,-1,12
1581702170,1,3,12
1581702171,1,3,12
1581702172,1,3,12
1581702173,1,3,12
1581702174,1,3,12
1581702175,1,3,12
1581702176,1,3,12
1581702177,1,3,12
1581702178,1,3,12
1581702179,1,3,12
1581702180,1,3,12
1581702181,1,3,12
1581702182,0,-1,12
1581702183,1,3,12
1581702184,1,3,12
1581702185,1,3,12
1581702186,1,3,12
1581702187,1,3,12
1581702188,1,3,12
1581702189,1,3,12
1581702190,1,3,12
1581702191,1,3,12
1581702192,1,3,12
1581702193,1,3,12
1581702194,1,3,12
1581702195,0,-1,12
1581702196,1,3,12
1581702197,1,3,12
1581702198,1,3,12
1581702199,1,3,12
1581702200,1,3,12
1581702201,1,3,12
1581702202,0,-1,12
1581702203,1,3,12
1581702204,1,3,12
1581702205,1,3,12
1581702206,1,3,12
1581702207,1,3,12
1581702208,1,3,12
1581702209,0,-1,12
1581702210,1,3,12
1581702211,1,3,12
1581702212,1,3,12
1581702213,1,3,12
1581702214,1,3,12
1581702215,0,-1,12
1581702216,1,3,12
1581702217,1,3,12
1581702218,1,3,12
1581702219,1,3,12
1581702220,1,3,12
1581702221,1,3,12
1581702222,0,-1,12
1581702223,1,3,12
1581702224,1,3,12
1581702225,1,3,12
1581702226,1,3,12
1581702227,1,3,12
1581702228,1,3,12
1581702229,0,-1,12
1581702230,1,3,12
1581702231,1,3,12
1581702232,1,3,12
1581702233,1,3,12
1581702234,1,3,12
1581702235,1,3,12
1581702236,0,-1,12
1581702237,1,3,12
1581702238,1,3,12
1581702239,1,3,12
1581702240,1,3,12
1581702241,1,3,12
1581702242,0,-1,12
1581702243,0,-1,12
1581702244,1,3,12
1581702245,1,3,12
1581702246,1,3,12
1581702247,1,3,12
1581702248,1,3,12
1581702249,0,-1,12
1581702250,1,3,12
1581702251,1,3,12
1581702252,1,3,12
1581702253,1,3,12
1581702254,1,3,12
1581702255,0,-1,12
1581702256,1,3,12
1581702257,0,-1,12
1581702258,1,3,12
1581702259,1,3,12
1581702260,1,1,12
1581702261,1,1,12
1581702262,0,-1,12
1581702263,1,1,12
1581702264,1,1,12
1581702265,1,1,12
1581702266,1,1,12
1581702267,1,1,12
1581702268,1,1,12
1581702269,0,-1,12
1581702270,1,1,12
1581702271,0,-1,12
1581702272,1,1,12
1581702273,1,1,12
1581702274,1,3,12
1581702275,0,-1,12
1581702276,1,3,12
1581702277,1,3,12
1581702278,1,3,12
1581702279,1,3,12
1581702280,1,3,12
1581702281,1,3,12
1581702282,0,-1,12
1581702283,1,3,12
1581702284,1,3,12
1581702285,1,3,12
1581702286,1,3,12
1581702287,1,3,12
1581702288,1,3,12
1581702289,1,3,12
1581702290,1,3,12
1581702291,1,3,12
1581702292,1,3,12
1581702293,1,3,12
1581702294,1,3,12
1581702295,0,-1,12
1581702296,1,3,12
1581702297,1,3,12
1581702298,1,3,12
1581702299,1,3,12
1581702300,1,3,12
1581702301,1,3,12
1581702302,1,3,12
1581702303,0,-1,12
1581702304,1,3,12
1581702305,1,3,12
1581702306,1,3,12
1581702307,1,3,12
1581702308,1,3,12
1581702309,1,3,12
1581702310,0,-1,12
1581702311,1,3,12
1581702312,1,3,12
1581702313,1,3,12
1581702314,1,3,12
1581702315,1,3,12
1581702316,0,-1,12
1581702317,1,1,12
1581702318,1,1,12
1581702319,1,1,12
1581702320,1,1,12
1581702321,1,1,12
1581702322,1,1,12
1581702323,0,-1,12
1581702324,1,1,12
1581702325,1,1,12
1581702326,1,1,12
1581702327,1,1,12
1581702328,1,1,12
1581702329,0,-1,12
1581702330,1,1,12
1581702331,1,1,12
1581702332,1,1,12
1581702333,1,1,12
1581702334,1,1,12
1581702335,1,1,12
1581702336,0,-1,12
1581702337,1,1,12
1581702338,1,1,12
1581702339,1,1,12
1581702340,1,1,12
1581702341,1,1,12
1581702342,1,1,12
1581702343,1,1,12
1581702344,1,1,12
1581702345,1,1,12
1581702346,1,1,12
1581702347,1,1,12
1581702348,1,1,12
1581702349,0,-1,12
1581702350,1,1,12
1581702351,1,1,12
1581702352,1,1,12
1581702353,1,1,12
1581702354,0,-1,12
1581702355,1,1,12
1581702356,1,1,12
1581702357,1,1,12
1581702358,1,1,12
1581702359,1,1,12
1581702360,1,1,12
1581702361,1,1,12
1581702362,1,1,12
1581702363,1,1,12
1581702364,1,1,12
1581702365,1,2,12
1581702366,1,2,12
1581702367,1,2,12
1581702368,0,-1,12
1581702369,0,-1,12
1581702370,1,2,12
1581702371,1,2,12
1581702372,1,3,12
1581702373,1,3,12
1581702374,1,3,12
1581702375,1,3,12
1581702376,1,3,12
1581702377,1,3,12
1581702378,1,3,12
1581702379,1,3,12
1581702380,1,3,12
1581702381,1,3,12
1581702382,0,-1,12
1581702383,1,3,12
1581702384,1,3,12
1581702385,1,3,12
1581702386,1,3,12
1581702387,1,3,12
1581702388,1,3,12
1581702389,0,-1,12
1581702390,1,3,12
1581702391,1,3,12
1581702392,1,3,12
1581702393,1,3,12
1581702394,1,3,12
1581702395,0,-1,12
1581702396,0,-1,12
1581702397,1,3,12
1581702398,1,3,12
1581702399,1,3,12
1581702400,1,3,12
1581702401,1,3,12
1581702402,1,3,12
1581702403,1,3,12
1581702404,1,3,12
1581702405,1,3,12
1581702406,1,3,12
1581702407,1,3,12
1581702408,1,3,12
1581702409,0,-1,12
1581702410,0,-1,12
1581702411,1,3,12
1581702412,1,3,12
1581702413,1,3,12
1581702414,1,3,12
1581702415,1,3,12
1581702416,1,3,12
1581702417,1,3,12
1581702418,1,3,12
1581702419,1,3,12
1581702420,1,3,12
1581702421,1,3,12
1581702422,0,-1,12
1581702423,1,3,12
1581702424,0,-1,12
1581702425,1,3,12
1581702426,1,3,12
1581702427,1,3,12
1581702428,1,3,12
1581702429,0,-1,12
1581702430,1,3,12
1581702431,1,3,12
1581702432,1,3,12
1581702433,1,3,12
1581702434,1,3,12
1581702435,0,-1,12
1581702436,1,3,12
1581702437,1,3,12
1581702438,0,-1,12
1581702439,1,3,12
1581702440,1,3,12
1581702441,1,3,12
1581702442,0,-1,12
1581702443,1,3,12
1581702444,1,3,12
1581702445,1,1,12
1581702446,1,1,12
1581702447,1,1,12
1581702448,0,-1,12
1581702449,1,1,12
1581702450,1,1,12
1581702451,1,1,12
1581702452,1,1,12
1581702453,1,1,12
1581702454,1,1,12
1581702455,0,-1,12
1581702456,1,1,12
1581702457,1,1,12
1581702458,1,1,12
1581702459,1,1,12
1581702460,1,1,12
1581702461,1,1,12
1581702462,0,-1,12
1581702463,1,1,12
1581702464,1,1,12
1581702465,1,1,12
1581702466,1,1,12
1581702467,1,1,12
1581702468,1,1,12
1581702469,0,-1,12
1581702470,1,1,12
1581702471,1,1,12
1581702472,1,1,12
1581702473,1,2,12
1581702474,1,3,12
1581702475,0,-1,12
1581702476,1,3,12
1581702477,1,3,12
1581702478,1,3,12
1581702479,1,3,12
1581702480,1,3,12
1581702481,1,3,12
1581702482,1,3,12
1581702483,1,3,12
1581702484,1,3,12
1581702485,1,3,12
1581702486,1,3,12
1581702487,1,3,12
1581702488,0,-1,12
1581702489,0,-1,12
1581702490,1,3,12
1581702491,1,3,12
1581702492,1,3,12
1581702493,0,-1,12
1581702494,1,3,12
1581702495,1,3,12
1581702496,1,3,12
1581702497,1,3,12
1581702498,1,3,12
1581702499,1,3,12
1581702500,1,3,12
1581702501,0,-1,12
1581702502,1,2,12
1581702503,1,2,12
1581702504,1,2,12
1581702505,1,2,12
1581702506,1,2,12
1581702507,1,2,12
1581702508,0,-1,12
1581702509,1,3,12
1581702510,1,3,12
1581702511,1,3,12
1581702512,1,3,12
1581702513,1,3,12
1581702514,1,3,12
1581702515,0,-1,12
1581702516,1,3,12
1581702517,1,3,12
1581702518,1,3,12
1581702519,1,3,12
1581702520,1,3,12
1581702521,0,-1,12
1581702522,1,3,12
1581702523,1,3,12
1581702524,1,3,12
1581702525,1,3,12
1581702526,1,3,12
1581702527,0,-1,12
1581702528,1,3,12
1581702529,1,3,12
1581702530,1,3,12
1581702531,1,3,12
1581702532,1,3,12
1581702533,1,3,12
1581702534,0,-1,12
1581702535,0,-1,12
1581702536,1,3,12
1581702537,1,3,12
1581702538,1,3,12
1581702539,1,3,12
1581702540,0,-1,12
1581702541,1,3,12
1581702542,1,3,12
1581702543,1,3,12
1581702544,1,3,12
1581702545,1,3,12
1581702546,0,-1,12
1581702547,1,3,12
1581702548,1,3,12
1581702549,0,-1,12
1581702550,1,3,12
1581702551,1,3,12
1581702552,1,3,12
1581702553,0,-1,12
1581702554,1,3,12
1581702555,1,3,12
1581702556,1,3,12
1581702557,1,3,12
1581702558,1,3,12
1581702559,1,3,12
1581702560,0,-1,12
1581702561,1,3,12
1581702562,1,3,12
1581702563,1,3,12
1581702564,1,3,12
1581702565,1,3,12
1581702566,0,-1,12
1581702567,1,3,12
1581702568,1,3,12
1581702569,1,3,12
1581702570,1,3,12
1581702571,1,3,12
1581702572,0,-1,12
1581702573,1,2,12
1581702574,1,2,12
1581702575,1,2,12
1581702576,1,2,12
1581702577,1,2,12
1581702578,1,2,12
1581702579,1,2,12
1581702580,0,-1,12
1581702581,1,2,12
1581702582,1,2,12
1581702583,1,2,12
1581702584,1,2,12
1581702585,1,2,12
1581702586,1,2,12
1581702587,0,-1,12
1581702588,1,2,12
1581702589,1,2,12
1581702590,0,-1,12
1581702591,1,2,12
1581702592,1,2,12
1581702593,1,2,12
1581702594,0,-1,12
1581702595,1,2,12
1581702596,1,2,12
1581702597,1,2,12
1581702598,1,2,12
1581702599,1,2,12
1581702600,1,2,12
1581702601,0,-1,12
1581702602,1,2,12
1581702603,1,2,12
1581702604,0,-1,12
1581702605,1,2,12
1581702606,1,2,12
1581702607,1,2,12
1581702608,1,2,12
1581702609,0,-1,12
1581702610,1,2,12
1581702611,1,2,12
1581702612,1,2,12
1581702613,1,2,12
1581702614,1,2,12
1581702615,0,-1,12
1581702616,1,2,12
1581702617,1,2,12
1581702618,0,-1,12
1581702619,1,2,12
1581702620,1,2,12
1581702621,0,-1,12
1581702622,1,2,12
1581702623,1,2,12
1581702624,1,2,12
1581702625,1,2,12
1581702626,1,2,12
1581702627,1,2,12
1581702628,1,2,12
1581702629,1,2,12
1581702630,0,-1,12
1581702631,1,2,12
1581702632,0,-1,12
1581702633,1,2,12
1581702634,1,2,12
1581702635,1,2,12
1581702636,1,2,12
1581702637,0,-1,12
1581702638,1,2,12
1581702639,1,2,12
1581702640,1,2,12
1581702641,1,2,12
1581702642,1,2,12
1581702643,1,2,12
1581702644,0,-1,12
1581702645,1,2,12
1581702646,0,-1,12
1581702647,1,2,12
1581702648,1,2,12
1581702649,1,2,12
1581702650,0,-1,12
1581702651,1,2,12
1581702652,1,2,12
1581702653,1,2,12
1581702654,1,2,12
1581702655,1,2,12
1581702656,1,2,12
1581702657,0,-1,12
1581702658,1,2,12
1581702659,1,2,12
1581702660,0,-1,12
1581702661,1,2,12
1581702662,1,2,12
1581702663,1,2,12
1581702664,0,-1,12
1581702665,1,2,12
1581702666,1,2,12
1581702667,1,2,12
1581702668,1,2,12
1581702669,1,2,12
1581702670,0,-1,12
1581702671,1,2,12
1581702672,1,2,12
1581702673,1,2,12
1581702674,1,2,12
1581702675,1,2,12
1581702676,1,2,12
1581702677,0,-1,12
1581702678,1,3,12
1581702679,1,3,12
1581702680,1,3,12
1581702681,0,-1,12
1581702682,1,3,12
1581702683,1,2,12
1581702684,1,2,12
1581702685,1,2,12
1581702686,1,2,12
1581702687,1,2,12
1581702688,1,2,12
1581702689,1,2,12
1581702690,1,2,12
1581702691,1,2,12
1581702692,1,2,12
1581702693,1,2,12
1581702694,1,2,12
1581702695,0,-1,12
1581702696,1,2,12
1581702697,1,2,12
1581702698,1,2,12
1581702699,1,2,12
1581702700,1,2,12
1581702701,1,2,12
1581702702,0,-1,12
1581702703,1,2,12
1581702704,1,2,12
1581702705,1,2,12
1581702706,1,2,12
1581702707,1,2,12
1581702708,1,2,12
1581702709,0,-1,12
1581702710,1,2,12
1581702711,1,2,12
1581702712,1,2,12
1581702713,1,2,12
1581702714,1,2,12
1581702715,1,2,12
1581702716,0,-1,12
1581702717,1,2,12
1581702718,1,2,12
1581702719,1,2,12
1581702720,1,2,12
1581702721,1,2,12
1581702722,1,2,12
1581702723,0,-1,12
1581702724,1,2,12
1581702725,1,2,12
1581702726,1,2,12
1581702727,1,2,12
1581702728,1,2,12
1581702729,1,2,12
1581702730,0,-1,12
1581702731,1,2,12
1581702732,1,2,12
1581702733,1,2,12
1581702734,1,2,12
1581702735,1,2,12
1581702736,0,-1,12
1581702737,1,2,12
1581702738,1,2,12
1581702739,1,2,12
1581702740,1,2,12
1581702741,1,2,12
1581702742,1,2,12
1581702743,1,2,12
1581702744,0,-1,12
1581702745,1,2,12
1581702746,1,2,12
1581702747,1,3,12
1581702748,1,13,12
1581702749,1,13,12
1581702750,1,13,12
1581702751,0,-1,12
1581702752,1,13,12
1581702753,1,13,12
1581702754,1,13,12
1581702755,1,13,12
1581702756,1,13,12
1581702757,1,13,12
1581702758,0,-1,12
1581702759,1,13,12
1581702760,1,13,12
1581702761,1,13,12
1581702762,1,13,12
1581702763,1,13,12
1581702764,1,13,12
1581702765,0,-1,12
1581702766,1,13,12
1581702767,1,13,12
1581702768,1,13,12
1581702769,1,13,12
1581702770,1,13,12
1581702771,1,13,12
1581702772,1,13,12
1581702773,1,13,12
1581702774,1,13,12
1581702775,1,13,12
1581702776,1,13,12
1581702777,1,13,12
1581702778,1,13,12
1581702779,1,13,12
1581702780,0,-1,12
1581702781,1,13,12
1581702782,1,13,12
1581702783,1,13,12
1581702784,1,13,12
1581702785,1,13,12
1581702786,1,13,12
1581702787,1,13,12
1581702788,1,13,12
1581702789,1,13,12
1581702790,1,13,12
1581702791,1,13,12
1581702792,1,13,12
1581702793,0,-1,12
1581702794,1,13,12
1581702795,1,13,12
1581702796,1,13,12
1581702797,1,13,12
1581702798,1,13,12
1581702799,1,13,12
1581702800,1,13,12
1581702801,1,13,12
1581702802,1,13,12
1581702803,1,13,12
1581702804,1,13,12
1581702805,1,13,12
1581702806,1,2,12
1581702807,1,2,12
1581702808,1,2,12
1581702809,1,2,12
1581702810,1,2,12
1581702811,1,2,12
1581702812,0,-1,12
1581702813,1,2,12
1581702814,1,2,12
1581702815,0,-1,12
1581702816,1,2,12
1581702817,1,2,12
1581702818,1,2,12
1581702819,1,2,12
1581702820,1,2,12
1581702821,1,2,12
1581702822,1,2,12
1581702823,0,-1,12
1581702824,1,2,12
1581702825,1,2,12
1581702826,0,-1,12
1581702827,1,2,12
1581702828,1,2,12
1581702829,1,2,12
1581702830,1,2,12
1581702831,0,-1,12
1581702832,1,2,12
1581702833,1,2,12
1581702834,1,2,12
1581702835,0,2,12
1581702836,0,2,12
1581702837,0,2,12
1581702838,1,1,12
1581702839,1,1,12
1581702840,0,-1,12
1581702841,1,1,12
1581702842,1,1,12
1581702843,1,1,12
1581702844,1,1,12
1581702845,1,1,12
1581702846,1,1,12
1581702847,1,1,12
1581702848,0,-1,12
1581702849,1,1,12
1581702850,1,1,12
1581702851,1,1,12
1581702852,1,11,12
1581702853,1,11,12
1581702854,1,11,12
1581702855,0,-1,12
1581702856,1,12,12
1581702857,1,12,12
1581702858,1,12,12
1581702859,1,12,12
1581702860,1,12,12
1581702861,1,12,12
1581702862,1,12,12
1581702863,1,12,12
1581702864,0,-1,12
1581702865,1,12,12
1581702866,1,12,12
1581702867,1,12,12
1581702868,0,-1,12
1581702869,1,12,12
1581702870,1,12,12
1581702871,1,12,12
1581702872,0,-1,12
1581702873,1,12,12
1581702874,1,12,12
1581702875,1,12,12
1581702876,1,12,12
1581702877,1,12,12
1581702878,1,12,12
1581702879,0,-1,12
1581702880,1,12,12
1581702881,1,12,12
1581702882,0,-1,12
1581702883,1,12,12
1581702884,1,12,12
1581702885,1,12,12
1581702886,1,12,12
1581702887,0,-1,12
1581702888,1,12,12
1581702889,1,12,12
1581702890,1,12,12
1581702891,1,12,12
1581702892,1,12,12
1581702893,1,12,12
1581702894,1,12,12
1581702895,1,12,12
1581702896,1,12,12
1581702897,0,-1,12
1581702898,1,12,12
1581702899,1,12,12
1581702900,1,12,12
1581702901,1,12,12
1581702902,1,12,12
1581702903,1,12,12
1581702904,0,-1,12
1581702905,1,12,12
1581702906,1,12,12
1581702907,1,12,12
1581702908,1,12,12
1581702909,1,12,12
1581702910,1,12,12
1581702911,1,12,12
1581702912,0,-1,12
1581702913,0,-1,12
1581702914,1,12,12
1581702915,1,12,12
1581702916,1,12,12
1581702917,1,12,12
1581702918,0,-1,12
1581702919,1,12,12
1581702920,1,12,12
1581702921,1,12,12
1581702922,1,12,12
1581702923,0,-1,12
1581702924,1,12,12
1581702925,1,12,12
1581702926,1,12,12
1581702927,1,12,12
1581702928,1,12,12
1581702929,1,12,12
1581702930,1,12,12
1581702931,1,12,12
1581702932,0,-1,12
1581702933,1,12,12
1581702934,1,12,12
1581702935,1,12,12
1581702936,1,12,12
1581702937,0,-1,12
1581702938,1,12,12
1581702939,1,12,12
1581702940,1,12,12
1581702941,0,-1,12
1581702942,1,11,12
1581702943,1,11,12
1581702944,1,11,12
1581702945,1,11,12
1581702946,1,11,12
1581702947,0,-1,12
1581702948,1,11,12
1581702949,1,11,12
1581702950,1,11,12
1581702951,0,-1,12
1581702952,1,11,12
1581702953,1,11,12
1581702954,1,11,12
1581702955,0,-1,12
1581702956,1,11,12
1581702957,1,11,12
1581702958,1,11,12
1581702959,1,11,12
1581702960,1,11,12
1581702961,1,11,12
1581702962,1,11,12
1581702963,1,11,12
1581702964,0,-1,12
1581702965,0,-1,12
1581702966,1,11,12
1581702967,1,11,12
1581702968,1,11,12
1581702969,1,11,12
1581702970,1,11,12
1581702971,0,-1,12
1581702972,1,12,12
1581702973,1,12,12
1581702974,1,12,12
1581702975,1,12,12
1581702976,1,12,12
1581702977,1,12,12
1581702978,0,-1,12
1581702979,1,12,12
1581702980,1,12,12
1581702981,1,12,12
1581702982,1,12,12
1581702983,1,12,12
1581702984,1,12,12
1581702985,0,-1,12
1581702986,1,12,12
1581702987,1,12,12
1581702988,1,12,12
1581702989,1,12,12
1581702990,1,12,12
1581702991,1,12,12
1581702992,1,12,12
1581702993,1,12,12
1581702994,1,12,12
1581702995,1,7,12
1581702996,1,3,12
1581702997,1,3,12
1581702998,0,-1,12
1581702999,1,3,12
1581703000,1,3,12
1581703001,1,3,12
1581703002,1,3,12
1581703003,1,3,12
1581703004,0,-1,12
1581703005,1,3,12
1581703006,1,3,12
1581703007,0,-1,12
1581703008,1,12,12
1581703009,1,7,12
1581703010,1,3,12
1581703011,0,-1,12
1581703012,1,12,12
1581703013,1,12,12
1581703014,1,7,12
1581703015,1,3,12
1581703016,1,3,12
1581703017,0,-1,12
1581703018,1,3,12
1581703019,1,3,12
1581703020,1,3,12
1581703021,1,3,12
1581703022,1,3,12
1581703023,1,3,12
1581703024,1,3,12
1581703025,0,-1,12
1581703026,1,3,12
1581703027,1,3,12
1581703028,1,3,12
1581703029,1,3,12
1581703030,1,3,12
1581703031,1,3,12
1581703032,0,-1,12
1581703033,1,3,12
1581703034,1,3,12
1581703035,1,3,12
1581703036,1,3,12
1581703037,1,3,12
1581703038,1,3,12
1581703039,1,3,12
1581703040,0,-1,12
1581703041,1,3,12
1581703042,1,3,12
1581703043,1,3,12
1581703044,1,3,12
1581703045,1,2,12
1581703046,1,2,12
1581703047,1,2,12
1581703048,0,-1,12
1581703049,0,-1,12
1581703050,1,2,12
1581703051,1,2,12
1581703052,1,2,12
1581703053,1,2,12
1581703054,1,2,12
1581703055,1,2,12
1581703056,0,-1,12
1581703057,1,2,12
1581703058,1,2,12
1581703059,1,2,12
1581703060,1,2,12
1581703061,1,2,12
1581703062,0,-1,12
1581703063,0,-1,12
1581703064,1,2,12
1581703065,1,2,12
1581703066,1,2,12
1581703067,1,2,12
1581703068,1,2,12
1581703069,1,2,12
1581703070,1,2,12
1581703071,0,-1,12
1581703072,1,2,12
1581703073,1,2,12
1581703074,1,2,12
1581703075,1,2,12
1581703076,0,-1,12
1581703077,1,2,12
1581703078,1,2,12
1581703079,1,2,12
1581703080,1,2,12
1581703081,1,2,12
1581703082,1,2,12
1581703083,1,2,12
1581703084,1,2,12
1581703085,1,2,12
1581703086,1,2,12
1581703087,0,-1,12
1581703088,1,2,12
1581703089,1,2,12
1581703090,0,-1,12
1581703091,1,2,12
1581703092,1,2,12
1581703093,1,2,12
1581703094,0,-1,12
1581703095,1,2,12
1581703096,1,2,12
1581703097,1,2,12
1581703098,1,2,12
1581703099,1,2,12
1581703100,1,2,12
1581703101,1,2,12
1581703102,0,-1,12
1581703103,1,2,12
1581703104,0,-1,12
1581703105,1,2,12
1581703106,1,2,12
1581703107,1,2,12
1581703108,1,2,12
1581703109,1,2,12
1581703110,0,-1,12
1581703111,1,2,12
1581703112,1,2,12
1581703113,1,2,12
1581703114,1,2,12
1581703115,1,2,12
1581703116,1,2,12
1581703117,0,-1,12
1581703118,0,-1,12
1581703119,1,2,12
1581703120,1,2,12
1581703121,1,2,12
1581703122,1,2,12
1581703123,1,2,12
1581703124,1,2,12
1581703125,1,2,12
1581703126,0,-1,12
1581703127,1,2,12
1581703128,1,2,12
1581703129,1,2,12
1581703130,1,2,12
1581703131,1,2,12
1581703132,1,2,12
1581703133,0,-1,12
1581703134,1,2,12
1581703135,1,2,12
1581703136,1,2,12
1581703137,1,2,12
1581703138,1,2,12
1581703139,1,2,12
1581703140,1,2,12
1581703141,0,-1,12
1581703142,1,2,12
1581703143,1,2,12
1581703144,1,2,12
1581703145,1,2,12
1581703146,1,2,12
1581703147,1,2,12
1581703148,0,2,12
1581703149,0,-1,12
1581703150,1,2,12
1581703151,1,2,12
1581703152,1,2,12
1581703153,1,2,12
1581703154,1,2,12
1581703155,1,2,12
1581703156,1,2,12
1581703157,0,-1,12
1581703158,1,2,12
1581703159,1,2,12
1581703160,1,2,12
1581703161,1,1,12
1581703162,1,1,12
1581703163,1,1,12
1581703164,1,2,12
1581703165,1,2,12
1581703166,1,2,12
1581703167,1,2,12
1581703168,1,2,12
1581703169,1,2,12
1581703170,1,2,12
1581703171,1,2,12
1581703172,1,2,12
1581703173,1,2,12
1581703174,1,2,12
1581703175,1,2,12
1581703176,1,2,12
1581703177,1,2,12
1581703178,1,2,12
1581703179,0,-1,12
1581703180,1,2,12
1581703181,1,2,12
1581703182,1,1,12
1581703183,1,1,12
1581703184,1,1,12
1581703185,1,1,12
1581703186,1,1,12
1581703187,0,-1,12
1581703188,1,1,12
1581703189,0,-1,12
1581703190,1,1,12
1581703191,1,1,12
1581703192,1,1,12
1581703193,1,2,12
1581703194,1,2,12
1581703195,0,-1,12
1581703196,1,2,12
1581703197,1,2,12
1581703198,1,2,12
1581703199,1,2,12
1581703200,1,2,12
1581703201,1,2,12
1581703202,0,-1,12
1581703203,1,2,12
1581703204,1,2,12
1581703205,1,2,12
1581703206,1,2,12
1581703207,1,2,12
1581703208,1,2,12
1581703209,0,-1,12
1581703210,1,2,12
1581703211,1,2,12
1581703212,1,2,12
1581703213,1,2,12
1581703214,1,2,12
1581703215,1,2,12
1581703216,1,2,12
1581703217,0,-1,12
1581703218,1,2,12
1581703219,1,2,12
1581703220,1,2,12
1581703221,1,2,12
1581703222,1,2,12
1581703223,1,2,12
1581703224,1,2,12
1581703225,0,-1,12
1581703226,1,2,12
1581703227,1,2,12
1581703228,1,2,12
1581703229,1,2,12
1581703230,1,2,12
1581703231,1,2,12
1581703232,1,2,12
1581703233,1,2,12
1581703234,1,2,12
1581703235,1,2,12
1581703236,1,2,12
1581703237,1,2,12
1581703238,1,2,12
1581703239,1,2,12
1581703240,1,2,12
1581703241,0,-1,12
1581703242,1,2,12
1581703243,1,2,12
1581703244,1,2,12
1581703245,1,7,12
1581703246,1,13,12
1581703247,1,7,12
1581703248,1,2,12
1581703249,0,-1,12
1581703250,1,2,12
1581703251,1,2,12
1581703252,1,2,12
1581703253,1,2,12
1581703254,1,2,12
1581703255,1,2,12
1581703256,0,-1,12
1581703257,1,2,12
1581703258,1,2,12
1581703259,1,2,12
1581703260,1,2,12
1581703261,1,2,12
1581703262,1,2,12
1581703263,1,2,12
1581703264,0,-1,12
1581703265,1,2,12
1581703266,1,2,12
1581703267,1,2,12
1581703268,1,2,12
1581703269,1,2,12
1581703270,1,2,12
1581703271,0,-1,12
1581703272,1,2,12
1581703273,1,2,12
1581703274,1,2,12
1581703275,1,2,12
1581703276,1,2,12
1581703277,1,2,12
1581703278,1,2,12
1581703279,0,-1,12
1581703280,1,2,12
1581703281,1,2,12
1581703282,1,13,12
1581703283,1,13,12
1581703284,1,13,12
1581703285,1,13,12
1581703286,0,-1,12
1581703287,1,13,12
1581703288,1,13,12
1581703289,1,2,12
1581703290,1,2,12
1581703291,1,2,12
1581703292,1,2,12
1581703293,1,2,12
1581703294,0,-1,12
1581703295,1,2,12
1581703296,1,2,12
1581703297,1,2,12
1581703298,1,2,12
1581703299,1,2,12
1581703300,1,2,12
1581703301,0,-1,12
1581703302,1,2,12
1581703303,1,13,12
1581703304,1,13,12
1581703305,1,13,12
1581703306,1,13,12
1581703307,1,13,12
1581703308,0,-1,12
1581703309,1,13,12
1581703310,1,13,12
1581703311,1,13,12
1581703312,1,13,12
1581703313,1,13,12
1581703314,1,13,12
1581703315,0,-1,12
1581703316,1,13,12
1581703317,1,13,12
1581703318,1,13,12
1581703319,1,13,12
1581703320,1,13,12
1581703321,1,13,12
1581703322,0,-1,12
1581703323,1,13,12
1581703324,1,13,12
1581703325,1,13,12
1581703326,1,13,12
1581703327,1,13,12
1581703328,1,13,12
1581703329,1,13,12
1581703330,1,13,12
1581703331,1,13,12
1581703332,1,13,12
1581703333,1,13,12
1581703334,1,12,12
1581703335,1,12,12
1581703336,1,12,12
1581703337,1,12,12
1581703338,1,12,12
1581703339,1,12,12
1581703340,1,12,12
1581703341,1,12,12
1581703342,1,12,12
1581703343,1,12,12
1581703344,1,12,12
1581703345,0,-1,12
1581703346,1,12,12
1581703347,1,12,12
1581703348,1,12,12
1581703349,1,12,12
1581703350,1,12,12
1581703351,0,-1,12
1581703352,1,12,12
1581703353,1,12,12
1581703354,1,12,12
1581703355,1,12,12
1581703356,1,12,12
1581703357,1,12,12
1581703358,0,-1,12
1581703359,1,12,12
1581703360,1,12,12
1581703361,1,12,12
1581703362,1,12,12
1581703363,1,12,12
1581703364,1,12,12
1581703365,0,-1,12
1581703366,1,12,12
1581703367,1,12,12
1581703368,1,12,12
1581703369,1,12,12
1581703370,1,12,12
1581703371,1,12,12
1581703372,1,12,12
1581703373,0,-1,12
1581703374,1,12,12
1581703375,1,12,12
1581703376,1,12,12
1581703377,1,12,12
1581703378,1,12,12
1581703379,1,12,12
1581703380,0,-1,12
1581703381,1,12,12
1581703382,1,12,12
1581703383,1,12,12
1581703384,1,12,12
1581703385,1,13,12
1581703386,1,13,12
1581703387,0,-1,12
1581703388,1,13,12
1581703389,1,13,12
1581703390,1,13,12
1581703391,1,13,12
1581703392,1,13,12
1581703393,1,13,12
1581703394,1,13,12
1581703395,0,-1,12
1581703396,1,13,12
1581703397,1,13,12
1581703398,1,13,12
1581703399,1,13,12
1581703400,1,13,12
1581703401,1,13,12
1581703402,0,-1,12
1581703403,1,13,12
1581703404,1,13,12
1581703405,1,13,12
1581703406,1,13,12
1581703407,1,13,12
1581703408,0,-1,12
1581703409,1,13,12
1581703410,1,13,12
1581703411,1,13,12
1581703412,1,13,12
1581703413,1,13,12
1581703414,1,13,12
1581703415,0,-1,12
1581703416,1,13,12
1581703417,1,13,12
1581703418,1,13,12
1581703419,1,13,12
1581703420,1,13,12
1581703421,1,13,12
1581703422,0,-1,12
1581703423,1,13,12
1581703424,1,13,12
1581703425,1,13,12
1581703426,1,13,12
1581703427,1,13,12
1581703428,0,-1,12
1581703429,1,13,12
1581703430,1,13,12
1581703431,1,13,12
1581703432,1,13,12
1581703433,1,13,12
1581703434,0,-1,12
1581703435,1,13,12
1581703436,1,13,12
1581703437,1,13,12
1581703438,1,13,12
1581703439,0,-1,12
1581703440,1,13,12
1581703441,1,13,12
1581703442,1,13,12
1581703443,1,13,12
1581703444,1,13,12
1581703445,1,13,12
1581703446,1,13,12
1581703447,0,-1,12
1581703448,1,13,12
1581703449,1,13,12
1581703450,1,13,12
1581703451,1,13,12
1581703452,1,13,12
1581703453,1,13,12
1581703454,0,-1,12
1581703455,1,13,12
1581703456,1,13,12
1581703457,1,13,12
1581703458,1,13,12
1581703459,1,13,12
1581703460,1,13,12
1581703461,1,13,12
1581703462,1,13,12
1581703463,1,13,12
1581703464,1,13,12
1581703465,1,13,12
1581703466,1,13,12
1581703467,0,-1,12
1581703468,1,13,12
1581703469,1,13,12
1581703470,1,13,12
1581703471,1,13,12
1581703472,1,13,12
1581703473,1,13,12
1581703474,1,13,12
1581703475,1,13,12
1581703476,1,13,12
1581703477,1,13,12
1581703478,1,13,12
1581703479,1,13,12
1581703480,0,-1,12
1581703481,0,-1,12
1581703482,1,13,12
1581703483,1,13,12
1581703484,1,13,12
1581703485,1,13,12
1581703486,1,13,12
1581703487,1,13,12
1581703488,0,-1,12
1581703489,1,13,12
1581703490,1,13,12
1581703491,1,13,12
1581703492,1,13,12
1581703493,1,13,12
1581703494,0,-1,12
1581703495,0,-1,12
1581703496,1,13,12
1581703497,1,13,12
1581703498,1,13,12
1581703499,1,13,12
1581703500,1,13,12
1581703501,1,13,12
1581703502,1,13,12
1581703503,1,13,12
1581703504,1,13,12
1581703505,1,13,12
1581703506,1,13,12
1581703507,0,-1,12
1581703508,1,13,12
1581703509,1,13,12
1581703510,1,13,12
1581703511,1,13,12
1581703512,1,13,12
1581703513,1,13,12
1581703514,1,13,12
1581703515,0,-1,12
1581703516,1,13,12
1581703517,1,13,12
1581703518,1,13,12
1581703519,1,12,12
1581703520,0,-1,12
1581703521,1,12,12
1581703522,1,12,12
1581703523,1,12,12
1581703524,1,12,12
1581703525,1,12,12
1581703526,1,12,12
1581703527,1,12,12
1581703528,0,-1,12
1581703529,1,12,12
1581703530,1,12,12
1581703531,1,12,12
1581703532,1,12,12
1581703533,1,12,12
1581703534,0,-1,12
1581703535,1,12,12
1581703536,0,-1,12
1581703537,1,12,12
1581703538,1,12,12
1581703539,1,12,12
1581703540,1,12,12
1581703541,0,-1,12
1581703542,1,12,12
1581703543,1,12,12
1581703544,1,12,12
1581703545,1,12,12
1581703546,1,12,12
1581703547,0,-1,12
1581703548,1,12,12
1581703549,1,12,12
1581703550,1,12,12
1581703551,1,12,12
1581703552,1,12,12
1581703553,0,-1,12
1581703554,1,12,12
1581703555,1,12,12
1581703556,1,12,12
1581703557,1,12,12
1581703558,1,12,12
1581703559,1,12,12
1581703560,0,-1,12
1581703561,1,12,12
1581703562,1,12,12
1581703563,1,12,12
1581703564,1,12,12
1581703565,1,12,12
1581703566,1,12,12
1581703567,1,12,12
1581703568,1,12,12
1581703569,1,12,12
1581703570,1,12,12
1581703571,1,12,12
1581703572,1,12,12
1581703573,0,-1,12
1581703574,1,12,12
1581703575,1,12,12
1581703576,1,12,12
1581703577,1,12,12
1581703578,1,12,12
1581703579,1,12,12
1581703580,1,12,12
1581703581,1,12,12
1581703582,1,12,12
1581703583,1,12,12
1581703584,1,12,12
1581703585,1,12,12
1581703586,0,-1,12
1581703587,1,12,12
1581703588,1,12,12
1581703589,1,12,12
1581703590,1,12,12
1581703591,1,12,12
1581703592,1,12,12
1581703593,0,-1,12
1581703594,1,12,12
1581703595,1,12,12
1581703596,1,12,12
1581703597,1,12,12
1581703598,1,12,12
1581703599,0,-1,12
1581703600,1,12,12
1581703601,1,12,12
1581703602,1,12,12
1581703603,1,12,12
1581703604,1,12,12
1581703605,1,12,12
1581703606,0,-1,12
1581703607,1,12,12
1581703608,1,12,12
1581703609,1,12,12
1581703610,1,12,12
1581703611,1,12,12
1581703612,0,-1,12
1581703613,1,12,12
1581703614,1,12,12
1581703615,1,12,12
1581703616,1,12,12
1581703617,1,12,12
1581703618,1,12,12
1581703619,1,12,12
1581703620,1,12,12
1581713897,0,13,13
1581713898,0,13,13
1581713899,1,13,13
1581713900,1,13,13
1581713901,1,13,13
1581713902,1,13,13
1581713903,1,13,13
1581713904,1,13,13
1581713905,1,13,13
1581713906,1,13,13
1581713907,1,13,13
1581713908,0,-1,13
1581713909,1,13,13
1581713910,1,13,13
1581713911,1,13,13
1581713912,1,13,13
1581713913,0,-1,13
1581713914,0,-1,13
1581713915,1,13,13
1581713916,1,13,13
1581713917,1,13,13
1581713918,1,13,13
1581713919,1,13,13
1581713920,1,13,13
1581713921,0,-1,13
1581713922,1,13,13
1581713923,1,13,13
1581713924,1,13,13
1581713925,1,13,13
1581713926,1,13,13
1581713927,1,13,13
1581713928,0,-1,13
1581713929,1,13,13
1581713930,1,13,13
1581713931,1,13,13
1581713932,1,13,13
1581713933,1,13,13
1581713934,0,-1,13
1581713935,1,13,13
1581713936,1,13,13
1581713937,1,13,13
1581713938,1,13,13
1581713939,1,13,13
1581713940,1,13,13
1581713941,0,-1,13
1581713942,1,13,13
1581713943,1,13,13
1581713944,1,13,13
1581713945,1,13,13
1581713946,1,13,13
1581713947,1,13,13
1581713948,0,-1,13
1581713949,1,13,13
1581713950,1,13,13
1581713951,1,13,13
1581713952,1,13,13
1581713953,1,13,13
1581713954,0,-1,13
1581713955,0,-1,13
1581713956,1,13,13
1581713957,1,13,13
1581713958,1,13,13
1581713959,1,13,13
1581713960,1,13,13
1581713961,0,-1,13
1581713962,1,13,13
1581713963,1,13,13
1581713964,1,13,13
1581713965,1,13,13
1581713966,1,13,13
1581713967,1,13,13
1581713968,0,-1,13
1581713969,0,-1,13
1581713970,1,13,13
1581713971,1,13,13
1581713972,1,13,13
1581713973,1,13,13
1581713974,1,13,13
1581713975,0,-1,13
1581713976,1,13,13
1581713977,1,13,13
1581713978,1,13,13
1581713979,1,13,13
1581713980,0,13,13
1581713981,1,13,13
1581713982,0,-1,13
1581713983,0,13,13
1581713984,1,13,13
1581713985,1,13,13
1581713986,1,13,13
1581713987,1,13,13
1581713988,0,-1,13
1581713989,1,13,13
1581713990,1,13,13
1581713991,1,12,13
1581713992,1,12,13
1581713993,1,12,13
1581713994,1,12,13
1581713995,1,12,13
1581713996,1,12,13
1581713997,1,12,13
1581713998,1,12,13
1581713999,1,12,13
1581714000,1,12,13
1581714001,1,12,13
1581714002,0,-1,13
1581714003,0,-1,13
1581714004,1,12,13
1581714005,1,12,13
1581714006,1,12,13
1581714007,1,12,13
1581714008,1,12,13
1581714009,1,12,13
1581714010,0,-1,13
1581714011,0,-1,13
1581714012,1,2,13
1581714013,1,2,13
1581714014,1,2,13
1581714015,1,2,13
1581714016,1,2,13
1581714017,0,-1,13
1581714018,1,2,13
1581714019,1,2,13
1581714020,1,2,13
1581714021,1,2,13
1581714022,1,2,13
1581714023,1,2,13
1581714024,1,2,13
1581714025,0,-1,13
1581714026,1,2,13
1581714027,1,2,13
1581714028,1,2,13
1581714029,1,2,13
1581714030,1,2,13
1581714031,1,2,13
1581714032,0,-1,13
1581714033,1,2,13
1581714034,1,12,13
1581714035,1,12,13
1581714036,1,12,13
1581714037,1,12,13
1581714038,1,12,13
1581714039,1,12,13
1581714040,1,12,13
1581714041,1,12,13
1581714042,1,12,13
1581714043,1,12,13
1581714044,1,12,13
1581714045,1,12,13
1581714046,1,12,13
1581714047,0,-1,13
1581714048,1,12,13
1581714049,1,12,13
1581714050,1,12,13
1581714051,1,12,13
1581714052,1,12,13
1581714053,1,12,13
1581714054,1,12,13
1581714055,1,12,13
1581714056,1,12,13
1581714057,1,12,13
1581714058,1,12,13
1581714059,1,12,13
1581714060,1,12,13
1581714061,0,-1,13
1581714062,1,12,13
1581714063,1,12,13
1581714064,1,12,13
1581714065,1,12,13
1581714066,0,-1,13
1581714067,1,12,13
1581714068,1,12,13
1581714069,0,-1,13
1581714070,1,12,13
1581714071,1,12,13
1581714072,1,12,13
1581714073,1,2,13
1581714074,1,2,13
1581714075,0,-1,13
1581714076,1,2,13
1581714077,1,2,13
1581714078,1,2,13
1581714079,1,2,13
1581714080,0,-1,13
1581714081,1,2,13
1581714082,1,2,13
1581714083,0,-1,13
1581714084,1,2,13
1581714085,1,2,13
1581714086,1,2,13
1581714087,1,2,13
1581714088,1,2,13
1581714089,1,2,13
1581714090,0,-1,13
1581714091,1,2,13
1581714092,1,2,13
1581714093,1,2,13
1581714094,1,2,13
1581714095,1,2,13
1581714096,1,2,13
1581714097,1,2,13
1581714098,1,2,13
1581714099,1,2,13
1581714100,1,2,13
1581714101,1,2,13
1581714102,1,2,13
1581714103,1,2,13
1581714104,1,2,13
1581714105,0,-1,13
1581714106,1,2,13
1581714107,1,2,13
1581714108,1,2,13
1581714109,1,2,13
1581714110,1,2,13
1581714111,1,2,13
1581714112,1,2,13
1581714113,0,-1,13
1581714114,1,2,13
1581714115,1,2,13
1581714116,1,2,13
1581714117,1,2,13
1581714118,1,2,13
1581714119,1,2,13
1581714120,0,-1,13
1581714121,1,2,13
1581714122,1,2,13
1581714123,1,2,13
1581714124,1,2,13
1581714125,1,2,13
1581714126,1,2,13
1581714127,1,2,13
1581714128,1,2,13
1581714129,1,2,13
1581714130,1,2,13
1581714131,1,2,13
1581714132,1,2,13
1581714133,1,2,13
1581714134,1,2,13
1581714135,1,2,13
1581714136,1,2,13
1581714137,1,2,13
1581714138,1,2,13
1581714139,0,-1,13
1581714140,1,2,13
1581714141,1,2,13
1581714142,1,2,13
1581714143,1,2,13
1581714144,1,2,13
1581714145,1,2,13
1581714146,1,2,13
1581714147,1,2,13
1581714148,1,2,13
1581714149,1,2,13
1581714150,0,-1,13
1581714151,1,2,13
1581714152,1,2,13
1581714153,1,2,13
1581714154,1,2,13
1581714155,1,2,13
1581714156,1,2,13
1581714157,0,-1,13
1581714158,1,2,13
1581714159,1,2,13
1581714160,1,2,13
1581714161,1,2,13
1581714162,1,2,13
1581714163,1,2,13
1581714164,1,2,13
1581714165,0,-1,13
1581714166,1,2,13
1581714167,1,2,13
1581714168,0,-1,13
1581714169,1,2,13
1581714170,1,2,13
1581714171,1,2,13
1581714172,0,-1,13
1581714173,1,2,13
1581714174,1,2,13
1581714175,1,2,13
1581714176,1,2,13
1581714177,1,2,13
1581714178,1,2,13
1581714179,0,-1,13
1581714180,1,2,13
1581714181,1,2,13
1581714182,0,-1,13
1581714183,1,2,13
1581714184,1,2,13
1581714185,1,2,13
1581714186,1,2,13
1581714187,0,-1,13
1581714188,1,2,13
1581714189,1,2,13
1581714190,1,2,13
1581714191,1,2,13
1581714192,1,2,13
1581714193,1,2,13
1581714194,0,-1,13
1581714195,1,2,13
1581714196,0,-1,13
1581714197,1,2,13
1581714198,1,2,13
1581714199,1,2,13
1581714200,0,-1,13
1581714201,1,63,13
1581714202,1,57663,13
1581714203,1,57663,13
1581714204,1,57663,13
1581714205,1,57663,13
1581714206,1,57663,13
1581714207,0,-1,13
1581714208,1,57663,13
1581714209,1,57663,13
1581714210,0,-1,13
1581714211,1,57663,13
1581714212,1,57663,13
1581714213,1,57663,13
1581714214,1,57663,13
1581714215,0,-1,13
1581714216,1,57663,13
1581714217,1,57663,13
1581714218,1,57663,13
1581714219,1,57663,13
1581714220,1,57663,13
1581714221,1,57663,13
1581714222,1,57663,13
1581714223,1,57663,13
1581714224,0,-1,13
1581714225,1,57663,13
1581714226,1,57663,13
1581714227,1,57663,13
1581714228,1,57663,13
1581714229,1,57663,13
1581714230,1,57663,13
1581714231,1,57663,13
1581714232,0,-1,13
1581714233,0,-1,13
1581714234,1,57663,13
1581714235,1,57663,13
1581714236,1,57663,13
1581714237,1,57663,13
1581714238,0,-1,13
1581714239,1,57663,13
1581714240,1,57663,13
1581714241,1,57663,13
1581714242,1,57663,13
1581714243,1,57663,13
1581714244,1,57663,13
1581714245,1,57663,13
1581714246,1,57663,13
1581714247,1,57663,13
1581714248,1,57663,13
1581714249,1,57663,13
1581714250,0,-1,13
1581714251,1,57663,13
1581714252,1,57663,13
1581714253,1,57663,13
1581714254,1,57663,13
1581714255,1,57663,13
1581714256,1,57663,13
1581714257,1,57663,13
1581714258,0,57663,13
1581714259,0,57663,13
1581714260,0,57663,13
1581714261,0,57663,13
1581714262,0,57663,13
1581714263,0,-1,13
1581714264,1,57663,13
1581714265,1,49183,13
1581714266,0,-1,13
1581714267,1,40703,13
1581714268,1,40703,13
1581714269,0,40703,13
1581714270,1,41001,13
1581714271,0,41001,13
1581714272,1,41001,13
1581714273,0,-1,13
1581714274,1,41001,13
1581714275,1,41001,13
1581714276,1,41001,13
1581714277,1,41001,13
1581714278,1,41001,13
1581714279,1,41001,13
1581714280,1,41001,13
1581714281,0,-1,13
1581714282,1,41001,13
1581714283,1,41001,13
1581714284,1,41001,13
1581714285,1,41001,13
1581714286,1,41001,13
1581714287,1,41001,13
1581714288,1,41001,13
1581714289,1,41001,13
1581714290,0,-1,13
1581714291,1,41001,13
1581714292,1,41001,13
1581714293,1,41001,13
1581714294,1,41001,13
1581714295,1,41001,13
1581714296,1,41001,13
1581714297,1,41001,13
1581714298,0,-1,13
1581714299,1,41001,13
1581714300,1,41001,13
1581714301,1,41001,13
1581714302,1,41001,13
1581714303,1,41001,13
1581714304,1,41001,13
1581714305,1,41001,13
1581714306,1,41001,13
1581714307,0,-1,13
1581714308,0,-1,13
1581714309,1,41001,13
1581714310,1,41001,13
1581714311,1,41001,13
1581714312,1,41001,13
1581714313,1,41001,13
1581714314,1,40703,13
1581714315,0,-1,13
1581714316,1,40703,13
1581714317,0,-1,13
1581714318,1,40703,13
1581714319,1,40703,13
1581714320,1,40703,13
1581714321,1,40703,13
1581714322,1,40703,13
1581714323,1,40703,13
1581714324,0,-1,13
1581714325,1,40703,13
1581714326,1,40703,13
1581714327,1,40703,13
1581714328,1,40703,13
1581714329,1,40703,13
1581714330,1,40703,13
1581714331,1,40703,13
1581714332,1,40703,13
1581714333,1,40703,13
1581714334,1,40703,13
1581714335,1,40703,13
1581714336,1,40703,13
1581714337,1,40703,13
1581714338,1,40703,13
1581714339,1,40703,13
1581714340,1,40703,13
1581714341,0,-1,13
1581714342,1,40703,13
1581714343,1,40703,13
1581714344,1,40703,13
1581714345,1,40703,13
1581714346,1,40703,13
1581714347,1,40703,13
1581714348,1,40703,13
1581714349,0,-1,13
1581714350,1,40703,13
1581714351,1,40703,13
1581714352,1,40703,13
1581714353,1,40703,13
1581714354,1,40703,13
1581714355,1,40703,13
1581714356,1,40703,13
1581714357,0,-1,13
1581714358,1,40703,13
1581714359,0,-1,13
1581714360,1,40703,13
1581714361,1,40703,13
1581714362,1,40703,13
1581714363,1,40703,13
1581714364,1,40703,13
1581714365,0,-1,13
1581714366,1,40703,13
1581714367,1,40703,13
1581714368,1,40703,13
1581714369,1,40703,13
1581714370,1,40703,13
1581714371,1,40703,13
1581714372,1,40703,13
1581714373,0,-1,13
1581714374,1,40703,13
1581714375,1,40703,13
1581714376,1,40703,13
1581714377,1,40703,13
1581714378,1,40703,13
1581714379,1,40703,13
1581714380,1,40703,13
1581714381,1,40703,13
1581714382,0,-1,13
1581714383,1,40703,13
1581714384,1,40703,13
1581714385,1,40703,13
1581714386,1,40703,13
1581714387,0,-1,13
1581714388,1,41001,13
1581714389,1,41001,13
1581714390,0,-1,13
1581714391,1,41001,13
1581714392,1,41001,13
1581714393,1,41001,13
1581714394,1,41001,13
1581714395,1,41001,13
1581714396,1,41001,13
1581714397,1,41001,13
1581714398,0,-1,13
1581714399,1,41001,13
1581714400,1,41001,13
1581714401,0,-1,13
1581714402,1,41001,13
1581714403,1,41001,13
1581714404,1,41001,13
1581714405,1,40703,13
1581714406,0,-1,13
1581714407,1,40703,13
1581714408,1,40703,13
1581714409,1,40703,13
1581714410,1,40703,13
1581714411,1,40703,13
1581714412,1,40703,13
1581714413,1,40703,13
1581714414,1,40703,13
1581714415,0,-1,13
1581714416,1,40703,13
1581714417,1,40703,13
1581714418,1,40703,13
1581714419,1,40703,13
1581714420,1,40703,13
1581714421,1,40703,13
1581714422,1,40703,13
1581714423,1,40703,13
1581714424,0,-1,13
1581714425,1,40703,13
1581714426,1,40703,13
1581714427,0,40703,13
1581714428,0,40703,13
1581714429,0,40703,13
1581714430,0,40703,13
1581714431,1,40703,13
1581714432,0,-1,13
1581714433,1,21001,13
1581714434,1,21001,13
1581714435,1,21001,13
1581714436,1,21001,13
1581714437,1,21001,13
1581714438,1,21001,13
1581714439,1,21001,13
1581714440,0,-1,13
1581714441,1,21001,13
1581714442,1,21001,13
1581714443,1,21001,13
1581714444,1,21001,13
1581714445,0,-1,13
1581714446,1,21001,13
1581714447,1,21001,13
1581714448,0,-1,13
1581714449,1,41001,13
1581714450,1,41001,13
1581714451,1,41001,13
1581714452,1,41001,13
1581714453,1,41001,13
1581714454,1,41001,13
1581714455,0,-1,13
1581714456,1,41001,13
1581714457,1,41001,13
1581714458,1,41001,13
1581714459,0,-1,13
1581714460,1,41001,13
1581714461,1,41001,13
1581714462,1,41001,13
1581714463,1,41001,13
1581714464,0,-1,13
1581714465,1,41001,13
1581714466,1,41001,13
1581714467,1,41001,13
1581714468,1,41001,13
1581714469,1,41001,13
1581714470,1,41001,13
1581714471,1,41001,13
1581714472,1,41001,13
1581714473,0,-1,13
1581714474,1,41001,13
1581714475,1,41001,13
1581714476,1,41001,13
1581714477,1,41001,13
1581714478,1,41001,13
1581714479,1,41001,13
1581714480,1,41001,13
1581714481,0,-1,13
1581714482,1,41001,13
1581714483,1,41001,13
1581714484,1,41001,13
1581714485,1,41001,13
1581714486,1,41001,13
1581714487,1,41001,13
1581714488,1,41001,13
1581714489,1,41001,13
1581714490,0,-1,13
1581714491,0,-1,13
1581714492,1,41001,13
1581714493,1,41001,13
1581714494,1,41001,13
1581714495,1,41001,13
1581714496,1,41001,13
1581714497,1,41001,13
1581714498,0,-1,13
1581714499,1,41001,13
1581714500,1,41001,13
1581714501,1,41001,13
1581714502,1,41001,13
1581714503,1,41001,13
1581714504,1,41001,13
1581714505,1,41001,13
1581714506,1,41001,13
1581714507,1,41001,13
1581714508,1,41001,13
1581714509,1,41001,13
1581714510,1,41001,13
1581714511,1,41001,13
1581714512,1,41001,13
1581714513,1,41001,13
1581714514,1,41001,13
1581714515,0,-1,13
1581714516,1,41001,13
1581714517,1,41001,13
1581714518,1,41001,13
1581714519,1,41001,13
1581714520,1,41001,13
1581714521,1,41001,13
1581714522,1,41001,13
1581714523,1,41001,13
1581714524,0,-1,13
1581714525,1,41001,13
1581714526,1,41001,13
1581714527,1,41001,13
1581714528,1,41001,13
1581714529,1,41001,13
1581714530,1,41001,13
1581714531,1,41001,13
1581714532,1,41001,13
1581714533,0,-1,13
1581714534,0,-1,13
1581714535,1,41001,13
1581714536,1,41001,13
1581714537,1,41001,13
1581714538,1,41001,13
1581714539,1,41001,13
1581714540,1,41001,13
1581714541,1,41001,13
1581714542,0,-1,13
1581714543,1,41001,13
1581714544,1,41001,13
1581714545,1,41001,13
1581714546,1,41001,13
1581714547,1,41001,13
1581714548,1,41001,13
1581714549,1,41001,13
1581714550,0,-1,13
1581714551,1,41001,13
1581714552,1,41001,13
1581714553,1,41001,13
1581714554,1,41001,13
1581714555,1,41001,13
1581714556,1,41001,13
1581714557,1,41001,13
1581714558,0,-1,13
1581714559,1,41001,13
1581714560,1,41001,13
1581714561,0,-1,13
1581714562,1,41001,13
1581714563,1,41001,13
1581714564,1,41001,13
1581714565,1,41001,13
1581714566,0,-1,13
1581714567,1,41001,13
1581714568,1,41001,13
1581714569,1,41001,13
1581714570,1,41001,13
1581714571,1,41001,13
1581714572,1,41001,13
1581714573,1,41001,13
1581714574,0,-1,13
1581714575,0,-1,13
1581714576,1,41001,13
1581714577,1,41001,13
1581714578,1,41001,13
1581714579,1,41001,13
1581714580,1,41001,13
1581714581,1,41001,13
1581714582,0,-1,13
1581714583,1,41001,13
1581714584,1,41001,13
1581714585,1,41001,13
1581714586,1,41001,13
1581714587,1,41001,13
1581714588,1,41001,13
1581714589,1,41001,13
1581714590,0,-1,13
1581714591,1,41001,13
1581714592,1,41001,13
1581714593,1,41001,13
1581714594,1,41001,13
1581714595,1,41001,13
1581714596,1,41001,13
1581714597,1,41001,13
1581714598,0,-1,13
1581714599,1,41001,13
1581714600,1,41001,13
1581714601,1,41001,13
1581714602,1,41001,13
1581714603,0,-1,13
1581714604,1,41001,13
1581714605,1,41001,13
1581714606,0,-1,13
1581714607,1,41001,13
1581714608,1,41001,13
1581714609,1,41001,13
1581714610,1,41001,13
1581714611,1,41001,13
1581714612,1,41001,13
1581714613,0,-1,13
1581714614,1,41001,13
1581714615,1,41001,13
1581714616,1,41001,13
1581714617,0,-1,13
1581714618,1,41001,13
1581714619,1,41001,13
1581714620,1,41001,13
1581714621,1,41001,13
1581714622,0,-1,13
1581714623,1,41001,13
1581714624,1,41001,13
1581714625,1,41001,13
1581714626,1,41001,13
1581714627,1,41001,13
1581714628,1,41001,13
1581714629,0,-1,13
1581714630,1,41001,13
1581714631,0,-1,13
1581714632,1,41001,13
1581714633,1,41001,13
1581714634,1,41001,13
1581714635,1,41001,13
1581714636,1,41001,13
1581714637,0,-1,13
1581714638,1,41001,13
1581714639,1,41001,13
1581714640,1,41001,13
1581714641,1,41001,13
1581714642,1,41001,13
1581714643,1,41001,13
1581714644,1,41001,13
1581714645,1,41001,13
1581714646,0,-1,13
1581714647,1,41001,13
1581714648,1,41001,13
1581714649,1,41001,13
1581714650,1,41001,13
1581714651,1,41001,13
1581714652,1,41001,13
1581714653,1,41001,13
1581714654,0,-1,13
1581714655,1,41001,13
1581714656,1,41001,13
1581714657,1,41001,13
1581714658,1,41001,13
1581714659,0,-1,13
1581714660,1,41001,13
1581714661,1,41001,13
1581714662,0,-1,13
1581714663,1,41001,13
1581714664,1,41001,13
1581714665,1,41001,13
1581714666,1,41001,13
1581714667,1,41001,13
1581714668,1,41001,13
1581714669,1,41001,13
1581714670,1,41001,13
1581714671,0,-1,13
1581714672,1,41001,13
1581714673,1,41001,13
1581714674,1,41001,13
1581714675,1,41001,13
1581714676,1,41001,13
1581714677,1,41001,13
1581714678,1,41001,13
1581714679,0,-1,13
1581714680,1,41001,13
1581714681,1,41001,13
1581714682,1,41001,13
1581714683,1,41001,13
1581714684,1,41001,13
1581714685,1,41001,13
1581714686,1,41001,13
1581714687,1,41001,13
1581714688,0,-1,13
1581714689,1,41001,13
1581714690,1,41001,13
1581714691,1,41001,13
1581714692,1,41001,13
1581714693,1,41001,13
1581714694,1,41001,13
1581714695,1,41001,13
1581714696,0,-1,13
1581714697,1,41001,13
1581714698,1,41001,13
1581714699,1,41001,13
1581714700,1,41001,13
1581714701,1,41001,13
1581714702,1,41001,13
1581714703,1,41001,13
1581714704,0,-1,13
1581714705,1,41001,13
1581714706,1,41001,13
1581714707,1,41001,13
1581714708,1,41001,13
1581714709,1,41001,13
1581714710,1,41001,13
1581714711,1,41001,13
1581714712,0,-1,13
1581714713,1,41001,13
1581714714,1,41001,13
1581714715,0,-1,13
1581714716,1,41001,13
1581714717,1,41001,13
1581714718,1,41001,13
1581714719,0,-1,13
1581714720,1,41001,13
1581714721,1,41001,13
1581714722,1,41001,13
1581714723,1,41001,13
1581714724,1,41001,13
1581714725,1,41001,13
1581714726,1,41001,13
1581714727,1,41001,13
1581714728,0,-1,13
1581714729,0,-1,13
1581714730,1,41001,13
1581714731,1,41001,13
1581714732,1,41001,13
1581714733,1,41001,13
1581714734,1,41001,13
1581714735,1,41001,13
1581714736,0,-1,13
1581714737,1,41001,13
1581714738,1,41001,13
1581714739,1,41001,13
1581714740,1,41001,13
1581714741,1,41001,13
1581714742,1,41001,13
1581714743,1,41001,13
1581714744,0,-1,13
1581714745,1,41001,13
1581714746,1,41001,13
1581714747,1,41001,13
1581714748,1,41001,13
1581714749,1,41001,13
1581714750,1,41001,13
1581714751,1,41001,13
1581714752,1,41001,13
1581714753,0,-1,13
1581714754,1,41001,13
1581714755,1,41001,13
1581714756,1,41001,13
1581714757,1,41001,13
1581714758,0,-1,13
1581714759,1,41001,13
1581714760,1,41001,13
1581714761,1,41001,13
1581714762,0,-1,13
1581714763,1,41001,13
1581714764,1,41001,13
1581714765,1,41001,13
1581714766,1,41001,13
1581714767,1,41001,13
1581714768,1,41001,13
1581714769,1,41001,13
1581714770,0,-1,13
1581714771,1,41001,13
1581714772,0,-1,13
1581714773,1,41001,13
1581714774,1,41001,13
1581714775,1,41001,13
1581714776,1,41001,13
1581714777,1,41001,13
1581714778,1,41001,13
1581714779,1,41001,13
1581714780,1,41001,13
1581714781,1,41001,13
1581714782,1,41001,13
1581714783,1,41001,13
1581714784,1,41001,13
1581714785,1,41001,13
1581714786,1,41001,13
1581714787,0,-1,13
1581714788,1,41001,13
1581714789,1,41001,13
1581714790,1,41001,13
1581714791,1,41001,13
1581714792,1,41001,13
1581714793,1,41001,13
1581714794,1,41001,13
1581714795,1,41001,13
1581714796,0,-1,13
1581714797,1,41001,13
1581714798,1,41001,13
1581714799,1,41001,13
1581714800,0,-1,13
1581714801,1,41001,13
1581714802,1,41001,13
1581714803,1,41001,13
1581714804,0,-1,13
1581714805,1,41001,13
1581714806,1,41001,13
1581714807,1,41001,13
1581714808,1,41001,13
1581714809,1,41001,13
1581714810,1,41001,13
1581714811,1,41001,13
1581714812,0,-1,13
1581714813,1,41001,13
1581714814,0,-1,13
1581714815,1,41001,13
1581714816,1,41001,13
1581714817,1,41001,13
1581714818,1,41001,13
1581714819,1,41001,13
1581714820,0,-1,13
1581714821,1,41001,13
1581714822,1,41001,13
1581714823,1,41001,13
1581714824,1,41001,13
1581714825,1,41001,13
1581714826,1,41001,13
1581714827,1,41001,13
1581714828,0,-1,13
1581714829,1,41001,13
1581714830,1,41001,13
1581714831,1,41001,13
1581714832,1,41001,13
1581714833,1,41001,13
1581714834,1,41001,13
1581714835,1,41001,13
1581714836,0,-1,13
1581714837,1,41001,13
1581714838,1,41001,13
1581714839,1,41001,13
1581714840,1,41001,13
1581714841,1,41001,13
1581714842,0,-1,13
1581714843,1,41001,13
1581714844,1,41001,13
1581714845,0,-1,13
1581714846,1,41001,13
1581714847,1,41001,13
1581714848,1,41001,13
1581714849,1,41001,13
1581714850,1,41001,13
1581714851,1,41001,13
1581714852,0,-1,13
1581714853,1,41001,13
1581714854,1,41001,13
1581714855,1,41001,13
1581714856,0,-1,13
1581714857,1,41001,13
1581714858,1,41001,13
1581714859,1,41001,13
1581714860,0,-1,13
1581714861,1,41001,13
1581714862,1,41001,13
1581714863,1,41001,13
1581714864,1,41001,13
1581714865,1,41001,13
1581714866,1,41001,13
1581714867,1,41001,13
1581714868,0,-1,13
1581714869,1,41001,13
1581714870,0,-1,13
1581714871,1,41001,13
1581714872,1,41001,13
1581714873,1,41001,13
1581714874,1,41001,13
1581714875,1,41001,13
1581714876,0,-1,13
1581714877,1,41001,13
1581714878,1,41001,13
1581714879,1,41001,13
1581714880,1,41001,13
1581714881,1,41001,13
1581714882,1,41001,13
1581714883,0,-1,13
1581714884,0,-1,13
1581714885,1,41001,13
1581714886,1,41001,13
1581714887,1,41001,13
1581714888,1,41001,13
1581714889,1,41001,13
1581714890,1,41001,13
1581714891,1,41001,13
1581714892,1,41001,13
1581714893,0,41001,13
1582853415,1,13,14
1582853416,1,13,14
1582853417,1,13,14
1582853418,0,-1,14
1582853419,0,13,14
1582853420,0,13,14
1582853421,0,13,14
1582853422,0,13,14
1582853423,0,13,14
1582853424,1,13,14
1582853425,0,-1,14
1582853426,1,13,14
1582853427,1,13,14
1582853428,1,13,14
1582853429,1,13,14
1582853430,1,13,14
1582853431,0,-1,14
1582853432,1,13,14
1582853433,1,13,14
1582853434,1,13,14
1582853435,1,13,14
1582853436,1,13,14
1582853437,1,13,14
1582853438,0,-1,14
1582853439,1,13,14
1582853440,1,13,14
1582853441,1,13,14
1582853442,1,13,14
1582853443,1,13,14
1582853444,0,-1,14
1582853445,1,13,14
1582853446,1,13,14
1582853447,1,13,14
1582853448,1,13,14
1582853449,1,13,14
1582853450,1,13,14
1582853451,1,13,14
1582853452,1,13,14
1582853453,1,13,14
1582853454,1,13,14
1582853455,1,13,14
1582853456,1,13,14
1582853457,1,13,14
1582853458,0,-1,14
1582853459,1,13,14
1582853460,1,13,14
1582853461,1,13,14
1582853462,1,13,14
1582853463,1,13,14
1582853464,0,-1,14
1582853465,1,13,14
1582853466,1,13,14
1582853467,1,13,14
1582853468,1,13,14
1582853469,1,13,14
1582853470,0,-1,14
1582853471,1,13,14
1582853472,1,13,14
1582853473,1,13,14
1582853474,1,13,14
1582853475,1,13,14
1582853476,0,-1,14
1582853477,0,-1,14
1582853478,1,13,14
1582853479,1,13,14
1582853480,1,13,14
1582853481,1,13,14
1582853482,1,13,14
1582853483,0,-1,14
1582853484,1,13,14
1582853485,1,13,14
1582853486,1,13,14
1582853487,1,13,14
1582853488,1,13,14
1582853489,0,-1,14
1582853490,1,13,14
1582853491,1,13,14
1582853492,1,13,14
1582853493,1,13,14
1582853494,1,13,14
1582853495,1,13,14
1582853496,0,-1,14
1582853497,1,13,14
1582853498,1,13,14
1582853499,1,13,14
1582853500,1,13,14
1582853501,1,13,14
1582853502,0,-1,14
1582853503,1,13,14
1582853504,0,-1,14
1582853505,1,13,14
1582853506,1,13,14
1582853507,1,13,14
1582853508,1,13,14
1582853509,0,-1,14
1582853510,1,13,14
1582853511,1,13,14
1582853512,1,13,14
1582853513,1,13,14
1582853514,1,13,14
1582853515,0,-1,14
1582853516,1,13,14
1582853517,1,13,14
1582853518,0,-1,14
1582853519,1,13,14
1582853520,1,13,14
1582853521,1,13,14
1582853522,0,-1,14
1582853523,1,13,14
1582853524,1,13,14
1582853525,1,13,14
1582853526,1,13,14
1582853527,1,13,14
1582853528,0,-1,14
1582853529,1,13,14
1582853530,1,13,14
1582853531,1,13,14
1582853532,0,-1,14
1582853533,1,13,14
1582853534,1,13,14
1582853535,0,-1,14
1582853536,1,13,14
1582853537,1,13,14
1582853538,1,13,14
1582853539,1,13,14
1582853540,1,13,14
1582853541,0,-1,14
1582853542,1,13,14
1582853543,1,13,14
1582853544,1,13,14
1582853545,1,13,14
1582853546,1,13,14
1582853547,1,13,14
1582853548,1,13,14
1582853549,1,13,14
1582853550,1,13,14
1582853551,1,13,14
1582853552,1,13,14
1582853553,1,13,14
1582853554,1,3,14
1582853555,0,-1,14
1582853556,1,3,14
1582853557,1,3,14
1582853558,1,3,14
1582853559,1,3,14
1582853560,1,3,14
1582853561,1,3,14
1582853562,1,3,14
1582853563,0,-1,14
1582853564,1,3,14
1582853565,1,3,14
1582853566,1,3,14
1582853567,1,3,14
1582853568,1,3,14
1582853569,0,-1,14
1582853570,1,3,14
1582853571,0,-1,14
1582853572,1,3,14
1582853573,1,2,14
1582853574,0,-1,14
1582853575,1,2,14
1582853576,1,2,14
1582853577,1,2,14
1582853578,1,2,14
1582853579,1,2,14
1582853580,1,2,14
1582853581,1,2,14
1582853582,1,2,14
1582853583,1,2,14
1582853584,1,2,14
1582853585,1,2,14
1582853586,0,-1,14
1582853587,1,2,14
1582853588,1,2,14
1582853589,1,2,14
1582853590,1,2,14
1582853591,1,2,14
1582853592,1,2,14
1582853593,0,-1,14
1582853594,1,2,14
1582853595,1,2,14
1582853596,1,2,14
1582853597,1,2,14
1582853598,1,2,14
1582853599,1,2,14
1582853600,1,2,14
1582853601,0,-1,14
1582853602,0,-1,14
1582853603,1,2,14
1582853604,1,2,14
1582853605,1,2,14
1582853606,1,2,14
1582853607,1,2,14
1582853608,0,-1,14
1582853609,1,2,14
1582853610,1,2,14
1582853611,1,2,14
1582853612,1,2,14
1582853613,1,2,14
1582853614,1,2,14
1582853615,1,2,14
1582853616,0,-1,14
1582853617,1,2,14
1582853618,1,2,14
1582853619,1,2,14
1582853620,1,2,14
1582853621,1,2,14
1582853622,1,2,14
1582853623,0,-1,14
1582853624,1,2,14
1582853625,1,2,14
1582853626,1,2,14
1582853627,1,2,14
1582853628,1,2,14
1582853629,1,2,14
1582853630,0,-1,14
1582853631,1,2,14
1582853632,1,2,14
1582853633,1,2,14
1582853634,1,2,14
1582853635,1,2,14
1582853636,1,2,14
1582853637,0,-1,14
1582853638,1,2,14
1582853639,1,2,14
1582853640,1,2,14
1582853641,1,2,14
1582853642,1,2,14
1582853643,1,2,14
1582853644,1,2,14
1582853645,0,-1,14
1582853646,1,2,14
1582853647,1,2,14
1582853648,1,2,14
1582853649,1,2,14
1582853650,1,2,14
1582853651,1,2,14
1582853652,0,-1,14
1582853653,1,2,14
1582853654,1,2,14
1582853655,1,2,14
1582853656,0,196,14
1582853657,1,10692,14
1582853658,0,-1,14
1582853659,1,10692,14
1582853660,1,10692,14
1582853661,1,10692,14
1582853662,1,10692,14
1582853663,1,10692,14
1582853664,1,10692,14
1582853665,1,10692,14
1582853666,1,10692,14
1582853667,0,-1,14
1582853668,1,10692,14
1582853669,1,10692,14
1582853670,1,10692,14
1582853671,1,10692,14
1582853672,1,10692,14
1582853673,1,10692,14
1582853674,1,10692,14
1582853675,0,-1,14
1582853676,1,10692,14
1582853677,1,10692,14
1582853678,1,10692,14
1582853679,1,10692,14
1582853680,1,10692,14
1582853681,1,10692,14
1582853682,1,10692,14
1582853683,1,10692,14
1582853684,0,-1,14
1582853685,1,10692,14
1582853686,1,10692,14
1582853687,1,10692,14
1582853688,1,10692,14
1582853689,1,10692,14
1582853690,1,10692,14
1582853691,1,10692,14
1582853692,1,10692,14
1582853693,1,10692,14
1582853694,1,10692,14
1582853695,1,10692,14
1582853696,1,10692,14
1582853697,1,10692,14
1582853698,1,10692,14
1582853699,0,10692,14
1582853700,1,10692,14
1582853701,0,-1,14
1582853702,0,-1,14
1582853703,1,10692,14
1582853704,1,10692,14
1582853705,1,10692,14
1582853706,0,40697,14
1582853707,1,40697,14
1582853708,1,40697,14
1582853709,0,-1,14
1582853710,1,40697,14
1582853711,1,40697,14
1582853712,1,40697,14
1582853713,1,40697,14
1582853714,1,40697,14
1582853715,1,40697,14
1582853716,1,40697,14
1582853717,0,-1,14
1582853718,1,40697,14
1582853719,1,40697,14
1582853720,1,40697,14
1582853721,1,40697,14
1582853722,1,40697,14
1582853723,1,40697,14
1582853724,1,40697,14
1582853725,0,-1,14
1582853726,1,40697,14
1582853727,1,40697,14
1582853728,1,40697,14
1582853729,1,40697,14
1582853730,1,40697,14
1582853731,1,40697,14
1582853732,1,40697,14
1582853733,0,-1,14
1582853734,1,40697,14
1582853735,1,40697,14
1582853736,1,40697,14
1582853737,1,40697,14
1582853738,1,40697,14
1582853739,1,40697,14
1582853740,1,40697,14
1582853741,1,40697,14
1582853742,0,-1,14
1582853743,1,40697,14
1582853744,1,40697,14
1582853745,1,40697,14
1582853746,1,40697,14
1582853747,0,-1,14
1582853748,1,40697,14
1582853749,1,40697,14
1582853750,0,-1,14
1582853751,1,40697,14
1582853752,1,40697,14
1582853753,1,40697,14
1582853754,1,40697,14
1582853755,1,40697,14
1582853756,1,40697,14
1582853757,1,40697,14
1582853758,0,-1,14
1582853759,1,40697,14
1582853760,1,40697,14
1582853761,1,40697,14
1582853762,1,40697,14
1582853763,1,40697,14
1582853764,1,40697,14
1582853765,1,40697,14
1582853766,1,40697,14
1582853767,1,40697,14
1582853768,1,40697,14
1582853769,1,40697,14
1582853770,1,40697,14
1582853771,1,40697,14
1582853772,1,40697,14
1582853773,0,-1,14
1582853774,1,40697,14
1582853775,0,-1,14
1582853776,0,-1,14
1582853777,1,40697,14
1582853778,1,40697,14
1582853779,1,40697,14
1582853780,1,40697,14
1582853781,1,40697,14
1582853782,1,40697,14
1582853783,1,40697,14
1582853784,0,-1,14
1582853785,1,40697,14
1582853786,1,40697,14
1582853787,1,40697,14
1582853788,1,40697,14
1582853789,1,40697,14
1582853790,1,40697,14
1582853791,1,40697,14
1582853792,0,-1,14
1582853793,1,40697,14
1582853794,1,40697,14
1582853795,1,40697,14
1582853796,1,40697,14
1582853797,1,40697,14
1582853798,1,40697,14
1582853799,1,40697,14
1582853800,0,-1,14
1582853801,1,40697,14
1582853802,1,40697,14
1582853803,1,40697,14
1582853804,1,40697,14
1582853805,1,40697,14
1582853806,1,40697,14
1582853807,1,40697,14
1582853808,0,-1,14
1582853809,1,40697,14
1582853810,1,40697,14
1582853811,1,40697,14
1582853812,1,40697,14
1582853813,1,40697,14
1582853814,1,40697,14
1582853815,1,40697,14
1582853816,0,-1,14
1582853817,1,40697,14
1582853818,1,40697,14
1582853819,0,-1,14
1582853820,1,40697,14
1582853821,1,40697,14
1582853822,1,40697,14
1582853823,1,40697,14
1582853824,0,-1,14
1582853825,1,40697,14
1582853826,1,40697,14
1582853827,1,40697,14
1582853828,1,40697,14
1582853829,1,40697,14
1582853830,1,40697,14
1582853831,1,40697,14
1582853832,1,40697,14
1582853833,0,-1,14
1582853834,1,40697,14
1582853835,1,40697,14
1582853836,1,40697,14
1582853837,1,40697,14
1582853838,1,40697,14
1582853839,1,40697,14
1582853840,0,-1,14
1582853841,1,40697,14
1582853842,1,40697,14
1582853843,1,40697,14
1582853844,1,40697,14
1582853845,1,40697,14
1582853846,1,40697,14
1582853847,1,40697,14
1582853848,1,40697,14
1582853849,1,40697,14
1582853850,1,40697,14
1582853851,1,40697,14
1582853852,1,40697,14
1582853853,1,40697,14
1582853854,1,40697,14
1582853855,1,40697,14
1582853856,1,40697,14
1582853857,1,40697,14
1582853858,0,-1,14
1582853859,1,40697,14
1582853860,1,40697,14
1582853861,1,40697,14
1582853862,1,40697,14
1582853863,1,40697,14
1582853864,1,40697,14
1582853865,0,-1,14
1582853866,1,40697,14
1582853867,1,40697,14
1582853868,1,40697,14
1582853869,1,40697,14
1582853870,1,40697,14
1582853871,1,40697,14
1582853872,1,40697,14
1582853873,0,-1,14
1582853874,1,40697,14
1582853875,0,-1,14
1582853876,1,40697,14
1582853877,1,40697,14
1582853878,1,40697,14
1582853879,1,40697,14
1582853880,0,-1,14
1582853881,1,40697,14
1582853882,0,-1,14
1582853883,1,40697,14
1582853884,1,40697,14
1582853885,1,40697,14
1582853886,1,40697,14
1582853887,1,40697,14
1582853888,1,40697,14
1582853889,1,40697,14
1582853890,0,-1,14
1582853891,1,40697,14
1582853892,1,40697,14
1582853893,1,40697,14
1582853894,1,40697,14
1582853895,1,40697,14
1582853896,1,40697,14
1582853897,1,40697,14
1582853898,0,-1,14
1582853899,1,40697,14
1582853900,1,40697,14
1582853901,1,40697,14
1582853902,1,40697,14
1582853903,1,40697,14
1582853904,1,40697,14
1582853905,1,40697,14
1582853906,1,40697,14
1582853907,0,-1,14
1582853908,1,40697,14
1582853909,1,40697,14
1582853910,1,40697,14
1582853911,1,40697,14
1582853912,0,40697,14
1582853913,0,-1,14
1582853914,1,40697,14
1582853915,1,40697,14
1582853916,1,40697,14
1582853917,0,-1,14
1582853918,1,40697,14
1582853919,1,40697,14
1582853920,1,40697,14
1582853921,1,40697,14
1582853922,0,-1,14
1582853923,1,40697,14
1582853924,1,40697,14
1582853925,1,40697,14
1582853926,1,40697,14
1582853927,1,40697,14
1582853928,1,40697,14
1582853929,1,40697,14
1582853930,0,-1,14
1582853931,1,40697,14
1582853932,0,-1,14
1582853933,1,40697,14
1582853934,1,40697,14
1582853935,1,40697,14
1582853936,1,40697,14
1582853937,1,40697,14
1582853938,0,-1,14
1582853939,1,40697,14
1582853940,1,40697,14
1582853941,1,40697,14
1582853942,1,40697,14
1582853943,1,40697,14
1582853944,0,-1,14
1582853945,1,40697,14
1582853946,1,40697,14
1582853947,0,-1,14
1582853948,1,40697,14
1582853949,1,40697,14
1582853950,1,40697,14
1582853951,1,40697,14
1582853952,1,40697,14
1582853953,1,40697,14
1582853954,1,40697,14
1582853955,0,-1,14
1582853956,1,40697,14
1582853957,1,40697,14
1582853958,1,40697,14
1582853959,1,40697,14
1582853960,1,40697,14
1582853961,1,40697,14
1582853962,1,40697,14
1582853963,0,-1,14
1582853964,1,40697,14
1582853965,1,40697,14
1582853966,1,40697,14
1582853967,1,40697,14
1582853968,1,40697,14
1582853969,1,40697,14
1582853970,1,40697,14
1582853971,1,40697,14
1582853972,0,-1,14
1582853973,0,-1,14
1582853974,1,40697,14
1582853975,1,40697,14
1582853976,1,40697,14
1582853977,1,40697,14
1582853978,1,40697,14
1582853979,1,40697,14
1582853980,0,-1,14
1582853981,1,40697,14
1582853982,1,40697,14
1582853983,1,40697,14
1582853984,1,40697,14
1582853985,1,40697,14
1582853986,1,40697,14
1582853987,0,-1,14
1582853988,1,40697,14
1582853989,1,40697,14
1582853990,1,40697,14
1582853991,1,40697,14
1582853992,1,40697,14
1582853993,1,40697,14
1582853994,1,40697,14
1582853995,1,40697,14
1582853996,1,40697,14
1582853997,0,-1,14
1582853998,1,40697,14
1582853999,1,40697,14
1582854000,1,40697,14
1582854001,0,-1,14
1582854002,1,40697,14
1582854003,1,40697,14
1582854004,1,40697,14
1582854005,0,-1,14
1582854006,1,40697,14
1582854007,1,40697,14
1582854008,1,40697,14
1582854009,1,40697,14
1582854010,1,40697,14
1582854011,1,40697,14
1582854012,1,40697,14
1582854013,1,40697,14
1582854014,0,-1,14
1582854015,0,-1,14
1582854016,1,40697,14
1582854017,1,40697,14
1582854018,1,40697,14
1582854019,1,40697,14
1582854020,1,40697,14
1582854021,0,-1,14
1582854022,1,40697,14
1582854023,1,40697,14
1582854024,1,40697,14
1582854025,1,40697,14
1582854026,1,40697,14
1582854027,1,40697,14
1582854028,1,40697,14
1582854029,0,-1,14
1582854030,1,40697,14
1582854031,1,40697,14
1582854032,1,40697,14
1582854033,1,40697,14
1582854034,1,40697,14
1582854035,1,40697,14
1582854036,1,40697,14
1582854037,0,-1,14
1582854038,1,40697,14
1582854039,1,40697,14
1582854040,1,40697,14
1582854041,1,40697,14
1582854042,1,40697,14
1582854043,0,-1,14
1582854044,1,40697,14
1582854045,1,40697,14
1582854046,1,40697,14
1582854047,0,-1,14
1582854048,1,40697,14
1582854049,1,40697,14
1582854050,1,40697,14
1582854051,1,40697,14
1582854052,1,40697,14
1582854053,1,40697,14
1582854054,1,40697,14
1582854055,0,-1,14
1582854056,1,40697,14
1582854057,0,-1,14
1582854058,1,40697,14
1582854059,1,40697,14
1582854060,1,40697,14
1582854061,1,40697,14
1582854062,1,40697,14
1582854063,0,-1,14
1582854064,1,40697,14
1582854065,1,40697,14
1582854066,1,40697,14
1582854067,1,40697,14
1582854068,1,40697,14
1582854069,1,40697,14
1582854070,1,40697,14
1582854071,0,-1,14
1582854072,1,40697,14
1582854073,1,40697,14
1582854074,1,40697,14
1582854075,1,40697,14
1582854076,1,40697,14
1582854077,1,40697,14
1582854078,1,40697,14
1582854079,1,40697,14
1582854080,0,-1,14
1582854081,1,40697,14
1582854082,1,40697,14
1582854083,1,40697,14
1582854084,1,40697,14
1582854085,0,-1,14
1582854086,1,40697,14
1582854087,1,40697,14
1582854088,0,-1,14
1582854089,1,40697,14
1582854090,1,40697,14
1582854091,1,40697,14
1582854092,1,40697,14
1582854093,1,40697,14
1582854094,1,40697,14
1582854095,1,40697,14
1582854096,1,40697,14
1582854097,0,-1,14
1582854098,1,40697,14
1582854099,1,40697,14
1582854100,1,40697,14
1582854101,1,40697,14
1582854102,1,40697,14
1582854103,1,40697,14
1582854104,1,40697,14
1582854105,1,40697,14
1582854106,0,-1,14
1582854107,1,40697,14
1582854108,1,40697,14
1582854109,1,40697,14
1582854110,1,40697,14
1582854111,1,40697,14
1582854112,1,40697,14
1582854113,0,-1,14
1582854114,1,40697,14
1582854115,1,40697,14
1582854116,1,40697,14
1582854117,1,40697,14
1582854118,1,40697,14
1582854119,1,40697,14
1582854120,1,40697,14
1582854121,1,40697,14
1582854122,1,40697,14
1582854123,1,40697,14
1582854124,1,40697,14
1582854125,0,-1,14
1582854126,1,40697,14
1582854127,0,-1,14
1582854128,1,40697,14
1582854129,1,40697,14
1582854130,1,40697,14
1582854131,1,40697,14
1582854132,1,40697,14
1582854133,1,40697,14
1582854134,0,-1,14
1582854135,1,40697,14
1582854136,1,40697,14
1582854137,1,40697,14
1582854138,1,40697,14
1582854139,1,40697,14
1582854140,1,40697,14
1582854141,0,-1,14
1582854142,1,40697,14
1582854143,1,40697,14
1582854144,1,40697,14
1582854145,1,40697,14
1582854146,1,40697,14
1582854147,1,40697,14
1582854148,1,40697,14
1582854149,0,-1,14
1582854150,1,40697,14
1582854151,1,40697,14
1582854152,1,40697,14
1582854153,1,40697,14
1582854154,1,40697,14
1582854155,0,-1,14
1582854156,1,40697,14
1582854157,1,40697,14
1582854158,1,40697,14
1582854159,1,40697,14
1582854160,1,40697,14
1582854161,1,40697,14
1582854162,1,40697,14
1582854163,1,40697,14
1582854164,1,40697,14
1582854165,0,-1,14
1582854166,1,40697,14
1582854167,1,40697,14
1582854168,1,40697,14
1582854169,0,-1,14
1582854170,1,40697,14
1582854171,1,40697,14
1582854172,1,40697,14
1582854173,1,40697,14
1582854174,0,-1,14
1582854175,1,40697,14
1582854176,1,40697,14
1582854177,1,40697,14
1582854178,1,40697,14
1582854179,1,40697,14
1582854180,1,40697,14
1582854181,1,40697,14
1582854182,1,40697,14
1582854183,0,-1,14
1582854184,1,40697,14
1582854185,1,40697,14
1582854186,1,40697,14
1582854187,1,40697,14
1582854188,1,40697,14
1582854189,1,40697,14
1582854190,1,40697,14
1582854191,0,-1,14
1582854192,1,40697,14
1582854193,1,40697,14
1582854194,1,40697,14
1582854195,1,40697,14
1582854196,1,40697,14
1582854197,0,-1,14
1582854198,1,40697,14
1582854199,1,40697,14
1582854200,1,40697,14
1582854201,1,40697,14
1582854202,1,40697,14
1582854203,1,40697,14
1582854204,1,40697,14
1582854205,1,40697,14
1582854206,1,40697,14
1582854207,0,-1,14
1582854208,1,40697,14
1582854209,1,40697,14
1582854210,1,40697,14
1582854211,1,40697,14
1582854212,1,40697,14
1582854213,1,40697,14
1582854214,1,40697,14
1582854215,0,-1,14
1582854216,1,40697,14
1582854217,1,40697,14
1582854218,1,40697,14
1582854219,1,40697,14
1582854220,1,40697,14
1582854221,1,40697,14
1582854222,1,40697,14
1582854223,0,-1,14
1582854224,1,40697,14
1582854225,0,-1,14
1582854226,1,40697,14
1582854227,1,40697,14
1582854228,1,40697,14
1582854229,1,40697,14
1582854230,1,40697,14
1582854231,0,-1,14
1582854232,1,40697,14
1582854233,1,40697,14
1582854234,1,40697,14
1582854235,1,40697,14
1582854236,1,40697,14
1582854237,1,40697,14
1582854238,1,40697,14
1582854239,1,40697,14
1582854240,0,-1,14
1582854241,1,40697,14
1582854242,1,40697,14
1582854243,1,40697,14
1582854244,1,40697,14
1582854245,1,40697,14
1582854246,1,40697,14
1582854247,1,40697,14
1582854248,1,40697,14
1582854249,0,-1,14
1582854250,1,40697,14
1582854251,1,40697,14
1582854252,1,40697,14
1582854253,0,-1,14
1582854254,1,40697,14
1582854255,1,40697,14
1582854256,1,40697,14
1582854257,0,-1,14
1582854258,1,40697,14
1582854259,1,40697,14
1582854260,1,40697,14
1582854261,1,40697,14
1582854262,1,40697,14
1582854263,1,40697,14
1582854264,1,40697,14
1582854265,0,-1,14
1582854266,1,40697,14
1582854267,0,-1,14
1582854268,1,40697,14
1582854269,1,40697,14
1582854270,1,40697,14
1582854271,1,40697,14
1582854272,1,40697,14
1582854273,0,-1,14
1582854274,1,40697,14
1582854275,1,40697,14
1582854276,1,40697,14
1582854277,1,40697,14
1582854278,1,40697,14
1582854279,1,40697,14
1582854280,1,40697,14
1582854281,0,-1,14
1582854282,1,40697,14
1582854283,1,40697,14
1582854284,1,40697,14
1582854285,1,40697,14
1582854286,1,40697,14
1582854287,1,40697,14
1582854288,1,40697,14
1582854289,0,-1,14
1582854290,1,40697,14
1582854291,1,40697,14
1582854292,1,40697,14
1582854293,1,40697,14
1582854294,1,40697,14
1582854295,1,40697,14
1582854296,1,40697,14
1582854297,1,40697,14
1582854298,1,40697,14
1582854299,1,40697,14
1582854300,1,40697,14
1582864557,1,12,15
1582864558,1,12,15
1582864559,1,12,15
1582864560,1,12,15
1582864561,1,12,15
1582864562,0,12,15
1582864563,1,12,15
1582864564,1,12,15
1582864565,1,12,15
1582864566,0,-1,15
1582864567,1,12,15
1582864568,1,12,15
1582864569,1,12,15
1582864570,1,12,15
1582864571,1,12,15
1582864572,1,12,15
1582864573,1,12,15
1582864574,1,12,15
1582864575,1,12,15
1582864576,1,12,15
1582864577,1,12,15
1582864578,1,12,15
1582864579,0,-1,15
1582864580,1,12,15
1582864581,1,12,15
1582864582,1,12,15
1582864583,1,12,15
1582864584,1,12,15
1582864585,1,12,15
1582864586,1,12,15
1582864587,1,12,15
1582864588,1,12,15
1582864589,0,-1,15
1582864590,1,12,15
1582864591,1,12,15
1582864592,1,12,15
1582864593,1,12,15
1582864594,1,12,15
1582864595,1,12,15
1582864596,1,12,15
1582864597,1,12,15
1582864598,1,12,15
1582864599,1,12,15
1582864600,0,-1,15
1582864601,1,12,15
1582864602,1,12,15
1582864603,0,-1,15
1582864604,1,12,15
1582864605,1,12,15
1582864606,1,12,15
1582864607,1,12,15
1582864608,0,-1,15
1582864609,1,12,15
1582864610,1,12,15
1582864611,1,12,15
1582864612,1,12,15
1582864613,1,12,15
1582864614,1,12,15
1582864615,1,12,15
1582864616,0,-1,15
1582864617,0,-1,15
1582864618,1,12,15
1582864619,1,12,15
1582864620,1,12,15
1582864621,1,12,15
1582864622,1,12,15
1582864623,1,12,15
1582864624,1,12,15
1582864625,1,12,15
1582864626,1,12,15
1582864627,0,-1,15
1582864628,1,12,15
1582864629,1,12,15
1582864630,1,12,15
1582864631,0,-1,15
1582864632,1,12,15
1582864633,1,12,15
1582864634,1,12,15
1582864635,1,12,15
1582864636,0,-1,15
1582864637,1,12,15
1582864638,1,12,15
1582864639,1,12,15
1582864640,1,12,15
1582864641,1,11,15
1582864642,1,11,15
1582864643,1,12,15
1582864644,0,-1,15
1582864645,0,-1,15
1582864646,1,12,15
1582864647,1,12,15
1582864648,1,12,15
1582864649,1,12,15
1582864650,1,12,15
1582864651,1,12,15
1582864652,0,-1,15
1582864653,1,12,15
1582864654,1,12,15
1582864655,1,12,15
1582864656,1,12,15
1582864657,1,12,15
1582864658,1,12,15
1582864659,1,12,15
1582864660,1,12,15
1582864661,0,-1,15
1582864662,1,12,15
1582864663,1,12,15
1582864664,1,12,15
1582864665,1,12,15
1582864666,1,12,15
1582864667,1,12,15
1582864668,1,12,15
1582864669,1,12,15
1582864670,0,-1,15
1582864671,1,12,15
1582864672,1,12,15
1582864673,1,12,15
1582864674,1,12,15
1582864675,1,12,15
1582864676,1,12,15
1582864677,1,12,15
1582864678,1,12,15
1582864679,1,12,15
1582864680,1,12,15
1582864681,0,-1,15
1582864682,1,12,15
1582864683,1,12,15
1582864684,1,12,15
1582864685,1,12,15
1582864686,0,-1,15
1582864687,1,11,15
1582864688,1,11,15
1582864689,1,11,15
1582864690,1,12,15
1582864691,0,-1,15
1582864692,1,12,15
1582864693,1,12,15
1582864694,1,12,15
1582864695,1,11,15
1582864696,1,11,15
1582864697,1,11,15
1582864698,1,11,15
1582864699,0,-1,15
1582864700,1,11,15
1582864701,1,11,15
1582864702,1,11,15
1582864703,1,11,15
1582864704,1,11,15
1582864705,1,11,15
1582864706,1,11,15
1582864707,1,11,15
1582864708,0,-1,15
1582864709,1,11,15
1582864710,1,11,15
1582864711,1,11,15
1582864712,1,11,15
1582864713,1,11,15
1582864714,1,11,15
1582864715,1,11,15
1582864716,1,11,15
1582864717,0,-1,15
1582864718,1,11,15
1582864719,1,11,15
1582864720,1,11,15
1582864721,1,11,15
1582864722,1,11,15
1582864723,1,11,15
1582864724,1,11,15
1582864725,1,11,15
1582864726,0,-1,15
1582864727,1,11,15
1582864728,1,11,15
1582864729,1,11,15
1582864730,1,11,15
1582864731,1,11,15
1582864732,1,11,15
1582864733,1,11,15
1582864734,0,-1,15
1582864735,1,11,15
1582864736,1,11,15
1582864737,1,11,15
1582864738,1,11,15
1582864739,1,11,15
1582864740,1,11,15
1582864741,1,11,15
1582864742,1,11,15
1582864743,1,11,15
1582864744,1,11,15
1582864745,1,11,15
1582864746,1,11,15
1582864747,1,11,15
1582864748,1,11,15
1582864749,1,11,15
1582864750,1,11,15
1582864751,0,-1,15
1582864752,1,12,15
1582864753,1,12,15
1582864754,1,12,15
1582864755,0,-1,15
1582864756,1,12,15
1582864757,1,12,15
1582864758,1,11,15
1582864759,1,11,15
1582864760,0,-1,15
1582864761,1,11,15
1582864762,1,11,15
1582864763,1,11,15
1582864764,1,11,15
1582864765,1,11,15
1582864766,1,11,15
1582864767,1,11,15
1582864768,1,11,15
1582864769,0,-1,15
1582864770,1,11,15
1582864771,1,11,15
1582864772,1,11,15
1582864773,1,11,15
1582864774,1,11,15
1582864775,1,11,15
1582864776,1,11,15
1582864777,1,11,15
1582864778,0,-1,15
1582864779,1,11,15
1582864780,1,11,15
1582864781,1,11,15
1582864782,1,11,15
1582864783,0,-1,15
1582864784,1,11,15
1582864785,1,11,15
1582864786,1,11,15
1582864787,0,-1,15
1582864788,1,11,15
1582864789,1,11,15
1582864790,1,11,15
1582864791,1,11,15
1582864792,1,11,15
1582864793,1,11,15
1582864794,1,11,15
1582864795,1,11,15
1582864796,0,-1,15
1582864797,0,-1,15
1582864798,1,11,15
1582864799,1,11,15
1582864800,1,11,15
1582864801,1,11,15
1582864802,1,11,15
1582864803,1,11,15
1582864804,1,11,15
1582864805,1,11,15
1582864806,1,11,15
1582864807,1,11,15
1582864808,1,11,15
1582864809,1,11,15
1582864810,1,11,15
1582864811,1,11,15
1582864812,1,11,15
1582864813,1,11,15
1582864814,1,11,15
1582864815,1,12,15
1582864816,1,12,15
1582864817,1,11,15
1582864818,1,11,15
1582864819,1,11,15
1582864820,1,11,15
1582864821,0,-1,15
1582864822,1,12,15
1582864823,1,12,15
1582864824,1,12,15
1582864825,1,12,15
1582864826,1,12,15
1582864827,1,12,15
1582864828,1,12,15
1582864829,1,12,15
1582864830,0,-1,15
1582864831,1,12,15
1582864832,1,12,15
1582864833,1,12,15
1582864834,1,12,15
1582864835,1,12,15
1582864836,1,12,15
1582864837,1,12,15
1582864838,1,12,15
1582864839,1,12,15
1582864840,1,12,15
1582864841,1,12,15
1582864842,1,12,15
1582864843,1,12,15
1582864844,1,12,15
1582864845,1,12,15
1582864846,1,11,15
1582864847,1,11,15
1582864848,1,11,15
1582864849,0,-1,15
1582864850,0,-1,15
1582864851,1,11,15
1582864852,1,11,15
1582864853,1,11,15
1582864854,1,11,15
1582864855,1,11,15
1582864856,1,11,15
1582864857,1,11,15
1582864858,1,11,15
1582864859,0,-1,15
1582864860,1,11,15
1582864861,1,11,15
1582864862,1,11,15
1582864863,1,11,15
1582864864,1,11,15
1582864865,1,11,15
1582864866,1,11,15
1582864867,1,11,15
1582864868,1,11,15
1582864869,0,-1,15
1582864870,1,11,15
1582864871,1,11,15
1582864872,1,11,15
1582864873,1,11,15
1582864874,1,11,15
1582864875,1,11,15
1582864876,1,11,15
1582864877,1,11,15
1582864878,0,-1,15
1582864879,1,11,15
1582864880,0,-1,15
1582864881,1,11,15
1582864882,1,41,15
1582864883,1,41,15
1582864884,1,3771,15
1582864885,1,3771,15
1582864886,0,-1,15
1582864887,0,-1,15
1582864888,1,21001,15
1582864889,0,21001,15
1582864890,1,21001,15
1582864891,1,41001,15
1582864892,1,41001,15
1582864893,1,41001,15
1582864894,0,-1,15
1582864895,1,41001,15
1582864896,1,41001,15
1582864897,1,41001,15
1582864898,1,41001,15
1582864899,1,41001,15
1582864900,1,41001,15
1582864901,1,41001,15
1582864902,1,41001,15
1582864903,0,-1,15
1582864904,1,41001,15
1582864905,1,41001,15
1582864906,1,41001,15
1582864907,1,41001,15
1582864908,1,41001,15
1582864909,1,41001,15
1582864910,1,41001,15
1582864911,1,41001,15
1582864912,1,41001,15
1582864913,0,-1,15
1582864914,1,41001,15
1582864915,1,41001,15
1582864916,1,41001,15
1582864917,1,41001,15
1582864918,1,41001,15
1582864919,1,41001,15
1582864920,1,41001,15
1582864921,1,41001,15
1582864922,0,-1,15
1582864923,0,-1,15
1582864924,1,41001,15
1582864925,1,41001,15
1582864926,1,41001,15
1582864927,1,41001,15
1582864928,1,41001,15
1582864929,1,41001,15
1582864930,1,41001,15
1582864931,1,41001,15
1582864932,0,-1,15
1582864933,1,41001,15
1582864934,1,41001,15
1582864935,1,41001,15
1582864936,1,41001,15
1582864937,1,41001,15
1582864938,1,41001,15
1582864939,1,41001,15
1582864940,1,41001,15
1582864941,1,41001,15
1582864942,0,-1,15
1582864943,1,41001,15
1582864944,1,41001,15
1582864945,1,41001,15
1582864946,1,41001,15
1582864947,1,41001,15
1582864948,1,41001,15
1582864949,1,41001,15
1582864950,1,41001,15
1582864951,0,-1,15
1582864952,0,-1,15
1582864953,1,41001,15
1582864954,1,41001,15
1582864955,1,41001,15
1582864956,1,41001,15
1582864957,1,41001,15
1582864958,1,41001,15
1582864959,1,41001,15
1582864960,1,41001,15
1582864961,0,-1,15
1582864962,1,41001,15
1582864963,1,41001,15
1582864964,1,41001,15
1582864965,1,41001,15
1582864966,1,41001,15
1582864967,1,41001,15
1582864968,1,41001,15
1582864969,1,41001,15
1582864970,1,41001,15
1582864971,0,-1,15
1582864972,1,41001,15
1582864973,1,41001,15
1582864974,1,41001,15
1582864975,1,41001,15
1582864976,1,41001,15
1582864977,1,41001,15
1582864978,1,41001,15
1582864979,1,41001,15
1582864980,0,-1,15
1582864981,1,41001,15
1582864982,1,41001,15
1582864983,1,41001,15
1582864984,1,41001,15
1582864985,1,41001,15
1582864986,1,41001,15
1582864987,1,41001,15
1582864988,1,41001,15
1582864989,1,41001,15
1582864990,0,-1,15
1582864991,1,41001,15
1582864992,1,41001,15
1582864993,1,41001,15
1582864994,1,41001,15
1582864995,0,-1,15
1582864996,1,41001,15
1582864997,1,41001,15
1582864998,1,41001,15
1582864999,0,-1,15
1582865000,1,41001,15
1582865001,1,41001,15
1582865002,1,41001,15
1582865003,1,41001,15
1582865004,1,41001,15
1582865005,1,41001,15
1582865006,1,41001,15
1582865007,1,41001,15
1582865008,1,41001,15
1582865009,1,41001,15
1582865010,0,-1,15
1582865011,1,41001,15
1582865012,1,41001,15
1582865013,1,41001,15
1582865014,1,41001,15
1582865015,1,41001,15
1582865016,1,41001,15
1582865017,1,41001,15
1582865018,1,41001,15
1582865019,0,-1,15
1582865020,0,-1,15
1582865021,1,41001,15
1582865022,1,41001,15
1582865023,0,-1,15
1582865024,1,41001,15
1582865025,1,41001,15
1582865026,1,41001,15
1582865027,1,41001,15
1582865028,1,41001,15
1582865029,1,41001,15
1582865030,0,-1,15
1582865031,1,41001,15
1582865032,1,41001,15
1582865033,1,41001,15
1582865034,1,41001,15
1582865035,1,41001,15
1582865036,1,41001,15
1582865037,1,41001,15
1582865038,1,41001,15
1582865039,1,41001,15
1582865040,1,41001,15
1582865041,1,41001,15
1582865042,1,41001,15
1582865043,1,41001,15
1582865044,1,41001,15
1582865045,1,41001,15
1582865046,1,41001,15
1582865047,1,41001,15
1582865048,1,41001,15
1582865049,1,41001,15
1582865050,0,-1,15
1582865051,0,-1,15
1582865052,1,41001,15
1582865053,1,41001,15
1582865054,1,41001,15
1582865055,1,41001,15
1582865056,1,41001,15
1582865057,1,41001,15
1582865058,1,41001,15
1582865059,1,41001,15
1582865060,0,-1,15
1582865061,1,41001,15
1582865062,1,41001,15
1582865063,1,41001,15
1582865064,1,41001,15
1582865065,0,-1,15
1582865066,1,41001,15
1582865067,1,41001,15
1582865068,1,41001,15
1582865069,1,41001,15
1582865070,0,-1,15
1582865071,1,41001,15
1582865072,1,41001,15
1582865073,1,41001,15
1582865074,1,41001,15
1582865075,1,41001,15
1582865076,1,41001,15
1582865077,1,41001,15
1582865078,1,41001,15
1582865079,1,41001,15
1582865080,1,41001,15
1582865081,1,41001,15
1582865082,1,41001,15
1582865083,1,41001,15
1582865084,1,41001,15
1582865085,1,41001,15
1582865086,1,41001,15
1582865087,1,41001,15
1582865088,1,41001,15
1582865089,1,41001,15
1582865090,0,-1,15
1582865091,1,41001,15
1582865092,1,41001,15
1582865093,0,-1,15
1582865094,1,41001,15
1582865095,1,41001,15
1582865096,1,41001,15
1582865097,1,41001,15
1582865098,1,41001,15
1582865099,1,41001,15
1582865100,0,-1,15
1582865101,1,41001,15
1582865102,1,41001,15
1582865103,1,10505,15
1582865104,1,10505,15
1582865105,1,10505,15
1582865106,1,10505,15
1582865107,0,-1,15
1582865108,1,10505,15
1582865109,1,10505,15
1582865110,1,10505,15
1582865111,1,10505,15
1582865112,1,10505,15
1582865113,1,10505,15
1582865114,1,10505,15
1582865115,1,10505,15
1582865116,1,10505,15
1582865117,1,10505,15
1582865118,1,10505,15
1582865119,0,-1,15
1582865120,1,10505,15
1582865121,0,-1,15
1582865122,1,10505,15
1582865123,1,10505,15
1582865124,1,10505,15
1582865125,1,10505,15
1582865126,1,10505,15
1582865127,1,10505,15
1582865128,1,10505,15
1582865129,0,-1,15
1582865130,1,10505,15
1582865131,1,10505,15
1582865132,1,10505,15
1582865133,1,10505,15
1582865134,1,10505,15
1582865135,1,10505,15
1582865136,1,10505,15
1582865137,1,10505,15
1582865138,1,10505,15
1582865139,0,-1,15
1582865140,1,10505,15
1582865141,1,10505,15
1582865142,1,10505,15
1582865143,1,10505,15
1582865144,1,10505,15
1582865145,1,10505,15
1582865146,1,10505,15
1582865147,1,10505,15
1582865148,1,10505,15
1582865149,0,-1,15
1582865150,1,10505,15
1582865151,1,10505,15
1582865152,1,10505,15
1582865153,1,10505,15
1582865154,1,10505,15
1582865155,1,10505,15
1582865156,1,10505,15
1582865157,1,10505,15
1582865158,1,10505,15
1582865159,0,-1,15
1582865160,1,10505,15
1582865161,1,10505,15
1582865162,1,10505,15
1582865163,0,-1,15
1582865164,1,10505,15
1582865165,1,10505,15
1582865166,1,10505,15
1582865167,1,10505,15
1582865168,0,-1,15
1582865169,0,-1,15
1582865170,1,10505,15
1582865171,1,10505,15
1582865172,1,10505,15
1582865173,1,10505,15
1582865174,1,10505,15
1582865175,1,10505,15
1582865176,1,10505,15
1582865177,1,10505,15
1582865178,0,-1,15
1582865179,1,10505,15
1582865180,1,10505,15
1582865181,1,10505,15
1582865182,1,10505,15
1582865183,1,10505,15
1582865184,1,10505,15
1582865185,1,10505,15
1582865186,1,10505,15
1582865187,0,-1,15
1582865188,1,10505,15
1582865189,1,10505,15
1582865190,1,10505,15
1582865191,1,10505,15
1582865192,0,-1,15
1582865193,1,10505,15
1582865194,1,10505,15
1582865195,1,10505,15
1582865196,1,10505,15
1582865197,0,-1,15
1582865198,1,10505,15
1582865199,1,10505,15
1582865200,1,10505,15
1582865201,1,10505,15
1582865202,1,10505,15
1582865203,1,10505,15
1582865204,1,10505,15
1582865205,1,10505,15
1582865206,0,-1,15
1582865207,0,-1,15
1582865208,1,10505,15
1582865209,1,10505,15
1582865210,1,10505,15
1582865211,1,10505,15
1582865212,1,10505,15
1582865213,1,10505,15
1582865214,1,10505,15
1582865215,1,10505,15
1582865216,0,-1,15
1582865217,1,10505,15
1582865218,1,10505,15
1582865219,1,10505,15
1582865220,0,-1,15
1582865221,1,10505,15
1582865222,1,10505,15
1582865223,1,10505,15
1582865224,1,10505,15
1582865225,1,10505,15
1582865226,0,-1,15
1582865227,1,10505,15
1582865228,1,10505,15
1582865229,1,10505,15
1582865230,1,10505,15
1582865231,1,10505,15
1582865232,1,10505,15
1582865233,1,10505,15
1582865234,1,10505,15
1582865235,1,10505,15
1582865236,0,-1,15
1582865237,1,10505,15
1582865238,1,10505,15
1582865239,1,10505,15
1582865240,1,10505,15
1582865241,1,10505,15
1582865242,1,10505,15
1582865243,1,10505,15
1582865244,1,10505,15
1582865245,1,10505,15
1582865246,0,-1,15
1582865247,1,10505,15
1582865248,1,10505,15
1582865249,0,-1,15
1582865250,1,10505,15
1582865251,1,10505,15
1582865252,1,10505,15
1582865253,1,10505,15
1582865254,1,10505,15
1582865255,0,-1,15
1582865256,1,10505,15
1582865257,1,10505,15
1582865258,1,10505,15
1582865259,1,10505,15
1582865260,1,10505,15
1582865261,1,10505,15
1582865262,1,10505,15
1582865263,1,10505,15
1582865264,1,10505,15
1582865265,0,-1,15
1582865266,1,10505,15
1582865267,1,10505,15
1582865268,1,10505,15
1582865269,1,10505,15
1582865270,1,10505,15
1582865271,1,10505,15
1582865272,1,10505,15
1582865273,1,10505,15
1582865274,1,10505,15
1582865275,0,-1,15
1582865276,1,10505,15
1582865277,1,10505,15
1582865278,0,-1,15
1582865279,1,10505,15
1582865280,1,10505,15
1582865281,1,10505,15
1582865282,1,10505,15
1582865283,1,10505,15
1582865284,0,-1,15
1582865285,1,10505,15
1582865286,1,10505,15
1582865287,1,10505,15
1582865288,1,10505,15
1582865289,1,10505,15
1582865290,1,10505,15
1582865291,1,10505,15
1582865292,1,10505,15
1582865293,1,10505,15
1582865294,1,10505,15
1582865295,1,10505,15
1582865296,1,10505,15
1582865297,1,10505,15
1582865298,1,10505,15
1582865299,1,10505,15
1582865300,1,10505,15
1582865301,1,10505,15
1582865302,1,10505,15
1582865303,1,10505,15
1582865304,1,10505,15
1582865305,1,10505,15
1582865306,1,10505,15
1582865307,0,-1,15
1582865308,0,-1,15
1582865309,1,10505,15
1582865310,1,10505,15
1582865311,1,10505,15
1582865312,1,10505,15
1582865313,1,10505,15
1582865314,1,10505,15
1582865315,1,10505,15
1582865316,1,10505,15
1582865317,0,-1,15
1582865318,1,10505,15
1582865319,1,10505,15
1582865320,1,10505,15
1582865321,1,10505,15
1582865322,0,-1,15
1582865323,1,10505,15
1582865324,1,10505,15
1582865325,1,10505,15
1582865326,0,-1,15
1582865327,1,10505,15
1582865328,1,10505,15
1582865329,1,10505,15
1582865330,1,10505,15
1582865331,1,10505,15
1582865332,1,10505,15
1582865333,1,10505,15
1582865334,1,10505,15
1582865335,1,10505,15
1582865336,0,-1,15
1582865337,0,-1,15
1582865338,1,10505,15
1582865339,1,10505,15
1582865340,1,10505,15
1582865341,1,10505,15
1582865342,1,10505,15
1582865343,1,10505,15
1582865344,1,10505,15
1582865345,1,10505,15
1582865346,0,-1,15
1582865347,1,10505,15
1582865348,1,10505,15
1582865349,1,10505,15
1582865350,0,-1,15
1582865351,1,10505,15
1582865352,1,10505,15
1582865353,1,10505,15
1582865354,1,10505,15
1582865355,0,-1,15
1582865356,1,10505,15
1582865357,1,10505,15
1582865358,1,10505,15
1582865359,1,10505,15
1582865360,1,10505,15
1582865361,1,10505,15
1582865362,1,10505,15
1582865363,1,10505,15
1582865364,1,10505,15
1582865365,0,-1,15
1582865366,0,-1,15
1582865367,1,10505,15
1582865368,1,10505,15
1582865369,1,10505,15
1582865370,1,10505,15
1582865371,1,10505,15
1582865372,1,10505,15
1582865373,1,10505,15
1582865374,1,10505,15
1582865375,0,-1,15
1582865376,1,10505,15
1582865377,1,10505,15
1582865378,1,10505,15
1582865379,0,-1,15
1582865380,1,10505,15
1582865381,1,10505,15
1582865382,1,10505,15
1582865383,1,10505,15
1582865384,0,-1,15
1582865385,1,10505,15
1582865386,1,10505,15
1582865387,1,10505,15
1582865388,1,10505,15
1582865389,1,10505,15
1582865390,1,10505,15
1582865391,1,10505,15
1582865392,1,10505,15
1582865393,0,-1,15
1582865394,0,-1,15
1582865395,1,10505,15
1582865396,1,10505,15
1582865397,1,10505,15
1582865398,1,10505,15
1582865399,1,10505,15
1582865400,1,10505,15
1582865401,1,10505,15
1582865402,1,10505,15
1582865403,1,10505,15
1582865404,0,-1,15
1582865405,1,10505,15
1582865406,0,10505,15
