model,mode,probe,image_id,level,n_persons_gt,rep,n_input,n_generated,n_think_tokens,n_answer_tokens,latency_ms,tokens_per_second,budget_hit,think_closed,termination_class,parsed_answer,parse_status,correct
qwen3vl4b,instruct,main,578489,L3,7,0,348,2,0,2,342.4,5.8,False,False,complete,8,ok,False
qwen3vl4b,instruct,main,114049,L3,6,2,348,2,0,2,91.9,21.8,False,False,complete,5,ok,False
qwen3vl4b,instruct,main,6771,L4,8,0,348,2,0,2,93.1,21.5,False,False,complete,7,ok,False
qwen3vl4b,instruct,main,330396,L3,5,2,348,2,0,2,92.7,21.6,False,False,complete,4,ok,False
qwen3vl4b,instruct,main,477441,L2,3,1,348,2,0,2,92.6,21.6,False,False,complete,0,ok,False
qwen3vl4b,instruct,main,562207,L2,3,2,348,2,0,2,92.5,21.6,False,False,complete,3,ok,True
qwen3vl4b,instruct,main,480985,L4,8,0,348,2,0,2,93.0,21.5,False,False,complete,3,ok,False
qwen3vl4b,instruct,main,246883,L2,2,1,348,2,0,2,93.1,21.5,False,False,complete,2,ok,True
qwen3vl4b,instruct,main,390826,L1,1,2,348,2,0,2,92.8,21.5,False,False,complete,1,ok,True
qwen3vl4b,instruct,main,201426,L2,2,0,348,2,0,2,93.2,21.4,False,False,complete,2,ok,True
qwen3vl4b,instruct,main,480985,L4,8,2,348,2,0,2,92.9,21.5,False,False,complete,3,ok,False
qwen3vl4b,instruct,main,1761,L3,5,2,348,2,0,2,92.9,21.5,False,False,complete,0,ok,False
qwen3vl4b,instruct,main,361147,L4,9,2,348,2,0,2,92.8,21.6,False,False,complete,7,ok,False
qwen3vl4b,instruct,main,55167,L3,6,1,348,2,0,2,93.0,21.5,False,False,complete,2,ok,False
qwen3vl4b,instruct,main,83172,L2,3,1,348,2,0,2,93.0,21.5,False,False,complete,3,ok,True
qwen3vl4b,instruct,main,2006,L2,3,0,348,2,0,2,92.6,21.6,False,False,complete,2,ok,False
qwen3vl4b,instruct,main,470924,L4,14,1,348,2,0,2,92.7,21.6,False,False,complete,4,ok,False
qwen3vl4b,instruct,main,394199,L1,1,0,348,2,0,2,93.2,21.5,False,False,complete,1,ok,True
qwen3vl4b,instruct,main,32334,L3,5,2,348,2,0,2,92.7,21.6,False,False,complete,4,ok,False
qwen3vl4b,instruct,main,89648,L4,11,0,348,3,0,3,111.8,26.8,False,False,complete,12,ok,False
qwen3vl4b,instruct,main,527528,L2,2,1,348,2,0,2,92.3,21.7,False,False,complete,0,ok,False
qwen3vl4b,instruct,main,180487,L2,2,0,348,2,0,2,92.6,21.6,False,False,complete,2,ok,True
qwen3vl4b,instruct,main,284764,L1,1,2,348,2,0,2,93.1,21.5,False,False,complete,1,ok,True
qwen3vl4b,instruct,main,126137,L4,13,0,348,3,0,3,112.9,26.6,False,False,complete,10,ok,False
qwen3vl4b,instruct,main,277020,L3,4,0,348,2,0,2,92.5,21.6,False,False,complete,4,ok,True
qwen3vl4b,instruct,main,31093,L2,3,1,348,2,0,2,92.8,21.5,False,False,complete,2,ok,False
qwen3vl4b,instruct,main,130699,L3,7,0,348,2,0,2,93.2,21.5,False,False,complete,6,ok,False
qwen3vl4b,instruct,main,201426,L2,2,2,348,2,0,2,93.4,21.4,False,False,complete,2,ok,True
qwen3vl4b,instruct,main,402774,L1,1,2,348,2,0,2,94.4,21.2,False,False,complete,1,ok,True
qwen3vl4b,instruct,main,169076,L2,2,1,348,2,0,2,95.9,20.8,False,False,complete,2,ok,True
qwen3vl4b,instruct,main,506656,L1,1,0,348,2,0,2,95.0,21.1,False,False,complete,1,ok,True
qwen3vl4b,instruct,main,1584,L4,11,0,348,2,0,2,95.0,21.1,False,False,complete,2,ok,False
qwen3vl4b,instruct,main,417249,L3,5,2,348,2,0,2,94.1,21.3,False,False,complete,4,ok,False
qwen3vl4b,instruct,main,455555,L2,2,0,348,2,0,2,94.0,21.3,False,False,complete,2,ok,True
qwen3vl4b,instruct,main,506656,L1,1,2,348,2,0,2,94.5,21.2,False,False,complete,1,ok,True
qwen3vl4b,instruct,main,89296,L2,2,1,348,2,0,2,93.4,21.4,False,False,complete,2,ok,True
qwen3vl4b,instruct,main,14439,L4,14,0,348,3,0,3,113.0,26.5,False,False,complete,10,ok,False
qwen3vl4b,instruct,main,274066,L3,5,2,348,2,0,2,93.2,21.5,False,False,complete,4,ok,False
qwen3vl4b,instruct,main,497344,L1,1,0,348,2,0,2,93.1,21.5,False,False,complete,1,ok,True
qwen3vl4b,instruct,main,274066,L3,5,0,348,2,0,2,93.5,21.4,False,False,complete,4,ok,False
qwen3vl4b,instruct,main,450303,L3,6,1,348,2,0,2,92.9,21.5,False,False,complete,6,ok,True
qwen3vl4b,instruct,main,111086,L3,4,2,348,2,0,2,93.1,21.5,False,False,complete,0,ok,False
qwen3vl4b,instruct,main,390826,L1,1,0,348,2,0,2,93.4,21.4,False,False,complete,1,ok,True
qwen3vl4b,instruct,main,464824,L1,1,0,348,2,0,2,93.2,21.4,False,False,complete,1,ok,True
qwen3vl4b,instruct,main,464824,L1,1,2,348,2,0,2,93.3,21.4,False,False,complete,1,ok,True
qwen3vl4b,instruct,main,132544,L4,10,2,348,2,0,2,93.2,21.5,False,False,complete,7,ok,False
qwen3vl4b,instruct,main,295420,L1,1,2,348,2,0,2,92.6,21.6,False,False,complete,1,ok,True
qwen3vl4b,instruct,main,323496,L3,6,0,348,2,0,2,93.5,21.4,False,False,complete,5,ok,False
qwen3vl4b,instruct,main,84477,L1,1,2,348,2,0,2,93.0,21.5,False,False,complete,1,ok,True
qwen3vl4b,instruct,main,18150,L2,2,2,348,2,0,2,93.1,21.5,False,False,complete,2,ok,True
qwen3vl4b,instruct,main,224664,L4,8,1,348,2,0,2,93.3,21.4,False,False,complete,2,ok,False
qwen3vl4b,instruct,main,36936,L2,2,2,348,2,0,2,92.9,21.5,False,False,complete,2,ok,True
qwen3vl4b,instruct,main,481390,L4,14,2,348,3,0,3,113.1,26.5,False,False,complete,12,ok,False
qwen3vl4b,instruct,main,170613,L2,2,0,348,2,0,2,92.6,21.6,False,False,complete,2,ok,True
qwen3vl4b,instruct,main,96493,L1,1,0,348,2,0,2,93.5,21.4,False,False,complete,1,ok,True
qwen3vl4b,instruct,main,507037,L4,14,0,348,3,0,3,113.0,26.5,False,False,complete,13,ok,False
qwen3vl4b,instruct,main,74200,L3,6,2,348,2,0,2,92.7,21.6,False,False,complete,0,ok,False
qwen3vl4b,instruct,main,89648,L4,11,2,348,3,0,3,112.9,26.6,False,False,complete,12,ok,False
qwen3vl4b,instruct,main,554595,L1,1,2,348,2,0,2,93.2,21.5,False,False,complete,1,ok,True
qwen3vl4b,instruct,main,464824,L1,1,1,348,2,0,2,97.6,20.5,False,False,complete,1,ok,True
qwen3vl4b,instruct,main,188296,L3,7,1,348,2,0,2,95.1,21.0,False,False,complete,8,ok,False
qwen3vl4b,instruct,main,295420,L1,1,1,348,2,0,2,93.2,21.5,False,False,complete,1,ok,True
qwen3vl4b,instruct,main,561256,L1,1,1,348,2,0,2,93.1,21.5,False,False,complete,1,ok,True
qwen3vl4b,instruct,main,442456,L2,2,1,348,2,0,2,92.9,21.5,False,False,complete,2,ok,True
qwen3vl4b,instruct,main,122672,L1,1,1,348,2,0,2,93.4,21.4,False,False,complete,1,ok,True
qwen3vl4b,instruct,main,139077,L1,1,2,348,2,0,2,93.7,21.3,False,False,complete,1,ok,True
qwen3vl4b,instruct,main,2006,L2,3,1,348,2,0,2,94.0,21.3,False,False,complete,2,ok,False
qwen3vl4b,instruct,main,285047,L1,1,1,348,2,0,2,95.5,21.0,False,False,complete,1,ok,True
qwen3vl4b,instruct,main,82715,L1,1,0,348,2,0,2,93.9,21.3,False,False,complete,1,ok,True
qwen3vl4b,instruct,main,568195,L2,3,0,348,2,0,2,93.8,21.3,False,False,complete,3,ok,True
qwen3vl4b,instruct,main,528314,L4,9,0,348,3,0,3,113.8,26.4,False,False,complete,10,ok,False
qwen3vl4b,instruct,main,366884,L1,1,0,348,2,0,2,94.1,21.3,False,False,complete,1,ok,True
qwen3vl4b,instruct,main,481390,L4,14,0,348,3,0,3,113.7,26.4,False,False,complete,12,ok,False
qwen3vl4b,instruct,main,111086,L3,4,1,348,2,0,2,94.9,21.1,False,False,complete,0,ok,False
qwen3vl4b,instruct,main,246883,L2,2,2,348,2,0,2,93.2,21.5,False,False,complete,2,ok,True
qwen3vl4b,instruct,main,359833,L1,1,0,348,2,0,2,93.0,21.5,False,False,complete,1,ok,True
qwen3vl4b,instruct,main,84477,L1,1,1,348,2,0,2,93.1,21.5,False,False,complete,1,ok,True
qwen3vl4b,instruct,main,14439,L4,14,1,348,3,0,3,113.2,26.5,False,False,complete,10,ok,False
qwen3vl4b,instruct,main,55167,L3,6,0,348,2,0,2,92.6,21.6,False,False,complete,2,ok,False
qwen3vl4b,instruct,main,111086,L3,4,0,348,2,0,2,93.1,21.5,False,False,complete,0,ok,False
qwen3vl4b,instruct,main,173799,L2,2,2,348,2,0,2,93.1,21.5,False,False,complete,2,ok,True
qwen3vl4b,instruct,main,500478,L4,14,2,348,3,0,3,112.8,26.6,False,False,complete,12,ok,False
qwen3vl4b,instruct,main,265816,L1,1,0,348,2,0,2,92.9,21.5,False,False,complete,1,ok,True
qwen3vl4b,instruct,main,568195,L2,3,1,348,2,0,2,93.4,21.4,False,False,complete,3,ok,True
qwen3vl4b,instruct,main,394199,L1,1,2,348,2,0,2,92.8,21.5,False,False,complete,1,ok,True
qwen3vl4b,instruct,main,3255,L3,6,0,348,2,0,2,94.6,21.1,False,False,complete,5,ok,False
qwen3vl4b,instruct,main,102820,L1,1,1,348,2,0,2,93.3,21.4,False,False,complete,1,ok,True
qwen3vl4b,instruct,main,62355,L3,5,0,348,2,0,2,93.6,21.4,False,False,complete,4,ok,False
qwen3vl4b,instruct,main,25386,L2,3,0,348,2,0,2,93.7,21.3,False,False,complete,2,ok,False
qwen3vl4b,instruct,main,188296,L3,7,0,348,2,0,2,93.2,21.5,False,False,complete,8,ok,False
qwen3vl4b,instruct,main,98287,L4,14,0,348,3,0,3,113.9,26.3,False,False,complete,10,ok,False
qwen3vl4b,instruct,main,265816,L1,1,2,348,2,0,2,95.9,20.9,False,False,complete,1,ok,True
qwen3vl4b,instruct,main,220764,L1,1,1,348,2,0,2,93.0,21.5,False,False,complete,1,ok,True
qwen3vl4b,instruct,main,208363,L4,14,1,348,3,0,3,112.8,26.6,False,False,complete,15,ok,False
qwen3vl4b,instruct,main,357816,L3,4,1,348,2,0,2,92.9,21.5,False,False,complete,5,ok,False
qwen3vl4b,instruct,main,497344,L1,1,2,348,2,0,2,93.3,21.4,False,False,complete,1,ok,True
qwen3vl4b,instruct,main,554002,L4,10,1,348,2,0,2,93.4,21.4,False,False,complete,6,ok,False
qwen3vl4b,instruct,main,277020,L3,4,1,348,2,0,2,93.0,21.5,False,False,complete,4,ok,True
qwen3vl4b,instruct,main,327701,L3,4,1,348,2,0,2,93.3,21.4,False,False,complete,3,ok,False
qwen3vl4b,instruct,main,309173,L1,1,2,348,2,0,2,93.7,21.3,False,False,complete,0,ok,False
qwen3vl4b,instruct,main,89296,L2,2,2,348,2,0,2,93.3,21.4,False,False,complete,2,ok,True
qwen3vl4b,instruct,main,442456,L2,2,0,348,2,0,2,93.5,21.4,False,False,complete,2,ok,True
qwen3vl4b,instruct,main,548246,L3,4,2,348,2,0,2,93.6,21.4,False,False,complete,4,ok,True
qwen3vl4b,instruct,main,470924,L4,14,0,348,2,0,2,93.4,21.4,False,False,complete,4,ok,False
qwen3vl4b,instruct,main,192670,L4,9,1,348,2,0,2,93.7,21.3,False,False,complete,7,ok,False
qwen3vl4b,instruct,main,269121,L1,1,0,348,2,0,2,96.3,20.8,False,False,complete,1,ok,True
qwen3vl4b,instruct,main,425906,L4,13,0,348,3,0,3,113.6,26.4,False,False,complete,12,ok,False
qwen3vl4b,instruct,main,153529,L4,8,0,348,2,0,2,92.9,21.5,False,False,complete,5,ok,False
qwen3vl4b,instruct,main,269121,L1,1,1,348,2,0,2,93.2,21.5,False,False,complete,1,ok,True
qwen3vl4b,instruct,main,62355,L3,5,2,348,2,0,2,93.9,21.3,False,False,complete,4,ok,False
qwen3vl4b,instruct,main,332570,L1,1,1,348,2,0,2,94.5,21.2,False,False,complete,1,ok,True
qwen3vl4b,instruct,main,507037,L4,14,1,348,3,0,3,113.2,26.5,False,False,complete,13,ok,False
qwen3vl4b,instruct,main,507037,L4,14,2,348,3,0,3,112.6,26.6,False,False,complete,13,ok,False
qwen3vl4b,instruct,main,480985,L4,8,1,348,2,0,2,93.1,21.5,False,False,complete,3,ok,False
qwen3vl4b,instruct,main,535608,L3,5,2,348,2,0,2,93.5,21.4,False,False,complete,5,ok,True
qwen3vl4b,instruct,main,465836,L2,3,0,348,2,0,2,93.6,21.4,False,False,complete,3,ok,True
qwen3vl4b,instruct,main,188296,L3,7,2,348,2,0,2,93.2,21.5,False,False,complete,8,ok,False
qwen3vl4b,instruct,main,542127,L4,14,2,348,3,0,3,113.3,26.5,False,False,complete,10,ok,False
qwen3vl4b,instruct,main,269121,L1,1,2,348,2,0,2,93.1,21.5,False,False,complete,1,ok,True
qwen3vl4b,instruct,main,357748,L3,4,1,348,2,0,2,93.5,21.4,False,False,complete,2,ok,False
qwen3vl4b,instruct,main,554595,L1,1,0,348,2,0,2,93.4,21.4,False,False,complete,1,ok,True
qwen3vl4b,instruct,main,473869,L1,1,1,348,2,0,2,93.4,21.4,False,False,complete,1,ok,True
qwen3vl4b,instruct,main,566923,L4,10,2,348,3,0,3,113.9,26.3,False,False,complete,10,ok,True
qwen3vl4b,instruct,main,114049,L3,6,0,348,2,0,2,93.1,21.5,False,False,complete,5,ok,False
qwen3vl4b,instruct,main,417249,L3,5,1,348,2,0,2,93.5,21.4,False,False,complete,4,ok,False
qwen3vl4b,instruct,main,416451,L2,2,2,348,2,0,2,93.1,21.5,False,False,complete,3,ok,False
qwen3vl4b,instruct,main,465180,L3,6,0,348,2,0,2,93.4,21.4,False,False,complete,5,ok,False
qwen3vl4b,instruct,main,127270,L3,5,2,348,2,0,2,93.9,21.3,False,False,complete,6,ok,False
qwen3vl4b,instruct,main,25386,L2,3,1,348,2,0,2,93.0,21.5,False,False,complete,2,ok,False
qwen3vl4b,instruct,main,213547,L2,2,0,348,2,0,2,93.6,21.4,False,False,complete,2,ok,True
qwen3vl4b,instruct,main,535608,L3,5,1,348,2,0,2,93.9,21.3,False,False,complete,5,ok,True
qwen3vl4b,instruct,main,561256,L1,1,2,348,2,0,2,93.6,21.4,False,False,complete,1,ok,True
qwen3vl4b,instruct,main,153529,L4,8,1,348,2,0,2,93.4,21.4,False,False,complete,5,ok,False
qwen3vl4b,instruct,main,192670,L4,9,0,348,2,0,2,93.2,21.5,False,False,complete,7,ok,False
qwen3vl4b,instruct,main,361586,L3,4,2,348,2,0,2,93.9,21.3,False,False,complete,7,ok,False
qwen3vl4b,instruct,main,277020,L3,4,2,348,2,0,2,93.9,21.3,False,False,complete,4,ok,True
qwen3vl4b,instruct,main,548246,L3,4,0,348,2,0,2,93.5,21.4,False,False,complete,4,ok,True
qwen3vl4b,instruct,main,354307,L1,1,0,348,2,0,2,94.4,21.2,False,False,complete,1,ok,True
qwen3vl4b,instruct,main,18150,L2,2,1,348,2,0,2,93.7,21.3,False,False,complete,2,ok,True
qwen3vl4b,instruct,main,154087,L3,4,2,348,2,0,2,93.6,21.4,False,False,complete,5,ok,False
qwen3vl4b,instruct,main,450303,L3,6,2,348,2,0,2,92.0,21.7,False,False,complete,6,ok,True
qwen3vl4b,instruct,main,402774,L1,1,1,348,2,0,2,93.0,21.5,False,False,complete,1,ok,True
qwen3vl4b,instruct,main,31093,L2,3,0,348,2,0,2,93.7,21.4,False,False,complete,2,ok,False
qwen3vl4b,instruct,main,417249,L3,5,0,348,2,0,2,93.8,21.3,False,False,complete,4,ok,False
qwen3vl4b,instruct,main,3255,L3,6,2,348,2,0,2,93.5,21.4,False,False,complete,5,ok,False
qwen3vl4b,instruct,main,192670,L4,9,2,348,2,0,2,93.3,21.4,False,False,complete,7,ok,False
qwen3vl4b,instruct,main,471789,L4,12,0,348,2,0,2,93.7,21.4,False,False,complete,7,ok,False
qwen3vl4b,instruct,main,303863,L3,7,0,348,2,0,2,93.5,21.4,False,False,complete,3,ok,False
qwen3vl4b,instruct,main,537270,L2,3,2,348,2,0,2,93.7,21.3,False,False,complete,3,ok,True
qwen3vl4b,instruct,main,473869,L1,1,0,348,2,0,2,93.4,21.4,False,False,complete,1,ok,True
qwen3vl4b,instruct,main,213547,L2,2,1,348,2,0,2,93.4,21.4,False,False,complete,2,ok,True
qwen3vl4b,instruct,main,3553,L1,1,2,348,2,0,2,93.8,21.3,False,False,complete,1,ok,True
qwen3vl4b,instruct,main,415748,L1,1,0,348,2,0,2,93.7,21.4,False,False,complete,1,ok,True
qwen3vl4b,instruct,main,74200,L3,6,0,348,2,0,2,93.6,21.4,False,False,complete,0,ok,False
qwen3vl4b,instruct,main,354307,L1,1,1,348,2,0,2,93.1,21.5,False,False,complete,1,ok,True
qwen3vl4b,instruct,main,465180,L3,6,2,348,2,0,2,93.8,21.3,False,False,complete,5,ok,False
qwen3vl4b,instruct,main,157756,L4,10,2,348,2,0,2,93.8,21.3,False,False,complete,4,ok,False
qwen3vl4b,instruct,main,427338,L2,2,1,348,2,0,2,93.4,21.4,False,False,complete,2,ok,True
qwen3vl4b,instruct,main,411754,L3,5,1,348,2,0,2,93.4,21.4,False,False,complete,3,ok,False
qwen3vl4b,instruct,main,416451,L2,2,0,348,2,0,2,93.7,21.4,False,False,complete,3,ok,False
qwen3vl4b,instruct,main,377588,L3,6,1,348,2,0,2,93.8,21.3,False,False,complete,7,ok,False
qwen3vl4b,instruct,main,427338,L2,2,0,348,2,0,2,93.7,21.4,False,False,complete,2,ok,True
qwen3vl4b,instruct,main,473869,L1,1,2,348,2,0,2,93.5,21.4,False,False,complete,1,ok,True
qwen3vl4b,instruct,main,89648,L4,11,1,348,3,0,3,113.5,26.4,False,False,complete,12,ok,False
qwen3vl4b,instruct,main,117719,L1,1,1,348,2,0,2,93.4,21.4,False,False,complete,1,ok,True
qwen3vl4b,instruct,main,130699,L3,7,2,348,2,0,2,93.4,21.4,False,False,complete,6,ok,False
qwen3vl4b,instruct,main,361147,L4,9,1,348,2,0,2,93.6,21.4,False,False,complete,7,ok,False
qwen3vl4b,instruct,main,477441,L2,3,2,348,2,0,2,93.2,21.5,False,False,complete,0,ok,False
qwen3vl4b,instruct,main,117425,L2,3,0,348,2,0,2,93.9,21.3,False,False,complete,2,ok,False
qwen3vl4b,instruct,main,528314,L4,9,1,348,3,0,3,113.4,26.5,False,False,complete,10,ok,False
qwen3vl4b,instruct,main,1761,L3,5,1,348,2,0,2,92.9,21.5,False,False,complete,0,ok,False
qwen3vl4b,instruct,main,2006,L2,3,2,348,2,0,2,93.6,21.4,False,False,complete,2,ok,False
qwen3vl4b,instruct,main,117425,L2,3,1,348,2,0,2,94.1,21.2,False,False,complete,2,ok,False
qwen3vl4b,instruct,main,415748,L1,1,1,348,2,0,2,93.3,21.4,False,False,complete,1,ok,True
qwen3vl4b,instruct,main,537270,L2,3,1,348,2,0,2,93.6,21.4,False,False,complete,3,ok,True
qwen3vl4b,instruct,main,284764,L1,1,0,348,2,0,2,95.0,21.1,False,False,complete,1,ok,True
qwen3vl4b,instruct,main,455555,L2,2,1,348,2,0,2,94.0,21.3,False,False,complete,2,ok,True
qwen3vl4b,instruct,main,6771,L4,8,1,348,2,0,2,93.5,21.4,False,False,complete,7,ok,False
qwen3vl4b,instruct,main,188465,L4,14,0,348,3,0,3,113.6,26.4,False,False,complete,10,ok,False
qwen3vl4b,instruct,main,132544,L4,10,0,348,2,0,2,92.8,21.6,False,False,complete,7,ok,False
qwen3vl4b,instruct,main,301563,L2,3,0,348,2,0,2,94.5,21.2,False,False,complete,3,ok,True
qwen3vl4b,instruct,main,25386,L2,3,2,348,2,0,2,94.1,21.3,False,False,complete,2,ok,False
qwen3vl4b,instruct,main,127270,L3,5,1,348,2,0,2,93.8,21.3,False,False,complete,6,ok,False
qwen3vl4b,instruct,main,500478,L4,14,0,348,3,0,3,118.7,25.3,False,False,complete,12,ok,False
qwen3vl4b,instruct,main,165681,L4,12,2,348,2,0,2,97.2,20.6,False,False,complete,3,ok,False
qwen3vl4b,instruct,main,357748,L3,4,0,348,2,0,2,94.1,21.3,False,False,complete,2,ok,False
qwen3vl4b,instruct,main,566923,L4,10,1,348,3,0,3,114.3,26.2,False,False,complete,10,ok,True
qwen3vl4b,instruct,main,366884,L1,1,1,348,2,0,2,93.7,21.4,False,False,complete,1,ok,True
qwen3vl4b,instruct,main,117719,L1,1,2,348,2,0,2,94.4,21.2,False,False,complete,1,ok,True
qwen3vl4b,instruct,main,139077,L1,1,0,348,2,0,2,94.2,21.2,False,False,complete,1,ok,True
qwen3vl4b,instruct,main,83172,L2,3,2,348,2,0,2,94.1,21.3,False,False,complete,3,ok,True
qwen3vl4b,instruct,main,301563,L2,3,2,348,2,0,2,95.1,21.0,False,False,complete,3,ok,True
qwen3vl4b,instruct,main,126137,L4,13,2,348,3,0,3,115.1,26.1,False,False,complete,10,ok,False
qwen3vl4b,instruct,main,511647,L1,1,2,348,2,0,2,94.7,21.1,False,False,complete,1,ok,True
qwen3vl4b,instruct,main,132544,L4,10,1,348,2,0,2,97.2,20.6,False,False,complete,7,ok,False
qwen3vl4b,instruct,main,327701,L3,4,2,348,2,0,2,94.2,21.2,False,False,complete,3,ok,False
qwen3vl4b,instruct,main,36936,L2,2,0,348,2,0,2,94.2,21.2,False,False,complete,2,ok,True
qwen3vl4b,instruct,main,180487,L2,2,1,348,2,0,2,94.4,21.2,False,False,complete,2,ok,True
qwen3vl4b,instruct,main,465836,L2,3,2,348,2,0,2,94.5,21.2,False,False,complete,3,ok,True
qwen3vl4b,instruct,main,3255,L3,6,1,348,2,0,2,95.1,21.0,False,False,complete,5,ok,False
qwen3vl4b,instruct,main,130699,L3,7,1,348,2,0,2,94.4,21.2,False,False,complete,6,ok,False
qwen3vl4b,instruct,main,14439,L4,14,2,348,3,0,3,115.9,25.9,False,False,complete,10,ok,False
qwen3vl4b,instruct,main,224664,L4,8,2,348,2,0,2,93.8,21.3,False,False,complete,2,ok,False
qwen3vl4b,instruct,main,122672,L1,1,2,348,2,0,2,94.4,21.2,False,False,complete,1,ok,True
qwen3vl4b,instruct,main,562207,L2,3,1,348,2,0,2,93.9,21.3,False,False,complete,3,ok,True
qwen3vl4b,instruct,main,411754,L3,5,2,348,2,0,2,94.4,21.2,False,False,complete,3,ok,False
qwen3vl4b,instruct,main,201426,L2,2,1,348,2,0,2,94.2,21.2,False,False,complete,2,ok,True
qwen3vl4b,instruct,main,84477,L1,1,0,348,2,0,2,94.5,21.2,False,False,complete,1,ok,True
qwen3vl4b,instruct,main,231580,L3,7,0,348,2,0,2,94.3,21.2,False,False,complete,7,ok,True
qwen3vl4b,instruct,main,442456,L2,2,2,348,2,0,2,94.3,21.2,False,False,complete,2,ok,True
qwen3vl4b,instruct,main,1761,L3,5,0,348,2,0,2,94.8,21.1,False,False,complete,0,ok,False
qwen3vl4b,instruct,main,126137,L4,13,1,348,3,0,3,114.4,26.2,False,False,complete,10,ok,False
qwen3vl4b,instruct,main,562207,L2,3,0,348,2,0,2,94.0,21.3,False,False,complete,3,ok,True
qwen3vl4b,instruct,main,231580,L3,7,1,348,2,0,2,94.0,21.3,False,False,complete,7,ok,True
qwen3vl4b,instruct,main,268378,L4,9,2,348,3,0,3,114.3,26.3,False,False,complete,10,ok,False
qwen3vl4b,instruct,main,303863,L3,7,1,348,2,0,2,94.0,21.3,False,False,complete,3,ok,False
qwen3vl4b,instruct,main,246883,L2,2,0,348,2,0,2,94.6,21.2,False,False,complete,2,ok,True
qwen3vl4b,instruct,main,285047,L1,1,2,348,2,0,2,94.1,21.2,False,False,complete,1,ok,True
qwen3vl4b,instruct,main,170613,L2,2,1,348,2,0,2,94.8,21.1,False,False,complete,2,ok,True
qwen3vl4b,instruct,main,359833,L1,1,2,348,2,0,2,94.7,21.1,False,False,complete,1,ok,True
qwen3vl4b,instruct,main,268378,L4,9,0,348,3,0,3,114.4,26.2,False,False,complete,10,ok,False
qwen3vl4b,instruct,main,180487,L2,2,2,348,2,0,2,93.9,21.3,False,False,complete,2,ok,True
qwen3vl4b,instruct,main,36539,L2,2,1,348,2,0,2,95.0,21.1,False,False,complete,2,ok,True
qwen3vl4b,instruct,main,36936,L2,2,1,348,2,0,2,94.0,21.3,False,False,complete,2,ok,True
qwen3vl4b,instruct,main,159791,L4,8,2,348,2,0,2,95.5,20.9,False,False,complete,0,ok,False
qwen3vl4b,instruct,main,511647,L1,1,0,348,2,0,2,94.9,21.1,False,False,complete,1,ok,True
qwen3vl4b,instruct,main,477805,L2,2,1,348,2,0,2,94.7,21.1,False,False,complete,1,ok,False
qwen3vl4b,instruct,main,357816,L3,4,0,348,2,0,2,94.4,21.2,False,False,complete,5,ok,False
qwen3vl4b,instruct,main,535608,L3,5,0,348,2,0,2,94.5,21.2,False,False,complete,5,ok,True
qwen3vl4b,instruct,main,295420,L1,1,0,348,2,0,2,94.9,21.1,False,False,complete,1,ok,True
qwen3vl4b,instruct,main,528314,L4,9,2,348,3,0,3,114.5,26.2,False,False,complete,10,ok,False
qwen3vl4b,instruct,main,173799,L2,2,0,348,2,0,2,93.8,21.3,False,False,complete,2,ok,True
qwen3vl4b,instruct,main,309173,L1,1,1,348,2,0,2,94.7,21.1,False,False,complete,0,ok,False
qwen3vl4b,instruct,main,323496,L3,6,2,348,2,0,2,94.6,21.2,False,False,complete,5,ok,False
qwen3vl4b,instruct,main,82715,L1,1,2,348,2,0,2,94.4,21.2,False,False,complete,1,ok,True
qwen3vl4b,instruct,main,159791,L4,8,1,348,2,0,2,94.4,21.2,False,False,complete,0,ok,False
qwen3vl4b,instruct,main,542127,L4,14,0,348,3,0,3,114.2,26.3,False,False,complete,10,ok,False
qwen3vl4b,instruct,main,127270,L3,5,0,348,2,0,2,93.9,21.3,False,False,complete,6,ok,False
qwen3vl4b,instruct,main,274066,L3,5,1,348,2,0,2,94.4,21.2,False,False,complete,4,ok,False
qwen3vl4b,instruct,main,82715,L1,1,1,348,2,0,2,94.6,21.2,False,False,complete,1,ok,True
qwen3vl4b,instruct,main,114049,L3,6,1,348,2,0,2,94.7,21.1,False,False,complete,5,ok,False
qwen3vl4b,instruct,main,465180,L3,6,1,348,2,0,2,94.3,21.2,False,False,complete,5,ok,False
qwen3vl4b,instruct,main,427338,L2,2,2,348,2,0,2,94.0,21.3,False,False,complete,2,ok,True
qwen3vl4b,instruct,main,330396,L3,5,0,348,2,0,2,94.8,21.1,False,False,complete,4,ok,False
qwen3vl4b,instruct,main,44590,L4,12,2,348,3,0,3,114.6,26.2,False,False,complete,10,ok,False
qwen3vl4b,instruct,main,208363,L4,14,0,348,3,0,3,113.9,26.3,False,False,complete,15,ok,False
qwen3vl4b,instruct,main,377393,L4,10,2,348,2,0,2,96.3,20.8,False,False,complete,1,ok,False
qwen3vl4b,instruct,main,36539,L2,2,0,348,2,0,2,94.9,21.1,False,False,complete,2,ok,True
qwen3vl4b,instruct,main,62355,L3,5,1,348,2,0,2,94.1,21.3,False,False,complete,4,ok,False
qwen3vl4b,instruct,main,301563,L2,3,1,348,2,0,2,94.5,21.2,False,False,complete,3,ok,True
qwen3vl4b,instruct,main,332570,L1,1,2,348,2,0,2,94.6,21.1,False,False,complete,1,ok,True
qwen3vl4b,instruct,main,55167,L3,6,2,348,2,0,2,94.4,21.2,False,False,complete,2,ok,False
qwen3vl4b,instruct,main,481390,L4,14,1,348,3,0,3,114.2,26.3,False,False,complete,12,ok,False
qwen3vl4b,instruct,main,102820,L1,1,0,348,2,0,2,93.9,21.3,False,False,complete,1,ok,True
qwen3vl4b,instruct,main,208363,L4,14,2,348,3,0,3,114.2,26.3,False,False,complete,15,ok,False
qwen3vl4b,instruct,main,188465,L4,14,1,348,3,0,3,113.9,26.3,False,False,complete,10,ok,False
qwen3vl4b,instruct,main,366884,L1,1,2,348,2,0,2,93.7,21.3,False,False,complete,1,ok,True
qwen3vl4b,instruct,main,497344,L1,1,1,348,2,0,2,94.6,21.1,False,False,complete,1,ok,True
qwen3vl4b,instruct,main,157756,L4,10,0,348,2,0,2,94.5,21.2,False,False,complete,4,ok,False
qwen3vl4b,instruct,main,98287,L4,14,2,348,3,0,3,114.7,26.2,False,False,complete,10,ok,False
qwen3vl4b,instruct,main,1584,L4,11,1,348,2,0,2,93.0,21.5,False,False,complete,2,ok,False
qwen3vl4b,instruct,main,411754,L3,5,0,348,2,0,2,94.7,21.1,False,False,complete,3,ok,False
qwen3vl4b,instruct,main,402774,L1,1,0,348,2,0,2,94.5,21.2,False,False,complete,1,ok,True
qwen3vl4b,instruct,main,98287,L4,14,1,348,3,0,3,114.5,26.2,False,False,complete,10,ok,False
qwen3vl4b,instruct,main,102820,L1,1,2,348,2,0,2,93.8,21.3,False,False,complete,1,ok,True
qwen3vl4b,instruct,main,542127,L4,14,1,348,3,0,3,114.6,26.2,False,False,complete,10,ok,False
qwen3vl4b,instruct,main,354307,L1,1,2,348,2,0,2,93.7,21.4,False,False,complete,1,ok,True
qwen3vl4b,instruct,main,527528,L2,2,2,348,2,0,2,94.9,21.1,False,False,complete,0,ok,False
qwen3vl4b,instruct,main,303863,L3,7,2,348,2,0,2,94.4,21.2,False,False,complete,3,ok,False
qwen3vl4b,instruct,main,70739,L2,3,1,348,2,0,2,94.5,21.2,False,False,complete,3,ok,True
qwen3vl4b,instruct,main,477805,L2,2,2,348,2,0,2,94.9,21.1,False,False,complete,1,ok,False
qwen3vl4b,instruct,main,154087,L3,4,1,348,2,0,2,94.5,21.2,False,False,complete,5,ok,False
qwen3vl4b,instruct,main,224664,L4,8,0,348,2,0,2,94.5,21.2,False,False,complete,2,ok,False
qwen3vl4b,instruct,main,253386,L2,2,2,348,2,0,2,97.0,20.6,False,False,complete,3,ok,False
qwen3vl4b,instruct,main,18150,L2,2,0,348,2,0,2,95.4,21.0,False,False,complete,2,ok,True
qwen3vl4b,instruct,main,357748,L3,4,2,348,2,0,2,94.9,21.1,False,False,complete,2,ok,False
qwen3vl4b,instruct,main,578489,L3,7,2,348,2,0,2,94.9,21.1,False,False,complete,8,ok,False
qwen3vl4b,instruct,main,471789,L4,12,2,348,2,0,2,94.8,21.1,False,False,complete,7,ok,False
qwen3vl4b,instruct,main,561256,L1,1,0,348,2,0,2,94.7,21.1,False,False,complete,1,ok,True
qwen3vl4b,instruct,main,390826,L1,1,1,348,2,0,2,93.9,21.3,False,False,complete,1,ok,True
qwen3vl4b,instruct,main,165681,L4,12,0,348,2,0,2,95.2,21.0,False,False,complete,3,ok,False
qwen3vl4b,instruct,main,188465,L4,14,2,348,3,0,3,114.6,26.2,False,False,complete,10,ok,False
qwen3vl4b,instruct,main,170613,L2,2,2,348,2,0,2,94.3,21.2,False,False,complete,2,ok,True
qwen3vl4b,instruct,main,96493,L1,1,1,348,2,0,2,94.8,21.1,False,False,complete,1,ok,True
qwen3vl4b,instruct,main,537270,L2,3,0,348,2,0,2,95.3,21.0,False,False,complete,3,ok,True
qwen3vl4b,instruct,main,165681,L4,12,1,348,2,0,2,94.7,21.1,False,False,complete,3,ok,False
qwen3vl4b,instruct,main,359833,L1,1,1,348,2,0,2,95.0,21.1,False,False,complete,1,ok,True
qwen3vl4b,instruct,main,323496,L3,6,1,348,2,0,2,95.0,21.1,False,False,complete,5,ok,False
qwen3vl4b,instruct,main,220764,L1,1,0,348,2,0,2,97.0,20.6,False,False,complete,1,ok,True
qwen3vl4b,instruct,main,122672,L1,1,0,348,2,0,2,94.9,21.1,False,False,complete,1,ok,True
qwen3vl4b,instruct,main,554002,L4,10,0,348,2,0,2,94.7,21.1,False,False,complete,6,ok,False
qwen3vl4b,instruct,main,425906,L4,13,1,348,3,0,3,115.3,26.0,False,False,complete,12,ok,False
qwen3vl4b,instruct,main,253386,L2,2,0,348,2,0,2,94.0,21.3,False,False,complete,3,ok,False
qwen3vl4b,instruct,main,154087,L3,4,0,348,2,0,2,95.2,21.0,False,False,complete,5,ok,False
qwen3vl4b,instruct,main,36539,L2,2,2,348,2,0,2,94.9,21.1,False,False,complete,2,ok,True
qwen3vl4b,instruct,main,44590,L4,12,1,348,3,0,3,114.7,26.2,False,False,complete,10,ok,False
qwen3vl4b,instruct,main,159791,L4,8,0,348,2,0,2,95.5,20.9,False,False,complete,0,ok,False
qwen3vl4b,instruct,main,1584,L4,11,2,348,2,0,2,95.0,21.0,False,False,complete,2,ok,False
qwen3vl4b,instruct,main,527528,L2,2,0,348,2,0,2,94.1,21.2,False,False,complete,0,ok,False
qwen3vl4b,instruct,main,477805,L2,2,0,348,2,0,2,95.2,21.0,False,False,complete,1,ok,False
qwen3vl4b,instruct,main,506656,L1,1,1,348,2,0,2,97.2,20.6,False,False,complete,1,ok,True
qwen3vl4b,instruct,main,253386,L2,2,1,348,2,0,2,95.1,21.0,False,False,complete,3,ok,False
qwen3vl4b,instruct,main,74200,L3,6,1,348,2,0,2,97.3,20.6,False,False,complete,0,ok,False
qwen3vl4b,instruct,main,470924,L4,14,2,348,2,0,2,94.8,21.1,False,False,complete,4,ok,False
qwen3vl4b,instruct,main,330396,L3,5,1,348,2,0,2,97.2,20.6,False,False,complete,4,ok,False
qwen3vl4b,instruct,main,357816,L3,4,2,348,2,0,2,95.2,21.0,False,False,complete,5,ok,False
qwen3vl4b,instruct,main,332570,L1,1,0,348,2,0,2,94.7,21.1,False,False,complete,1,ok,True
qwen3vl4b,instruct,main,477441,L2,3,0,348,2,0,2,94.7,21.1,False,False,complete,0,ok,False
qwen3vl4b,instruct,main,32334,L3,5,0,348,2,0,2,95.0,21.1,False,False,complete,4,ok,False
qwen3vl4b,instruct,main,139077,L1,1,1,348,2,0,2,94.6,21.1,False,False,complete,1,ok,True
qwen3vl4b,instruct,main,377393,L4,10,1,348,2,0,2,95.2,21.0,False,False,complete,1,ok,False
qwen3vl4b,instruct,main,284764,L1,1,1,348,2,0,2,94.9,21.1,False,False,complete,1,ok,True
qwen3vl4b,instruct,main,511647,L1,1,1,348,2,0,2,94.8,21.1,False,False,complete,1,ok,True
qwen3vl4b,instruct,main,3553,L1,1,1,348,2,0,2,94.8,21.1,False,False,complete,1,ok,True
qwen3vl4b,instruct,main,377393,L4,10,0,348,2,0,2,95.0,21.0,False,False,complete,1,ok,False
qwen3vl4b,instruct,main,450303,L3,6,0,348,2,0,2,94.6,21.1,False,False,complete,6,ok,True
qwen3vl4b,instruct,main,361586,L3,4,0,348,2,0,2,94.9,21.1,False,False,complete,7,ok,False
qwen3vl4b,instruct,main,153529,L4,8,2,348,2,0,2,94.4,21.2,False,False,complete,5,ok,False
qwen3vl4b,instruct,main,117719,L1,1,0,348,2,0,2,95.8,20.9,False,False,complete,1,ok,True
qwen3vl4b,instruct,main,70739,L2,3,0,348,2,0,2,97.6,20.5,False,False,complete,3,ok,True
qwen3vl4b,instruct,main,268378,L4,9,1,348,3,0,3,115.3,26.0,False,False,complete,10,ok,False
qwen3vl4b,instruct,main,554002,L4,10,2,348,2,0,2,94.7,21.1,False,False,complete,6,ok,False
qwen3vl4b,instruct,main,548246,L3,4,1,348,2,0,2,95.1,21.0,False,False,complete,4,ok,True
qwen3vl4b,instruct,main,169076,L2,2,0,348,2,0,2,94.7,21.1,False,False,complete,2,ok,True
qwen3vl4b,instruct,main,415748,L1,1,2,348,2,0,2,95.3,21.0,False,False,complete,1,ok,True
qwen3vl4b,instruct,main,213547,L2,2,2,348,2,0,2,94.6,21.1,False,False,complete,2,ok,True
qwen3vl4b,instruct,main,361586,L3,4,1,348,2,0,2,95.2,21.0,False,False,complete,7,ok,False
qwen3vl4b,instruct,main,361147,L4,9,0,348,2,0,2,95.2,21.0,False,False,complete,7,ok,False
qwen3vl4b,instruct,main,309173,L1,1,0,348,2,0,2,94.7,21.1,False,False,complete,0,ok,False
qwen3vl4b,instruct,main,377588,L3,6,2,348,2,0,2,95.1,21.0,False,False,complete,7,ok,False
qwen3vl4b,instruct,main,173799,L2,2,1,348,2,0,2,95.2,21.0,False,False,complete,2,ok,True
qwen3vl4b,instruct,main,169076,L2,2,2,348,2,0,2,95.2,21.0,False,False,complete,2,ok,True
qwen3vl4b,instruct,main,117425,L2,3,2,348,2,0,2,95.1,21.0,False,False,complete,2,ok,False
qwen3vl4b,instruct,main,96493,L1,1,2,348,2,0,2,95.1,21.0,False,False,complete,1,ok,True
qwen3vl4b,instruct,main,220764,L1,1,2,348,2,0,2,94.9,21.1,False,False,complete,1,ok,True
qwen3vl4b,instruct,main,566923,L4,10,0,348,3,0,3,115.7,25.9,False,False,complete,10,ok,True
qwen3vl4b,instruct,main,327701,L3,4,0,348,2,0,2,95.0,21.1,False,False,complete,3,ok,False
qwen3vl4b,instruct,main,425906,L4,13,2,348,3,0,3,115.1,26.1,False,False,complete,12,ok,False
qwen3vl4b,instruct,main,394199,L1,1,1,348,2,0,2,94.6,21.1,False,False,complete,1,ok,True
qwen3vl4b,instruct,main,83172,L2,3,0,348,2,0,2,95.2,21.0,False,False,complete,3,ok,True
qwen3vl4b,instruct,main,500478,L4,14,1,348,3,0,3,115.2,26.0,False,False,complete,12,ok,False
qwen3vl4b,instruct,main,471789,L4,12,1,348,2,0,2,95.0,21.1,False,False,complete,7,ok,False
qwen3vl4b,instruct,main,455555,L2,2,2,348,2,0,2,94.9,21.1,False,False,complete,2,ok,True
qwen3vl4b,instruct,main,231580,L3,7,2,348,2,0,2,95.3,21.0,False,False,complete,7,ok,True
qwen3vl4b,instruct,main,568195,L2,3,2,348,2,0,2,94.8,21.1,False,False,complete,3,ok,True
qwen3vl4b,instruct,main,6771,L4,8,2,348,2,0,2,96.0,20.8,False,False,complete,7,ok,False
qwen3vl4b,instruct,main,578489,L3,7,1,348,2,0,2,94.9,21.1,False,False,complete,8,ok,False
qwen3vl4b,instruct,main,285047,L1,1,0,348,2,0,2,95.0,21.1,False,False,complete,1,ok,True
qwen3vl4b,instruct,main,465836,L2,3,1,348,2,0,2,95.1,21.0,False,False,complete,3,ok,True
qwen3vl4b,instruct,main,44590,L4,12,0,348,3,0,3,115.4,26.0,False,False,complete,10,ok,False
qwen3vl4b,instruct,main,554595,L1,1,1,348,2,0,2,94.4,21.2,False,False,complete,1,ok,True
qwen3vl4b,instruct,main,89296,L2,2,0,348,2,0,2,95.1,21.0,False,False,complete,2,ok,True
qwen3vl4b,instruct,main,157756,L4,10,1,348,2,0,2,95.1,21.0,False,False,complete,4,ok,False
qwen3vl4b,instruct,main,31093,L2,3,2,348,2,0,2,94.8,21.1,False,False,complete,2,ok,False
qwen3vl4b,instruct,main,265816,L1,1,1,348,2,0,2,95.5,21.0,False,False,complete,1,ok,True
qwen3vl4b,instruct,main,70739,L2,3,2,348,2,0,2,94.9,21.1,False,False,complete,3,ok,True
qwen3vl4b,instruct,main,3553,L1,1,0,348,2,0,2,95.1,21.0,False,False,complete,1,ok,True
qwen3vl4b,instruct,main,416451,L2,2,1,348,2,0,2,95.4,21.0,False,False,complete,3,ok,False
qwen3vl4b,instruct,main,32334,L3,5,1,348,2,0,2,95.3,21.0,False,False,complete,4,ok,False
qwen3vl4b,instruct,main,377588,L3,6,0,348,2,0,2,94.7,21.1,False,False,complete,7,ok,False
qwen3vl8b,instruct,main,3255,L3,6,1,348,2,0,2,139.1,14.4,False,False,complete,5,ok,False
qwen3vl8b,instruct,main,377588,L3,6,2,348,2,0,2,137.3,14.6,False,False,complete,6,ok,True
qwen3vl8b,instruct,main,213547,L2,2,0,348,2,0,2,138.0,14.5,False,False,complete,2,ok,True
qwen3vl8b,instruct,main,285047,L1,1,1,348,2,0,2,136.7,14.6,False,False,complete,1,ok,True
qwen3vl8b,instruct,main,377393,L4,10,1,348,2,0,2,138.4,14.5,False,False,complete,1,ok,False
qwen3vl8b,instruct,main,253386,L2,2,1,348,2,0,2,138.5,14.4,False,False,complete,2,ok,True
qwen3vl8b,instruct,main,394199,L1,1,0,348,2,0,2,137.7,14.5,False,False,complete,1,ok,True
qwen3vl8b,instruct,main,354307,L1,1,0,348,2,0,2,138.0,14.5,False,False,complete,1,ok,True
qwen3vl8b,instruct,main,127270,L3,5,1,348,2,0,2,137.4,14.6,False,False,complete,5,ok,True
qwen3vl8b,instruct,main,89648,L4,11,2,348,3,0,3,167.7,17.9,False,False,complete,11,ok,True
qwen3vl8b,instruct,main,132544,L4,10,1,348,2,0,2,137.7,14.5,False,False,complete,8,ok,False
qwen3vl8b,instruct,main,562207,L2,3,2,348,2,0,2,137.9,14.5,False,False,complete,3,ok,True
qwen3vl8b,instruct,main,268378,L4,9,0,348,3,0,3,167.6,17.9,False,False,complete,10,ok,False
qwen3vl8b,instruct,main,246883,L2,2,1,348,2,0,2,137.1,14.6,False,False,complete,2,ok,True
qwen3vl8b,instruct,main,180487,L2,2,0,348,2,0,2,137.9,14.5,False,False,complete,2,ok,True
qwen3vl8b,instruct,main,511647,L1,1,2,348,2,0,2,137.3,14.6,False,False,complete,1,ok,True
qwen3vl8b,instruct,main,253386,L2,2,2,348,2,0,2,137.5,14.5,False,False,complete,2,ok,True
qwen3vl8b,instruct,main,31093,L2,3,2,348,2,0,2,137.5,14.5,False,False,complete,1,ok,False
qwen3vl8b,instruct,main,32334,L3,5,0,348,2,0,2,137.6,14.5,False,False,complete,4,ok,False
qwen3vl8b,instruct,main,303863,L3,7,0,348,2,0,2,137.9,14.5,False,False,complete,4,ok,False
qwen3vl8b,instruct,main,70739,L2,3,0,348,2,0,2,137.9,14.5,False,False,complete,2,ok,False
qwen3vl8b,instruct,main,416451,L2,2,1,348,2,0,2,137.3,14.6,False,False,complete,3,ok,False
qwen3vl8b,instruct,main,36539,L2,2,2,348,2,0,2,137.6,14.5,False,False,complete,2,ok,True
qwen3vl8b,instruct,main,277020,L3,4,0,348,2,0,2,137.9,14.5,False,False,complete,4,ok,True
qwen3vl8b,instruct,main,357816,L3,4,2,348,2,0,2,137.5,14.6,False,False,complete,6,ok,False
qwen3vl8b,instruct,main,411754,L3,5,0,348,2,0,2,137.9,14.5,False,False,complete,3,ok,False
qwen3vl8b,instruct,main,83172,L2,3,1,348,2,0,2,137.4,14.6,False,False,complete,3,ok,True
qwen3vl8b,instruct,main,506656,L1,1,1,348,2,0,2,138.3,14.5,False,False,complete,1,ok,True
qwen3vl8b,instruct,main,470924,L4,14,0,348,2,0,2,137.8,14.5,False,False,complete,5,ok,False
qwen3vl8b,instruct,main,416451,L2,2,0,348,2,0,2,138.2,14.5,False,False,complete,3,ok,False
qwen3vl8b,instruct,main,377393,L4,10,2,348,2,0,2,137.4,14.6,False,False,complete,1,ok,False
qwen3vl8b,instruct,main,1584,L4,11,1,348,3,0,3,167.9,17.9,False,False,complete,10,ok,False
qwen3vl8b,instruct,main,3255,L3,6,0,348,2,0,2,137.6,14.5,False,False,complete,5,ok,False
qwen3vl8b,instruct,main,566923,L4,10,1,348,3,0,3,167.8,17.9,False,False,complete,10,ok,True
qwen3vl8b,instruct,main,450303,L3,6,0,348,2,0,2,137.3,14.6,False,False,complete,6,ok,True
qwen3vl8b,instruct,main,18150,L2,2,2,348,2,0,2,137.6,14.5,False,False,complete,2,ok,True
qwen3vl8b,instruct,main,511647,L1,1,1,348,2,0,2,137.9,14.5,False,False,complete,1,ok,True
qwen3vl8b,instruct,main,465836,L2,3,0,348,2,0,2,137.2,14.6,False,False,complete,3,ok,True
qwen3vl8b,instruct,main,377588,L3,6,0,348,2,0,2,138.2,14.5,False,False,complete,6,ok,True
qwen3vl8b,instruct,main,165681,L4,12,0,348,2,0,2,137.7,14.5,False,False,complete,2,ok,False
qwen3vl8b,instruct,main,18150,L2,2,0,348,2,0,2,138.0,14.5,False,False,complete,2,ok,True
qwen3vl8b,instruct,main,477441,L2,3,0,348,2,0,2,137.7,14.5,False,False,complete,0,ok,False
qwen3vl8b,instruct,main,357748,L3,4,2,348,2,0,2,138.0,14.5,False,False,complete,3,ok,False
qwen3vl8b,instruct,main,111086,L3,4,0,348,2,0,2,137.6,14.5,False,False,complete,0,ok,False
qwen3vl8b,instruct,main,96493,L1,1,2,348,2,0,2,138.4,14.5,False,False,complete,1,ok,True
qwen3vl8b,instruct,main,301563,L2,3,0,348,2,0,2,138.0,14.5,False,False,complete,3,ok,True
qwen3vl8b,instruct,main,394199,L1,1,2,348,2,0,2,137.6,14.5,False,False,complete,1,ok,True
qwen3vl8b,instruct,main,554002,L4,10,1,348,2,0,2,138.4,14.5,False,False,complete,7,ok,False
qwen3vl8b,instruct,main,170613,L2,2,2,348,2,0,2,138.1,14.5,False,False,complete,2,ok,True
qwen3vl8b,instruct,main,2006,L2,3,1,348,2,0,2,137.7,14.5,False,False,complete,2,ok,False
qwen3vl8b,instruct,main,301563,L2,3,1,348,2,0,2,138.1,14.5,False,False,complete,3,ok,True
qwen3vl8b,instruct,main,208363,L4,14,1,348,3,0,3,167.9,17.9,False,False,complete,14,ok,True
qwen3vl8b,instruct,main,74200,L3,6,2,348,2,0,2,137.8,14.5,False,False,complete,0,ok,False
qwen3vl8b,instruct,main,126137,L4,13,0,348,2,0,2,137.8,14.5,False,False,complete,2,ok,False
qwen3vl8b,instruct,main,2006,L2,3,2,348,2,0,2,138.3,14.5,False,False,complete,2,ok,False
qwen3vl8b,instruct,main,98287,L4,14,2,348,3,0,3,167.5,17.9,False,False,complete,10,ok,False
qwen3vl8b,instruct,main,357816,L3,4,1,348,2,0,2,137.4,14.6,False,False,complete,6,ok,False
qwen3vl8b,instruct,main,117719,L1,1,1,348,2,0,2,137.8,14.5,False,False,complete,1,ok,True
qwen3vl8b,instruct,main,36539,L2,2,1,348,2,0,2,138.0,14.5,False,False,complete,2,ok,True
qwen3vl8b,instruct,main,246883,L2,2,0,348,2,0,2,138.4,14.5,False,False,complete,2,ok,True
qwen3vl8b,instruct,main,102820,L1,1,1,348,2,0,2,138.3,14.5,False,False,complete,1,ok,True
qwen3vl8b,instruct,main,83172,L2,3,0,348,2,0,2,137.7,14.5,False,False,complete,3,ok,True
qwen3vl8b,instruct,main,32334,L3,5,1,348,2,0,2,138.3,14.5,False,False,complete,4,ok,False
qwen3vl8b,instruct,main,471789,L4,12,2,348,3,0,3,168.1,17.8,False,False,complete,10,ok,False
qwen3vl8b,instruct,main,224664,L4,8,2,348,2,0,2,137.3,14.6,False,False,complete,1,ok,False
qwen3vl8b,instruct,main,117425,L2,3,2,348,2,0,2,138.2,14.5,False,False,complete,2,ok,False
qwen3vl8b,instruct,main,535608,L3,5,2,348,2,0,2,137.9,14.5,False,False,complete,5,ok,True
qwen3vl8b,instruct,main,455555,L2,2,2,348,2,0,2,138.4,14.5,False,False,complete,2,ok,True
qwen3vl8b,instruct,main,126137,L4,13,1,348,2,0,2,135.8,14.7,False,False,complete,2,ok,False
qwen3vl8b,instruct,main,74200,L3,6,1,348,2,0,2,139.2,14.4,False,False,complete,0,ok,False
qwen3vl8b,instruct,main,527528,L2,2,2,348,2,0,2,138.8,14.4,False,False,complete,0,ok,False
qwen3vl8b,instruct,main,180487,L2,2,1,348,2,0,2,138.4,14.4,False,False,complete,2,ok,True
qwen3vl8b,instruct,main,500478,L4,14,1,348,3,0,3,169.0,17.8,False,False,complete,15,ok,False
qwen3vl8b,instruct,main,62355,L3,5,0,348,2,0,2,137.8,14.5,False,False,complete,5,ok,True
qwen3vl8b,instruct,main,84477,L1,1,1,348,2,0,2,138.2,14.5,False,False,complete,1,ok,True
qwen3vl8b,instruct,main,471789,L4,12,1,348,3,0,3,168.1,17.8,False,False,complete,10,ok,False
qwen3vl8b,instruct,main,117425,L2,3,0,348,2,0,2,138.4,14.5,False,False,complete,2,ok,False
qwen3vl8b,instruct,main,153529,L4,8,2,348,2,0,2,138.0,14.5,False,False,complete,5,ok,False
qwen3vl8b,instruct,main,201426,L2,2,2,348,2,0,2,138.7,14.4,False,False,complete,2,ok,True
qwen3vl8b,instruct,main,14439,L4,14,2,348,3,0,3,168.4,17.8,False,False,complete,15,ok,False
qwen3vl8b,instruct,main,361147,L4,9,1,348,2,0,2,138.2,14.5,False,False,complete,8,ok,False
qwen3vl8b,instruct,main,3553,L1,1,0,348,2,0,2,138.5,14.4,False,False,complete,1,ok,True
qwen3vl8b,instruct,main,44590,L4,12,1,348,3,0,3,169.4,17.7,False,False,complete,12,ok,True
qwen3vl8b,instruct,main,96493,L1,1,0,348,2,0,2,139.2,14.4,False,False,complete,1,ok,True
qwen3vl8b,instruct,main,201426,L2,2,0,348,2,0,2,139.3,14.4,False,False,complete,2,ok,True
qwen3vl8b,instruct,main,427338,L2,2,2,348,2,0,2,138.8,14.4,False,False,complete,2,ok,True
qwen3vl8b,instruct,main,301563,L2,3,2,348,2,0,2,138.5,14.4,False,False,complete,3,ok,True
qwen3vl8b,instruct,main,464824,L1,1,0,348,2,0,2,138.9,14.4,False,False,complete,1,ok,True
qwen3vl8b,instruct,main,231580,L3,7,1,348,2,0,2,139.3,14.4,False,False,complete,8,ok,False
qwen3vl8b,instruct,main,265816,L1,1,2,348,2,0,2,139.1,14.4,False,False,complete,1,ok,True
qwen3vl8b,instruct,main,220764,L1,1,1,348,2,0,2,138.2,14.5,False,False,complete,1,ok,True
qwen3vl8b,instruct,main,246883,L2,2,2,348,2,0,2,138.7,14.4,False,False,complete,2,ok,True
qwen3vl8b,instruct,main,188296,L3,7,0,348,2,0,2,138.6,14.4,False,False,complete,8,ok,False
qwen3vl8b,instruct,main,528314,L4,9,2,348,3,0,3,169.1,17.7,False,False,complete,10,ok,False
qwen3vl8b,instruct,main,274066,L3,5,2,348,2,0,2,138.4,14.5,False,False,complete,4,ok,False
qwen3vl8b,instruct,main,566923,L4,10,0,348,3,0,3,169.2,17.7,False,False,complete,10,ok,True
qwen3vl8b,instruct,main,102820,L1,1,0,348,2,0,2,138.3,14.5,False,False,complete,1,ok,True
qwen3vl8b,instruct,main,425906,L4,13,0,348,3,0,3,168.9,17.8,False,False,complete,15,ok,False
qwen3vl8b,instruct,main,542127,L4,14,0,348,3,0,3,169.1,17.7,False,False,complete,10,ok,False
qwen3vl8b,instruct,main,417249,L3,5,0,348,2,0,2,138.4,14.4,False,False,complete,5,ok,True
qwen3vl8b,instruct,main,1761,L3,5,0,348,2,0,2,138.9,14.4,False,False,complete,0,ok,False
qwen3vl8b,instruct,main,231580,L3,7,2,348,2,0,2,138.9,14.4,False,False,complete,8,ok,False
qwen3vl8b,instruct,main,62355,L3,5,1,348,2,0,2,139.4,14.3,False,False,complete,5,ok,True
qwen3vl8b,instruct,main,130699,L3,7,2,348,2,0,2,138.2,14.5,False,False,complete,7,ok,True
qwen3vl8b,instruct,main,366884,L1,1,2,348,2,0,2,138.8,14.4,False,False,complete,1,ok,True
qwen3vl8b,instruct,main,442456,L2,2,2,348,2,0,2,138.8,14.4,False,False,complete,2,ok,True
qwen3vl8b,instruct,main,542127,L4,14,1,348,3,0,3,169.0,17.7,False,False,complete,10,ok,False
qwen3vl8b,instruct,main,417249,L3,5,2,348,2,0,2,138.7,14.4,False,False,complete,5,ok,True
qwen3vl8b,instruct,main,188465,L4,14,1,348,2,0,2,138.9,14.4,False,False,complete,2,ok,False
qwen3vl8b,instruct,main,70739,L2,3,1,348,2,0,2,138.8,14.4,False,False,complete,2,ok,False
qwen3vl8b,instruct,main,159791,L4,8,2,348,2,0,2,138.8,14.4,False,False,complete,0,ok,False
qwen3vl8b,instruct,main,357748,L3,4,1,348,2,0,2,139.1,14.4,False,False,complete,3,ok,False
qwen3vl8b,instruct,main,170613,L2,2,0,348,2,0,2,139.0,14.4,False,False,complete,2,ok,True
qwen3vl8b,instruct,main,470924,L4,14,2,348,2,0,2,138.7,14.4,False,False,complete,5,ok,False
qwen3vl8b,instruct,main,169076,L2,2,0,348,2,0,2,138.9,14.4,False,False,complete,2,ok,True
qwen3vl8b,instruct,main,537270,L2,3,2,348,2,0,2,138.3,14.5,False,False,complete,3,ok,True
qwen3vl8b,instruct,main,6771,L4,8,0,348,2,0,2,138.9,14.4,False,False,complete,8,ok,True
qwen3vl8b,instruct,main,265816,L1,1,0,348,2,0,2,138.6,14.4,False,False,complete,1,ok,True
qwen3vl8b,instruct,main,465180,L3,6,1,348,2,0,2,138.8,14.4,False,False,complete,5,ok,False
qwen3vl8b,instruct,main,84477,L1,1,2,348,2,0,2,138.8,14.4,False,False,complete,1,ok,True
qwen3vl8b,instruct,main,3553,L1,1,2,348,2,0,2,139.4,14.3,False,False,complete,1,ok,True
qwen3vl8b,instruct,main,132544,L4,10,0,348,2,0,2,138.4,14.4,False,False,complete,8,ok,False
qwen3vl8b,instruct,main,323496,L3,6,1,348,2,0,2,138.7,14.4,False,False,complete,7,ok,False
qwen3vl8b,instruct,main,153529,L4,8,0,348,2,0,2,138.8,14.4,False,False,complete,5,ok,False
qwen3vl8b,instruct,main,265816,L1,1,1,348,2,0,2,139.0,14.4,False,False,complete,1,ok,True
qwen3vl8b,instruct,main,153529,L4,8,1,348,2,0,2,138.5,14.4,False,False,complete,5,ok,False
qwen3vl8b,instruct,main,18150,L2,2,1,348,2,0,2,139.1,14.4,False,False,complete,2,ok,True
qwen3vl8b,instruct,main,507037,L4,14,1,348,3,0,3,169.0,17.7,False,False,complete,15,ok,False
qwen3vl8b,instruct,main,535608,L3,5,1,348,2,0,2,138.2,14.5,False,False,complete,5,ok,True
qwen3vl8b,instruct,main,180487,L2,2,2,348,2,0,2,139.1,14.4,False,False,complete,2,ok,True
qwen3vl8b,instruct,main,3553,L1,1,1,348,2,0,2,139.2,14.4,False,False,complete,1,ok,True
qwen3vl8b,instruct,main,157756,L4,10,0,348,2,0,2,139.1,14.4,False,False,complete,5,ok,False
qwen3vl8b,instruct,main,284764,L1,1,1,348,2,0,2,138.8,14.4,False,False,complete,1,ok,True
qwen3vl8b,instruct,main,527528,L2,2,1,348,2,0,2,139.2,14.4,False,False,complete,0,ok,False
qwen3vl8b,instruct,main,89296,L2,2,2,348,2,0,2,138.5,14.4,False,False,complete,2,ok,True
qwen3vl8b,instruct,main,122672,L1,1,2,348,2,0,2,139.2,14.4,False,False,complete,1,ok,True
qwen3vl8b,instruct,main,554002,L4,10,2,348,2,0,2,138.5,14.4,False,False,complete,7,ok,False
qwen3vl8b,instruct,main,25386,L2,3,2,348,2,0,2,139.2,14.4,False,False,complete,2,ok,False
qwen3vl8b,instruct,main,83172,L2,3,2,348,2,0,2,139.0,14.4,False,False,complete,3,ok,True
qwen3vl8b,instruct,main,1584,L4,11,2,348,3,0,3,169.2,17.7,False,False,complete,10,ok,False
qwen3vl8b,instruct,main,568195,L2,3,1,348,2,0,2,138.7,14.4,False,False,complete,3,ok,True
qwen3vl8b,instruct,main,366884,L1,1,0,348,2,0,2,138.9,14.4,False,False,complete,1,ok,True
qwen3vl8b,instruct,main,89296,L2,2,0,348,2,0,2,139.4,14.4,False,False,complete,2,ok,True
qwen3vl8b,instruct,main,25386,L2,3,0,348,2,0,2,138.8,14.4,False,False,complete,2,ok,False
qwen3vl8b,instruct,main,535608,L3,5,0,348,2,0,2,139.4,14.3,False,False,complete,5,ok,True
qwen3vl8b,instruct,main,127270,L3,5,0,348,2,0,2,138.9,14.4,False,False,complete,5,ok,True
qwen3vl8b,instruct,main,330396,L3,5,2,348,2,0,2,139.3,14.4,False,False,complete,4,ok,False
qwen3vl8b,instruct,main,277020,L3,4,1,348,2,0,2,139.2,14.4,False,False,complete,4,ok,True
qwen3vl8b,instruct,main,323496,L3,6,0,348,2,0,2,139.8,14.3,False,False,complete,7,ok,False
qwen3vl8b,instruct,main,154087,L3,4,1,348,2,0,2,139.2,14.4,False,False,complete,5,ok,False
qwen3vl8b,instruct,main,295420,L1,1,2,348,2,0,2,139.4,14.3,False,False,complete,1,ok,True
qwen3vl8b,instruct,main,330396,L3,5,0,348,2,0,2,139.5,14.3,False,False,complete,4,ok,False
qwen3vl8b,instruct,main,213547,L2,2,2,348,2,0,2,138.8,14.4,False,False,complete,2,ok,True
qwen3vl8b,instruct,main,102820,L1,1,2,348,2,0,2,139.1,14.4,False,False,complete,1,ok,True
qwen3vl8b,instruct,main,332570,L1,1,1,348,2,0,2,139.4,14.4,False,False,complete,1,ok,True
qwen3vl8b,instruct,main,269121,L1,1,1,348,2,0,2,139.2,14.4,False,False,complete,1,ok,True
qwen3vl8b,instruct,main,473869,L1,1,0,348,2,0,2,139.3,14.4,False,False,complete,1,ok,True
qwen3vl8b,instruct,main,188296,L3,7,1,348,2,0,2,139.6,14.3,False,False,complete,8,ok,False
qwen3vl8b,instruct,main,415748,L1,1,2,348,2,0,2,139.3,14.4,False,False,complete,1,ok,True
qwen3vl8b,instruct,main,427338,L2,2,1,348,2,0,2,139.4,14.3,False,False,complete,2,ok,True
qwen3vl8b,instruct,main,154087,L3,4,2,348,2,0,2,139.4,14.3,False,False,complete,5,ok,False
qwen3vl8b,instruct,main,402774,L1,1,1,348,2,0,2,139.0,14.4,False,False,complete,1,ok,True
qwen3vl8b,instruct,main,173799,L2,2,2,348,2,0,2,138.9,14.4,False,False,complete,2,ok,True
qwen3vl8b,instruct,main,554595,L1,1,0,348,2,0,2,139.6,14.3,False,False,complete,1,ok,True
qwen3vl8b,instruct,main,332570,L1,1,2,348,2,0,2,139.1,14.4,False,False,complete,1,ok,True
qwen3vl8b,instruct,main,578489,L3,7,2,348,2,0,2,140.0,14.3,False,False,complete,7,ok,True
qwen3vl8b,instruct,main,6771,L4,8,2,348,2,0,2,139.7,14.3,False,False,complete,8,ok,True
qwen3vl8b,instruct,main,165681,L4,12,1,348,2,0,2,139.2,14.4,False,False,complete,2,ok,False
qwen3vl8b,instruct,main,354307,L1,1,2,348,2,0,2,139.5,14.3,False,False,complete,1,ok,True
qwen3vl8b,instruct,main,224664,L4,8,0,348,2,0,2,139.8,14.3,False,False,complete,1,ok,False
qwen3vl8b,instruct,main,295420,L1,1,0,348,2,0,2,139.0,14.4,False,False,complete,1,ok,True
qwen3vl8b,instruct,main,548246,L3,4,0,348,2,0,2,139.1,14.4,False,False,complete,4,ok,True
qwen3vl8b,instruct,main,361147,L4,9,0,348,2,0,2,139.4,14.4,False,False,complete,8,ok,False
qwen3vl8b,instruct,main,361586,L3,4,0,348,2,0,2,139.1,14.4,False,False,complete,7,ok,False
qwen3vl8b,instruct,main,390826,L1,1,1,348,2,0,2,139.6,14.3,False,False,complete,1,ok,True
qwen3vl8b,instruct,main,98287,L4,14,1,348,3,0,3,170.0,17.7,False,False,complete,10,ok,False
qwen3vl8b,instruct,main,269121,L1,1,0,348,2,0,2,139.1,14.4,False,False,complete,1,ok,True
qwen3vl8b,instruct,main,36936,L2,2,0,348,2,0,2,139.6,14.3,False,False,complete,2,ok,True
qwen3vl8b,instruct,main,154087,L3,4,0,348,2,0,2,139.2,14.4,False,False,complete,5,ok,False
qwen3vl8b,instruct,main,14439,L4,14,1,348,3,0,3,169.4,17.7,False,False,complete,15,ok,False
qwen3vl8b,instruct,main,354307,L1,1,1,348,2,0,2,139.5,14.3,False,False,complete,1,ok,True
qwen3vl8b,instruct,main,14439,L4,14,0,348,3,0,3,169.6,17.7,False,False,complete,15,ok,False
qwen3vl8b,instruct,main,480985,L4,8,2,348,2,0,2,139.4,14.3,False,False,complete,3,ok,False
qwen3vl8b,instruct,main,323496,L3,6,2,348,2,0,2,139.8,14.3,False,False,complete,7,ok,False
qwen3vl8b,instruct,main,473869,L1,1,1,348,2,0,2,139.6,14.3,False,False,complete,1,ok,True
qwen3vl8b,instruct,main,192670,L4,9,1,348,2,0,2,139.9,14.3,False,False,complete,8,ok,False
qwen3vl8b,instruct,main,130699,L3,7,0,348,2,0,2,139.7,14.3,False,False,complete,7,ok,True
qwen3vl8b,instruct,main,506656,L1,1,2,348,2,0,2,139.9,14.3,False,False,complete,1,ok,True
qwen3vl8b,instruct,main,1761,L3,5,1,348,2,0,2,140.2,14.3,False,False,complete,0,ok,False
qwen3vl8b,instruct,main,309173,L1,1,1,348,2,0,2,139.5,14.3,False,False,complete,0,ok,False
qwen3vl8b,instruct,main,192670,L4,9,2,348,2,0,2,139.8,14.3,False,False,complete,8,ok,False
qwen3vl8b,instruct,main,470924,L4,14,1,348,2,0,2,139.7,14.3,False,False,complete,5,ok,False
qwen3vl8b,instruct,main,357748,L3,4,0,348,2,0,2,139.2,14.4,False,False,complete,3,ok,False
qwen3vl8b,instruct,main,2006,L2,3,0,348,2,0,2,139.5,14.3,False,False,complete,2,ok,False
qwen3vl8b,instruct,main,527528,L2,2,0,348,2,0,2,139.7,14.3,False,False,complete,0,ok,False
qwen3vl8b,instruct,main,285047,L1,1,0,348,2,0,2,139.5,14.3,False,False,complete,1,ok,True
qwen3vl8b,instruct,main,330396,L3,5,1,348,2,0,2,140.2,14.3,False,False,complete,4,ok,False
qwen3vl8b,instruct,main,36936,L2,2,1,348,2,0,2,140.1,14.3,False,False,complete,2,ok,True
qwen3vl8b,instruct,main,201426,L2,2,1,348,2,0,2,139.7,14.3,False,False,complete,2,ok,True
qwen3vl8b,instruct,main,394199,L1,1,1,348,2,0,2,139.7,14.3,False,False,complete,1,ok,True
qwen3vl8b,instruct,main,500478,L4,14,2,348,3,0,3,170.4,17.6,False,False,complete,15,ok,False
qwen3vl8b,instruct,main,303863,L3,7,2,348,2,0,2,139.3,14.4,False,False,complete,4,ok,False
qwen3vl8b,instruct,main,159791,L4,8,1,348,2,0,2,140.0,14.3,False,False,complete,0,ok,False
qwen3vl8b,instruct,main,359833,L1,1,1,348,2,0,2,139.8,14.3,False,False,complete,1,ok,True
qwen3vl8b,instruct,main,139077,L1,1,0,348,2,0,2,139.7,14.3,False,False,complete,1,ok,True
qwen3vl8b,instruct,main,537270,L2,3,1,348,2,0,2,139.8,14.3,False,False,complete,3,ok,True
qwen3vl8b,instruct,main,327701,L3,4,0,348,2,0,2,139.9,14.3,False,False,complete,3,ok,False
qwen3vl8b,instruct,main,390826,L1,1,2,348,2,0,2,139.9,14.3,False,False,complete,1,ok,True
qwen3vl8b,instruct,main,415748,L1,1,1,348,2,0,2,139.8,14.3,False,False,complete,1,ok,True
qwen3vl8b,instruct,main,173799,L2,2,0,348,2,0,2,140.5,14.2,False,False,complete,2,ok,True
qwen3vl8b,instruct,main,220764,L1,1,0,348,2,0,2,139.9,14.3,False,False,complete,1,ok,True
qwen3vl8b,instruct,main,554002,L4,10,0,348,2,0,2,139.8,14.3,False,False,complete,7,ok,False
qwen3vl8b,instruct,main,36539,L2,2,0,348,2,0,2,139.9,14.3,False,False,complete,2,ok,True
qwen3vl8b,instruct,main,208363,L4,14,0,348,3,0,3,170.3,17.6,False,False,complete,14,ok,True
qwen3vl8b,instruct,main,188465,L4,14,2,348,2,0,2,138.9,14.4,False,False,complete,2,ok,False
qwen3vl8b,instruct,main,359833,L1,1,2,348,2,0,2,140.2,14.3,False,False,complete,1,ok,True
qwen3vl8b,instruct,main,471789,L4,12,0,348,3,0,3,169.8,17.7,False,False,complete,10,ok,False
qwen3vl8b,instruct,main,465180,L3,6,2,348,2,0,2,139.7,14.3,False,False,complete,5,ok,False
qwen3vl8b,instruct,main,464824,L1,1,1,348,2,0,2,139.6,14.3,False,False,complete,1,ok,True
qwen3vl8b,instruct,main,480985,L4,8,1,348,2,0,2,139.7,14.3,False,False,complete,3,ok,False
qwen3vl8b,instruct,main,139077,L1,1,2,348,2,0,2,139.7,14.3,False,False,complete,1,ok,True
qwen3vl8b,instruct,main,507037,L4,14,2,348,3,0,3,170.5,17.6,False,False,complete,15,ok,False
qwen3vl8b,instruct,main,62355,L3,5,2,348,2,0,2,139.9,14.3,False,False,complete,5,ok,True
qwen3vl8b,instruct,main,127270,L3,5,2,348,2,0,2,140.3,14.3,False,False,complete,5,ok,True
qwen3vl8b,instruct,main,402774,L1,1,0,348,2,0,2,140.4,14.2,False,False,complete,1,ok,True
qwen3vl8b,instruct,main,377588,L3,6,1,348,2,0,2,139.9,14.3,False,False,complete,6,ok,True
qwen3vl8b,instruct,main,332570,L1,1,0,348,2,0,2,140.3,14.3,False,False,complete,1,ok,True
qwen3vl8b,instruct,main,416451,L2,2,2,348,2,0,2,139.8,14.3,False,False,complete,3,ok,False
qwen3vl8b,instruct,main,117425,L2,3,1,348,2,0,2,140.2,14.3,False,False,complete,2,ok,False
qwen3vl8b,instruct,main,82715,L1,1,2,348,2,0,2,140.0,14.3,False,False,complete,1,ok,True
qwen3vl8b,instruct,main,114049,L3,6,1,348,2,0,2,139.7,14.3,False,False,complete,7,ok,False
qwen3vl8b,instruct,main,25386,L2,3,1,348,2,0,2,140.4,14.2,False,False,complete,2,ok,False
qwen3vl8b,instruct,main,480985,L4,8,0,348,2,0,2,140.4,14.2,False,False,complete,3,ok,False
qwen3vl8b,instruct,main,269121,L1,1,2,348,2,0,2,140.3,14.3,False,False,complete,1,ok,True
qwen3vl8b,instruct,main,442456,L2,2,1,348,2,0,2,140.0,14.3,False,False,complete,2,ok,True
qwen3vl8b,instruct,main,361586,L3,4,1,348,2,0,2,140.2,14.3,False,False,complete,7,ok,False
qwen3vl8b,instruct,main,497344,L1,1,2,348,2,0,2,140.1,14.3,False,False,complete,1,ok,True
qwen3vl8b,instruct,main,500478,L4,14,0,348,3,0,3,170.1,17.6,False,False,complete,15,ok,False
qwen3vl8b,instruct,main,361586,L3,4,2,348,2,0,2,139.7,14.3,False,False,complete,7,ok,False
qwen3vl8b,instruct,main,303863,L3,7,1,348,2,0,2,140.1,14.3,False,False,complete,4,ok,False
qwen3vl8b,instruct,main,139077,L1,1,1,348,2,0,2,139.8,14.3,False,False,complete,1,ok,True
qwen3vl8b,instruct,main,561256,L1,1,1,348,2,0,2,140.3,14.3,False,False,complete,1,ok,True
qwen3vl8b,instruct,main,3255,L3,6,2,348,2,0,2,140.0,14.3,False,False,complete,5,ok,False
qwen3vl8b,instruct,main,274066,L3,5,0,348,2,0,2,140.0,14.3,False,False,complete,4,ok,False
qwen3vl8b,instruct,main,578489,L3,7,1,348,2,0,2,140.8,14.2,False,False,complete,7,ok,True
qwen3vl8b,instruct,main,425906,L4,13,1,348,3,0,3,170.3,17.6,False,False,complete,15,ok,False
qwen3vl8b,instruct,main,528314,L4,9,0,348,3,0,3,170.0,17.6,False,False,complete,10,ok,False
qwen3vl8b,instruct,main,357816,L3,4,0,348,2,0,2,139.6,14.3,False,False,complete,6,ok,False
qwen3vl8b,instruct,main,455555,L2,2,1,348,2,0,2,140.3,14.3,False,False,complete,2,ok,True
qwen3vl8b,instruct,main,98287,L4,14,0,348,3,0,3,170.4,17.6,False,False,complete,10,ok,False
qwen3vl8b,instruct,main,528314,L4,9,1,348,3,0,3,169.8,17.7,False,False,complete,10,ok,False
qwen3vl8b,instruct,main,562207,L2,3,0,348,2,0,2,139.8,14.3,False,False,complete,3,ok,True
qwen3vl8b,instruct,main,481390,L4,14,0,348,3,0,3,170.5,17.6,False,False,complete,17,ok,False
qwen3vl8b,instruct,main,1584,L4,11,0,348,3,0,3,170.0,17.6,False,False,complete,10,ok,False
qwen3vl8b,instruct,main,568195,L2,3,0,348,2,0,2,139.8,14.3,False,False,complete,3,ok,True
qwen3vl8b,instruct,main,473869,L1,1,2,348,2,0,2,140.8,14.2,False,False,complete,1,ok,True
qwen3vl8b,instruct,main,126137,L4,13,2,348,2,0,2,140.4,14.2,False,False,complete,2,ok,False
qwen3vl8b,instruct,main,96493,L1,1,1,348,2,0,2,139.8,14.3,False,False,complete,1,ok,True
qwen3vl8b,instruct,main,31093,L2,3,1,348,2,0,2,140.4,14.2,False,False,complete,1,ok,False
qwen3vl8b,instruct,main,6771,L4,8,1,348,2,0,2,139.8,14.3,False,False,complete,8,ok,True
qwen3vl8b,instruct,main,111086,L3,4,1,348,2,0,2,140.2,14.3,False,False,complete,0,ok,False
qwen3vl8b,instruct,main,285047,L1,1,2,348,2,0,2,140.3,14.3,False,False,complete,1,ok,True
qwen3vl8b,instruct,main,31093,L2,3,0,348,2,0,2,140.5,14.2,False,False,complete,1,ok,False
qwen3vl8b,instruct,main,481390,L4,14,2,348,3,0,3,170.6,17.6,False,False,complete,17,ok,False
qwen3vl8b,instruct,main,89296,L2,2,1,348,2,0,2,139.7,14.3,False,False,complete,2,ok,True
qwen3vl8b,instruct,main,169076,L2,2,2,348,2,0,2,140.3,14.3,False,False,complete,2,ok,True
qwen3vl8b,instruct,main,425906,L4,13,2,348,3,0,3,171.4,17.5,False,False,complete,15,ok,False
qwen3vl8b,instruct,main,327701,L3,4,1,348,2,0,2,140.3,14.3,False,False,complete,3,ok,False
qwen3vl8b,instruct,main,44590,L4,12,0,348,3,0,3,170.4,17.6,False,False,complete,12,ok,True
qwen3vl8b,instruct,main,417249,L3,5,1,348,2,0,2,139.8,14.3,False,False,complete,5,ok,True
qwen3vl8b,instruct,main,442456,L2,2,0,348,2,0,2,140.6,14.2,False,False,complete,2,ok,True
qwen3vl8b,instruct,main,117719,L1,1,2,348,2,0,2,140.3,14.3,False,False,complete,1,ok,True
qwen3vl8b,instruct,main,450303,L3,6,2,348,2,0,2,140.1,14.3,False,False,complete,6,ok,True
qwen3vl8b,instruct,main,122672,L1,1,0,348,2,0,2,140.9,14.2,False,False,complete,1,ok,True
qwen3vl8b,instruct,main,554595,L1,1,2,348,2,0,2,143.3,14.0,False,False,complete,1,ok,True
qwen3vl8b,instruct,main,70739,L2,3,2,348,2,0,2,140.6,14.2,False,False,complete,2,ok,False
qwen3vl8b,instruct,main,561256,L1,1,0,348,2,0,2,140.6,14.2,False,False,complete,1,ok,True
qwen3vl8b,instruct,main,55167,L3,6,1,348,2,0,2,140.4,14.2,False,False,complete,2,ok,False
qwen3vl8b,instruct,main,32334,L3,5,2,348,2,0,2,140.3,14.3,False,False,complete,4,ok,False
qwen3vl8b,instruct,main,411754,L3,5,1,348,2,0,2,140.7,14.2,False,False,complete,3,ok,False
qwen3vl8b,instruct,main,309173,L1,1,0,348,2,0,2,140.3,14.3,False,False,complete,0,ok,False
qwen3vl8b,instruct,main,511647,L1,1,0,348,2,0,2,140.5,14.2,False,False,complete,1,ok,True
qwen3vl8b,instruct,main,117719,L1,1,0,348,2,0,2,140.5,14.2,False,False,complete,1,ok,True
qwen3vl8b,instruct,main,159791,L4,8,0,348,2,0,2,140.3,14.3,False,False,complete,0,ok,False
qwen3vl8b,instruct,main,84477,L1,1,0,348,2,0,2,141.2,14.2,False,False,complete,1,ok,True
qwen3vl8b,instruct,main,188296,L3,7,2,348,2,0,2,141.2,14.2,False,False,complete,8,ok,False
qwen3vl8b,instruct,main,327701,L3,4,2,348,2,0,2,142.8,14.0,False,False,complete,3,ok,False
qwen3vl8b,instruct,main,361147,L4,9,2,348,2,0,2,143.1,14.0,False,False,complete,8,ok,False
qwen3vl8b,instruct,main,220764,L1,1,2,348,2,0,2,141.0,14.2,False,False,complete,1,ok,True
qwen3vl8b,instruct,main,578489,L3,7,0,348,2,0,2,140.2,14.3,False,False,complete,7,ok,True
qwen3vl8b,instruct,main,89648,L4,11,0,348,3,0,3,170.6,17.6,False,False,complete,11,ok,True
qwen3vl8b,instruct,main,114049,L3,6,0,348,2,0,2,140.3,14.3,False,False,complete,7,ok,False
qwen3vl8b,instruct,main,1761,L3,5,2,348,2,0,2,140.1,14.3,False,False,complete,0,ok,False
qwen3vl8b,instruct,main,213547,L2,2,1,348,2,0,2,140.3,14.3,False,False,complete,2,ok,True
qwen3vl8b,instruct,main,548246,L3,4,2,348,2,0,2,140.5,14.2,False,False,complete,4,ok,True
qwen3vl8b,instruct,main,157756,L4,10,1,348,2,0,2,140.4,14.2,False,False,complete,5,ok,False
qwen3vl8b,instruct,main,455555,L2,2,0,348,2,0,2,140.4,14.2,False,False,complete,2,ok,True
qwen3vl8b,instruct,main,554595,L1,1,1,348,2,0,2,140.5,14.2,False,False,complete,1,ok,True
qwen3vl8b,instruct,main,477441,L2,3,1,348,2,0,2,140.7,14.2,False,False,complete,0,ok,False
qwen3vl8b,instruct,main,390826,L1,1,0,348,2,0,2,140.7,14.2,False,False,complete,1,ok,True
qwen3vl8b,instruct,main,568195,L2,3,2,348,2,0,2,140.5,14.2,False,False,complete,3,ok,True
qwen3vl8b,instruct,main,411754,L3,5,2,348,2,0,2,141.4,14.1,False,False,complete,3,ok,False
qwen3vl8b,instruct,main,497344,L1,1,1,348,2,0,2,141.2,14.2,False,False,complete,1,ok,True
qwen3vl8b,instruct,main,165681,L4,12,2,348,2,0,2,141.1,14.2,False,False,complete,2,ok,False
qwen3vl8b,instruct,main,561256,L1,1,2,348,2,0,2,140.6,14.2,False,False,complete,1,ok,True
qwen3vl8b,instruct,main,111086,L3,4,2,348,2,0,2,140.1,14.3,False,False,complete,0,ok,False
qwen3vl8b,instruct,main,253386,L2,2,0,348,2,0,2,140.6,14.2,False,False,complete,2,ok,True
qwen3vl8b,instruct,main,82715,L1,1,0,348,2,0,2,140.7,14.2,False,False,complete,1,ok,True
qwen3vl8b,instruct,main,157756,L4,10,2,348,2,0,2,140.2,14.3,False,False,complete,5,ok,False
qwen3vl8b,instruct,main,192670,L4,9,0,348,2,0,2,140.8,14.2,False,False,complete,8,ok,False
qwen3vl8b,instruct,main,55167,L3,6,2,348,2,0,2,140.5,14.2,False,False,complete,2,ok,False
qwen3vl8b,instruct,main,402774,L1,1,2,348,2,0,2,140.3,14.3,False,False,complete,1,ok,True
qwen3vl8b,instruct,main,55167,L3,6,0,348,2,0,2,140.2,14.3,False,False,complete,2,ok,False
qwen3vl8b,instruct,main,74200,L3,6,0,348,2,0,2,140.6,14.2,False,False,complete,0,ok,False
qwen3vl8b,instruct,main,274066,L3,5,1,348,2,0,2,140.0,14.3,False,False,complete,4,ok,False
qwen3vl8b,instruct,main,277020,L3,4,2,348,2,0,2,140.4,14.2,False,False,complete,4,ok,True
qwen3vl8b,instruct,main,295420,L1,1,1,348,2,0,2,140.7,14.2,False,False,complete,1,ok,True
qwen3vl8b,instruct,main,130699,L3,7,1,348,2,0,2,140.5,14.2,False,False,complete,7,ok,True
qwen3vl8b,instruct,main,477441,L2,3,2,348,2,0,2,140.7,14.2,False,False,complete,0,ok,False
qwen3vl8b,instruct,main,415748,L1,1,0,348,2,0,2,140.9,14.2,False,False,complete,1,ok,True
qwen3vl8b,instruct,main,465836,L2,3,2,348,2,0,2,140.5,14.2,False,False,complete,3,ok,True
qwen3vl8b,instruct,main,359833,L1,1,0,348,2,0,2,140.6,14.2,False,False,complete,1,ok,True
qwen3vl8b,instruct,main,542127,L4,14,2,348,3,0,3,171.0,17.5,False,False,complete,10,ok,False
qwen3vl8b,instruct,main,537270,L2,3,0,348,2,0,2,139.9,14.3,False,False,complete,3,ok,True
qwen3vl8b,instruct,main,224664,L4,8,1,348,2,0,2,140.5,14.2,False,False,complete,1,ok,False
qwen3vl8b,instruct,main,450303,L3,6,1,348,2,0,2,140.6,14.2,False,False,complete,6,ok,True
qwen3vl8b,instruct,main,170613,L2,2,1,348,2,0,2,140.4,14.2,False,False,complete,2,ok,True
qwen3vl8b,instruct,main,465180,L3,6,0,348,2,0,2,140.9,14.2,False,False,complete,5,ok,False
qwen3vl8b,instruct,main,497344,L1,1,0,348,2,0,2,140.4,14.2,False,False,complete,1,ok,True
qwen3vl8b,instruct,main,477805,L2,2,0,348,2,0,2,140.6,14.2,False,False,complete,1,ok,False
qwen3vl8b,instruct,main,477805,L2,2,2,348,2,0,2,141.0,14.2,False,False,complete,1,ok,False
qwen3vl8b,instruct,main,132544,L4,10,2,348,2,0,2,141.3,14.1,False,False,complete,8,ok,False
qwen3vl8b,instruct,main,464824,L1,1,2,348,2,0,2,140.0,14.3,False,False,complete,1,ok,True
qwen3vl8b,instruct,main,231580,L3,7,0,348,2,0,2,140.5,14.2,False,False,complete,8,ok,False
qwen3vl8b,instruct,main,36936,L2,2,2,348,2,0,2,141.0,14.2,False,False,complete,2,ok,True
qwen3vl8b,instruct,main,427338,L2,2,0,348,2,0,2,140.9,14.2,False,False,complete,2,ok,True
qwen3vl8b,instruct,main,188465,L4,14,0,348,2,0,2,140.4,14.2,False,False,complete,2,ok,False
qwen3vl8b,instruct,main,548246,L3,4,1,348,2,0,2,140.6,14.2,False,False,complete,4,ok,True
qwen3vl8b,instruct,main,82715,L1,1,1,348,2,0,2,140.6,14.2,False,False,complete,1,ok,True
qwen3vl8b,instruct,main,506656,L1,1,0,348,2,0,2,141.0,14.2,False,False,complete,1,ok,True
qwen3vl8b,instruct,main,44590,L4,12,2,348,3,0,3,171.4,17.5,False,False,complete,12,ok,True
qwen3vl8b,instruct,main,173799,L2,2,1,348,2,0,2,140.5,14.2,False,False,complete,2,ok,True
qwen3vl8b,instruct,main,366884,L1,1,1,348,2,0,2,140.6,14.2,False,False,complete,1,ok,True
qwen3vl8b,instruct,main,169076,L2,2,1,348,2,0,2,141.1,14.2,False,False,complete,2,ok,True
qwen3vl8b,instruct,main,562207,L2,3,1,348,2,0,2,140.9,14.2,False,False,complete,3,ok,True
qwen3vl8b,instruct,main,268378,L4,9,2,348,3,0,3,171.1,17.5,False,False,complete,10,ok,False
qwen3vl8b,instruct,main,507037,L4,14,0,348,3,0,3,171.4,17.5,False,False,complete,15,ok,False
qwen3vl8b,instruct,main,122672,L1,1,1,348,2,0,2,140.5,14.2,False,False,complete,1,ok,True
qwen3vl8b,instruct,main,309173,L1,1,2,348,2,0,2,140.9,14.2,False,False,complete,0,ok,False
qwen3vl8b,instruct,main,114049,L3,6,2,348,2,0,2,140.3,14.3,False,False,complete,7,ok,False
qwen3vl8b,instruct,main,481390,L4,14,1,348,3,0,3,171.4,17.5,False,False,complete,17,ok,False
qwen3vl8b,instruct,main,268378,L4,9,1,348,3,0,3,172.5,17.4,False,False,complete,10,ok,False
qwen3vl8b,instruct,main,208363,L4,14,2,348,3,0,3,171.8,17.5,False,False,complete,14,ok,True
qwen3vl8b,instruct,main,566923,L4,10,2,348,3,0,3,170.7,17.6,False,False,complete,10,ok,True
qwen3vl8b,instruct,main,465836,L2,3,1,348,2,0,2,140.7,14.2,False,False,complete,3,ok,True
qwen3vl8b,instruct,main,284764,L1,1,0,348,2,0,2,140.8,14.2,False,False,complete,1,ok,True
qwen3vl8b,instruct,main,89648,L4,11,1,348,3,0,3,171.3,17.5,False,False,complete,11,ok,True
qwen3vl8b,instruct,main,477805,L2,2,1,348,2,0,2,140.1,14.3,False,False,complete,1,ok,False
qwen3vl8b,instruct,main,284764,L1,1,2,348,2,0,2,141.5,14.1,False,False,complete,1,ok,True
qwen3vl8b,instruct,main,377393,L4,10,0,348,2,0,2,141.1,14.2,False,False,complete,1,ok,False
qwen3vl4b_t,thinking,main,548246,L3,4,1,350,208,204,1,4234.0,49.1,False,True,complete,4,ok,True
qwen3vl4b_t,thinking,main,442456,L2,2,2,350,82,78,1,1672.4,49.0,False,True,complete,2,ok,True
qwen3vl4b_t,thinking,main,62355,L3,5,1,350,497,493,1,10148.9,49.0,False,True,complete,4,ok,False
qwen3vl4b_t,thinking,main,180487,L2,2,1,350,81,77,1,1657.4,48.9,False,True,complete,2,ok,True
qwen3vl4b_t,thinking,main,303863,L3,7,2,350,1930,1926,1,43488.6,44.4,False,True,complete,6,ok,False
qwen3vl4b_t,thinking,main,111086,L3,4,0,350,385,381,1,7839.9,49.1,False,True,complete,2,ok,False
qwen3vl4b_t,thinking,main,366884,L1,1,2,350,89,85,1,1820.9,48.9,False,True,complete,1,ok,True
qwen3vl4b_t,thinking,main,427338,L2,2,0,350,91,87,1,1850.0,49.2,False,True,complete,2,ok,True
qwen3vl4b_t,thinking,main,361586,L3,4,0,350,972,968,1,20649.5,47.1,False,True,complete,8,ok,False
qwen3vl4b_t,thinking,main,359833,L1,1,1,350,53,49,1,1119.9,47.3,False,True,complete,1,ok,True
qwen3vl4b_t,thinking,main,18150,L2,2,1,350,74,70,1,1537.1,48.1,False,True,complete,2,ok,True
qwen3vl4b_t,thinking,main,578489,L3,7,1,350,1260,1256,1,27169.5,46.4,False,True,complete,7,ok,True
qwen3vl4b_t,thinking,main,554595,L1,1,2,350,48,44,1,999.5,48.0,False,True,complete,1,ok,True
qwen3vl4b_t,thinking,main,231580,L3,7,1,350,904,900,1,19032.5,47.5,False,True,complete,6,ok,False
qwen3vl4b_t,thinking,main,497344,L1,1,1,350,48,44,1,999.3,48.0,False,True,complete,1,ok,True
qwen3vl4b_t,thinking,main,511647,L1,1,0,350,60,56,1,1238.5,48.4,False,True,complete,1,ok,True
qwen3vl4b_t,thinking,main,36539,L2,2,1,350,52,48,1,1082.4,48.0,False,True,complete,2,ok,True
qwen3vl4b_t,thinking,main,417249,L3,5,1,350,127,123,1,2606.2,48.7,False,True,complete,4,ok,False
qwen3vl4b_t,thinking,main,537270,L2,3,2,350,84,80,1,1742.5,48.2,False,True,complete,3,ok,True
qwen3vl4b_t,thinking,main,455555,L2,2,0,350,59,55,1,1224.0,48.2,False,True,complete,2,ok,True
qwen3vl4b_t,thinking,main,417249,L3,5,2,350,127,123,1,2591.5,49.0,False,True,complete,4,ok,False
qwen3vl4b_t,thinking,main,25386,L2,3,1,350,76,72,1,1579.2,48.1,False,True,complete,2,ok,False
qwen3vl4b_t,thinking,main,25386,L2,3,2,350,76,72,1,1578.6,48.1,False,True,complete,2,ok,False
qwen3vl4b_t,thinking,main,253386,L2,2,0,350,82,78,1,1675.5,48.9,False,True,complete,2,ok,True
qwen3vl4b_t,thinking,main,55167,L3,6,2,350,1649,1645,1,36545.9,45.1,False,True,complete,4,ok,False
qwen3vl4b_t,thinking,main,173799,L2,2,2,350,96,92,1,1978.8,48.5,False,True,complete,2,ok,True
qwen3vl4b_t,thinking,main,415748,L1,1,2,350,75,71,1,1537.3,48.8,False,True,complete,1,ok,True
qwen3vl4b_t,thinking,main,89296,L2,2,0,350,82,78,1,1707.0,48.0,False,True,complete,2,ok,True
qwen3vl4b_t,thinking,main,464824,L1,1,0,350,61,57,1,1263.5,48.3,False,True,complete,1,ok,True
qwen3vl4b_t,thinking,main,357748,L3,4,1,350,267,263,1,5414.8,49.3,False,True,complete,3,ok,False
qwen3vl4b_t,thinking,main,390826,L1,1,1,350,58,54,1,1223.9,47.4,False,True,complete,1,ok,True
qwen3vl4b_t,thinking,main,70739,L2,3,0,350,813,809,1,17051.6,47.7,False,True,complete,3,ok,True
qwen3vl4b_t,thinking,main,154087,L3,4,0,350,400,396,1,8208.6,48.7,False,True,complete,4,ok,True
qwen3vl4b_t,thinking,main,361586,L3,4,1,350,972,968,1,20610.6,47.2,False,True,complete,8,ok,False
qwen3vl4b_t,thinking,main,3553,L1,1,1,350,43,39,1,917.3,46.9,False,True,complete,1,ok,True
qwen3vl4b_t,thinking,main,359833,L1,1,0,350,53,49,1,1102.2,48.1,False,True,complete,1,ok,True
qwen3vl4b_t,thinking,main,477805,L2,2,2,350,40,36,1,856.0,46.7,False,True,complete,1,ok,False
qwen3vl4b_t,thinking,main,323496,L3,6,2,350,382,378,1,7817.6,48.9,False,True,complete,6,ok,True
qwen3vl4b_t,thinking,main,411754,L3,5,0,350,1040,1036,1,22166.4,46.9,False,True,complete,4,ok,False
qwen3vl4b_t,thinking,main,130699,L3,7,2,350,642,638,1,13347.6,48.1,False,True,complete,6,ok,False
qwen3vl4b_t,thinking,main,477441,L2,3,0,350,200,196,1,4082.0,49.0,False,True,complete,0,ok,False
qwen3vl4b_t,thinking,main,130699,L3,7,0,350,642,638,1,13391.5,47.9,False,True,complete,6,ok,False
qwen3vl4b_t,thinking,main,74200,L3,6,2,350,1388,1384,1,29656.0,46.8,False,True,complete,0,ok,False
qwen3vl4b_t,thinking,main,3553,L1,1,0,350,43,39,1,893.1,48.1,False,True,complete,1,ok,True
qwen3vl4b_t,thinking,main,548246,L3,4,0,350,208,204,1,4155.5,50.1,False,True,complete,4,ok,True
qwen3vl4b_t,thinking,main,114049,L3,6,0,350,1589,1585,1,34743.7,45.7,False,True,complete,5,ok,False
qwen3vl4b_t,thinking,main,366884,L1,1,0,350,89,85,1,1836.0,48.5,False,True,complete,1,ok,True
qwen3vl4b_t,thinking,main,274066,L3,5,1,350,119,115,1,2438.1,48.8,False,True,complete,4,ok,False
qwen3vl4b_t,thinking,main,36936,L2,2,0,350,48,44,1,1015.3,47.3,False,True,complete,2,ok,True
qwen3vl4b_t,thinking,main,25386,L2,3,0,350,76,72,1,1575.9,48.2,False,True,complete,2,ok,False
qwen3vl4b_t,thinking,main,201426,L2,2,2,350,72,68,1,1479.4,48.7,False,True,complete,2,ok,True
qwen3vl4b_t,thinking,main,246883,L2,2,0,350,63,59,1,1314.8,47.9,False,True,complete,2,ok,True
qwen3vl4b_t,thinking,main,36539,L2,2,2,350,52,48,1,1077.0,48.3,False,True,complete,2,ok,True
qwen3vl4b_t,thinking,main,357816,L3,4,1,350,319,315,1,6503.9,49.0,False,True,complete,4,ok,True
qwen3vl4b_t,thinking,main,537270,L2,3,0,350,84,80,1,1716.4,48.9,False,True,complete,3,ok,True
qwen3vl4b_t,thinking,main,366884,L1,1,1,350,89,85,1,1839.0,48.4,False,True,complete,1,ok,True
qwen3vl4b_t,thinking,main,220764,L1,1,1,350,66,62,1,1377.5,47.9,False,True,complete,1,ok,True
qwen3vl4b_t,thinking,main,301563,L2,3,2,350,86,82,1,1777.2,48.4,False,True,complete,3,ok,True
qwen3vl4b_t,thinking,main,130699,L3,7,1,350,642,638,1,13293.7,48.3,False,True,complete,6,ok,False
qwen3vl4b_t,thinking,main,96493,L1,1,2,350,55,51,1,1138.9,48.3,False,True,complete,1,ok,True
qwen3vl4b_t,thinking,main,442456,L2,2,0,350,82,78,1,1706.5,48.1,False,True,complete,2,ok,True
qwen3vl4b_t,thinking,main,188296,L3,7,2,350,8192,8192,0,251814.0,32.5,True,False,non_termination,2,no_think_tag,False
qwen3vl4b_t,thinking,main,561256,L1,1,2,350,48,44,1,1026.0,46.8,False,True,complete,1,ok,True
qwen3vl4b_t,thinking,main,102820,L1,1,1,350,54,50,1,1145.6,47.1,False,True,complete,1,ok,True
qwen3vl4b_t,thinking,main,415748,L1,1,0,350,75,71,1,1565.3,47.9,False,True,complete,1,ok,True
qwen3vl4b_t,thinking,main,535608,L3,5,0,350,449,445,1,9176.7,48.9,False,True,complete,5,ok,True
qwen3vl4b_t,thinking,main,506656,L1,1,1,350,56,52,1,1160.0,48.3,False,True,complete,1,ok,True
qwen3vl4b_t,thinking,main,327701,L3,4,0,350,158,154,1,3240.6,48.8,False,True,complete,3,ok,False
qwen3vl4b_t,thinking,main,265816,L1,1,2,350,70,66,1,1467.1,47.7,False,True,complete,1,ok,True
qwen3vl4b_t,thinking,main,537270,L2,3,1,350,84,80,1,1716.2,48.9,False,True,complete,3,ok,True
qwen3vl4b_t,thinking,main,169076,L2,2,0,350,364,360,1,7456.7,48.8,False,True,complete,2,ok,True
qwen3vl4b_t,thinking,main,70739,L2,3,1,350,813,809,1,17098.0,47.5,False,True,complete,3,ok,True
qwen3vl4b_t,thinking,main,301563,L2,3,0,350,86,82,1,1778.5,48.4,False,True,complete,3,ok,True
qwen3vl4b_t,thinking,main,1761,L3,5,2,350,142,138,1,2872.5,49.4,False,True,complete,0,ok,False
qwen3vl4b_t,thinking,main,511647,L1,1,1,350,60,56,1,1237.3,48.5,False,True,complete,1,ok,True
qwen3vl4b_t,thinking,main,139077,L1,1,1,350,57,53,1,1199.1,47.5,False,True,complete,1,ok,True
qwen3vl4b_t,thinking,main,465180,L3,6,2,350,476,472,1,9746.2,48.8,False,True,complete,5,ok,False
qwen3vl4b_t,thinking,main,117425,L2,3,1,350,75,71,1,1546.1,48.5,False,True,complete,2,ok,False
qwen3vl4b_t,thinking,main,55167,L3,6,0,350,1649,1645,1,36501.7,45.2,False,True,complete,4,ok,False
qwen3vl4b_t,thinking,main,253386,L2,2,2,350,82,78,1,1695.9,48.4,False,True,complete,2,ok,True
qwen3vl4b_t,thinking,main,561256,L1,1,1,350,48,44,1,999.6,48.0,False,True,complete,1,ok,True
qwen3vl4b_t,thinking,main,82715,L1,1,2,350,50,46,1,1037.9,48.2,False,True,complete,1,ok,True
qwen3vl4b_t,thinking,main,62355,L3,5,2,350,497,493,1,10196.2,48.7,False,True,complete,4,ok,False
qwen3vl4b_t,thinking,main,357816,L3,4,2,350,319,315,1,6487.4,49.2,False,True,complete,4,ok,True
qwen3vl4b_t,thinking,main,32334,L3,5,2,350,354,350,1,7250.1,48.8,False,True,complete,5,ok,True
qwen3vl4b_t,thinking,main,394199,L1,1,2,350,71,67,1,1469.1,48.3,False,True,complete,1,ok,True
qwen3vl4b_t,thinking,main,303863,L3,7,0,350,1930,1926,1,43396.4,44.5,False,True,complete,6,ok,False
qwen3vl4b_t,thinking,main,309173,L1,1,2,350,115,111,1,2356.3,48.8,False,True,complete,0,ok,False
qwen3vl4b_t,thinking,main,416451,L2,2,2,350,8192,8192,0,250734.8,32.7,True,False,non_termination,2,no_think_tag,True
qwen3vl4b_t,thinking,main,220764,L1,1,2,350,66,62,1,1374.3,48.0,False,True,complete,1,ok,True
qwen3vl4b_t,thinking,main,354307,L1,1,0,350,50,46,1,1040.8,48.0,False,True,complete,1,ok,True
qwen3vl4b_t,thinking,main,390826,L1,1,2,350,58,54,1,1226.7,47.3,False,True,complete,1,ok,True
qwen3vl4b_t,thinking,main,246883,L2,2,1,350,63,59,1,1323.2,47.6,False,True,complete,2,ok,True
qwen3vl4b_t,thinking,main,201426,L2,2,1,350,72,68,1,1482.0,48.6,False,True,complete,2,ok,True
qwen3vl4b_t,thinking,main,1761,L3,5,1,350,142,138,1,2876.7,49.4,False,True,complete,0,ok,False
qwen3vl4b_t,thinking,main,277020,L3,4,1,350,133,129,1,2701.8,49.2,False,True,complete,4,ok,True
qwen3vl4b_t,thinking,main,32334,L3,5,0,350,354,350,1,7254.0,48.8,False,True,complete,5,ok,True
qwen3vl4b_t,thinking,main,169076,L2,2,2,350,364,360,1,7432.3,49.0,False,True,complete,2,ok,True
qwen3vl4b_t,thinking,main,74200,L3,6,1,350,1388,1384,1,30290.8,45.8,False,True,complete,0,ok,False
qwen3vl4b_t,thinking,main,269121,L1,1,1,350,73,69,1,1514.0,48.2,False,True,complete,1,ok,True
qwen3vl4b_t,thinking,main,139077,L1,1,2,350,57,53,1,1195.4,47.7,False,True,complete,1,ok,True
qwen3vl4b_t,thinking,main,117719,L1,1,0,350,61,57,1,1274.5,47.9,False,True,complete,1,ok,True
qwen3vl4b_t,thinking,main,562207,L2,3,2,350,65,61,1,1334.6,48.7,False,True,complete,3,ok,True
qwen3vl4b_t,thinking,main,511647,L1,1,2,350,60,56,1,1255.4,47.8,False,True,complete,1,ok,True
qwen3vl4b_t,thinking,main,55167,L3,6,1,350,1649,1645,1,36477.5,45.2,False,True,complete,4,ok,False
qwen3vl4b_t,thinking,main,295420,L1,1,0,350,141,137,1,2881.7,48.9,False,True,complete,2,ok,False
qwen3vl4b_t,thinking,main,213547,L2,2,1,350,77,73,1,1571.2,49.0,False,True,complete,2,ok,True
qwen3vl4b_t,thinking,main,180487,L2,2,0,350,81,77,1,1675.1,48.4,False,True,complete,2,ok,True
qwen3vl4b_t,thinking,main,274066,L3,5,0,350,119,115,1,2409.6,49.4,False,True,complete,4,ok,False
qwen3vl4b_t,thinking,main,330396,L3,5,0,350,1085,1081,1,23203.0,46.8,False,True,complete,5,ok,True
qwen3vl4b_t,thinking,main,213547,L2,2,2,350,77,73,1,1574.3,48.9,False,True,complete,2,ok,True
qwen3vl4b_t,thinking,main,274066,L3,5,2,350,119,115,1,2419.9,49.2,False,True,complete,4,ok,False
qwen3vl4b_t,thinking,main,535608,L3,5,1,350,449,445,1,9231.2,48.6,False,True,complete,5,ok,True
qwen3vl4b_t,thinking,main,173799,L2,2,1,350,96,92,1,1954.9,49.1,False,True,complete,2,ok,True
qwen3vl4b_t,thinking,main,357748,L3,4,2,350,267,263,1,5450.0,49.0,False,True,complete,3,ok,False
qwen3vl4b_t,thinking,main,327701,L3,4,1,350,158,154,1,3190.0,49.5,False,True,complete,3,ok,False
qwen3vl4b_t,thinking,main,450303,L3,6,2,350,384,380,1,7875.3,48.8,False,True,complete,6,ok,True
qwen3vl4b_t,thinking,main,284764,L1,1,2,350,44,40,1,935.9,47.0,False,True,complete,1,ok,True
qwen3vl4b_t,thinking,main,111086,L3,4,2,350,385,381,1,7846.2,49.1,False,True,complete,2,ok,False
qwen3vl4b_t,thinking,main,169076,L2,2,1,350,364,360,1,7455.0,48.8,False,True,complete,2,ok,True
qwen3vl4b_t,thinking,main,323496,L3,6,0,350,382,378,1,7828.3,48.8,False,True,complete,6,ok,True
qwen3vl4b_t,thinking,main,357816,L3,4,0,350,319,315,1,6478.9,49.2,False,True,complete,4,ok,True
qwen3vl4b_t,thinking,main,477805,L2,2,1,350,40,36,1,858.2,46.6,False,True,complete,1,ok,False
qwen3vl4b_t,thinking,main,3255,L3,6,0,350,42,38,1,880.5,47.7,False,True,complete,4,ok,False
qwen3vl4b_t,thinking,main,122672,L1,1,2,350,54,50,1,1128.4,47.9,False,True,complete,1,ok,True
qwen3vl4b_t,thinking,main,2006,L2,3,0,350,82,78,1,1678.1,48.9,False,True,complete,2,ok,False
qwen3vl4b_t,thinking,main,411754,L3,5,1,350,1040,1036,1,22147.6,47.0,False,True,complete,4,ok,False
qwen3vl4b_t,thinking,main,122672,L1,1,0,350,54,50,1,1136.4,47.5,False,True,complete,1,ok,True
qwen3vl4b_t,thinking,main,465180,L3,6,0,350,476,472,1,9761.5,48.8,False,True,complete,5,ok,False
qwen3vl4b_t,thinking,main,284764,L1,1,1,350,44,40,1,938.1,46.9,False,True,complete,1,ok,True
qwen3vl4b_t,thinking,main,84477,L1,1,2,350,70,66,1,1456.4,48.1,False,True,complete,1,ok,True
qwen3vl4b_t,thinking,main,188296,L3,7,1,350,8192,8192,0,251007.9,32.6,True,False,non_termination,2,no_think_tag,False
qwen3vl4b_t,thinking,main,473869,L1,1,0,350,42,38,1,907.0,46.3,False,True,complete,1,ok,True
qwen3vl4b_t,thinking,main,31093,L2,3,0,350,660,656,1,13759.1,48.0,False,True,complete,3,ok,True
qwen3vl4b_t,thinking,main,455555,L2,2,2,350,59,55,1,1217.1,48.5,False,True,complete,2,ok,True
qwen3vl4b_t,thinking,main,18150,L2,2,0,350,74,70,1,1515.7,48.8,False,True,complete,2,ok,True
qwen3vl4b_t,thinking,main,111086,L3,4,1,350,385,381,1,7898.9,48.7,False,True,complete,2,ok,False
qwen3vl4b_t,thinking,main,36936,L2,2,1,350,48,44,1,999.5,48.0,False,True,complete,2,ok,True
qwen3vl4b_t,thinking,main,36539,L2,2,0,350,52,48,1,1081.0,48.1,False,True,complete,2,ok,True
qwen3vl4b_t,thinking,main,562207,L2,3,0,350,65,61,1,1358.2,47.9,False,True,complete,3,ok,True
qwen3vl4b_t,thinking,main,415748,L1,1,1,350,75,71,1,1536.0,48.8,False,True,complete,1,ok,True
qwen3vl4b_t,thinking,main,83172,L2,3,1,350,87,83,1,1807.2,48.1,False,True,complete,3,ok,True
qwen3vl4b_t,thinking,main,32334,L3,5,1,350,354,350,1,7251.9,48.8,False,True,complete,5,ok,True
qwen3vl4b_t,thinking,main,455555,L2,2,1,350,59,55,1,1218.1,48.4,False,True,complete,2,ok,True
qwen3vl4b_t,thinking,main,394199,L1,1,1,350,71,67,1,1458.7,48.7,False,True,complete,1,ok,True
qwen3vl4b_t,thinking,main,450303,L3,6,1,350,384,380,1,7824.6,49.1,False,True,complete,6,ok,True
qwen3vl4b_t,thinking,main,117719,L1,1,2,350,61,57,1,1275.5,47.8,False,True,complete,1,ok,True
qwen3vl4b_t,thinking,main,74200,L3,6,0,350,1388,1384,1,30287.9,45.8,False,True,complete,0,ok,False
qwen3vl4b_t,thinking,main,332570,L1,1,0,350,78,74,1,1616.3,48.3,False,True,complete,1,ok,True
qwen3vl4b_t,thinking,main,269121,L1,1,0,350,73,69,1,1514.7,48.2,False,True,complete,1,ok,True
qwen3vl4b_t,thinking,main,284764,L1,1,0,350,44,40,1,920.4,47.8,False,True,complete,1,ok,True
qwen3vl4b_t,thinking,main,84477,L1,1,1,350,70,66,1,1454.7,48.1,False,True,complete,1,ok,True
qwen3vl4b_t,thinking,main,122672,L1,1,1,350,54,50,1,1139.7,47.4,False,True,complete,1,ok,True
qwen3vl4b_t,thinking,main,535608,L3,5,2,350,449,445,1,9224.5,48.7,False,True,complete,5,ok,True
qwen3vl4b_t,thinking,main,201426,L2,2,0,350,72,68,1,1493.2,48.2,False,True,complete,2,ok,True
qwen3vl4b_t,thinking,main,170613,L2,2,1,350,64,60,1,1336.6,47.9,False,True,complete,2,ok,True
qwen3vl4b_t,thinking,main,323496,L3,6,1,350,382,378,1,7824.4,48.8,False,True,complete,6,ok,True
qwen3vl4b_t,thinking,main,497344,L1,1,2,350,48,44,1,1015.2,47.3,False,True,complete,1,ok,True
qwen3vl4b_t,thinking,main,330396,L3,5,2,350,1085,1081,1,23191.4,46.8,False,True,complete,5,ok,True
qwen3vl4b_t,thinking,main,464824,L1,1,2,350,61,57,1,1255.6,48.6,False,True,complete,1,ok,True
qwen3vl4b_t,thinking,main,246883,L2,2,2,350,63,59,1,1299.9,48.5,False,True,complete,2,ok,True
qwen3vl4b_t,thinking,main,83172,L2,3,0,350,87,83,1,1795.4,48.5,False,True,complete,3,ok,True
qwen3vl4b_t,thinking,main,295420,L1,1,2,350,141,137,1,2881.4,48.9,False,True,complete,2,ok,False
qwen3vl4b_t,thinking,main,269121,L1,1,2,350,73,69,1,1514.6,48.2,False,True,complete,1,ok,True
qwen3vl4b_t,thinking,main,417249,L3,5,0,350,127,123,1,2572.4,49.4,False,True,complete,4,ok,False
qwen3vl4b_t,thinking,main,568195,L2,3,1,350,83,79,1,1715.9,48.4,False,True,complete,3,ok,True
qwen3vl4b_t,thinking,main,117425,L2,3,0,350,75,71,1,1532.5,48.9,False,True,complete,2,ok,False
qwen3vl4b_t,thinking,main,117719,L1,1,1,350,61,57,1,1276.2,47.8,False,True,complete,1,ok,True
qwen3vl4b_t,thinking,main,127270,L3,5,0,350,685,681,1,14232.3,48.1,False,True,complete,5,ok,True
qwen3vl4b_t,thinking,main,3553,L1,1,2,350,43,39,1,917.9,46.8,False,True,complete,1,ok,True
qwen3vl4b_t,thinking,main,506656,L1,1,2,350,56,52,1,1157.4,48.4,False,True,complete,1,ok,True
qwen3vl4b_t,thinking,main,330396,L3,5,1,350,1085,1081,1,23215.5,46.7,False,True,complete,5,ok,True
qwen3vl4b_t,thinking,main,84477,L1,1,0,350,70,66,1,1435.6,48.8,False,True,complete,1,ok,True
qwen3vl4b_t,thinking,main,354307,L1,1,2,350,50,46,1,1057.9,47.3,False,True,complete,1,ok,True
qwen3vl4b_t,thinking,main,62355,L3,5,0,350,497,493,1,10241.1,48.5,False,True,complete,4,ok,False
qwen3vl4b_t,thinking,main,450303,L3,6,0,350,384,380,1,7871.7,48.8,False,True,complete,6,ok,True
qwen3vl4b_t,thinking,main,2006,L2,3,1,350,82,78,1,1669.7,49.1,False,True,complete,2,ok,False
qwen3vl4b_t,thinking,main,561256,L1,1,0,350,48,44,1,1004.4,47.8,False,True,complete,1,ok,True
qwen3vl4b_t,thinking,main,173799,L2,2,0,350,96,92,1,1952.4,49.2,False,True,complete,2,ok,True
qwen3vl4b_t,thinking,main,285047,L1,1,1,350,40,36,1,859.3,46.6,False,True,complete,1,ok,True
qwen3vl4b_t,thinking,main,31093,L2,3,1,350,660,656,1,13719.3,48.1,False,True,complete,3,ok,True
qwen3vl4b_t,thinking,main,477805,L2,2,0,350,40,36,1,843.1,47.4,False,True,complete,1,ok,False
qwen3vl4b_t,thinking,main,213547,L2,2,0,350,77,73,1,1580.4,48.7,False,True,complete,2,ok,True
qwen3vl4b_t,thinking,main,377588,L3,6,2,350,303,299,1,6150.7,49.3,False,True,complete,6,ok,True
qwen3vl4b_t,thinking,main,394199,L1,1,0,350,71,67,1,1453.2,48.9,False,True,complete,1,ok,True
qwen3vl4b_t,thinking,main,465836,L2,3,2,350,64,60,1,1340.1,47.8,False,True,complete,3,ok,True
qwen3vl4b_t,thinking,main,473869,L1,1,2,350,42,38,1,901.1,46.6,False,True,complete,1,ok,True
qwen3vl4b_t,thinking,main,568195,L2,3,2,350,83,79,1,1718.1,48.3,False,True,complete,3,ok,True
qwen3vl4b_t,thinking,main,2006,L2,3,2,350,82,78,1,1699.6,48.2,False,True,complete,2,ok,False
qwen3vl4b_t,thinking,main,114049,L3,6,2,350,1589,1585,1,35054.2,45.3,False,True,complete,5,ok,False
qwen3vl4b_t,thinking,main,506656,L1,1,0,350,56,52,1,1176.9,47.6,False,True,complete,1,ok,True
qwen3vl4b_t,thinking,main,548246,L3,4,2,350,208,204,1,4208.5,49.4,False,True,complete,4,ok,True
qwen3vl4b_t,thinking,main,377588,L3,6,0,350,303,299,1,6190.1,48.9,False,True,complete,6,ok,True
qwen3vl4b_t,thinking,main,554595,L1,1,0,350,48,44,1,999.7,48.0,False,True,complete,1,ok,True
qwen3vl4b_t,thinking,main,265816,L1,1,0,350,70,66,1,1434.8,48.8,False,True,complete,1,ok,True
qwen3vl4b_t,thinking,main,354307,L1,1,1,350,50,46,1,1041.2,48.0,False,True,complete,1,ok,True
qwen3vl4b_t,thinking,main,416451,L2,2,1,350,8192,8192,0,251140.8,32.6,True,False,non_termination,2,no_think_tag,True
qwen3vl4b_t,thinking,main,464824,L1,1,1,350,61,57,1,1288.0,47.4,False,True,complete,1,ok,True
qwen3vl4b_t,thinking,main,527528,L2,2,2,350,282,278,1,5737.9,49.1,False,True,complete,0,ok,False
qwen3vl4b_t,thinking,main,170613,L2,2,0,350,64,60,1,1322.0,48.4,False,True,complete,2,ok,True
qwen3vl4b_t,thinking,main,303863,L3,7,1,350,1930,1926,1,43519.5,44.3,False,True,complete,6,ok,False
qwen3vl4b_t,thinking,main,465180,L3,6,1,350,476,472,1,9758.1,48.8,False,True,complete,5,ok,False
qwen3vl4b_t,thinking,main,127270,L3,5,1,350,685,681,1,14289.1,47.9,False,True,complete,5,ok,True
qwen3vl4b_t,thinking,main,301563,L2,3,1,350,86,82,1,1777.8,48.4,False,True,complete,3,ok,True
qwen3vl4b_t,thinking,main,3255,L3,6,1,350,42,38,1,895.4,46.9,False,True,complete,4,ok,False
qwen3vl4b_t,thinking,main,465836,L2,3,1,350,64,60,1,1330.5,48.1,False,True,complete,3,ok,True
qwen3vl4b_t,thinking,main,231580,L3,7,0,350,904,900,1,19114.2,47.3,False,True,complete,6,ok,False
qwen3vl4b_t,thinking,main,82715,L1,1,1,350,50,46,1,1056.9,47.3,False,True,complete,1,ok,True
qwen3vl4b_t,thinking,main,188296,L3,7,0,350,8192,8192,0,251040.0,32.6,True,False,non_termination,2,no_think_tag,False
qwen3vl4b_t,thinking,main,411754,L3,5,2,350,1040,1036,1,22167.4,46.9,False,True,complete,4,ok,False
qwen3vl4b_t,thinking,main,285047,L1,1,2,350,40,36,1,861.4,46.4,False,True,complete,1,ok,True
qwen3vl4b_t,thinking,main,402774,L1,1,1,350,66,62,1,1379.7,47.8,False,True,complete,1,ok,True
qwen3vl4b_t,thinking,main,295420,L1,1,1,350,141,137,1,2881.0,48.9,False,True,complete,2,ok,False
qwen3vl4b_t,thinking,main,277020,L3,4,0,350,133,129,1,2724.3,48.8,False,True,complete,4,ok,True
qwen3vl4b_t,thinking,main,96493,L1,1,0,350,55,51,1,1159.9,47.4,False,True,complete,1,ok,True
qwen3vl4b_t,thinking,main,1761,L3,5,0,350,142,138,1,2907.6,48.8,False,True,complete,0,ok,False
qwen3vl4b_t,thinking,main,82715,L1,1,0,350,50,46,1,1058.1,47.3,False,True,complete,1,ok,True
qwen3vl4b_t,thinking,main,562207,L2,3,1,350,65,61,1,1335.8,48.7,False,True,complete,3,ok,True
qwen3vl4b_t,thinking,main,154087,L3,4,2,350,400,396,1,8208.8,48.7,False,True,complete,4,ok,True
qwen3vl4b_t,thinking,main,89296,L2,2,2,350,82,78,1,1696.8,48.3,False,True,complete,2,ok,True
qwen3vl4b_t,thinking,main,180487,L2,2,2,350,81,77,1,1652.7,49.0,False,True,complete,2,ok,True
qwen3vl4b_t,thinking,main,83172,L2,3,2,350,87,83,1,1775.0,49.0,False,True,complete,3,ok,True
qwen3vl4b_t,thinking,main,70739,L2,3,2,350,813,809,1,17037.0,47.7,False,True,complete,3,ok,True
qwen3vl4b_t,thinking,main,554595,L1,1,1,350,48,44,1,1000.1,48.0,False,True,complete,1,ok,True
qwen3vl4b_t,thinking,main,390826,L1,1,0,350,58,54,1,1198.2,48.4,False,True,complete,1,ok,True
qwen3vl4b_t,thinking,main,309173,L1,1,1,350,115,111,1,2336.7,49.2,False,True,complete,0,ok,False
qwen3vl4b_t,thinking,main,139077,L1,1,0,350,57,53,1,1202.4,47.4,False,True,complete,1,ok,True
qwen3vl4b_t,thinking,main,377588,L3,6,1,350,303,299,1,6206.1,48.8,False,True,complete,6,ok,True
qwen3vl4b_t,thinking,main,361586,L3,4,2,350,972,968,1,20670.3,47.0,False,True,complete,8,ok,False
qwen3vl4b_t,thinking,main,332570,L1,1,1,350,78,74,1,1619.3,48.2,False,True,complete,1,ok,True
qwen3vl4b_t,thinking,main,31093,L2,3,2,350,660,656,1,13739.2,48.0,False,True,complete,3,ok,True
qwen3vl4b_t,thinking,main,253386,L2,2,1,350,82,78,1,1681.2,48.8,False,True,complete,2,ok,True
qwen3vl4b_t,thinking,main,277020,L3,4,2,350,133,129,1,2698.1,49.3,False,True,complete,4,ok,True
qwen3vl4b_t,thinking,main,327701,L3,4,2,350,158,154,1,3223.5,49.0,False,True,complete,3,ok,False
qwen3vl4b_t,thinking,main,309173,L1,1,0,350,115,111,1,2335.0,49.3,False,True,complete,0,ok,False
qwen3vl4b_t,thinking,main,357748,L3,4,0,350,267,263,1,5454.9,48.9,False,True,complete,3,ok,False
qwen3vl4b_t,thinking,main,477441,L2,3,1,350,200,196,1,4076.6,49.1,False,True,complete,0,ok,False
qwen3vl4b_t,thinking,main,568195,L2,3,0,350,83,79,1,1715.4,48.4,False,True,complete,3,ok,True
qwen3vl4b_t,thinking,main,359833,L1,1,2,350,53,49,1,1115.5,47.5,False,True,complete,1,ok,True
qwen3vl4b_t,thinking,main,427338,L2,2,2,350,91,87,1,1875.3,48.5,False,True,complete,2,ok,True
qwen3vl4b_t,thinking,main,527528,L2,2,1,350,282,278,1,5760.9,49.0,False,True,complete,0,ok,False
qwen3vl4b_t,thinking,main,402774,L1,1,2,350,66,62,1,1378.6,47.9,False,True,complete,1,ok,True
qwen3vl4b_t,thinking,main,265816,L1,1,1,350,70,66,1,1454.3,48.1,False,True,complete,1,ok,True
qwen3vl4b_t,thinking,main,114049,L3,6,1,350,1589,1585,1,35057.3,45.3,False,True,complete,5,ok,False
qwen3vl4b_t,thinking,main,102820,L1,1,0,350,54,50,1,1118.4,48.3,False,True,complete,1,ok,True
qwen3vl4b_t,thinking,main,154087,L3,4,1,350,400,396,1,8204.7,48.8,False,True,complete,4,ok,True
qwen3vl4b_t,thinking,main,285047,L1,1,0,350,40,36,1,856.7,46.7,False,True,complete,1,ok,True
qwen3vl4b_t,thinking,main,465836,L2,3,0,350,64,60,1,1336.5,47.9,False,True,complete,3,ok,True
qwen3vl4b_t,thinking,main,442456,L2,2,1,350,82,78,1,1694.6,48.4,False,True,complete,2,ok,True
qwen3vl4b_t,thinking,main,497344,L1,1,0,350,48,44,1,1018.9,47.1,False,True,complete,1,ok,True
qwen3vl4b_t,thinking,main,473869,L1,1,1,350,42,38,1,896.9,46.8,False,True,complete,1,ok,True
qwen3vl4b_t,thinking,main,36936,L2,2,2,350,48,44,1,1016.0,47.2,False,True,complete,2,ok,True
qwen3vl4b_t,thinking,main,127270,L3,5,2,350,685,681,1,14223.7,48.2,False,True,complete,5,ok,True
qwen3vl4b_t,thinking,main,332570,L1,1,2,350,78,74,1,1616.9,48.2,False,True,complete,1,ok,True
qwen3vl4b_t,thinking,main,89296,L2,2,1,350,82,78,1,1694.9,48.4,False,True,complete,2,ok,True
qwen3vl4b_t,thinking,main,578489,L3,7,2,350,1260,1256,1,27235.6,46.3,False,True,complete,7,ok,True
qwen3vl4b_t,thinking,main,231580,L3,7,2,350,904,900,1,19060.3,47.4,False,True,complete,6,ok,False
qwen3vl4b_t,thinking,main,427338,L2,2,1,350,91,87,1,1856.3,49.0,False,True,complete,2,ok,True
qwen3vl4b_t,thinking,main,402774,L1,1,0,350,66,62,1,1382.3,47.7,False,True,complete,1,ok,True
qwen3vl4b_t,thinking,main,170613,L2,2,2,350,64,60,1,1319.7,48.5,False,True,complete,2,ok,True
qwen3vl4b_t,thinking,main,102820,L1,1,2,350,54,50,1,1138.0,47.5,False,True,complete,1,ok,True
qwen3vl4b_t,thinking,main,578489,L3,7,0,350,1260,1256,1,27283.4,46.2,False,True,complete,7,ok,True
qwen3vl4b_t,thinking,main,220764,L1,1,0,350,66,62,1,1377.5,47.9,False,True,complete,1,ok,True
qwen3vl4b_t,thinking,main,18150,L2,2,2,350,74,70,1,1534.8,48.2,False,True,complete,2,ok,True
qwen3vl4b_t,thinking,main,117425,L2,3,2,350,75,71,1,1534.9,48.9,False,True,complete,2,ok,False
qwen3vl4b_t,thinking,main,96493,L1,1,1,350,55,51,1,1157.8,47.5,False,True,complete,1,ok,True
qwen3vl4b_t,thinking,main,3255,L3,6,2,350,42,38,1,881.5,47.6,False,True,complete,4,ok,False
qwen3vl4b_t,thinking,main,527528,L2,2,0,350,282,278,1,5761.4,48.9,False,True,complete,0,ok,False
qwen3vl4b_t,thinking,main,416451,L2,2,0,350,8192,8192,0,251295.6,32.6,True,False,non_termination,2,no_think_tag,True
qwen3vl4b_t,thinking,main,477441,L2,3,2,350,200,196,1,4095.9,48.8,False,True,complete,0,ok,False
qwen3vl8b_t,thinking,main,464824,L1,1,1,350,53,49,1,1689.4,31.4,False,True,complete,1,ok,True
qwen3vl8b_t,thinking,main,122672,L1,1,0,350,47,43,1,1498.0,31.4,False,True,complete,1,ok,True
qwen3vl8b_t,thinking,main,62355,L3,5,0,350,1996,1992,1,66164.2,30.2,False,True,complete,5,ok,True
qwen3vl8b_t,thinking,main,357748,L3,4,2,350,249,245,1,7716.2,32.3,False,True,complete,3,ok,False
qwen3vl8b_t,thinking,main,84477,L1,1,1,350,68,64,1,2138.6,31.8,False,True,complete,1,ok,True
qwen3vl8b_t,thinking,main,285047,L1,1,1,350,47,43,1,1514.0,31.0,False,True,complete,1,ok,True
qwen3vl8b_t,thinking,main,82715,L1,1,2,350,46,42,1,1473.1,31.2,False,True,complete,1,ok,True
qwen3vl8b_t,thinking,main,535608,L3,5,0,350,208,204,1,6445.3,32.3,False,True,complete,5,ok,True
qwen3vl8b_t,thinking,main,127270,L3,5,0,350,349,345,1,10807.0,32.3,False,True,complete,5,ok,True
qwen3vl8b_t,thinking,main,309173,L1,1,2,350,176,172,1,5450.5,32.3,False,True,complete,0,ok,False
qwen3vl8b_t,thinking,main,213547,L2,2,1,350,103,99,1,3218.6,32.0,False,True,complete,2,ok,True
qwen3vl8b_t,thinking,main,169076,L2,2,1,350,64,60,1,2015.4,31.8,False,True,complete,2,ok,True
qwen3vl8b_t,thinking,main,169076,L2,2,0,350,64,60,1,2017.6,31.7,False,True,complete,2,ok,True
qwen3vl8b_t,thinking,main,416451,L2,2,0,350,165,161,1,5100.2,32.4,False,True,complete,3,ok,False
qwen3vl8b_t,thinking,main,213547,L2,2,2,350,103,99,1,3206.7,32.1,False,True,complete,2,ok,True
qwen3vl8b_t,thinking,main,464824,L1,1,0,350,53,49,1,1695.8,31.3,False,True,complete,1,ok,True
qwen3vl8b_t,thinking,main,416451,L2,2,2,350,165,161,1,5103.7,32.3,False,True,complete,3,ok,False
qwen3vl8b_t,thinking,main,332570,L1,1,0,350,44,40,1,1409.4,31.2,False,True,complete,1,ok,True
qwen3vl8b_t,thinking,main,562207,L2,3,1,350,58,54,1,1836.6,31.6,False,True,complete,3,ok,True
qwen3vl8b_t,thinking,main,465836,L2,3,1,350,53,49,1,1681.8,31.5,False,True,complete,3,ok,True
qwen3vl8b_t,thinking,main,578489,L3,7,0,350,609,605,1,19014.4,32.0,False,True,complete,7,ok,True
qwen3vl8b_t,thinking,main,511647,L1,1,2,350,62,58,1,1954.0,31.7,False,True,complete,1,ok,True
qwen3vl8b_t,thinking,main,122672,L1,1,2,350,47,43,1,1511.8,31.1,False,True,complete,1,ok,True
qwen3vl8b_t,thinking,main,330396,L3,5,2,350,110,106,1,3418.6,32.2,False,True,complete,4,ok,False
qwen3vl8b_t,thinking,main,285047,L1,1,2,350,47,43,1,1498.7,31.4,False,True,complete,1,ok,True
qwen3vl8b_t,thinking,main,473869,L1,1,2,350,34,30,1,1116.6,30.4,False,True,complete,1,ok,True
qwen3vl8b_t,thinking,main,330396,L3,5,1,350,110,106,1,3420.4,32.2,False,True,complete,4,ok,False
qwen3vl8b_t,thinking,main,3553,L1,1,0,350,53,49,1,1695.1,31.3,False,True,complete,1,ok,True
qwen3vl8b_t,thinking,main,537270,L2,3,2,350,72,68,1,2262.7,31.8,False,True,complete,3,ok,True
qwen3vl8b_t,thinking,main,83172,L2,3,1,350,93,89,1,2898.1,32.1,False,True,complete,3,ok,True
qwen3vl8b_t,thinking,main,220764,L1,1,2,350,41,37,1,1327.2,30.9,False,True,complete,1,ok,True
qwen3vl8b_t,thinking,main,497344,L1,1,2,350,53,49,1,1687.1,31.4,False,True,complete,1,ok,True
qwen3vl8b_t,thinking,main,323496,L3,6,2,350,712,708,1,22323.8,31.9,False,True,complete,6,ok,True
qwen3vl8b_t,thinking,main,455555,L2,2,2,350,59,55,1,1863.6,31.7,False,True,complete,2,ok,True
qwen3vl8b_t,thinking,main,25386,L2,3,0,350,62,58,1,1960.9,31.6,False,True,complete,2,ok,False
qwen3vl8b_t,thinking,main,284764,L1,1,2,350,34,30,1,1104.4,30.8,False,True,complete,1,ok,True
qwen3vl8b_t,thinking,main,82715,L1,1,0,350,46,42,1,1480.5,31.1,False,True,complete,1,ok,True
qwen3vl8b_t,thinking,main,96493,L1,1,1,350,50,46,1,1603.5,31.2,False,True,complete,1,ok,True
qwen3vl8b_t,thinking,main,411754,L3,5,0,350,1399,1395,1,45071.4,31.0,False,True,complete,4,ok,False
qwen3vl8b_t,thinking,main,477441,L2,3,1,350,170,166,1,5262.9,32.3,False,True,complete,0,ok,False
qwen3vl8b_t,thinking,main,18150,L2,2,1,350,72,68,1,2265.1,31.8,False,True,complete,2,ok,True
qwen3vl8b_t,thinking,main,96493,L1,1,2,350,50,46,1,1597.0,31.3,False,True,complete,1,ok,True
qwen3vl8b_t,thinking,main,18150,L2,2,0,350,72,68,1,2265.4,31.8,False,True,complete,2,ok,True
qwen3vl8b_t,thinking,main,265816,L1,1,1,350,57,53,1,1809.9,31.5,False,True,complete,1,ok,True
qwen3vl8b_t,thinking,main,89296,L2,2,1,350,80,76,1,2508.0,31.9,False,True,complete,2,ok,True
qwen3vl8b_t,thinking,main,402774,L1,1,2,350,79,75,1,2469.9,32.0,False,True,complete,1,ok,True
qwen3vl8b_t,thinking,main,277020,L3,4,1,350,135,131,1,4182.1,32.3,False,True,complete,4,ok,True
qwen3vl8b_t,thinking,main,442456,L2,2,1,350,133,129,1,4125.3,32.2,False,True,complete,3,ok,False
qwen3vl8b_t,thinking,main,277020,L3,4,2,350,135,131,1,4184.9,32.3,False,True,complete,4,ok,True
qwen3vl8b_t,thinking,main,180487,L2,2,0,350,99,95,1,3081.6,32.1,False,True,complete,2,ok,True
qwen3vl8b_t,thinking,main,366884,L1,1,2,350,62,58,1,1955.9,31.7,False,True,complete,1,ok,True
qwen3vl8b_t,thinking,main,170613,L2,2,2,350,62,58,1,1953.1,31.7,False,True,complete,2,ok,True
qwen3vl8b_t,thinking,main,3255,L3,6,2,350,78,74,1,2448.0,31.9,False,True,complete,5,ok,False
qwen3vl8b_t,thinking,main,84477,L1,1,2,350,68,64,1,2143.2,31.7,False,True,complete,1,ok,True
qwen3vl8b_t,thinking,main,506656,L1,1,0,350,41,37,1,1317.1,31.1,False,True,complete,1,ok,True
qwen3vl8b_t,thinking,main,70739,L2,3,1,350,102,98,1,3180.7,32.1,False,True,complete,3,ok,True
qwen3vl8b_t,thinking,main,102820,L1,1,0,350,51,47,1,1621.8,31.4,False,True,complete,1,ok,True
qwen3vl8b_t,thinking,main,231580,L3,7,2,350,519,515,1,16124.5,32.2,False,True,complete,7,ok,True
qwen3vl8b_t,thinking,main,309173,L1,1,1,350,176,172,1,5439.7,32.4,False,True,complete,0,ok,False
qwen3vl8b_t,thinking,main,366884,L1,1,0,350,62,58,1,1960.3,31.6,False,True,complete,1,ok,True
qwen3vl8b_t,thinking,main,102820,L1,1,2,350,51,47,1,1619.1,31.5,False,True,complete,1,ok,True
qwen3vl8b_t,thinking,main,301563,L2,3,1,350,94,90,1,2925.4,32.1,False,True,complete,3,ok,True
qwen3vl8b_t,thinking,main,180487,L2,2,1,350,99,95,1,3090.3,32.0,False,True,complete,2,ok,True
qwen3vl8b_t,thinking,main,442456,L2,2,2,350,133,129,1,4124.0,32.3,False,True,complete,3,ok,False
qwen3vl8b_t,thinking,main,427338,L2,2,2,350,55,51,1,1748.9,31.4,False,True,complete,2,ok,True
qwen3vl8b_t,thinking,main,361586,L3,4,0,350,765,761,1,23976.5,31.9,False,True,complete,6,ok,False
qwen3vl8b_t,thinking,main,548246,L3,4,1,350,363,359,1,11214.1,32.4,False,True,complete,4,ok,True
qwen3vl8b_t,thinking,main,83172,L2,3,0,350,93,89,1,2896.9,32.1,False,True,complete,3,ok,True
qwen3vl8b_t,thinking,main,114049,L3,6,1,350,4020,4016,1,142647.4,28.2,False,True,complete,4,ok,False
qwen3vl8b_t,thinking,main,231580,L3,7,1,350,519,515,1,16125.3,32.2,False,True,complete,7,ok,True
qwen3vl8b_t,thinking,main,154087,L3,4,0,350,119,115,1,3688.7,32.3,False,True,complete,4,ok,True
qwen3vl8b_t,thinking,main,450303,L3,6,1,350,517,513,1,16052.5,32.2,False,True,complete,6,ok,True
qwen3vl8b_t,thinking,main,89296,L2,2,0,350,80,76,1,2505.8,31.9,False,True,complete,2,ok,True
qwen3vl8b_t,thinking,main,117425,L2,3,2,350,104,100,1,3234.9,32.1,False,True,complete,2,ok,False
qwen3vl8b_t,thinking,main,303863,L3,7,0,350,8192,8192,0,334592.8,24.5,True,False,non_termination,3,no_think_tag,False
qwen3vl8b_t,thinking,main,102820,L1,1,1,350,51,47,1,1633.5,31.2,False,True,complete,1,ok,True
qwen3vl8b_t,thinking,main,417249,L3,5,2,350,362,358,1,11215.1,32.3,False,True,complete,4,ok,False
qwen3vl8b_t,thinking,main,309173,L1,1,0,350,176,172,1,5432.6,32.4,False,True,complete,0,ok,False
qwen3vl8b_t,thinking,main,537270,L2,3,1,350,72,68,1,2260.7,31.8,False,True,complete,3,ok,True
qwen3vl8b_t,thinking,main,277020,L3,4,0,350,135,131,1,4180.6,32.3,False,True,complete,4,ok,True
qwen3vl8b_t,thinking,main,114049,L3,6,0,350,4020,4016,1,142645.7,28.2,False,True,complete,4,ok,False
qwen3vl8b_t,thinking,main,269121,L1,1,0,350,41,37,1,1316.9,31.1,False,True,complete,1,ok,True
qwen3vl8b_t,thinking,main,506656,L1,1,1,350,41,37,1,1326.1,30.9,False,True,complete,1,ok,True
qwen3vl8b_t,thinking,main,18150,L2,2,2,350,72,68,1,2261.7,31.8,False,True,complete,2,ok,True
qwen3vl8b_t,thinking,main,55167,L3,6,1,350,559,555,1,17384.4,32.2,False,True,complete,3,ok,False
qwen3vl8b_t,thinking,main,253386,L2,2,0,350,1351,1347,1,43339.3,31.2,False,True,complete,3,ok,False
qwen3vl8b_t,thinking,main,497344,L1,1,1,350,53,49,1,1686.3,31.4,False,True,complete,1,ok,True
qwen3vl8b_t,thinking,main,122672,L1,1,1,350,47,43,1,1496.5,31.4,False,True,complete,1,ok,True
qwen3vl8b_t,thinking,main,357748,L3,4,0,350,249,245,1,7679.6,32.4,False,True,complete,3,ok,False
qwen3vl8b_t,thinking,main,578489,L3,7,1,350,609,605,1,18951.2,32.1,False,True,complete,7,ok,True
qwen3vl8b_t,thinking,main,130699,L3,7,0,350,958,954,1,30245.2,31.7,False,True,complete,6,ok,False
qwen3vl8b_t,thinking,main,465180,L3,6,2,350,849,845,1,26691.7,31.8,False,True,complete,5,ok,False
qwen3vl8b_t,thinking,main,330396,L3,5,0,350,110,106,1,3422.7,32.1,False,True,complete,4,ok,False
qwen3vl8b_t,thinking,main,170613,L2,2,0,350,62,58,1,1961.1,31.6,False,True,complete,2,ok,True
qwen3vl8b_t,thinking,main,55167,L3,6,2,350,559,555,1,17372.3,32.2,False,True,complete,3,ok,False
qwen3vl8b_t,thinking,main,173799,L2,2,0,350,86,82,1,2682.4,32.1,False,True,complete,2,ok,True
qwen3vl8b_t,thinking,main,36936,L2,2,1,350,90,86,1,2804.8,32.1,False,True,complete,2,ok,True
qwen3vl8b_t,thinking,main,477805,L2,2,1,350,47,43,1,1499.9,31.3,False,True,complete,1,ok,False
qwen3vl8b_t,thinking,main,332570,L1,1,2,350,44,40,1,1412.7,31.1,False,True,complete,1,ok,True
qwen3vl8b_t,thinking,main,417249,L3,5,0,350,362,358,1,11192.8,32.3,False,True,complete,4,ok,False
qwen3vl8b_t,thinking,main,402774,L1,1,1,350,79,75,1,2469.2,32.0,False,True,complete,1,ok,True
qwen3vl8b_t,thinking,main,327701,L3,4,1,350,84,80,1,2622.5,32.0,False,True,complete,3,ok,False
qwen3vl8b_t,thinking,main,188296,L3,7,1,350,1656,1652,1,53865.3,30.7,False,True,complete,6,ok,False
qwen3vl8b_t,thinking,main,427338,L2,2,1,350,55,51,1,1739.7,31.6,False,True,complete,2,ok,True
qwen3vl8b_t,thinking,main,127270,L3,5,2,350,349,345,1,10801.2,32.3,False,True,complete,5,ok,True
qwen3vl8b_t,thinking,main,377588,L3,6,2,350,418,414,1,12950.4,32.3,False,True,complete,5,ok,False
qwen3vl8b_t,thinking,main,361586,L3,4,1,350,765,761,1,23986.9,31.9,False,True,complete,6,ok,False
qwen3vl8b_t,thinking,main,568195,L2,3,1,350,68,64,1,2137.3,31.8,False,True,complete,3,ok,True
qwen3vl8b_t,thinking,main,361586,L3,4,2,350,765,761,1,23986.9,31.9,False,True,complete,6,ok,False
qwen3vl8b_t,thinking,main,303863,L3,7,2,350,8192,8192,0,334511.8,24.5,True,False,non_termination,3,no_think_tag,False
qwen3vl8b_t,thinking,main,32334,L3,5,2,350,1489,1485,1,48149.9,30.9,False,True,complete,5,ok,True
qwen3vl8b_t,thinking,main,390826,L1,1,2,350,58,54,1,1837.4,31.6,False,True,complete,1,ok,True
qwen3vl8b_t,thinking,main,477441,L2,3,0,350,170,166,1,5258.5,32.3,False,True,complete,0,ok,False
qwen3vl8b_t,thinking,main,70739,L2,3,2,350,102,98,1,3167.8,32.2,False,True,complete,3,ok,True
qwen3vl8b_t,thinking,main,173799,L2,2,2,350,86,82,1,2690.4,32.0,False,True,complete,2,ok,True
qwen3vl8b_t,thinking,main,427338,L2,2,0,350,55,51,1,1748.2,31.5,False,True,complete,2,ok,True
qwen3vl8b_t,thinking,main,83172,L2,3,2,350,93,89,1,2898.6,32.1,False,True,complete,3,ok,True
qwen3vl8b_t,thinking,main,139077,L1,1,1,350,52,48,1,1657.1,31.4,False,True,complete,1,ok,True
qwen3vl8b_t,thinking,main,357816,L3,4,1,350,1262,1258,1,40363.9,31.3,False,True,complete,5,ok,False
qwen3vl8b_t,thinking,main,511647,L1,1,0,350,62,58,1,1954.4,31.7,False,True,complete,1,ok,True
qwen3vl8b_t,thinking,main,213547,L2,2,0,350,103,99,1,3211.2,32.1,False,True,complete,2,ok,True
qwen3vl8b_t,thinking,main,169076,L2,2,2,350,64,60,1,2013.0,31.8,False,True,complete,2,ok,True
qwen3vl8b_t,thinking,main,154087,L3,4,1,350,119,115,1,3691.0,32.2,False,True,complete,4,ok,True
qwen3vl8b_t,thinking,main,70739,L2,3,0,350,102,98,1,3171.4,32.2,False,True,complete,3,ok,True
qwen3vl8b_t,thinking,main,354307,L1,1,0,350,59,55,1,1867.8,31.6,False,True,complete,1,ok,True
qwen3vl8b_t,thinking,main,114049,L3,6,2,350,4020,4016,1,142742.6,28.2,False,True,complete,4,ok,False
qwen3vl8b_t,thinking,main,188296,L3,7,0,350,1656,1652,1,53844.0,30.8,False,True,complete,6,ok,False
qwen3vl8b_t,thinking,main,301563,L2,3,2,350,94,90,1,2927.4,32.1,False,True,complete,3,ok,True
qwen3vl8b_t,thinking,main,554595,L1,1,1,350,57,53,1,1806.9,31.5,False,True,complete,1,ok,True
qwen3vl8b_t,thinking,main,561256,L1,1,0,350,31,27,1,1016.0,30.5,False,True,complete,1,ok,True
qwen3vl8b_t,thinking,main,117719,L1,1,2,350,45,41,1,1437.6,31.3,False,True,complete,1,ok,True
qwen3vl8b_t,thinking,main,455555,L2,2,0,350,59,55,1,1865.7,31.6,False,True,complete,2,ok,True
qwen3vl8b_t,thinking,main,253386,L2,2,2,350,1351,1347,1,43375.4,31.1,False,True,complete,3,ok,False
qwen3vl8b_t,thinking,main,36539,L2,2,2,350,78,74,1,2442.8,31.9,False,True,complete,2,ok,True
qwen3vl8b_t,thinking,main,450303,L3,6,2,350,517,513,1,16050.8,32.2,False,True,complete,6,ok,True
qwen3vl8b_t,thinking,main,274066,L3,5,0,350,110,106,1,3415.9,32.2,False,True,complete,4,ok,False
qwen3vl8b_t,thinking,main,117719,L1,1,1,350,45,41,1,1443.4,31.2,False,True,complete,1,ok,True
qwen3vl8b_t,thinking,main,477805,L2,2,0,350,47,43,1,1506.8,31.2,False,True,complete,1,ok,False
qwen3vl8b_t,thinking,main,477805,L2,2,2,350,47,43,1,1500.5,31.3,False,True,complete,1,ok,False
qwen3vl8b_t,thinking,main,173799,L2,2,1,350,86,82,1,2690.4,32.0,False,True,complete,2,ok,True
qwen3vl8b_t,thinking,main,220764,L1,1,0,350,41,37,1,1326.5,30.9,False,True,complete,1,ok,True
qwen3vl8b_t,thinking,main,359833,L1,1,1,350,42,38,1,1348.1,31.2,False,True,complete,1,ok,True
qwen3vl8b_t,thinking,main,117719,L1,1,0,350,45,41,1,1446.8,31.1,False,True,complete,1,ok,True
qwen3vl8b_t,thinking,main,465180,L3,6,1,350,849,845,1,26695.2,31.8,False,True,complete,5,ok,False
qwen3vl8b_t,thinking,main,3255,L3,6,1,350,78,74,1,2445.3,31.9,False,True,complete,5,ok,False
qwen3vl8b_t,thinking,main,354307,L1,1,1,350,59,55,1,1869.6,31.6,False,True,complete,1,ok,True
qwen3vl8b_t,thinking,main,36539,L2,2,1,350,78,74,1,2449.8,31.8,False,True,complete,2,ok,True
qwen3vl8b_t,thinking,main,455555,L2,2,1,350,59,55,1,1869.5,31.6,False,True,complete,2,ok,True
qwen3vl8b_t,thinking,main,327701,L3,4,0,350,84,80,1,2628.3,32.0,False,True,complete,3,ok,False
qwen3vl8b_t,thinking,main,411754,L3,5,1,350,1399,1395,1,45006.5,31.1,False,True,complete,4,ok,False
qwen3vl8b_t,thinking,main,117425,L2,3,0,350,104,100,1,3242.3,32.1,False,True,complete,2,ok,False
qwen3vl8b_t,thinking,main,2006,L2,3,1,350,103,99,1,3210.0,32.1,False,True,complete,2,ok,False
qwen3vl8b_t,thinking,main,377588,L3,6,0,350,418,414,1,12941.5,32.3,False,True,complete,5,ok,False
qwen3vl8b_t,thinking,main,82715,L1,1,1,350,46,42,1,1472.3,31.2,False,True,complete,1,ok,True
qwen3vl8b_t,thinking,main,537270,L2,3,0,350,72,68,1,2264.0,31.8,False,True,complete,3,ok,True
qwen3vl8b_t,thinking,main,3553,L1,1,2,350,53,49,1,1687.4,31.4,False,True,complete,1,ok,True
qwen3vl8b_t,thinking,main,3255,L3,6,0,350,78,74,1,2439.0,32.0,False,True,complete,5,ok,False
qwen3vl8b_t,thinking,main,265816,L1,1,0,350,57,53,1,1801.2,31.6,False,True,complete,1,ok,True
qwen3vl8b_t,thinking,main,36539,L2,2,0,350,78,74,1,2445.4,31.9,False,True,complete,2,ok,True
qwen3vl8b_t,thinking,main,450303,L3,6,0,350,517,513,1,16064.5,32.2,False,True,complete,6,ok,True
qwen3vl8b_t,thinking,main,506656,L1,1,2,350,41,37,1,1319.2,31.1,False,True,complete,1,ok,True
qwen3vl8b_t,thinking,main,130699,L3,7,2,350,958,954,1,30288.4,31.6,False,True,complete,6,ok,False
qwen3vl8b_t,thinking,main,127270,L3,5,1,350,349,345,1,10794.1,32.3,False,True,complete,5,ok,True
qwen3vl8b_t,thinking,main,327701,L3,4,2,350,84,80,1,2629.4,31.9,False,True,complete,3,ok,False
qwen3vl8b_t,thinking,main,1761,L3,5,2,350,166,162,1,5132.9,32.3,False,True,complete,0,ok,False
qwen3vl8b_t,thinking,main,139077,L1,1,0,350,52,48,1,1656.4,31.4,False,True,complete,1,ok,True
qwen3vl8b_t,thinking,main,265816,L1,1,2,350,57,53,1,1808.9,31.5,False,True,complete,1,ok,True
qwen3vl8b_t,thinking,main,562207,L2,3,0,350,58,54,1,1840.9,31.5,False,True,complete,3,ok,True
qwen3vl8b_t,thinking,main,411754,L3,5,2,350,1399,1395,1,45031.2,31.1,False,True,complete,4,ok,False
qwen3vl8b_t,thinking,main,359833,L1,1,2,350,42,38,1,1356.9,31.0,False,True,complete,1,ok,True
qwen3vl8b_t,thinking,main,246883,L2,2,2,350,40,36,1,1292.9,30.9,False,True,complete,2,ok,True
qwen3vl8b_t,thinking,main,74200,L3,6,1,350,212,208,1,6554.0,32.3,False,True,complete,1,ok,False
qwen3vl8b_t,thinking,main,416451,L2,2,1,350,165,161,1,5103.4,32.3,False,True,complete,3,ok,False
qwen3vl8b_t,thinking,main,231580,L3,7,0,350,519,515,1,16126.4,32.2,False,True,complete,7,ok,True
qwen3vl8b_t,thinking,main,284764,L1,1,0,350,34,30,1,1112.3,30.6,False,True,complete,1,ok,True
qwen3vl8b_t,thinking,main,527528,L2,2,2,350,165,161,1,5092.7,32.4,False,True,complete,0,ok,False
qwen3vl8b_t,thinking,main,25386,L2,3,1,350,62,58,1,1950.7,31.8,False,True,complete,2,ok,False
qwen3vl8b_t,thinking,main,284764,L1,1,1,350,34,30,1,1112.7,30.6,False,True,complete,1,ok,True
qwen3vl8b_t,thinking,main,497344,L1,1,0,350,53,49,1,1680.5,31.5,False,True,complete,1,ok,True
qwen3vl8b_t,thinking,main,417249,L3,5,1,350,362,358,1,11200.9,32.3,False,True,complete,4,ok,False
qwen3vl8b_t,thinking,main,1761,L3,5,0,350,166,162,1,5128.8,32.4,False,True,complete,0,ok,False
qwen3vl8b_t,thinking,main,415748,L1,1,0,350,58,54,1,1835.7,31.6,False,True,complete,1,ok,True
qwen3vl8b_t,thinking,main,366884,L1,1,1,350,62,58,1,1954.4,31.7,False,True,complete,1,ok,True
qwen3vl8b_t,thinking,main,535608,L3,5,1,350,208,204,1,6422.5,32.4,False,True,complete,5,ok,True
qwen3vl8b_t,thinking,main,465180,L3,6,0,350,849,845,1,26730.4,31.8,False,True,complete,5,ok,False
qwen3vl8b_t,thinking,main,36936,L2,2,0,350,90,86,1,2804.9,32.1,False,True,complete,2,ok,True
qwen3vl8b_t,thinking,main,359833,L1,1,0,350,42,38,1,1354.9,31.0,False,True,complete,1,ok,True
qwen3vl8b_t,thinking,main,31093,L2,3,2,350,8192,8192,0,334685.9,24.5,True,False,non_termination,2,no_think_tag,False
qwen3vl8b_t,thinking,main,415748,L1,1,2,350,58,54,1,1848.4,31.4,False,True,complete,1,ok,True
qwen3vl8b_t,thinking,main,527528,L2,2,0,350,165,161,1,5120.1,32.2,False,True,complete,0,ok,False
qwen3vl8b_t,thinking,main,117425,L2,3,1,350,104,100,1,3247.8,32.0,False,True,complete,2,ok,False
qwen3vl8b_t,thinking,main,31093,L2,3,0,350,8192,8192,0,334578.0,24.5,True,False,non_termination,2,no_think_tag,False
qwen3vl8b_t,thinking,main,111086,L3,4,2,350,139,135,1,4320.6,32.2,False,True,complete,0,ok,False
qwen3vl8b_t,thinking,main,578489,L3,7,2,350,609,605,1,19009.4,32.0,False,True,complete,7,ok,True
qwen3vl8b_t,thinking,main,357816,L3,4,2,350,1262,1258,1,40388.6,31.2,False,True,complete,5,ok,False
qwen3vl8b_t,thinking,main,130699,L3,7,1,350,958,954,1,30271.2,31.6,False,True,complete,6,ok,False
qwen3vl8b_t,thinking,main,561256,L1,1,2,350,31,27,1,1020.2,30.4,False,True,complete,1,ok,True
qwen3vl8b_t,thinking,main,377588,L3,6,1,350,418,414,1,12929.8,32.3,False,True,complete,5,ok,False
qwen3vl8b_t,thinking,main,535608,L3,5,2,350,208,204,1,6411.9,32.4,False,True,complete,5,ok,True
qwen3vl8b_t,thinking,main,354307,L1,1,2,350,59,55,1,1868.2,31.6,False,True,complete,1,ok,True
qwen3vl8b_t,thinking,main,62355,L3,5,1,350,1996,1992,1,65723.4,30.4,False,True,complete,5,ok,True
qwen3vl8b_t,thinking,main,25386,L2,3,2,350,62,58,1,1960.3,31.6,False,True,complete,2,ok,False
qwen3vl8b_t,thinking,main,285047,L1,1,0,350,47,43,1,1499.0,31.4,False,True,complete,1,ok,True
qwen3vl8b_t,thinking,main,201426,L2,2,2,350,83,79,1,2602.7,31.9,False,True,complete,2,ok,True
qwen3vl8b_t,thinking,main,74200,L3,6,2,350,212,208,1,6543.3,32.4,False,True,complete,1,ok,False
qwen3vl8b_t,thinking,main,188296,L3,7,2,350,1656,1652,1,53814.1,30.8,False,True,complete,6,ok,False
qwen3vl8b_t,thinking,main,2006,L2,3,2,350,103,99,1,3200.3,32.2,False,True,complete,2,ok,False
qwen3vl8b_t,thinking,main,554595,L1,1,2,350,57,53,1,1808.8,31.5,False,True,complete,1,ok,True
qwen3vl8b_t,thinking,main,562207,L2,3,2,350,58,54,1,1840.6,31.5,False,True,complete,3,ok,True
qwen3vl8b_t,thinking,main,201426,L2,2,1,350,83,79,1,2601.0,31.9,False,True,complete,2,ok,True
qwen3vl8b_t,thinking,main,477441,L2,3,2,350,170,166,1,5259.0,32.3,False,True,complete,0,ok,False
qwen3vl8b_t,thinking,main,246883,L2,2,0,350,40,36,1,1288.9,31.0,False,True,complete,2,ok,True
qwen3vl8b_t,thinking,main,303863,L3,7,1,350,8192,8192,0,334547.4,24.5,True,False,non_termination,3,no_think_tag,False
qwen3vl8b_t,thinking,main,415748,L1,1,1,350,58,54,1,1841.1,31.5,False,True,complete,1,ok,True
qwen3vl8b_t,thinking,main,32334,L3,5,0,350,1489,1485,1,48161.2,30.9,False,True,complete,5,ok,True
qwen3vl8b_t,thinking,main,465836,L2,3,2,350,53,49,1,1687.8,31.4,False,True,complete,3,ok,True
qwen3vl8b_t,thinking,main,269121,L1,1,2,350,41,37,1,1324.3,31.0,False,True,complete,1,ok,True
qwen3vl8b_t,thinking,main,220764,L1,1,1,350,41,37,1,1324.3,31.0,False,True,complete,1,ok,True
qwen3vl8b_t,thinking,main,332570,L1,1,1,350,44,40,1,1410.8,31.2,False,True,complete,1,ok,True
qwen3vl8b_t,thinking,main,295420,L1,1,0,350,82,78,1,2569.4,31.9,False,True,complete,1,ok,True
qwen3vl8b_t,thinking,main,464824,L1,1,2,350,53,49,1,1685.9,31.4,False,True,complete,1,ok,True
qwen3vl8b_t,thinking,main,274066,L3,5,1,350,110,106,1,3419.2,32.2,False,True,complete,4,ok,False
qwen3vl8b_t,thinking,main,548246,L3,4,2,350,363,359,1,11220.0,32.4,False,True,complete,4,ok,True
qwen3vl8b_t,thinking,main,548246,L3,4,0,350,363,359,1,11210.2,32.4,False,True,complete,4,ok,True
qwen3vl8b_t,thinking,main,394199,L1,1,1,350,41,37,1,1315.7,31.2,False,True,complete,1,ok,True
qwen3vl8b_t,thinking,main,473869,L1,1,1,350,34,30,1,1111.1,30.6,False,True,complete,1,ok,True
qwen3vl8b_t,thinking,main,527528,L2,2,1,350,165,161,1,5089.3,32.4,False,True,complete,0,ok,False
qwen3vl8b_t,thinking,main,2006,L2,3,0,350,103,99,1,3198.5,32.2,False,True,complete,2,ok,False
qwen3vl8b_t,thinking,main,3553,L1,1,1,350,53,49,1,1688.5,31.4,False,True,complete,1,ok,True
qwen3vl8b_t,thinking,main,301563,L2,3,0,350,94,90,1,2925.8,32.1,False,True,complete,3,ok,True
qwen3vl8b_t,thinking,main,402774,L1,1,0,350,79,75,1,2472.1,32.0,False,True,complete,1,ok,True
qwen3vl8b_t,thinking,main,269121,L1,1,1,350,41,37,1,1323.4,31.0,False,True,complete,1,ok,True
qwen3vl8b_t,thinking,main,465836,L2,3,0,350,53,49,1,1682.0,31.5,False,True,complete,3,ok,True
qwen3vl8b_t,thinking,main,1761,L3,5,1,350,166,162,1,5125.1,32.4,False,True,complete,0,ok,False
qwen3vl8b_t,thinking,main,62355,L3,5,2,350,1996,1992,1,65717.8,30.4,False,True,complete,5,ok,True
qwen3vl8b_t,thinking,main,170613,L2,2,1,350,62,58,1,1954.4,31.7,False,True,complete,2,ok,True
qwen3vl8b_t,thinking,main,394199,L1,1,2,350,41,37,1,1317.5,31.1,False,True,complete,1,ok,True
qwen3vl8b_t,thinking,main,246883,L2,2,1,350,40,36,1,1294.7,30.9,False,True,complete,2,ok,True
qwen3vl8b_t,thinking,main,357816,L3,4,0,350,1262,1258,1,40381.0,31.3,False,True,complete,5,ok,False
qwen3vl8b_t,thinking,main,511647,L1,1,1,350,62,58,1,1953.9,31.7,False,True,complete,1,ok,True
qwen3vl8b_t,thinking,main,111086,L3,4,1,350,139,135,1,4306.8,32.3,False,True,complete,0,ok,False
qwen3vl8b_t,thinking,main,394199,L1,1,0,350,41,37,1,1322.8,31.0,False,True,complete,1,ok,True
qwen3vl8b_t,thinking,main,154087,L3,4,2,350,119,115,1,3690.3,32.2,False,True,complete,4,ok,True
qwen3vl8b_t,thinking,main,323496,L3,6,0,350,712,708,1,22260.2,32.0,False,True,complete,6,ok,True
qwen3vl8b_t,thinking,main,473869,L1,1,0,350,34,30,1,1104.5,30.8,False,True,complete,1,ok,True
qwen3vl8b_t,thinking,main,96493,L1,1,0,350,50,46,1,1595.8,31.3,False,True,complete,1,ok,True
qwen3vl8b_t,thinking,main,323496,L3,6,1,350,712,708,1,22252.4,32.0,False,True,complete,6,ok,True
qwen3vl8b_t,thinking,main,111086,L3,4,0,350,139,135,1,4293.7,32.4,False,True,complete,0,ok,False
qwen3vl8b_t,thinking,main,442456,L2,2,0,350,133,129,1,4112.2,32.3,False,True,complete,3,ok,False
qwen3vl8b_t,thinking,main,561256,L1,1,1,350,31,27,1,1014.0,30.6,False,True,complete,1,ok,True
qwen3vl8b_t,thinking,main,89296,L2,2,2,350,80,76,1,2502.8,32.0,False,True,complete,2,ok,True
qwen3vl8b_t,thinking,main,74200,L3,6,0,350,212,208,1,6541.0,32.4,False,True,complete,1,ok,False
qwen3vl8b_t,thinking,main,295420,L1,1,2,350,82,78,1,2566.1,32.0,False,True,complete,1,ok,True
qwen3vl8b_t,thinking,main,568195,L2,3,0,350,68,64,1,2134.5,31.9,False,True,complete,3,ok,True
qwen3vl8b_t,thinking,main,554595,L1,1,0,350,57,53,1,1808.7,31.5,False,True,complete,1,ok,True
qwen3vl8b_t,thinking,main,55167,L3,6,0,350,559,555,1,17381.6,32.2,False,True,complete,3,ok,False
qwen3vl8b_t,thinking,main,139077,L1,1,2,350,52,48,1,1655.6,31.4,False,True,complete,1,ok,True
qwen3vl8b_t,thinking,main,201426,L2,2,0,350,83,79,1,2596.3,32.0,False,True,complete,2,ok,True
qwen3vl8b_t,thinking,main,32334,L3,5,1,350,1489,1485,1,48067.3,31.0,False,True,complete,5,ok,True
qwen3vl8b_t,thinking,main,357748,L3,4,1,350,249,245,1,7684.8,32.4,False,True,complete,3,ok,False
qwen3vl8b_t,thinking,main,390826,L1,1,1,350,58,54,1,1842.7,31.5,False,True,complete,1,ok,True
qwen3vl8b_t,thinking,main,274066,L3,5,2,350,110,106,1,3419.7,32.2,False,True,complete,4,ok,False
qwen3vl8b_t,thinking,main,31093,L2,3,1,350,8192,8192,0,334569.8,24.5,True,False,non_termination,2,no_think_tag,False
qwen3vl8b_t,thinking,main,180487,L2,2,2,350,99,95,1,3083.8,32.1,False,True,complete,2,ok,True
qwen3vl8b_t,thinking,main,390826,L1,1,0,350,58,54,1,1838.6,31.5,False,True,complete,1,ok,True
qwen3vl8b_t,thinking,main,295420,L1,1,1,350,82,78,1,2575.8,31.8,False,True,complete,1,ok,True
qwen3vl8b_t,thinking,main,568195,L2,3,2,350,68,64,1,2137.2,31.8,False,True,complete,3,ok,True
qwen3vl8b_t,thinking,main,84477,L1,1,0,350,68,64,1,2148.4,31.7,False,True,complete,1,ok,True
qwen3vl8b_t,thinking,main,253386,L2,2,1,350,1351,1347,1,43407.7,31.1,False,True,complete,3,ok,False
qwen3vl8b_t,thinking,main,36936,L2,2,2,350,90,86,1,2803.0,32.1,False,True,complete,2,ok,True
qwen3vl4b_t,thinking,L4_probe,1584,L4,11,0,350,1176,1172,1,25273.7,46.5,False,True,complete,4,ok,False
qwen3vl4b_t,thinking,L4_probe,6771,L4,8,0,350,751,747,1,15649.5,48.0,False,True,complete,8,ok,True
qwen3vl4b_t,thinking,L4_probe,14439,L4,14,0,350,8192,8192,0,251914.4,32.5,True,False,non_termination,15,no_think_tag,False
qwen3vl4b_t,thinking,L4_probe,44590,L4,12,0,350,5254,5249,2,141042.8,37.3,False,True,complete,15,ok,False
qwen3vl4b_t,thinking,L4_probe,89648,L4,11,0,350,8192,8192,0,251132.9,32.6,True,False,non_termination,7,no_think_tag,False
qwen3vl4b_t,thinking,L4_probe,98287,L4,14,0,350,1650,1645,2,36569.5,45.1,False,True,complete,12,ok,False
qwen3vl4b_t,thinking,L4_probe,126137,L4,13,0,350,2836,2831,2,67135.4,42.2,False,True,complete,11,ok,False
qwen3vl4b_t,thinking,L4_probe,132544,L4,10,0,350,2382,2378,1,55059.8,43.3,False,True,complete,6,ok,False
qwen3vl4b_t,thinking,L4_probe,153529,L4,8,0,350,1073,1069,1,22948.5,46.8,False,True,complete,5,ok,False
qwen3vl4b_t,thinking,L4_probe,157756,L4,10,0,350,1524,1520,1,33529.3,45.5,False,True,complete,4,ok,False
qwen3vl8b_t,thinking,L4_probe,1584,L4,11,0,350,1019,1015,1,32389.6,31.5,False,True,complete,3,ok,False
qwen3vl8b_t,thinking,L4_probe,6771,L4,8,0,350,812,808,1,25575.1,31.7,False,True,complete,8,ok,True
qwen3vl8b_t,thinking,L4_probe,14439,L4,14,0,350,1492,1487,2,48386.9,30.8,False,True,complete,12,ok,False
qwen3vl8b_t,thinking,L4_probe,44590,L4,12,0,350,8192,8192,0,336243.1,24.4,True,False,non_termination,14,no_think_tag,False
qwen3vl8b_t,thinking,L4_probe,89648,L4,11,0,350,8192,8192,0,334578.0,24.5,True,False,non_termination,6,no_think_tag,False
qwen3vl8b_t,thinking,L4_probe,98287,L4,14,0,350,1957,1952,2,64415.1,30.4,False,True,complete,10,ok,False
qwen3vl8b_t,thinking,L4_probe,126137,L4,13,0,350,1284,1279,2,41113.1,31.2,False,True,complete,12,ok,False
qwen3vl8b_t,thinking,L4_probe,132544,L4,10,0,350,1186,1182,1,37796.5,31.4,False,True,complete,7,ok,False
qwen3vl8b_t,thinking,L4_probe,153529,L4,8,0,350,8192,8192,0,334335.8,24.5,True,False,non_termination,5,no_think_tag,False
qwen3vl8b_t,thinking,L4_probe,157756,L4,10,0,350,295,291,1,9143.1,32.3,False,True,complete,3,ok,False
